code,display,definition,system_url,system_name
0,Therapeutic ultrasound,Therapeutic ultrasound,http://fhir.hie.moh.gov.my/CodeSystem/procedure-code-my-core,CodeSystemProcedureCodeMyCore
1,Cranial puncture,Cranial puncture,http://fhir.hie.moh.gov.my/CodeSystem/procedure-code-my-core,CodeSystemProcedureCodeMyCore
2,Cranioplasty,Cranioplasty,http://fhir.hie.moh.gov.my/CodeSystem/procedure-code-my-core,CodeSystemProcedureCodeMyCore
3,Exploration and decompression of spinal canal structures,Exploration and decompression of spinal canal structures,http://fhir.hie.moh.gov.my/CodeSystem/procedure-code-my-core,CodeSystemProcedureCodeMyCore
4,"Incision, division, and excision of cranial and peripheral nerves","Incision, division, and excision of cranial and peripheral nerves",http://fhir.hie.moh.gov.my/CodeSystem/procedure-code-my-core,CodeSystemProcedureCodeMyCore
5,Operation on symphathetic nerves or ganglia,Operation on symphathetic nerves or ganglia,http://fhir.hie.moh.gov.my/CodeSystem/procedure-code-my-core,CodeSystemProcedureCodeMyCore
6,Incision of thyroid field,Incision of thyroid field,http://fhir.hie.moh.gov.my/CodeSystem/procedure-code-my-core,CodeSystemProcedureCodeMyCore
7,Exploration of adrenal field,Exploration of adrenal field,http://fhir.hie.moh.gov.my/CodeSystem/procedure-code-my-core,CodeSystemProcedureCodeMyCore
8,Incision of eyelid,Incision of eyelid,http://fhir.hie.moh.gov.my/CodeSystem/procedure-code-my-core,CodeSystemProcedureCodeMyCore
9,Incision of lacrimal gland,Incision of lacrimal gland,http://fhir.hie.moh.gov.my/CodeSystem/procedure-code-my-core,CodeSystemProcedureCodeMyCore
10,Operations on conjunctiva,Operations on conjunctiva,http://fhir.hie.moh.gov.my/CodeSystem/procedure-code-my-core,CodeSystemProcedureCodeMyCore
11,Operations on cornea,Operations on cornea,http://fhir.hie.moh.gov.my/CodeSystem/procedure-code-my-core,CodeSystemProcedureCodeMyCore
12,"Operations on iris, ciliary body, sclera, and anterior chamber","Operations on iris, ciliary body, sclera, and anterior chamber",http://fhir.hie.moh.gov.my/CodeSystem/procedure-code-my-core,CodeSystemProcedureCodeMyCore
13,Operations on lens,Operations on lens,http://fhir.hie.moh.gov.my/CodeSystem/procedure-code-my-core,CodeSystemProcedureCodeMyCore
14,"Operations on retina, choroid, vitreous, and posterior chamber","Operations on retina, choroid, vitreous, and posterior chamber",http://fhir.hie.moh.gov.my/CodeSystem/procedure-code-my-core,CodeSystemProcedureCodeMyCore
15,Operations on extraocular muscles,Operations on extraocular muscles,http://fhir.hie.moh.gov.my/CodeSystem/procedure-code-my-core,CodeSystemProcedureCodeMyCore
16,Operations on orbit and eyeball,Operations on orbit and eyeball,http://fhir.hie.moh.gov.my/CodeSystem/procedure-code-my-core,CodeSystemProcedureCodeMyCore
17,Other miscellaneous procedures,Other miscellaneous procedures,http://fhir.hie.moh.gov.my/CodeSystem/procedure-code-my-core,CodeSystemProcedureCodeMyCore
18,Operations on external ear,Operations on external ear,http://fhir.hie.moh.gov.my/CodeSystem/procedure-code-my-core,CodeSystemProcedureCodeMyCore
19,Reconstructive operations on middle ear,Reconstructive operations on middle ear,http://fhir.hie.moh.gov.my/CodeSystem/procedure-code-my-core,CodeSystemProcedureCodeMyCore
20,Other operations on middle and inner ear,Other operations on middle and inner ear,http://fhir.hie.moh.gov.my/CodeSystem/procedure-code-my-core,CodeSystemProcedureCodeMyCore
21,Operations on nose,Operations on nose,http://fhir.hie.moh.gov.my/CodeSystem/procedure-code-my-core,CodeSystemProcedureCodeMyCore
22,Operations on nasal sinuses,Operations on nasal sinuses,http://fhir.hie.moh.gov.my/CodeSystem/procedure-code-my-core,CodeSystemProcedureCodeMyCore
23,Removal and restoration of teeth,Removal and restoration of teeth,http://fhir.hie.moh.gov.my/CodeSystem/procedure-code-my-core,CodeSystemProcedureCodeMyCore
24,"Other operations on teeth, gums, and alveoli","Other operations on teeth, gums, and alveoli",http://fhir.hie.moh.gov.my/CodeSystem/procedure-code-my-core,CodeSystemProcedureCodeMyCore
25,Operations on tongue,Operations on tongue,http://fhir.hie.moh.gov.my/CodeSystem/procedure-code-my-core,CodeSystemProcedureCodeMyCore
26,Operations on salivary glands and ducts,Operations on salivary glands and ducts,http://fhir.hie.moh.gov.my/CodeSystem/procedure-code-my-core,CodeSystemProcedureCodeMyCore
27,Other operations on mouth and face,Other operations on mouth and face,http://fhir.hie.moh.gov.my/CodeSystem/procedure-code-my-core,CodeSystemProcedureCodeMyCore
28,Operations on tonsils and adenoids,Operations on tonsils and adenoids,http://fhir.hie.moh.gov.my/CodeSystem/procedure-code-my-core,CodeSystemProcedureCodeMyCore
29,Operations on pharynx,Operations on pharynx,http://fhir.hie.moh.gov.my/CodeSystem/procedure-code-my-core,CodeSystemProcedureCodeMyCore
30,Excision of larynx,Excision of larynx,http://fhir.hie.moh.gov.my/CodeSystem/procedure-code-my-core,CodeSystemProcedureCodeMyCore
31,Other operations on larynx and trachea,Other operations on larynx and trachea,http://fhir.hie.moh.gov.my/CodeSystem/procedure-code-my-core,CodeSystemProcedureCodeMyCore
32,Excision of lung and bronchus,Excision of lung and bronchus,http://fhir.hie.moh.gov.my/CodeSystem/procedure-code-my-core,CodeSystemProcedureCodeMyCore
33,Other operations on lung and bronchus,Other operations on lung and bronchus,http://fhir.hie.moh.gov.my/CodeSystem/procedure-code-my-core,CodeSystemProcedureCodeMyCore
34,"Operations on chest wall, pleura, mediastinum, and diaphragm","Operations on chest wall, pleura, mediastinum, and diaphragm",http://fhir.hie.moh.gov.my/CodeSystem/procedure-code-my-core,CodeSystemProcedureCodeMyCore
35,Operations on valves and septa of heart,Operations on valves and septa of heart,http://fhir.hie.moh.gov.my/CodeSystem/procedure-code-my-core,CodeSystemProcedureCodeMyCore
36,Operations on vessels of heart,Operations on vessels of heart,http://fhir.hie.moh.gov.my/CodeSystem/procedure-code-my-core,CodeSystemProcedureCodeMyCore
37,Other operations on heart and pericardium,Other operations on heart and pericardium,http://fhir.hie.moh.gov.my/CodeSystem/procedure-code-my-core,CodeSystemProcedureCodeMyCore
38,"Incision, excision, and occlusion of vessels","Incision, excision, and occlusion of vessels",http://fhir.hie.moh.gov.my/CodeSystem/procedure-code-my-core,CodeSystemProcedureCodeMyCore
39,Other operations on vessels,Other operations on vessels,http://fhir.hie.moh.gov.my/CodeSystem/procedure-code-my-core,CodeSystemProcedureCodeMyCore
40,Operations on lymphatic system,Operations on lymphatic system,http://fhir.hie.moh.gov.my/CodeSystem/procedure-code-my-core,CodeSystemProcedureCodeMyCore
41,Operations on bone marrow and spleen,Operations on bone marrow and spleen,http://fhir.hie.moh.gov.my/CodeSystem/procedure-code-my-core,CodeSystemProcedureCodeMyCore
42,Operations on esophagus,Operations on esophagus,http://fhir.hie.moh.gov.my/CodeSystem/procedure-code-my-core,CodeSystemProcedureCodeMyCore
43,Incision and excision of stomach,Incision and excision of stomach,http://fhir.hie.moh.gov.my/CodeSystem/procedure-code-my-core,CodeSystemProcedureCodeMyCore
44,Other operations on stomach,Other operations on stomach,http://fhir.hie.moh.gov.my/CodeSystem/procedure-code-my-core,CodeSystemProcedureCodeMyCore
45,"Incision, excision, and anastomosis of intestine","Incision, excision, and anastomosis of intestine",http://fhir.hie.moh.gov.my/CodeSystem/procedure-code-my-core,CodeSystemProcedureCodeMyCore
46,Other operations on intestine,Other operations on intestine,http://fhir.hie.moh.gov.my/CodeSystem/procedure-code-my-core,CodeSystemProcedureCodeMyCore
47,Operations on appendix,Operations on appendix,http://fhir.hie.moh.gov.my/CodeSystem/procedure-code-my-core,CodeSystemProcedureCodeMyCore
48,"Operations on rectum, rectosigmoid and perirectal tissue","Operations on rectum, rectosigmoid and perirectal tissue",http://fhir.hie.moh.gov.my/CodeSystem/procedure-code-my-core,CodeSystemProcedureCodeMyCore
49,Operations on anus,Operations on anus,http://fhir.hie.moh.gov.my/CodeSystem/procedure-code-my-core,CodeSystemProcedureCodeMyCore
50,Operations on liver,Operations on liver,http://fhir.hie.moh.gov.my/CodeSystem/procedure-code-my-core,CodeSystemProcedureCodeMyCore
51,Operations on gallbladder and biliary tract,Operations on gallbladder and biliary tract,http://fhir.hie.moh.gov.my/CodeSystem/procedure-code-my-core,CodeSystemProcedureCodeMyCore
52,Operations on pancreas,Operations on pancreas,http://fhir.hie.moh.gov.my/CodeSystem/procedure-code-my-core,CodeSystemProcedureCodeMyCore
53,Repair of hernia,Repair of hernia,http://fhir.hie.moh.gov.my/CodeSystem/procedure-code-my-core,CodeSystemProcedureCodeMyCore
54,Other operations on abdominal region,Other operations on abdominal region,http://fhir.hie.moh.gov.my/CodeSystem/procedure-code-my-core,CodeSystemProcedureCodeMyCore
55,Operations on kidney,Operations on kidney,http://fhir.hie.moh.gov.my/CodeSystem/procedure-code-my-core,CodeSystemProcedureCodeMyCore
56,Operations on ureter,Operations on ureter,http://fhir.hie.moh.gov.my/CodeSystem/procedure-code-my-core,CodeSystemProcedureCodeMyCore
57,Operations on urinary bladder,Operations on urinary bladder,http://fhir.hie.moh.gov.my/CodeSystem/procedure-code-my-core,CodeSystemProcedureCodeMyCore
58,Operations on urethra,Operations on urethra,http://fhir.hie.moh.gov.my/CodeSystem/procedure-code-my-core,CodeSystemProcedureCodeMyCore
59,Other operations on urinary tract,Other operations on urinary tract,http://fhir.hie.moh.gov.my/CodeSystem/procedure-code-my-core,CodeSystemProcedureCodeMyCore
60,Operations on prostate and seminal vesicles,Operations on prostate and seminal vesicles,http://fhir.hie.moh.gov.my/CodeSystem/procedure-code-my-core,CodeSystemProcedureCodeMyCore
61,Operations on scrotum and tunica vaginalis,Operations on scrotum and tunica vaginalis,http://fhir.hie.moh.gov.my/CodeSystem/procedure-code-my-core,CodeSystemProcedureCodeMyCore
62,Operations on testes,Operations on testes,http://fhir.hie.moh.gov.my/CodeSystem/procedure-code-my-core,CodeSystemProcedureCodeMyCore
63,"Operations on spermatic cord, epididymis, and vas deferens","Operations on spermatic cord, epididymis, and vas deferens",http://fhir.hie.moh.gov.my/CodeSystem/procedure-code-my-core,CodeSystemProcedureCodeMyCore
64,Operations on penis,Operations on penis,http://fhir.hie.moh.gov.my/CodeSystem/procedure-code-my-core,CodeSystemProcedureCodeMyCore
65,Operations on ovary,Operations on ovary,http://fhir.hie.moh.gov.my/CodeSystem/procedure-code-my-core,CodeSystemProcedureCodeMyCore
66,Operations on fallopian tubes,Operations on fallopian tubes,http://fhir.hie.moh.gov.my/CodeSystem/procedure-code-my-core,CodeSystemProcedureCodeMyCore
67,Operations on cervix,Operations on cervix,http://fhir.hie.moh.gov.my/CodeSystem/procedure-code-my-core,CodeSystemProcedureCodeMyCore
68,Other incision and excision of uterus,Other incision and excision of uterus,http://fhir.hie.moh.gov.my/CodeSystem/procedure-code-my-core,CodeSystemProcedureCodeMyCore
69,Other operations on uterus and supporting structures,Other operations on uterus and supporting structures,http://fhir.hie.moh.gov.my/CodeSystem/procedure-code-my-core,CodeSystemProcedureCodeMyCore
70,Operations on vagina and cul-de-sac,Operations on vagina and cul-de-sac,http://fhir.hie.moh.gov.my/CodeSystem/procedure-code-my-core,CodeSystemProcedureCodeMyCore
71,Operations on vulva and perineum,Operations on vulva and perineum,http://fhir.hie.moh.gov.my/CodeSystem/procedure-code-my-core,CodeSystemProcedureCodeMyCore
72,"Forceps, vacuum, and breech delivery","Forceps, vacuum, and breech delivery",http://fhir.hie.moh.gov.my/CodeSystem/procedure-code-my-core,CodeSystemProcedureCodeMyCore
73,Other procedures inducing or assisting delivery,Other procedures inducing or assisting delivery,http://fhir.hie.moh.gov.my/CodeSystem/procedure-code-my-core,CodeSystemProcedureCodeMyCore
74,Cesarean section and removal of fetus,Cesarean section and removal of fetus,http://fhir.hie.moh.gov.my/CodeSystem/procedure-code-my-core,CodeSystemProcedureCodeMyCore
75,Other obstetrics operations,Other obstetrics operations,http://fhir.hie.moh.gov.my/CodeSystem/procedure-code-my-core,CodeSystemProcedureCodeMyCore
76,Operations on facial bones and joints,Operations on facial bones and joints,http://fhir.hie.moh.gov.my/CodeSystem/procedure-code-my-core,CodeSystemProcedureCodeMyCore
77,"Incision, excision, and division of other bones","Incision, excision, and division of other bones",http://fhir.hie.moh.gov.my/CodeSystem/procedure-code-my-core,CodeSystemProcedureCodeMyCore
78,"Other operations on bones, except facial bones","Other operations on bones, except facial bones",http://fhir.hie.moh.gov.my/CodeSystem/procedure-code-my-core,CodeSystemProcedureCodeMyCore
79,Reduction of fracture and dislocation,Reduction of fracture and dislocation,http://fhir.hie.moh.gov.my/CodeSystem/procedure-code-my-core,CodeSystemProcedureCodeMyCore
80,Incision and excision of joint structures,Incision and excision of joint structures,http://fhir.hie.moh.gov.my/CodeSystem/procedure-code-my-core,CodeSystemProcedureCodeMyCore
81,Repair and plastic operations on joint structures,Repair and plastic operations on joint structures,http://fhir.hie.moh.gov.my/CodeSystem/procedure-code-my-core,CodeSystemProcedureCodeMyCore
82,"Operations on muscle, tendon, and fascia of hand","Operations on muscle, tendon, and fascia of hand",http://fhir.hie.moh.gov.my/CodeSystem/procedure-code-my-core,CodeSystemProcedureCodeMyCore
83,"Operations on muscle, tendon, fascia, and bursa, except hand","Operations on muscle, tendon, fascia, and bursa, except hand",http://fhir.hie.moh.gov.my/CodeSystem/procedure-code-my-core,CodeSystemProcedureCodeMyCore
84,Other procedures on musculoskeletal system,Other procedures on musculoskeletal system,http://fhir.hie.moh.gov.my/CodeSystem/procedure-code-my-core,CodeSystemProcedureCodeMyCore
85,Operations on the breast,Operations on the breast,http://fhir.hie.moh.gov.my/CodeSystem/procedure-code-my-core,CodeSystemProcedureCodeMyCore
86,Operations on skin and subcutaneous tissue,Operations on skin and subcutaneous tissue,http://fhir.hie.moh.gov.my/CodeSystem/procedure-code-my-core,CodeSystemProcedureCodeMyCore
87,Diagnostic Radiology,Diagnostic Radiology,http://fhir.hie.moh.gov.my/CodeSystem/procedure-code-my-core,CodeSystemProcedureCodeMyCore
88,Other diagnostic radiology and related techniques,Other diagnostic radiology and related techniques,http://fhir.hie.moh.gov.my/CodeSystem/procedure-code-my-core,CodeSystemProcedureCodeMyCore
89,"Interview, evaluation, consultation, and examination","Interview, evaluation, consultation, and examination",http://fhir.hie.moh.gov.my/CodeSystem/procedure-code-my-core,CodeSystemProcedureCodeMyCore
90,Microscopic examination-I,Microscopic examination-I,http://fhir.hie.moh.gov.my/CodeSystem/procedure-code-my-core,CodeSystemProcedureCodeMyCore
91,Microscopic examination-II,Microscopic examination-II,http://fhir.hie.moh.gov.my/CodeSystem/procedure-code-my-core,CodeSystemProcedureCodeMyCore
92,Nuclear medicine,Nuclear medicine,http://fhir.hie.moh.gov.my/CodeSystem/procedure-code-my-core,CodeSystemProcedureCodeMyCore
93,"Physical therapy, respiratory therapy, rehabilitation, and related procedures","Physical therapy, respiratory therapy, rehabilitation, and related procedures",http://fhir.hie.moh.gov.my/CodeSystem/procedure-code-my-core,CodeSystemProcedureCodeMyCore
94,Procedures related to the psyche,Procedures related to the psyche,http://fhir.hie.moh.gov.my/CodeSystem/procedure-code-my-core,CodeSystemProcedureCodeMyCore
95,Ophthalmologic and otologic diagnosis and treatment,Ophthalmologic and otologic diagnosis and treatment,http://fhir.hie.moh.gov.my/CodeSystem/procedure-code-my-core,CodeSystemProcedureCodeMyCore
96,Nonoperative intubation and irrigation,Nonoperative intubation and irrigation,http://fhir.hie.moh.gov.my/CodeSystem/procedure-code-my-core,CodeSystemProcedureCodeMyCore
97,Replacement and removal of therapeutic appliances,Replacement and removal of therapeutic appliances,http://fhir.hie.moh.gov.my/CodeSystem/procedure-code-my-core,CodeSystemProcedureCodeMyCore
98,Nonoperative removal of foreign body or calculus,Nonoperative removal of foreign body or calculus,http://fhir.hie.moh.gov.my/CodeSystem/procedure-code-my-core,CodeSystemProcedureCodeMyCore
99,Other nonoperative procedures,Other nonoperative procedures,http://fhir.hie.moh.gov.my/CodeSystem/procedure-code-my-core,CodeSystemProcedureCodeMyCore
0.1,Pharmaceuticals,Pharmaceuticals,http://fhir.hie.moh.gov.my/CodeSystem/procedure-code-my-core,CodeSystemProcedureCodeMyCore
0.2,Intravascular imaging of blood vessels,Intravascular imaging of blood vessels,http://fhir.hie.moh.gov.my/CodeSystem/procedure-code-my-core,CodeSystemProcedureCodeMyCore
0.3,Computer assisted surgery [CAS],Computer assisted surgery [CAS],http://fhir.hie.moh.gov.my/CodeSystem/procedure-code-my-core,CodeSystemProcedureCodeMyCore
0.4,Adjunct vascular system procedures,Adjunct vascular system procedures,http://fhir.hie.moh.gov.my/CodeSystem/procedure-code-my-core,CodeSystemProcedureCodeMyCore
0.5,Other cardiovascular procedures,Other cardiovascular procedures,http://fhir.hie.moh.gov.my/CodeSystem/procedure-code-my-core,CodeSystemProcedureCodeMyCore
0.6,Procedures on blood vessels,Procedures on blood vessels,http://fhir.hie.moh.gov.my/CodeSystem/procedure-code-my-core,CodeSystemProcedureCodeMyCore
0.7,Other hip procedures,Other hip procedures,http://fhir.hie.moh.gov.my/CodeSystem/procedure-code-my-core,CodeSystemProcedureCodeMyCore
0.8,Other knee and hip procedures,Other knee and hip procedures,http://fhir.hie.moh.gov.my/CodeSystem/procedure-code-my-core,CodeSystemProcedureCodeMyCore
0.9,Other procedures and interventions,Other procedures and interventions,http://fhir.hie.moh.gov.my/CodeSystem/procedure-code-my-core,CodeSystemProcedureCodeMyCore
1.1,"Diagnostic procedures on skull, brain, and cerebral meninges","Diagnostic procedures on skull, brain, and cerebral meninges",http://fhir.hie.moh.gov.my/CodeSystem/procedure-code-my-core,CodeSystemProcedureCodeMyCore
1.2,Craniotomy and craniectomy,Craniotomy and craniectomy,http://fhir.hie.moh.gov.my/CodeSystem/procedure-code-my-core,CodeSystemProcedureCodeMyCore
1.3,Incision of brain and cerebral meninges,Incision of brain and cerebral meninges,http://fhir.hie.moh.gov.my/CodeSystem/procedure-code-my-core,CodeSystemProcedureCodeMyCore
1.4,Operations on thalamus and globus pallidus,Operations on thalamus and globus pallidus,http://fhir.hie.moh.gov.my/CodeSystem/procedure-code-my-core,CodeSystemProcedureCodeMyCore
1.5,Other excision or destruction of brain and meninges,Other excision or destruction of brain and meninges,http://fhir.hie.moh.gov.my/CodeSystem/procedure-code-my-core,CodeSystemProcedureCodeMyCore
1.6,Excision of lesion of skull,Excision of lesion of skull,http://fhir.hie.moh.gov.my/CodeSystem/procedure-code-my-core,CodeSystemProcedureCodeMyCore
2.1,Repair of cerebral meninges,Repair of cerebral meninges,http://fhir.hie.moh.gov.my/CodeSystem/procedure-code-my-core,CodeSystemProcedureCodeMyCore
2.2,Ventriculostomy,Ventriculostomy,http://fhir.hie.moh.gov.my/CodeSystem/procedure-code-my-core,CodeSystemProcedureCodeMyCore
2.3,Extracranial ventricular shunt,Extracranial ventricular shunt,http://fhir.hie.moh.gov.my/CodeSystem/procedure-code-my-core,CodeSystemProcedureCodeMyCore
2.4,"Revision, removal, and irrigation of ventricular shunt","Revision, removal, and irrigation of ventricular shunt",http://fhir.hie.moh.gov.my/CodeSystem/procedure-code-my-core,CodeSystemProcedureCodeMyCore
2.9,"Other operations on skull, brain, and cerebral meninges","Other operations on skull, brain, and cerebral meninges",http://fhir.hie.moh.gov.my/CodeSystem/procedure-code-my-core,CodeSystemProcedureCodeMyCore
3.1,Division of intraspinal nerve root,Division of intraspinal nerve root,http://fhir.hie.moh.gov.my/CodeSystem/procedure-code-my-core,CodeSystemProcedureCodeMyCore
3.2,Chordotomy,Chordotomy,http://fhir.hie.moh.gov.my/CodeSystem/procedure-code-my-core,CodeSystemProcedureCodeMyCore
3.3,Diagnostic procedures on spinal cord and spinal canal structures,Diagnostic procedures on spinal cord and spinal canal structures,http://fhir.hie.moh.gov.my/CodeSystem/procedure-code-my-core,CodeSystemProcedureCodeMyCore
3.4,Excision or destruction of lesion of spinal cord or spinal meninges,Excision or destruction of lesion of spinal cord or spinal meninges,http://fhir.hie.moh.gov.my/CodeSystem/procedure-code-my-core,CodeSystemProcedureCodeMyCore
3.5,Plastic operations on spinal cord structures,Plastic operations on spinal cord structures,http://fhir.hie.moh.gov.my/CodeSystem/procedure-code-my-core,CodeSystemProcedureCodeMyCore
3.6,Lysis of adhesions of spinal cord and nerve roots,Lysis of adhesions of spinal cord and nerve roots,http://fhir.hie.moh.gov.my/CodeSystem/procedure-code-my-core,CodeSystemProcedureCodeMyCore
3.7,Shunt of spinal theca,Shunt of spinal theca,http://fhir.hie.moh.gov.my/CodeSystem/procedure-code-my-core,CodeSystemProcedureCodeMyCore
3.8,Injection of destructive agent into spinal canal,Injection of destructive agent into spinal canal,http://fhir.hie.moh.gov.my/CodeSystem/procedure-code-my-core,CodeSystemProcedureCodeMyCore
3.9,Other operations on spinal cord and spinal canal structures,Other operations on spinal cord and spinal canal structures,http://fhir.hie.moh.gov.my/CodeSystem/procedure-code-my-core,CodeSystemProcedureCodeMyCore
4.1,Diagnostic procedures on peripheral nervous system,Diagnostic procedures on peripheral nervous system,http://fhir.hie.moh.gov.my/CodeSystem/procedure-code-my-core,CodeSystemProcedureCodeMyCore
4.2,Destruction of cranial and peripheral nerves,Destruction of cranial and peripheral nerves,http://fhir.hie.moh.gov.my/CodeSystem/procedure-code-my-core,CodeSystemProcedureCodeMyCore
4.3,Suture of cranial and peripheral nerves,Suture of cranial and peripheral nerves,http://fhir.hie.moh.gov.my/CodeSystem/procedure-code-my-core,CodeSystemProcedureCodeMyCore
4.4,Lysis of adhesions and decompression of cranial and peripheral nerves,Lysis of adhesions and decompression of cranial and peripheral nerves,http://fhir.hie.moh.gov.my/CodeSystem/procedure-code-my-core,CodeSystemProcedureCodeMyCore
4.5,Cranial or peripheral nerve graft,Cranial or peripheral nerve graft,http://fhir.hie.moh.gov.my/CodeSystem/procedure-code-my-core,CodeSystemProcedureCodeMyCore
4.6,Transposition of cranial and peripheral nerves,Transposition of cranial and peripheral nerves,http://fhir.hie.moh.gov.my/CodeSystem/procedure-code-my-core,CodeSystemProcedureCodeMyCore
4.7,Other cranial or peripheral neuroplasty,Other cranial or peripheral neuroplasty,http://fhir.hie.moh.gov.my/CodeSystem/procedure-code-my-core,CodeSystemProcedureCodeMyCore
4.8,Injection of peripheral nerve,Injection of peripheral nerve,http://fhir.hie.moh.gov.my/CodeSystem/procedure-code-my-core,CodeSystemProcedureCodeMyCore
4.9,Other operations on cranial and peripheral nerves,Other operations on cranial and peripheral nerves,http://fhir.hie.moh.gov.my/CodeSystem/procedure-code-my-core,CodeSystemProcedureCodeMyCore
5.1,Diagnostic procedures on sympathetic nerves or ganglion,Diagnostic procedures on sympathetic nerves or ganglion,http://fhir.hie.moh.gov.my/CodeSystem/procedure-code-my-core,CodeSystemProcedureCodeMyCore
5.2,Sympathectomy,Sympathectomy,http://fhir.hie.moh.gov.my/CodeSystem/procedure-code-my-core,CodeSystemProcedureCodeMyCore
5.3,Injection into sympathetic nerve or ganglion,Injection into sympathetic nerve or ganglion,http://fhir.hie.moh.gov.my/CodeSystem/procedure-code-my-core,CodeSystemProcedureCodeMyCore
5.8,Other operations on sympathetic nerves of ganglia,Other operations on sympathetic nerves of ganglia,http://fhir.hie.moh.gov.my/CodeSystem/procedure-code-my-core,CodeSystemProcedureCodeMyCore
5.9,Other operations on nervous system,Other operations on nervous system,http://fhir.hie.moh.gov.my/CodeSystem/procedure-code-my-core,CodeSystemProcedureCodeMyCore
6.1,Diagnostic procedures on thyroid and parathyroid glands,Diagnostic procedures on thyroid and parathyroid glands,http://fhir.hie.moh.gov.my/CodeSystem/procedure-code-my-core,CodeSystemProcedureCodeMyCore
6.2,Unilateral thyroid lobectomy,Unilateral thyroid lobectomy,http://fhir.hie.moh.gov.my/CodeSystem/procedure-code-my-core,CodeSystemProcedureCodeMyCore
6.3,Other partial thyroidectomy,Other partial thyroidectomy,http://fhir.hie.moh.gov.my/CodeSystem/procedure-code-my-core,CodeSystemProcedureCodeMyCore
6.4,Complete thyroidectomy,Complete thyroidectomy,http://fhir.hie.moh.gov.my/CodeSystem/procedure-code-my-core,CodeSystemProcedureCodeMyCore
6.5,Substernal thyroidectomy,Substernal thyroidectomy,http://fhir.hie.moh.gov.my/CodeSystem/procedure-code-my-core,CodeSystemProcedureCodeMyCore
6.6,Excision of lingual thyroid,Excision of lingual thyroid,http://fhir.hie.moh.gov.my/CodeSystem/procedure-code-my-core,CodeSystemProcedureCodeMyCore
6.7,Excision of thyroglossal duct or tract,Excision of thyroglossal duct or tract,http://fhir.hie.moh.gov.my/CodeSystem/procedure-code-my-core,CodeSystemProcedureCodeMyCore
6.8,Parathyroidectomy,Parathyroidectomy,http://fhir.hie.moh.gov.my/CodeSystem/procedure-code-my-core,CodeSystemProcedureCodeMyCore
6.9,Other operations on thyroid (region) and parathyroid,Other operations on thyroid (region) and parathyroid,http://fhir.hie.moh.gov.my/CodeSystem/procedure-code-my-core,CodeSystemProcedureCodeMyCore
7.1,"Diagnostic procedures on adrenal glands, pituitary gland, pineal gland, and thymus","Diagnostic procedures on adrenal glands, pituitary gland, pineal gland, and thymus",http://fhir.hie.moh.gov.my/CodeSystem/procedure-code-my-core,CodeSystemProcedureCodeMyCore
7.2,Partial adrenalectomy,Partial adrenalectomy,http://fhir.hie.moh.gov.my/CodeSystem/procedure-code-my-core,CodeSystemProcedureCodeMyCore
7.3,Bilateral adrenalectomy,Bilateral adrenalectomy,http://fhir.hie.moh.gov.my/CodeSystem/procedure-code-my-core,CodeSystemProcedureCodeMyCore
7.4,"Other operations on adrenal glands, nerves, and vessels","Other operations on adrenal glands, nerves, and vessels",http://fhir.hie.moh.gov.my/CodeSystem/procedure-code-my-core,CodeSystemProcedureCodeMyCore
7.5,Operations on pineal gland,Operations on pineal gland,http://fhir.hie.moh.gov.my/CodeSystem/procedure-code-my-core,CodeSystemProcedureCodeMyCore
7.6,Hypophysectomy,Hypophysectomy,http://fhir.hie.moh.gov.my/CodeSystem/procedure-code-my-core,CodeSystemProcedureCodeMyCore
7.7,Other operations on hypophysis,Other operations on hypophysis,http://fhir.hie.moh.gov.my/CodeSystem/procedure-code-my-core,CodeSystemProcedureCodeMyCore
7.8,Thymectomy,Thymectomy,http://fhir.hie.moh.gov.my/CodeSystem/procedure-code-my-core,CodeSystemProcedureCodeMyCore
7.9,Other operations on thymus,Other operations on thymus,http://fhir.hie.moh.gov.my/CodeSystem/procedure-code-my-core,CodeSystemProcedureCodeMyCore
8.1,Diagnostic procedures on eyelid,Diagnostic procedures on eyelid,http://fhir.hie.moh.gov.my/CodeSystem/procedure-code-my-core,CodeSystemProcedureCodeMyCore
8.2,Excision or destruction of lesion or tissue of eyelid,Excision or destruction of lesion or tissue of eyelid,http://fhir.hie.moh.gov.my/CodeSystem/procedure-code-my-core,CodeSystemProcedureCodeMyCore
8.3,Repair of blepharoptosis and lid retraction,Repair of blepharoptosis and lid retraction,http://fhir.hie.moh.gov.my/CodeSystem/procedure-code-my-core,CodeSystemProcedureCodeMyCore
8.4,Repair of entropion or ectropion,Repair of entropion or ectropion,http://fhir.hie.moh.gov.my/CodeSystem/procedure-code-my-core,CodeSystemProcedureCodeMyCore
8.5,Other adjustment of lid position,Other adjustment of lid position,http://fhir.hie.moh.gov.my/CodeSystem/procedure-code-my-core,CodeSystemProcedureCodeMyCore
8.6,Reconstruction of eyelid with flaps or grafts,Reconstruction of eyelid with flaps or grafts,http://fhir.hie.moh.gov.my/CodeSystem/procedure-code-my-core,CodeSystemProcedureCodeMyCore
8.7,Other reconstruction of eyelid,Other reconstruction of eyelid,http://fhir.hie.moh.gov.my/CodeSystem/procedure-code-my-core,CodeSystemProcedureCodeMyCore
8.8,Other repair of eyelid,Other repair of eyelid,http://fhir.hie.moh.gov.my/CodeSystem/procedure-code-my-core,CodeSystemProcedureCodeMyCore
8.9,Other operations on eyelids,Other operations on eyelids,http://fhir.hie.moh.gov.my/CodeSystem/procedure-code-my-core,CodeSystemProcedureCodeMyCore
9.1,Diagnostic procedures on lacrimal system,Diagnostic procedures on lacrimal system,http://fhir.hie.moh.gov.my/CodeSystem/procedure-code-my-core,CodeSystemProcedureCodeMyCore
9.2,Excision of lesion or tissue of lacrimal gland,Excision of lesion or tissue of lacrimal gland,http://fhir.hie.moh.gov.my/CodeSystem/procedure-code-my-core,CodeSystemProcedureCodeMyCore
9.3,Other operations on lacrimal gland,Other operations on lacrimal gland,http://fhir.hie.moh.gov.my/CodeSystem/procedure-code-my-core,CodeSystemProcedureCodeMyCore
9.4,Manipulation of lacrimal passage,Manipulation of lacrimal passage,http://fhir.hie.moh.gov.my/CodeSystem/procedure-code-my-core,CodeSystemProcedureCodeMyCore
9.5,Incision of lacrimal sac and passage,Incision of lacrimal sac and passage,http://fhir.hie.moh.gov.my/CodeSystem/procedure-code-my-core,CodeSystemProcedureCodeMyCore
9.6,Excision of lacrimal sac and passage,Excision of lacrimal sac and passage,http://fhir.hie.moh.gov.my/CodeSystem/procedure-code-my-core,CodeSystemProcedureCodeMyCore
9.7,Repair of canaliculus and punctum,Repair of canaliculus and punctum,http://fhir.hie.moh.gov.my/CodeSystem/procedure-code-my-core,CodeSystemProcedureCodeMyCore
9.8,Fistulization of lacrimal tract to nasal cavity,Fistulization of lacrimal tract to nasal cavity,http://fhir.hie.moh.gov.my/CodeSystem/procedure-code-my-core,CodeSystemProcedureCodeMyCore
9.9,Other operations on lacrimal system,Other operations on lacrimal system,http://fhir.hie.moh.gov.my/CodeSystem/procedure-code-my-core,CodeSystemProcedureCodeMyCore
10.1,Other incision of conjunctiva,Other incision of conjunctiva,http://fhir.hie.moh.gov.my/CodeSystem/procedure-code-my-core,CodeSystemProcedureCodeMyCore
10.2,Diagnostic procedures on conjunctiva,Diagnostic procedures on conjunctiva,http://fhir.hie.moh.gov.my/CodeSystem/procedure-code-my-core,CodeSystemProcedureCodeMyCore
10.3,Excision or destruction of lesion or tissue of conjunctiva,Excision or destruction of lesion or tissue of conjunctiva,http://fhir.hie.moh.gov.my/CodeSystem/procedure-code-my-core,CodeSystemProcedureCodeMyCore
10.4,Conjunctivoplasty,Conjunctivoplasty,http://fhir.hie.moh.gov.my/CodeSystem/procedure-code-my-core,CodeSystemProcedureCodeMyCore
10.5,Lysis of adhesions of conjunctiva and eyelid,Lysis of adhesions of conjunctiva and eyelid,http://fhir.hie.moh.gov.my/CodeSystem/procedure-code-my-core,CodeSystemProcedureCodeMyCore
10.6,Repair of laceration of conjunctiva,Repair of laceration of conjunctiva,http://fhir.hie.moh.gov.my/CodeSystem/procedure-code-my-core,CodeSystemProcedureCodeMyCore
10.9,Other operations of conjunctiva,Other operations of conjunctiva,http://fhir.hie.moh.gov.my/CodeSystem/procedure-code-my-core,CodeSystemProcedureCodeMyCore
11.1,Incision of cornea,Incision of cornea,http://fhir.hie.moh.gov.my/CodeSystem/procedure-code-my-core,CodeSystemProcedureCodeMyCore
11.2,Diagnostic procedures on cornea,Diagnostic procedures on cornea,http://fhir.hie.moh.gov.my/CodeSystem/procedure-code-my-core,CodeSystemProcedureCodeMyCore
11.3,Excision of pterygium,Excision of pterygium,http://fhir.hie.moh.gov.my/CodeSystem/procedure-code-my-core,CodeSystemProcedureCodeMyCore
11.4,Excision or destruction of tissue or other lesion of cornea,Excision or destruction of tissue or other lesion of cornea,http://fhir.hie.moh.gov.my/CodeSystem/procedure-code-my-core,CodeSystemProcedureCodeMyCore
11.5,Repair of cornea,Repair of cornea,http://fhir.hie.moh.gov.my/CodeSystem/procedure-code-my-core,CodeSystemProcedureCodeMyCore
11.6,Corneal transplant,Corneal transplant,http://fhir.hie.moh.gov.my/CodeSystem/procedure-code-my-core,CodeSystemProcedureCodeMyCore
11.7,Other reconstructive and refractive surgery on cornea,Other reconstructive and refractive surgery on cornea,http://fhir.hie.moh.gov.my/CodeSystem/procedure-code-my-core,CodeSystemProcedureCodeMyCore
11.9,Other operations on cornea,Other operations on cornea,http://fhir.hie.moh.gov.my/CodeSystem/procedure-code-my-core,CodeSystemProcedureCodeMyCore
12.1,Iridotomy and simple iridectomy,Iridotomy and simple iridectomy,http://fhir.hie.moh.gov.my/CodeSystem/procedure-code-my-core,CodeSystemProcedureCodeMyCore
12.2,"Diagnostic procedures on iris, ciliary body, sclera, and anterior chamber","Diagnostic procedures on iris, ciliary body, sclera, and anterior chamber",http://fhir.hie.moh.gov.my/CodeSystem/procedure-code-my-core,CodeSystemProcedureCodeMyCore
12.3,Iridoplasty and coreoplasty,Iridoplasty and coreoplasty,http://fhir.hie.moh.gov.my/CodeSystem/procedure-code-my-core,CodeSystemProcedureCodeMyCore
12.4,Excision or destruction of lesion of iris and ciliary body,Excision or destruction of lesion of iris and ciliary body,http://fhir.hie.moh.gov.my/CodeSystem/procedure-code-my-core,CodeSystemProcedureCodeMyCore
12.5,Facilitation of intraocular circulation,Facilitation of intraocular circulation,http://fhir.hie.moh.gov.my/CodeSystem/procedure-code-my-core,CodeSystemProcedureCodeMyCore
12.6,Scleral fistulization,Scleral fistulization,http://fhir.hie.moh.gov.my/CodeSystem/procedure-code-my-core,CodeSystemProcedureCodeMyCore
12.7,Other procedures for relief of elevated intraocular pressure,Other procedures for relief of elevated intraocular pressure,http://fhir.hie.moh.gov.my/CodeSystem/procedure-code-my-core,CodeSystemProcedureCodeMyCore
12.8,Operations on sclera,Operations on sclera,http://fhir.hie.moh.gov.my/CodeSystem/procedure-code-my-core,CodeSystemProcedureCodeMyCore
12.9,"Other operations on iris, ciliary body, and anterior chamber","Other operations on iris, ciliary body, and anterior chamber",http://fhir.hie.moh.gov.my/CodeSystem/procedure-code-my-core,CodeSystemProcedureCodeMyCore
13.1,Intracapsular extraction of lens,Intracapsular extraction of lens,http://fhir.hie.moh.gov.my/CodeSystem/procedure-code-my-core,CodeSystemProcedureCodeMyCore
13.2,Extracapsular extraction of lens by linear extraction technique,Extracapsular extraction of lens by linear extraction technique,http://fhir.hie.moh.gov.my/CodeSystem/procedure-code-my-core,CodeSystemProcedureCodeMyCore
13.3,Extracapsular extraction of lens by simple aspiration (and irrigation) technique,Extracapsular extraction of lens by simple aspiration (and irrigation) technique,http://fhir.hie.moh.gov.my/CodeSystem/procedure-code-my-core,CodeSystemProcedureCodeMyCore
13.4,Extracapsular extraction of lens by fragmentation and aspiration technique,Extracapsular extraction of lens by fragmentation and aspiration technique,http://fhir.hie.moh.gov.my/CodeSystem/procedure-code-my-core,CodeSystemProcedureCodeMyCore
13.5,Other extracapsular extraction of lens,Other extracapsular extraction of lens,http://fhir.hie.moh.gov.my/CodeSystem/procedure-code-my-core,CodeSystemProcedureCodeMyCore
13.6,Other cataract extraction,Other cataract extraction,http://fhir.hie.moh.gov.my/CodeSystem/procedure-code-my-core,CodeSystemProcedureCodeMyCore
13.7,Insertion of prosthetic lens [pseudophakos],Insertion of prosthetic lens [pseudophakos],http://fhir.hie.moh.gov.my/CodeSystem/procedure-code-my-core,CodeSystemProcedureCodeMyCore
13.8,Removal of implanted lens,Removal of implanted lens,http://fhir.hie.moh.gov.my/CodeSystem/procedure-code-my-core,CodeSystemProcedureCodeMyCore
13.9,Other operations on lens,Other operations on lens,http://fhir.hie.moh.gov.my/CodeSystem/procedure-code-my-core,CodeSystemProcedureCodeMyCore
14.1,"Diagnostic procedures on retina, choroid, vitreous, and posterior chamber","Diagnostic procedures on retina, choroid, vitreous, and posterior chamber",http://fhir.hie.moh.gov.my/CodeSystem/procedure-code-my-core,CodeSystemProcedureCodeMyCore
14.2,Destruction of lesion of retina and choroid,Destruction of lesion of retina and choroid,http://fhir.hie.moh.gov.my/CodeSystem/procedure-code-my-core,CodeSystemProcedureCodeMyCore
14.3,Repair of retinal tear,Repair of retinal tear,http://fhir.hie.moh.gov.my/CodeSystem/procedure-code-my-core,CodeSystemProcedureCodeMyCore
14.4,Repair of retinal detachment with scleral buckling and implant,Repair of retinal detachment with scleral buckling and implant,http://fhir.hie.moh.gov.my/CodeSystem/procedure-code-my-core,CodeSystemProcedureCodeMyCore
14.5,Other repair of retinal detachment,Other repair of retinal detachment,http://fhir.hie.moh.gov.my/CodeSystem/procedure-code-my-core,CodeSystemProcedureCodeMyCore
14.6,Removal of surgically implanted material from posterior segment of eye,Removal of surgically implanted material from posterior segment of eye,http://fhir.hie.moh.gov.my/CodeSystem/procedure-code-my-core,CodeSystemProcedureCodeMyCore
14.7,Operations on vitreous,Operations on vitreous,http://fhir.hie.moh.gov.my/CodeSystem/procedure-code-my-core,CodeSystemProcedureCodeMyCore
14.9,"Other operations on retina, choroid, and posterior chamber","Other operations on retina, choroid, and posterior chamber",http://fhir.hie.moh.gov.my/CodeSystem/procedure-code-my-core,CodeSystemProcedureCodeMyCore
15.1,Operations on one extraocular muscle involving temporary detachment from globe,Operations on one extraocular muscle involving temporary detachment from globe,http://fhir.hie.moh.gov.my/CodeSystem/procedure-code-my-core,CodeSystemProcedureCodeMyCore
15.2,Other operations on one extraocular muscle,Other operations on one extraocular muscle,http://fhir.hie.moh.gov.my/CodeSystem/procedure-code-my-core,CodeSystemProcedureCodeMyCore
15.3,"Operations on two or more extraocular muscles involving temporary detachment from globe, one or both eyes","Operations on two or more extraocular muscles involving temporary detachment from globe, one or both eyes",http://fhir.hie.moh.gov.my/CodeSystem/procedure-code-my-core,CodeSystemProcedureCodeMyCore
15.4,"Other operations on two or more extraocular muscles, one or both eyes","Other operations on two or more extraocular muscles, one or both eyes",http://fhir.hie.moh.gov.my/CodeSystem/procedure-code-my-core,CodeSystemProcedureCodeMyCore
15.5,Tranposition of extraocular muscles,Tranposition of extraocular muscles,http://fhir.hie.moh.gov.my/CodeSystem/procedure-code-my-core,CodeSystemProcedureCodeMyCore
15.6,Revision of extraocular muscle surgery,Revision of extraocular muscle surgery,http://fhir.hie.moh.gov.my/CodeSystem/procedure-code-my-core,CodeSystemProcedureCodeMyCore
15.7,Repair of injury of extraocular muscle,Repair of injury of extraocular muscle,http://fhir.hie.moh.gov.my/CodeSystem/procedure-code-my-core,CodeSystemProcedureCodeMyCore
15.9,Other operations on extraocular muscles and tendons,Other operations on extraocular muscles and tendons,http://fhir.hie.moh.gov.my/CodeSystem/procedure-code-my-core,CodeSystemProcedureCodeMyCore
16.1,"Removal of penetrating foreign body from eye, not otherwise specified","Removal of penetrating foreign body from eye, not otherwise specified",http://fhir.hie.moh.gov.my/CodeSystem/procedure-code-my-core,CodeSystemProcedureCodeMyCore
16.2,Diagnostic procedures on orbit and eyeball,Diagnostic procedures on orbit and eyeball,http://fhir.hie.moh.gov.my/CodeSystem/procedure-code-my-core,CodeSystemProcedureCodeMyCore
16.3,Evisceration of eyeball,Evisceration of eyeball,http://fhir.hie.moh.gov.my/CodeSystem/procedure-code-my-core,CodeSystemProcedureCodeMyCore
16.4,Enucleation of eyeball,Enucleation of eyeball,http://fhir.hie.moh.gov.my/CodeSystem/procedure-code-my-core,CodeSystemProcedureCodeMyCore
16.5,Exenteration of orbital contents,Exenteration of orbital contents,http://fhir.hie.moh.gov.my/CodeSystem/procedure-code-my-core,CodeSystemProcedureCodeMyCore
16.6,Secondary procedures after removal of eyeball,Secondary procedures after removal of eyeball,http://fhir.hie.moh.gov.my/CodeSystem/procedure-code-my-core,CodeSystemProcedureCodeMyCore
16.7,Removal of ocular or orbital implant,Removal of ocular or orbital implant,http://fhir.hie.moh.gov.my/CodeSystem/procedure-code-my-core,CodeSystemProcedureCodeMyCore
16.8,Repair of injury of eyeball and orbit,Repair of injury of eyeball and orbit,http://fhir.hie.moh.gov.my/CodeSystem/procedure-code-my-core,CodeSystemProcedureCodeMyCore
16.9,Other operations on orbit and eyeball,Other operations on orbit and eyeball,http://fhir.hie.moh.gov.my/CodeSystem/procedure-code-my-core,CodeSystemProcedureCodeMyCore
17.1,Laparoscopic unilateral repair of inguinal hernia,Laparoscopic unilateral repair of inguinal hernia,http://fhir.hie.moh.gov.my/CodeSystem/procedure-code-my-core,CodeSystemProcedureCodeMyCore
17.2,Laparoscopic bilateral repair of inguinal hernia,Laparoscopic bilateral repair of inguinal hernia,http://fhir.hie.moh.gov.my/CodeSystem/procedure-code-my-core,CodeSystemProcedureCodeMyCore
17.3,Laparoscopic partial excision of large intestine,Laparoscopic partial excision of large intestine,http://fhir.hie.moh.gov.my/CodeSystem/procedure-code-my-core,CodeSystemProcedureCodeMyCore
17.4,Robotic assisted procedures,Robotic assisted procedures,http://fhir.hie.moh.gov.my/CodeSystem/procedure-code-my-core,CodeSystemProcedureCodeMyCore
17.5,Additional cardiovascular procedures,Additional cardiovascular procedures,http://fhir.hie.moh.gov.my/CodeSystem/procedure-code-my-core,CodeSystemProcedureCodeMyCore
17.6,Laser interstitial thermal therapy [LITT] under guidance,Laser interstitial thermal therapy [LITT] under guidance,http://fhir.hie.moh.gov.my/CodeSystem/procedure-code-my-core,CodeSystemProcedureCodeMyCore
17.7,Other diagnostic and therapeutic procedures,Other diagnostic and therapeutic procedures,http://fhir.hie.moh.gov.my/CodeSystem/procedure-code-my-core,CodeSystemProcedureCodeMyCore
17.8,Other adjunct procedures,Other adjunct procedures,http://fhir.hie.moh.gov.my/CodeSystem/procedure-code-my-core,CodeSystemProcedureCodeMyCore
18.1,Diagnostic procedures on external ear,Diagnostic procedures on external ear,http://fhir.hie.moh.gov.my/CodeSystem/procedure-code-my-core,CodeSystemProcedureCodeMyCore
18.2,Excision or destruction of lesion of external ear,Excision or destruction of lesion of external ear,http://fhir.hie.moh.gov.my/CodeSystem/procedure-code-my-core,CodeSystemProcedureCodeMyCore
18.3,Other excision of external ear,Other excision of external ear,http://fhir.hie.moh.gov.my/CodeSystem/procedure-code-my-core,CodeSystemProcedureCodeMyCore
18.4,Suture of laceration of external ear,Suture of laceration of external ear,http://fhir.hie.moh.gov.my/CodeSystem/procedure-code-my-core,CodeSystemProcedureCodeMyCore
18.5,Surgical correction of prominent ear,Surgical correction of prominent ear,http://fhir.hie.moh.gov.my/CodeSystem/procedure-code-my-core,CodeSystemProcedureCodeMyCore
18.6,Reconstruction of external auditory canal,Reconstruction of external auditory canal,http://fhir.hie.moh.gov.my/CodeSystem/procedure-code-my-core,CodeSystemProcedureCodeMyCore
18.7,Other plastic repair of external ear,Other plastic repair of external ear,http://fhir.hie.moh.gov.my/CodeSystem/procedure-code-my-core,CodeSystemProcedureCodeMyCore
18.9,Other operations on external ear,Other operations on external ear,http://fhir.hie.moh.gov.my/CodeSystem/procedure-code-my-core,CodeSystemProcedureCodeMyCore
19.1,Stapedectomy,Stapedectomy,http://fhir.hie.moh.gov.my/CodeSystem/procedure-code-my-core,CodeSystemProcedureCodeMyCore
19.2,Revision of stapedectomy,Revision of stapedectomy,http://fhir.hie.moh.gov.my/CodeSystem/procedure-code-my-core,CodeSystemProcedureCodeMyCore
19.3,Other operations on ossicular chain,Other operations on ossicular chain,http://fhir.hie.moh.gov.my/CodeSystem/procedure-code-my-core,CodeSystemProcedureCodeMyCore
19.4,Myringoplasty,Myringoplasty,http://fhir.hie.moh.gov.my/CodeSystem/procedure-code-my-core,CodeSystemProcedureCodeMyCore
19.5,Other tympanoplasty,Other tympanoplasty,http://fhir.hie.moh.gov.my/CodeSystem/procedure-code-my-core,CodeSystemProcedureCodeMyCore
19.6,Revision of tympanoplasty,Revision of tympanoplasty,http://fhir.hie.moh.gov.my/CodeSystem/procedure-code-my-core,CodeSystemProcedureCodeMyCore
19.9,Other repair of middle ear,Other repair of middle ear,http://fhir.hie.moh.gov.my/CodeSystem/procedure-code-my-core,CodeSystemProcedureCodeMyCore
20.1,Removal of tympanostomy tube,Removal of tympanostomy tube,http://fhir.hie.moh.gov.my/CodeSystem/procedure-code-my-core,CodeSystemProcedureCodeMyCore
20.2,Incision of mastoid and middle ear,Incision of mastoid and middle ear,http://fhir.hie.moh.gov.my/CodeSystem/procedure-code-my-core,CodeSystemProcedureCodeMyCore
20.3,Diagnostic procedures on middle ear and inner ear,Diagnostic procedures on middle ear and inner ear,http://fhir.hie.moh.gov.my/CodeSystem/procedure-code-my-core,CodeSystemProcedureCodeMyCore
20.4,Mastoidectomy,Mastoidectomy,http://fhir.hie.moh.gov.my/CodeSystem/procedure-code-my-core,CodeSystemProcedureCodeMyCore
20.5,Other excision of middle ear,Other excision of middle ear,http://fhir.hie.moh.gov.my/CodeSystem/procedure-code-my-core,CodeSystemProcedureCodeMyCore
20.6,Fenestration of ear,Fenestration of ear,http://fhir.hie.moh.gov.my/CodeSystem/procedure-code-my-core,CodeSystemProcedureCodeMyCore
20.7,"Incision, excision, and destruction of inner ear","Incision, excision, and destruction of inner ear",http://fhir.hie.moh.gov.my/CodeSystem/procedure-code-my-core,CodeSystemProcedureCodeMyCore
20.8,Operations on Eustachian tube,Operations on Eustachian tube,http://fhir.hie.moh.gov.my/CodeSystem/procedure-code-my-core,CodeSystemProcedureCodeMyCore
20.9,Other operations on inner and middle ear,Other operations on inner and middle ear,http://fhir.hie.moh.gov.my/CodeSystem/procedure-code-my-core,CodeSystemProcedureCodeMyCore
21.1,Incision of nose,Incision of nose,http://fhir.hie.moh.gov.my/CodeSystem/procedure-code-my-core,CodeSystemProcedureCodeMyCore
21.2,Diagnostic procedures on nose,Diagnostic procedures on nose,http://fhir.hie.moh.gov.my/CodeSystem/procedure-code-my-core,CodeSystemProcedureCodeMyCore
21.3,Local excision or destruction of lesion of nose,Local excision or destruction of lesion of nose,http://fhir.hie.moh.gov.my/CodeSystem/procedure-code-my-core,CodeSystemProcedureCodeMyCore
21.4,Resection of nose,Resection of nose,http://fhir.hie.moh.gov.my/CodeSystem/procedure-code-my-core,CodeSystemProcedureCodeMyCore
21.5,Submucous resection of nasal septum,Submucous resection of nasal septum,http://fhir.hie.moh.gov.my/CodeSystem/procedure-code-my-core,CodeSystemProcedureCodeMyCore
21.6,Turbinectomy,Turbinectomy,http://fhir.hie.moh.gov.my/CodeSystem/procedure-code-my-core,CodeSystemProcedureCodeMyCore
21.7,Reduction of nasal fracture,Reduction of nasal fracture,http://fhir.hie.moh.gov.my/CodeSystem/procedure-code-my-core,CodeSystemProcedureCodeMyCore
21.8,Repair and plastic operations on the nose,Repair and plastic operations on the nose,http://fhir.hie.moh.gov.my/CodeSystem/procedure-code-my-core,CodeSystemProcedureCodeMyCore
21.9,Other operations on nose,Other operations on nose,http://fhir.hie.moh.gov.my/CodeSystem/procedure-code-my-core,CodeSystemProcedureCodeMyCore
22.1,Diagnostic procedures on nasal sinus,Diagnostic procedures on nasal sinus,http://fhir.hie.moh.gov.my/CodeSystem/procedure-code-my-core,CodeSystemProcedureCodeMyCore
22.2,Intranasal antrotomy,Intranasal antrotomy,http://fhir.hie.moh.gov.my/CodeSystem/procedure-code-my-core,CodeSystemProcedureCodeMyCore
22.3,External maxillary antrotomy,External maxillary antrotomy,http://fhir.hie.moh.gov.my/CodeSystem/procedure-code-my-core,CodeSystemProcedureCodeMyCore
22.4,Frontal sinusotomy and sinusectomy,Frontal sinusotomy and sinusectomy,http://fhir.hie.moh.gov.my/CodeSystem/procedure-code-my-core,CodeSystemProcedureCodeMyCore
22.5,Other nasal sinusotomy,Other nasal sinusotomy,http://fhir.hie.moh.gov.my/CodeSystem/procedure-code-my-core,CodeSystemProcedureCodeMyCore
22.6,Other nasal sinusectomy,Other nasal sinusectomy,http://fhir.hie.moh.gov.my/CodeSystem/procedure-code-my-core,CodeSystemProcedureCodeMyCore
22.7,Repair of nasal sinus,Repair of nasal sinus,http://fhir.hie.moh.gov.my/CodeSystem/procedure-code-my-core,CodeSystemProcedureCodeMyCore
22.9,Other operations on nasal sinuses,Other operations on nasal sinuses,http://fhir.hie.moh.gov.my/CodeSystem/procedure-code-my-core,CodeSystemProcedureCodeMyCore
23.1,Surgical removal of tooth,Surgical removal of tooth,http://fhir.hie.moh.gov.my/CodeSystem/procedure-code-my-core,CodeSystemProcedureCodeMyCore
23.2,Restoration of tooth by filling,Restoration of tooth by filling,http://fhir.hie.moh.gov.my/CodeSystem/procedure-code-my-core,CodeSystemProcedureCodeMyCore
23.3,Restoration of tooth by inlay,Restoration of tooth by inlay,http://fhir.hie.moh.gov.my/CodeSystem/procedure-code-my-core,CodeSystemProcedureCodeMyCore
23.4,Other dental restoration,Other dental restoration,http://fhir.hie.moh.gov.my/CodeSystem/procedure-code-my-core,CodeSystemProcedureCodeMyCore
23.5,Implantation of tooth,Implantation of tooth,http://fhir.hie.moh.gov.my/CodeSystem/procedure-code-my-core,CodeSystemProcedureCodeMyCore
23.6,Prosthetic dental implant,Prosthetic dental implant,http://fhir.hie.moh.gov.my/CodeSystem/procedure-code-my-core,CodeSystemProcedureCodeMyCore
23.7,Apicoectomy and root canal therapy,Apicoectomy and root canal therapy,http://fhir.hie.moh.gov.my/CodeSystem/procedure-code-my-core,CodeSystemProcedureCodeMyCore
24.1,"Diagnostic procedures on teeth, gums, and alveoli","Diagnostic procedures on teeth, gums, and alveoli",http://fhir.hie.moh.gov.my/CodeSystem/procedure-code-my-core,CodeSystemProcedureCodeMyCore
24.2,Gingivoplasty,Gingivoplasty,http://fhir.hie.moh.gov.my/CodeSystem/procedure-code-my-core,CodeSystemProcedureCodeMyCore
24.3,Other operations on gum,Other operations on gum,http://fhir.hie.moh.gov.my/CodeSystem/procedure-code-my-core,CodeSystemProcedureCodeMyCore
24.4,Excision of dental lesion of jaw,Excision of dental lesion of jaw,http://fhir.hie.moh.gov.my/CodeSystem/procedure-code-my-core,CodeSystemProcedureCodeMyCore
24.5,Alveoloplasty,Alveoloplasty,http://fhir.hie.moh.gov.my/CodeSystem/procedure-code-my-core,CodeSystemProcedureCodeMyCore
24.6,Exposure of tooth,Exposure of tooth,http://fhir.hie.moh.gov.my/CodeSystem/procedure-code-my-core,CodeSystemProcedureCodeMyCore
24.7,Application of orthodontic appliance,Application of orthodontic appliance,http://fhir.hie.moh.gov.my/CodeSystem/procedure-code-my-core,CodeSystemProcedureCodeMyCore
24.8,Other orthodontic operation,Other orthodontic operation,http://fhir.hie.moh.gov.my/CodeSystem/procedure-code-my-core,CodeSystemProcedureCodeMyCore
24.9,Other dental operations,Other dental operations,http://fhir.hie.moh.gov.my/CodeSystem/procedure-code-my-core,CodeSystemProcedureCodeMyCore
25.1,Excision or destruction of lesion or tissue of tongue,Excision or destruction of lesion or tissue of tongue,http://fhir.hie.moh.gov.my/CodeSystem/procedure-code-my-core,CodeSystemProcedureCodeMyCore
25.2,Partial glossectomy,Partial glossectomy,http://fhir.hie.moh.gov.my/CodeSystem/procedure-code-my-core,CodeSystemProcedureCodeMyCore
25.3,Complete glossectomy,Complete glossectomy,http://fhir.hie.moh.gov.my/CodeSystem/procedure-code-my-core,CodeSystemProcedureCodeMyCore
25.4,Radical glossectomy,Radical glossectomy,http://fhir.hie.moh.gov.my/CodeSystem/procedure-code-my-core,CodeSystemProcedureCodeMyCore
25.5,Repair of tongue and glossoplasty,Repair of tongue and glossoplasty,http://fhir.hie.moh.gov.my/CodeSystem/procedure-code-my-core,CodeSystemProcedureCodeMyCore
25.9,Other operations on tongue,Other operations on tongue,http://fhir.hie.moh.gov.my/CodeSystem/procedure-code-my-core,CodeSystemProcedureCodeMyCore
26.1,Diagnostic procedures on salivary glands and ducts,Diagnostic procedures on salivary glands and ducts,http://fhir.hie.moh.gov.my/CodeSystem/procedure-code-my-core,CodeSystemProcedureCodeMyCore
26.2,Excision of lesion of salivary gland,Excision of lesion of salivary gland,http://fhir.hie.moh.gov.my/CodeSystem/procedure-code-my-core,CodeSystemProcedureCodeMyCore
26.3,Sialoadenectomy,Sialoadenectomy,http://fhir.hie.moh.gov.my/CodeSystem/procedure-code-my-core,CodeSystemProcedureCodeMyCore
26.4,Repair of salivary gland or duct,Repair of salivary gland or duct,http://fhir.hie.moh.gov.my/CodeSystem/procedure-code-my-core,CodeSystemProcedureCodeMyCore
26.9,Other operations on salivary gland or duct,Other operations on salivary gland or duct,http://fhir.hie.moh.gov.my/CodeSystem/procedure-code-my-core,CodeSystemProcedureCodeMyCore
27.1,Incision of palate,Incision of palate,http://fhir.hie.moh.gov.my/CodeSystem/procedure-code-my-core,CodeSystemProcedureCodeMyCore
27.2,Diagnostic procedures on oral cavity,Diagnostic procedures on oral cavity,http://fhir.hie.moh.gov.my/CodeSystem/procedure-code-my-core,CodeSystemProcedureCodeMyCore
27.3,Excision of lesion or tissue of bony palate,Excision of lesion or tissue of bony palate,http://fhir.hie.moh.gov.my/CodeSystem/procedure-code-my-core,CodeSystemProcedureCodeMyCore
27.4,Excision of other parts of mouth,Excision of other parts of mouth,http://fhir.hie.moh.gov.my/CodeSystem/procedure-code-my-core,CodeSystemProcedureCodeMyCore
27.5,Plastic repair of lip and mouth,Plastic repair of lip and mouth,http://fhir.hie.moh.gov.my/CodeSystem/procedure-code-my-core,CodeSystemProcedureCodeMyCore
27.6,Palatoplasty,Palatoplasty,http://fhir.hie.moh.gov.my/CodeSystem/procedure-code-my-core,CodeSystemProcedureCodeMyCore
27.7,Operations on uvula,Operations on uvula,http://fhir.hie.moh.gov.my/CodeSystem/procedure-code-my-core,CodeSystemProcedureCodeMyCore
27.9,Other operations on mouth and face,Other operations on mouth and face,http://fhir.hie.moh.gov.my/CodeSystem/procedure-code-my-core,CodeSystemProcedureCodeMyCore
28.1,Diagnostic procedures on tonsils and adenoids,Diagnostic procedures on tonsils and adenoids,http://fhir.hie.moh.gov.my/CodeSystem/procedure-code-my-core,CodeSystemProcedureCodeMyCore
28.2,Tonsillectomy without adenoidectomy,Tonsillectomy without adenoidectomy,http://fhir.hie.moh.gov.my/CodeSystem/procedure-code-my-core,CodeSystemProcedureCodeMyCore
28.3,Tonsillectomy with adenoidectomy,Tonsillectomy with adenoidectomy,http://fhir.hie.moh.gov.my/CodeSystem/procedure-code-my-core,CodeSystemProcedureCodeMyCore
28.4,Excision of tonsil tag,Excision of tonsil tag,http://fhir.hie.moh.gov.my/CodeSystem/procedure-code-my-core,CodeSystemProcedureCodeMyCore
28.5,Excision of lingual tonsil,Excision of lingual tonsil,http://fhir.hie.moh.gov.my/CodeSystem/procedure-code-my-core,CodeSystemProcedureCodeMyCore
28.6,Adenoidectomy without tonsillectomy,Adenoidectomy without tonsillectomy,http://fhir.hie.moh.gov.my/CodeSystem/procedure-code-my-core,CodeSystemProcedureCodeMyCore
28.7,Control of hemorrhage after tonsillectomy and adenoidectomy,Control of hemorrhage after tonsillectomy and adenoidectomy,http://fhir.hie.moh.gov.my/CodeSystem/procedure-code-my-core,CodeSystemProcedureCodeMyCore
28.9,Other operations on tonsils and adenoids,Other operations on tonsils and adenoids,http://fhir.hie.moh.gov.my/CodeSystem/procedure-code-my-core,CodeSystemProcedureCodeMyCore
29.1,Diagnostic procedures on pharynx,Diagnostic procedures on pharynx,http://fhir.hie.moh.gov.my/CodeSystem/procedure-code-my-core,CodeSystemProcedureCodeMyCore
29.2,Excision of branchial cleft cyst or vestige,Excision of branchial cleft cyst or vestige,http://fhir.hie.moh.gov.my/CodeSystem/procedure-code-my-core,CodeSystemProcedureCodeMyCore
29.3,Excision or destruction of lesion or tissue of pharynx,Excision or destruction of lesion or tissue of pharynx,http://fhir.hie.moh.gov.my/CodeSystem/procedure-code-my-core,CodeSystemProcedureCodeMyCore
29.4,Plastic operation on pharynx,Plastic operation on pharynx,http://fhir.hie.moh.gov.my/CodeSystem/procedure-code-my-core,CodeSystemProcedureCodeMyCore
29.5,Other repair of pharynx,Other repair of pharynx,http://fhir.hie.moh.gov.my/CodeSystem/procedure-code-my-core,CodeSystemProcedureCodeMyCore
29.9,Other operations on pharynx,Other operations on pharynx,http://fhir.hie.moh.gov.my/CodeSystem/procedure-code-my-core,CodeSystemProcedureCodeMyCore
30.1,Hemilaryngectomy,Hemilaryngectomy,http://fhir.hie.moh.gov.my/CodeSystem/procedure-code-my-core,CodeSystemProcedureCodeMyCore
30.2,Other partial laryngectomy,Other partial laryngectomy,http://fhir.hie.moh.gov.my/CodeSystem/procedure-code-my-core,CodeSystemProcedureCodeMyCore
30.3,Complete laryngectomy,Complete laryngectomy,http://fhir.hie.moh.gov.my/CodeSystem/procedure-code-my-core,CodeSystemProcedureCodeMyCore
30.4,Radical laryngectomy,Radical laryngectomy,http://fhir.hie.moh.gov.my/CodeSystem/procedure-code-my-core,CodeSystemProcedureCodeMyCore
31.1,Temporary tracheostomy,Temporary tracheostomy,http://fhir.hie.moh.gov.my/CodeSystem/procedure-code-my-core,CodeSystemProcedureCodeMyCore
31.2,Permanent tracheostomy,Permanent tracheostomy,http://fhir.hie.moh.gov.my/CodeSystem/procedure-code-my-core,CodeSystemProcedureCodeMyCore
31.3,Other incision of larynx or trachea,Other incision of larynx or trachea,http://fhir.hie.moh.gov.my/CodeSystem/procedure-code-my-core,CodeSystemProcedureCodeMyCore
31.4,Diagnostic procedures on larynx and trachea,Diagnostic procedures on larynx and trachea,http://fhir.hie.moh.gov.my/CodeSystem/procedure-code-my-core,CodeSystemProcedureCodeMyCore
31.5,Local excision or destruction of lesion or tissue of trachea,Local excision or destruction of lesion or tissue of trachea,http://fhir.hie.moh.gov.my/CodeSystem/procedure-code-my-core,CodeSystemProcedureCodeMyCore
31.6,Repair of larynx,Repair of larynx,http://fhir.hie.moh.gov.my/CodeSystem/procedure-code-my-core,CodeSystemProcedureCodeMyCore
31.7,Repair and plastic operations on trachea,Repair and plastic operations on trachea,http://fhir.hie.moh.gov.my/CodeSystem/procedure-code-my-core,CodeSystemProcedureCodeMyCore
31.9,Other operations on larynx and trachea,Other operations on larynx and trachea,http://fhir.hie.moh.gov.my/CodeSystem/procedure-code-my-core,CodeSystemProcedureCodeMyCore
32.1,Other excision of bronchus,Other excision of bronchus,http://fhir.hie.moh.gov.my/CodeSystem/procedure-code-my-core,CodeSystemProcedureCodeMyCore
32.2,Local excision or destruction of lesion or tissue of lung,Local excision or destruction of lesion or tissue of lung,http://fhir.hie.moh.gov.my/CodeSystem/procedure-code-my-core,CodeSystemProcedureCodeMyCore
32.3,Segmental resection of lung,Segmental resection of lung,http://fhir.hie.moh.gov.my/CodeSystem/procedure-code-my-core,CodeSystemProcedureCodeMyCore
32.4,Lobectomy of lung,Lobectomy of lung,http://fhir.hie.moh.gov.my/CodeSystem/procedure-code-my-core,CodeSystemProcedureCodeMyCore
32.5,Pneumonectomy,Pneumonectomy,http://fhir.hie.moh.gov.my/CodeSystem/procedure-code-my-core,CodeSystemProcedureCodeMyCore
32.6,Radical dissection of thoracic structures,Radical dissection of thoracic structures,http://fhir.hie.moh.gov.my/CodeSystem/procedure-code-my-core,CodeSystemProcedureCodeMyCore
32.9,Other excision of lung,Other excision of lung,http://fhir.hie.moh.gov.my/CodeSystem/procedure-code-my-core,CodeSystemProcedureCodeMyCore
33.1,Incision of lung,Incision of lung,http://fhir.hie.moh.gov.my/CodeSystem/procedure-code-my-core,CodeSystemProcedureCodeMyCore
33.2,Diagnostic procedures on lung and bronchus,Diagnostic procedures on lung and bronchus,http://fhir.hie.moh.gov.my/CodeSystem/procedure-code-my-core,CodeSystemProcedureCodeMyCore
33.3,Surgical collapse of lung,Surgical collapse of lung,http://fhir.hie.moh.gov.my/CodeSystem/procedure-code-my-core,CodeSystemProcedureCodeMyCore
33.4,Repair and plastic operation on lung and bronchus,Repair and plastic operation on lung and bronchus,http://fhir.hie.moh.gov.my/CodeSystem/procedure-code-my-core,CodeSystemProcedureCodeMyCore
33.5,Lung transplant,Lung transplant,http://fhir.hie.moh.gov.my/CodeSystem/procedure-code-my-core,CodeSystemProcedureCodeMyCore
33.6,Combined heart-lung transplantation,Combined heart-lung transplantation,http://fhir.hie.moh.gov.my/CodeSystem/procedure-code-my-core,CodeSystemProcedureCodeMyCore
33.7,Other endoscopic procedures in bronchus or lung,Other endoscopic procedures in bronchus or lung,http://fhir.hie.moh.gov.my/CodeSystem/procedure-code-my-core,CodeSystemProcedureCodeMyCore
33.9,Other operations on lung and bronchus,Other operations on lung and bronchus,http://fhir.hie.moh.gov.my/CodeSystem/procedure-code-my-core,CodeSystemProcedureCodeMyCore
34.1,Incision of mediastinum,Incision of mediastinum,http://fhir.hie.moh.gov.my/CodeSystem/procedure-code-my-core,CodeSystemProcedureCodeMyCore
34.2,"Diagnostic procedures on chest wall, pleura, mediastinum, and diaphragm","Diagnostic procedures on chest wall, pleura, mediastinum, and diaphragm",http://fhir.hie.moh.gov.my/CodeSystem/procedure-code-my-core,CodeSystemProcedureCodeMyCore
34.3,Excision or destruction of lesion or tissue of mediastinum,Excision or destruction of lesion or tissue of mediastinum,http://fhir.hie.moh.gov.my/CodeSystem/procedure-code-my-core,CodeSystemProcedureCodeMyCore
34.4,Excision or destruction of lesion of chest wall,Excision or destruction of lesion of chest wall,http://fhir.hie.moh.gov.my/CodeSystem/procedure-code-my-core,CodeSystemProcedureCodeMyCore
34.5,Pleurectomy,Pleurectomy,http://fhir.hie.moh.gov.my/CodeSystem/procedure-code-my-core,CodeSystemProcedureCodeMyCore
34.6,Scarification of pleura,Scarification of pleura,http://fhir.hie.moh.gov.my/CodeSystem/procedure-code-my-core,CodeSystemProcedureCodeMyCore
34.7,Repair of chest wall,Repair of chest wall,http://fhir.hie.moh.gov.my/CodeSystem/procedure-code-my-core,CodeSystemProcedureCodeMyCore
34.8,Operations on diaphragm,Operations on diaphragm,http://fhir.hie.moh.gov.my/CodeSystem/procedure-code-my-core,CodeSystemProcedureCodeMyCore
34.9,Other operations on thorax,Other operations on thorax,http://fhir.hie.moh.gov.my/CodeSystem/procedure-code-my-core,CodeSystemProcedureCodeMyCore
35.1,Open heart valvuloplasty without replacement,Open heart valvuloplasty without replacement,http://fhir.hie.moh.gov.my/CodeSystem/procedure-code-my-core,CodeSystemProcedureCodeMyCore
35.2,Open and other replacement of heart valve,Open and other replacement of heart valve,http://fhir.hie.moh.gov.my/CodeSystem/procedure-code-my-core,CodeSystemProcedureCodeMyCore
35.3,Operations on structures adjacent to heart valves,Operations on structures adjacent to heart valves,http://fhir.hie.moh.gov.my/CodeSystem/procedure-code-my-core,CodeSystemProcedureCodeMyCore
35.4,Production of septal defect in heart,Production of septal defect in heart,http://fhir.hie.moh.gov.my/CodeSystem/procedure-code-my-core,CodeSystemProcedureCodeMyCore
35.5,Repair of atrial and ventricular septa with prosthesis,Repair of atrial and ventricular septa with prosthesis,http://fhir.hie.moh.gov.my/CodeSystem/procedure-code-my-core,CodeSystemProcedureCodeMyCore
35.6,Repair of atrial and ventricular septa with tissue graft,Repair of atrial and ventricular septa with tissue graft,http://fhir.hie.moh.gov.my/CodeSystem/procedure-code-my-core,CodeSystemProcedureCodeMyCore
35.7,Other and unspecified repair of atrial and ventricular septa,Other and unspecified repair of atrial and ventricular septa,http://fhir.hie.moh.gov.my/CodeSystem/procedure-code-my-core,CodeSystemProcedureCodeMyCore
35.8,Total repair of certain congenital cardiac anomalies,Total repair of certain congenital cardiac anomalies,http://fhir.hie.moh.gov.my/CodeSystem/procedure-code-my-core,CodeSystemProcedureCodeMyCore
35.9,Other operations on valves and septa of heart,Other operations on valves and septa of heart,http://fhir.hie.moh.gov.my/CodeSystem/procedure-code-my-core,CodeSystemProcedureCodeMyCore
36.1,Bypass anastomosis for heart revascularization,Bypass anastomosis for heart revascularization,http://fhir.hie.moh.gov.my/CodeSystem/procedure-code-my-core,CodeSystemProcedureCodeMyCore
36.2,Heart revascularization by arterial implant,Heart revascularization by arterial implant,http://fhir.hie.moh.gov.my/CodeSystem/procedure-code-my-core,CodeSystemProcedureCodeMyCore
36.3,Other heart revascularization,Other heart revascularization,http://fhir.hie.moh.gov.my/CodeSystem/procedure-code-my-core,CodeSystemProcedureCodeMyCore
36.9,Other operations on vessels of heart,Other operations on vessels of heart,http://fhir.hie.moh.gov.my/CodeSystem/procedure-code-my-core,CodeSystemProcedureCodeMyCore
37.1,Cardiotomy and pericardiotomy,Cardiotomy and pericardiotomy,http://fhir.hie.moh.gov.my/CodeSystem/procedure-code-my-core,CodeSystemProcedureCodeMyCore
37.2,Diagnostic procedures on heart and pericardium,Diagnostic procedures on heart and pericardium,http://fhir.hie.moh.gov.my/CodeSystem/procedure-code-my-core,CodeSystemProcedureCodeMyCore
37.3,Pericardiectomy and excision of lesion of heart,Pericardiectomy and excision of lesion of heart,http://fhir.hie.moh.gov.my/CodeSystem/procedure-code-my-core,CodeSystemProcedureCodeMyCore
37.4,Repair of heart and pericardium,Repair of heart and pericardium,http://fhir.hie.moh.gov.my/CodeSystem/procedure-code-my-core,CodeSystemProcedureCodeMyCore
37.5,Heart replacement procedures,Heart replacement procedures,http://fhir.hie.moh.gov.my/CodeSystem/procedure-code-my-core,CodeSystemProcedureCodeMyCore
37.6,Implantation of heart and circulatory assist system(s),Implantation of heart and circulatory assist system(s),http://fhir.hie.moh.gov.my/CodeSystem/procedure-code-my-core,CodeSystemProcedureCodeMyCore
37.7,"Insertion, revision, replacement, and removal of leads; insertion of temporary pacemaker system; or revision of cardiac device pocket","Insertion, revision, replacement, and removal of leads; insertion of temporary pacemaker system; or revision of cardiac device pocket",http://fhir.hie.moh.gov.my/CodeSystem/procedure-code-my-core,CodeSystemProcedureCodeMyCore
37.8,"Insertion, replacement, removal, and revision of pacemaker device","Insertion, replacement, removal, and revision of pacemaker device",http://fhir.hie.moh.gov.my/CodeSystem/procedure-code-my-core,CodeSystemProcedureCodeMyCore
37.9,Other operations on heart and pericardium,Other operations on heart and pericardium,http://fhir.hie.moh.gov.my/CodeSystem/procedure-code-my-core,CodeSystemProcedureCodeMyCore
38.1,Endarterectomy,Endarterectomy,http://fhir.hie.moh.gov.my/CodeSystem/procedure-code-my-core,CodeSystemProcedureCodeMyCore
38.2,Diagnostic procedures on blood vessels,Diagnostic procedures on blood vessels,http://fhir.hie.moh.gov.my/CodeSystem/procedure-code-my-core,CodeSystemProcedureCodeMyCore
38.3,Resection of vessel with anastomosis,Resection of vessel with anastomosis,http://fhir.hie.moh.gov.my/CodeSystem/procedure-code-my-core,CodeSystemProcedureCodeMyCore
38.4,Resection of vessel with replacement,Resection of vessel with replacement,http://fhir.hie.moh.gov.my/CodeSystem/procedure-code-my-core,CodeSystemProcedureCodeMyCore
38.5,"Ligation and stripping of varicose veins,","Ligation and stripping of varicose veins,",http://fhir.hie.moh.gov.my/CodeSystem/procedure-code-my-core,CodeSystemProcedureCodeMyCore
38.6,Other excision of vessels,Other excision of vessels,http://fhir.hie.moh.gov.my/CodeSystem/procedure-code-my-core,CodeSystemProcedureCodeMyCore
38.7,Interruption of the vena cava,Interruption of the vena cava,http://fhir.hie.moh.gov.my/CodeSystem/procedure-code-my-core,CodeSystemProcedureCodeMyCore
38.8,Other surgical occlusion of vessels,Other surgical occlusion of vessels,http://fhir.hie.moh.gov.my/CodeSystem/procedure-code-my-core,CodeSystemProcedureCodeMyCore
38.9,Puncture of vessel,Puncture of vessel,http://fhir.hie.moh.gov.my/CodeSystem/procedure-code-my-core,CodeSystemProcedureCodeMyCore
39.1,Intra-abdominal venous shunt,Intra-abdominal venous shunt,http://fhir.hie.moh.gov.my/CodeSystem/procedure-code-my-core,CodeSystemProcedureCodeMyCore
39.2,Other shunt or vascular bypass,Other shunt or vascular bypass,http://fhir.hie.moh.gov.my/CodeSystem/procedure-code-my-core,CodeSystemProcedureCodeMyCore
39.3,Suture of vessel,Suture of vessel,http://fhir.hie.moh.gov.my/CodeSystem/procedure-code-my-core,CodeSystemProcedureCodeMyCore
39.4,Revision of vascular procedure,Revision of vascular procedure,http://fhir.hie.moh.gov.my/CodeSystem/procedure-code-my-core,CodeSystemProcedureCodeMyCore
39.5,Other repair of vessels,Other repair of vessels,http://fhir.hie.moh.gov.my/CodeSystem/procedure-code-my-core,CodeSystemProcedureCodeMyCore
39.6,Extracorporeal circulation and procedures auxillary to heart surgery,Extracorporeal circulation and procedures auxillary to heart surgery,http://fhir.hie.moh.gov.my/CodeSystem/procedure-code-my-core,CodeSystemProcedureCodeMyCore
39.7,Endovascular procedures on vessel(s),Endovascular procedures on vessel(s),http://fhir.hie.moh.gov.my/CodeSystem/procedure-code-my-core,CodeSystemProcedureCodeMyCore
39.8,"Operations on carotid body, carotid sinus and other vascular bodies","Operations on carotid body, carotid sinus and other vascular bodies",http://fhir.hie.moh.gov.my/CodeSystem/procedure-code-my-core,CodeSystemProcedureCodeMyCore
39.9,Other operations on vessels,Other operations on vessels,http://fhir.hie.moh.gov.my/CodeSystem/procedure-code-my-core,CodeSystemProcedureCodeMyCore
40.1,Diagnostic procedures on lymphatic structures,Diagnostic procedures on lymphatic structures,http://fhir.hie.moh.gov.my/CodeSystem/procedure-code-my-core,CodeSystemProcedureCodeMyCore
40.2,Simple excision of lymphatic structures,Simple excision of lymphatic structures,http://fhir.hie.moh.gov.my/CodeSystem/procedure-code-my-core,CodeSystemProcedureCodeMyCore
40.3,Regional lymph node excision,Regional lymph node excision,http://fhir.hie.moh.gov.my/CodeSystem/procedure-code-my-core,CodeSystemProcedureCodeMyCore
40.4,Radical excision of cervical lymph nodes,Radical excision of cervical lymph nodes,http://fhir.hie.moh.gov.my/CodeSystem/procedure-code-my-core,CodeSystemProcedureCodeMyCore
40.5,Radical excision of other lymph nodes,Radical excision of other lymph nodes,http://fhir.hie.moh.gov.my/CodeSystem/procedure-code-my-core,CodeSystemProcedureCodeMyCore
40.6,Operations on thoracic duct,Operations on thoracic duct,http://fhir.hie.moh.gov.my/CodeSystem/procedure-code-my-core,CodeSystemProcedureCodeMyCore
40.9,Other operations on lymphatic structures,Other operations on lymphatic structures,http://fhir.hie.moh.gov.my/CodeSystem/procedure-code-my-core,CodeSystemProcedureCodeMyCore
41.1,Puncture of spleen,Puncture of spleen,http://fhir.hie.moh.gov.my/CodeSystem/procedure-code-my-core,CodeSystemProcedureCodeMyCore
41.2,Splenotomy,Splenotomy,http://fhir.hie.moh.gov.my/CodeSystem/procedure-code-my-core,CodeSystemProcedureCodeMyCore
41.3,Diagnostic procedures on bone marrow and spleen,Diagnostic procedures on bone marrow and spleen,http://fhir.hie.moh.gov.my/CodeSystem/procedure-code-my-core,CodeSystemProcedureCodeMyCore
41.4,Excision or destruction of lesion or tissue of spleen,Excision or destruction of lesion or tissue of spleen,http://fhir.hie.moh.gov.my/CodeSystem/procedure-code-my-core,CodeSystemProcedureCodeMyCore
41.5,Total splenectomy,Total splenectomy,http://fhir.hie.moh.gov.my/CodeSystem/procedure-code-my-core,CodeSystemProcedureCodeMyCore
41.9,Other operations on spleen and bone marrow,Other operations on spleen and bone marrow,http://fhir.hie.moh.gov.my/CodeSystem/procedure-code-my-core,CodeSystemProcedureCodeMyCore
42.1,Esophagostomy,Esophagostomy,http://fhir.hie.moh.gov.my/CodeSystem/procedure-code-my-core,CodeSystemProcedureCodeMyCore
42.2,Diagnostic procedures on esophagus,Diagnostic procedures on esophagus,http://fhir.hie.moh.gov.my/CodeSystem/procedure-code-my-core,CodeSystemProcedureCodeMyCore
42.3,Local excision or destruction of lesion or tissue of esophagus,Local excision or destruction of lesion or tissue of esophagus,http://fhir.hie.moh.gov.my/CodeSystem/procedure-code-my-core,CodeSystemProcedureCodeMyCore
42.4,Excision of esophagus,Excision of esophagus,http://fhir.hie.moh.gov.my/CodeSystem/procedure-code-my-core,CodeSystemProcedureCodeMyCore
42.5,Intrathoracic anastomosis of esophagus,Intrathoracic anastomosis of esophagus,http://fhir.hie.moh.gov.my/CodeSystem/procedure-code-my-core,CodeSystemProcedureCodeMyCore
42.6,Antesternal anastomosis of esophagus,Antesternal anastomosis of esophagus,http://fhir.hie.moh.gov.my/CodeSystem/procedure-code-my-core,CodeSystemProcedureCodeMyCore
42.7,Esophagomyotomy,Esophagomyotomy,http://fhir.hie.moh.gov.my/CodeSystem/procedure-code-my-core,CodeSystemProcedureCodeMyCore
42.8,Other repair of esophagus,Other repair of esophagus,http://fhir.hie.moh.gov.my/CodeSystem/procedure-code-my-core,CodeSystemProcedureCodeMyCore
42.9,Other operations on esophagus,Other operations on esophagus,http://fhir.hie.moh.gov.my/CodeSystem/procedure-code-my-core,CodeSystemProcedureCodeMyCore
43.1,Gastrostomy,Gastrostomy,http://fhir.hie.moh.gov.my/CodeSystem/procedure-code-my-core,CodeSystemProcedureCodeMyCore
43.3,Pyloromyotomy,Pyloromyotomy,http://fhir.hie.moh.gov.my/CodeSystem/procedure-code-my-core,CodeSystemProcedureCodeMyCore
43.4,Local excision or destruction of lesion or tissue of stomach,Local excision or destruction of lesion or tissue of stomach,http://fhir.hie.moh.gov.my/CodeSystem/procedure-code-my-core,CodeSystemProcedureCodeMyCore
43.5,Partial gastrectomy with anastomosis to esophagus,Partial gastrectomy with anastomosis to esophagus,http://fhir.hie.moh.gov.my/CodeSystem/procedure-code-my-core,CodeSystemProcedureCodeMyCore
43.6,Partial gastrectomy with anastomosis to duodenum,Partial gastrectomy with anastomosis to duodenum,http://fhir.hie.moh.gov.my/CodeSystem/procedure-code-my-core,CodeSystemProcedureCodeMyCore
43.7,Partial gastrectomy with anastomosis to jejunum,Partial gastrectomy with anastomosis to jejunum,http://fhir.hie.moh.gov.my/CodeSystem/procedure-code-my-core,CodeSystemProcedureCodeMyCore
43.8,Other partial gastrectomy,Other partial gastrectomy,http://fhir.hie.moh.gov.my/CodeSystem/procedure-code-my-core,CodeSystemProcedureCodeMyCore
43.9,Total gastrectomy,Total gastrectomy,http://fhir.hie.moh.gov.my/CodeSystem/procedure-code-my-core,CodeSystemProcedureCodeMyCore
44.1,Diagnostic procedures on stomach,Diagnostic procedures on stomach,http://fhir.hie.moh.gov.my/CodeSystem/procedure-code-my-core,CodeSystemProcedureCodeMyCore
44.2,Pyloroplasty,Pyloroplasty,http://fhir.hie.moh.gov.my/CodeSystem/procedure-code-my-core,CodeSystemProcedureCodeMyCore
44.3,Gastroenterostomy without gastrectomy,Gastroenterostomy without gastrectomy,http://fhir.hie.moh.gov.my/CodeSystem/procedure-code-my-core,CodeSystemProcedureCodeMyCore
44.4,Control of hemorrhage and suture of ulcer of stomach or duodenum,Control of hemorrhage and suture of ulcer of stomach or duodenum,http://fhir.hie.moh.gov.my/CodeSystem/procedure-code-my-core,CodeSystemProcedureCodeMyCore
44.5,Revision of gastric anastomosis,Revision of gastric anastomosis,http://fhir.hie.moh.gov.my/CodeSystem/procedure-code-my-core,CodeSystemProcedureCodeMyCore
44.6,Other repair of stomach,Other repair of stomach,http://fhir.hie.moh.gov.my/CodeSystem/procedure-code-my-core,CodeSystemProcedureCodeMyCore
44.9,Other operations on stomach,Other operations on stomach,http://fhir.hie.moh.gov.my/CodeSystem/procedure-code-my-core,CodeSystemProcedureCodeMyCore
45.1,Diagnostic procedures on small intestines,Diagnostic procedures on small intestines,http://fhir.hie.moh.gov.my/CodeSystem/procedure-code-my-core,CodeSystemProcedureCodeMyCore
45.2,Diagnostic procedures on large intestine,Diagnostic procedures on large intestine,http://fhir.hie.moh.gov.my/CodeSystem/procedure-code-my-core,CodeSystemProcedureCodeMyCore
45.3,Local excision or destruction of lesion or tissue of small intestine,Local excision or destruction of lesion or tissue of small intestine,http://fhir.hie.moh.gov.my/CodeSystem/procedure-code-my-core,CodeSystemProcedureCodeMyCore
45.4,Local excision or destruction of lesion or tissue of large intestine,Local excision or destruction of lesion or tissue of large intestine,http://fhir.hie.moh.gov.my/CodeSystem/procedure-code-my-core,CodeSystemProcedureCodeMyCore
45.5,Isolation of intestinal segment,Isolation of intestinal segment,http://fhir.hie.moh.gov.my/CodeSystem/procedure-code-my-core,CodeSystemProcedureCodeMyCore
45.6,Other excision of small intestine,Other excision of small intestine,http://fhir.hie.moh.gov.my/CodeSystem/procedure-code-my-core,CodeSystemProcedureCodeMyCore
45.7,Open and other partial excision of large intestine,Open and other partial excision of large intestine,http://fhir.hie.moh.gov.my/CodeSystem/procedure-code-my-core,CodeSystemProcedureCodeMyCore
45.8,Total intra-abdominal colectomy,Total intra-abdominal colectomy,http://fhir.hie.moh.gov.my/CodeSystem/procedure-code-my-core,CodeSystemProcedureCodeMyCore
45.9,Intestinal anastomosis,Intestinal anastomosis,http://fhir.hie.moh.gov.my/CodeSystem/procedure-code-my-core,CodeSystemProcedureCodeMyCore
46.1,Colostomy,Colostomy,http://fhir.hie.moh.gov.my/CodeSystem/procedure-code-my-core,CodeSystemProcedureCodeMyCore
46.2,Ileostomy,Ileostomy,http://fhir.hie.moh.gov.my/CodeSystem/procedure-code-my-core,CodeSystemProcedureCodeMyCore
46.3,Other enterostomy,Other enterostomy,http://fhir.hie.moh.gov.my/CodeSystem/procedure-code-my-core,CodeSystemProcedureCodeMyCore
46.4,Revision of intestinal stoma,Revision of intestinal stoma,http://fhir.hie.moh.gov.my/CodeSystem/procedure-code-my-core,CodeSystemProcedureCodeMyCore
46.5,Closure of intestinal stoma,Closure of intestinal stoma,http://fhir.hie.moh.gov.my/CodeSystem/procedure-code-my-core,CodeSystemProcedureCodeMyCore
46.6,Fixation of intestine,Fixation of intestine,http://fhir.hie.moh.gov.my/CodeSystem/procedure-code-my-core,CodeSystemProcedureCodeMyCore
46.7,Other repair of intestine,Other repair of intestine,http://fhir.hie.moh.gov.my/CodeSystem/procedure-code-my-core,CodeSystemProcedureCodeMyCore
46.8,Dilation and manipulation of intestine,Dilation and manipulation of intestine,http://fhir.hie.moh.gov.my/CodeSystem/procedure-code-my-core,CodeSystemProcedureCodeMyCore
46.9,Other operations on intestines,Other operations on intestines,http://fhir.hie.moh.gov.my/CodeSystem/procedure-code-my-core,CodeSystemProcedureCodeMyCore
47.1,Incidental appendectomy,Incidental appendectomy,http://fhir.hie.moh.gov.my/CodeSystem/procedure-code-my-core,CodeSystemProcedureCodeMyCore
47.2,Drainage of appendiceal abscess,Drainage of appendiceal abscess,http://fhir.hie.moh.gov.my/CodeSystem/procedure-code-my-core,CodeSystemProcedureCodeMyCore
47.9,Other operations on appendix,Other operations on appendix,http://fhir.hie.moh.gov.my/CodeSystem/procedure-code-my-core,CodeSystemProcedureCodeMyCore
48.1,Proctostomy,Proctostomy,http://fhir.hie.moh.gov.my/CodeSystem/procedure-code-my-core,CodeSystemProcedureCodeMyCore
48.2,"Diagnostic procedures on rectum, rectosigmoid and perirectal tissue","Diagnostic procedures on rectum, rectosigmoid and perirectal tissue",http://fhir.hie.moh.gov.my/CodeSystem/procedure-code-my-core,CodeSystemProcedureCodeMyCore
48.3,Local excision or destruction of lesion or tissue of rectum,Local excision or destruction of lesion or tissue of rectum,http://fhir.hie.moh.gov.my/CodeSystem/procedure-code-my-core,CodeSystemProcedureCodeMyCore
48.4,Pull-through resection of rectum,Pull-through resection of rectum,http://fhir.hie.moh.gov.my/CodeSystem/procedure-code-my-core,CodeSystemProcedureCodeMyCore
48.5,Abdominoperineal resection of rectum,Abdominoperineal resection of rectum,http://fhir.hie.moh.gov.my/CodeSystem/procedure-code-my-core,CodeSystemProcedureCodeMyCore
48.6,Other resection of rectum,Other resection of rectum,http://fhir.hie.moh.gov.my/CodeSystem/procedure-code-my-core,CodeSystemProcedureCodeMyCore
48.7,Repair of rectum,Repair of rectum,http://fhir.hie.moh.gov.my/CodeSystem/procedure-code-my-core,CodeSystemProcedureCodeMyCore
48.8,Incision or excision of perirectal tissue or lesion,Incision or excision of perirectal tissue or lesion,http://fhir.hie.moh.gov.my/CodeSystem/procedure-code-my-core,CodeSystemProcedureCodeMyCore
48.9,Other operations on rectum and perirectal tissue,Other operations on rectum and perirectal tissue,http://fhir.hie.moh.gov.my/CodeSystem/procedure-code-my-core,CodeSystemProcedureCodeMyCore
49.1,Incision or excision of anal fistula,Incision or excision of anal fistula,http://fhir.hie.moh.gov.my/CodeSystem/procedure-code-my-core,CodeSystemProcedureCodeMyCore
49.2,Diagnostic procedures on anus and perianal tissue,Diagnostic procedures on anus and perianal tissue,http://fhir.hie.moh.gov.my/CodeSystem/procedure-code-my-core,CodeSystemProcedureCodeMyCore
49.3,Local excision or destruction of other lesion or tissue of anus,Local excision or destruction of other lesion or tissue of anus,http://fhir.hie.moh.gov.my/CodeSystem/procedure-code-my-core,CodeSystemProcedureCodeMyCore
49.4,Procedures on hemorrhoids,Procedures on hemorrhoids,http://fhir.hie.moh.gov.my/CodeSystem/procedure-code-my-core,CodeSystemProcedureCodeMyCore
49.5,Division of anal sphincter,Division of anal sphincter,http://fhir.hie.moh.gov.my/CodeSystem/procedure-code-my-core,CodeSystemProcedureCodeMyCore
49.6,Excision of anus,Excision of anus,http://fhir.hie.moh.gov.my/CodeSystem/procedure-code-my-core,CodeSystemProcedureCodeMyCore
49.7,Repair of anus,Repair of anus,http://fhir.hie.moh.gov.my/CodeSystem/procedure-code-my-core,CodeSystemProcedureCodeMyCore
49.9,Other operations on anus,Other operations on anus,http://fhir.hie.moh.gov.my/CodeSystem/procedure-code-my-core,CodeSystemProcedureCodeMyCore
50.1,Diagnostic procedures on liver,Diagnostic procedures on liver,http://fhir.hie.moh.gov.my/CodeSystem/procedure-code-my-core,CodeSystemProcedureCodeMyCore
50.2,Local excision or destruction of liver tissue or lesion,Local excision or destruction of liver tissue or lesion,http://fhir.hie.moh.gov.my/CodeSystem/procedure-code-my-core,CodeSystemProcedureCodeMyCore
50.3,Lobectomy of liver,Lobectomy of liver,http://fhir.hie.moh.gov.my/CodeSystem/procedure-code-my-core,CodeSystemProcedureCodeMyCore
50.4,Total hepatectomy,Total hepatectomy,http://fhir.hie.moh.gov.my/CodeSystem/procedure-code-my-core,CodeSystemProcedureCodeMyCore
50.5,Liver transplant,Liver transplant,http://fhir.hie.moh.gov.my/CodeSystem/procedure-code-my-core,CodeSystemProcedureCodeMyCore
50.6,Repair of liver,Repair of liver,http://fhir.hie.moh.gov.my/CodeSystem/procedure-code-my-core,CodeSystemProcedureCodeMyCore
50.9,Other operations on liver,Other operations on liver,http://fhir.hie.moh.gov.my/CodeSystem/procedure-code-my-core,CodeSystemProcedureCodeMyCore
51.1,Diagnostic procedures on biliary tract,Diagnostic procedures on biliary tract,http://fhir.hie.moh.gov.my/CodeSystem/procedure-code-my-core,CodeSystemProcedureCodeMyCore
51.2,Cholecystectomy,Cholecystectomy,http://fhir.hie.moh.gov.my/CodeSystem/procedure-code-my-core,CodeSystemProcedureCodeMyCore
51.3,Anastomosis of gallbladder or bile duct,Anastomosis of gallbladder or bile duct,http://fhir.hie.moh.gov.my/CodeSystem/procedure-code-my-core,CodeSystemProcedureCodeMyCore
51.4,Incision of bile duct for relief of obstruction,Incision of bile duct for relief of obstruction,http://fhir.hie.moh.gov.my/CodeSystem/procedure-code-my-core,CodeSystemProcedureCodeMyCore
51.5,Other incision of bile duct,Other incision of bile duct,http://fhir.hie.moh.gov.my/CodeSystem/procedure-code-my-core,CodeSystemProcedureCodeMyCore
51.6,Local excision or destruction of lesion or tissue of biliary ducts and sphincter of Oddi,Local excision or destruction of lesion or tissue of biliary ducts and sphincter of Oddi,http://fhir.hie.moh.gov.my/CodeSystem/procedure-code-my-core,CodeSystemProcedureCodeMyCore
51.7,Repair of bile ducts,Repair of bile ducts,http://fhir.hie.moh.gov.my/CodeSystem/procedure-code-my-core,CodeSystemProcedureCodeMyCore
51.8,Other operations on biliary ducts and sphincter of Oddi,Other operations on biliary ducts and sphincter of Oddi,http://fhir.hie.moh.gov.my/CodeSystem/procedure-code-my-core,CodeSystemProcedureCodeMyCore
51.9,Other operations on biliary tract,Other operations on biliary tract,http://fhir.hie.moh.gov.my/CodeSystem/procedure-code-my-core,CodeSystemProcedureCodeMyCore
52.1,Diagnostic procedures on pancreas,Diagnostic procedures on pancreas,http://fhir.hie.moh.gov.my/CodeSystem/procedure-code-my-core,CodeSystemProcedureCodeMyCore
52.2,Local excision or destruction of pancreas and pancreatic duct,Local excision or destruction of pancreas and pancreatic duct,http://fhir.hie.moh.gov.my/CodeSystem/procedure-code-my-core,CodeSystemProcedureCodeMyCore
52.3,Marsupialization of pancreatic cyst,Marsupialization of pancreatic cyst,http://fhir.hie.moh.gov.my/CodeSystem/procedure-code-my-core,CodeSystemProcedureCodeMyCore
52.4,Internal drainage of pancreatic cyst,Internal drainage of pancreatic cyst,http://fhir.hie.moh.gov.my/CodeSystem/procedure-code-my-core,CodeSystemProcedureCodeMyCore
52.5,Partial pancreatectomy,Partial pancreatectomy,http://fhir.hie.moh.gov.my/CodeSystem/procedure-code-my-core,CodeSystemProcedureCodeMyCore
52.6,Total pancreatectomy,Total pancreatectomy,http://fhir.hie.moh.gov.my/CodeSystem/procedure-code-my-core,CodeSystemProcedureCodeMyCore
52.7,Radical pancreaticoduodenectomy,Radical pancreaticoduodenectomy,http://fhir.hie.moh.gov.my/CodeSystem/procedure-code-my-core,CodeSystemProcedureCodeMyCore
52.8,Transplant of pancreas,Transplant of pancreas,http://fhir.hie.moh.gov.my/CodeSystem/procedure-code-my-core,CodeSystemProcedureCodeMyCore
52.9,Other operations on pancreas,Other operations on pancreas,http://fhir.hie.moh.gov.my/CodeSystem/procedure-code-my-core,CodeSystemProcedureCodeMyCore
53.1,Other bilateral repair of inguinal hernia,Other bilateral repair of inguinal hernia,http://fhir.hie.moh.gov.my/CodeSystem/procedure-code-my-core,CodeSystemProcedureCodeMyCore
53.2,Unilateral repair of femoral hernia,Unilateral repair of femoral hernia,http://fhir.hie.moh.gov.my/CodeSystem/procedure-code-my-core,CodeSystemProcedureCodeMyCore
53.3,Bilateral repair of femoral hernia,Bilateral repair of femoral hernia,http://fhir.hie.moh.gov.my/CodeSystem/procedure-code-my-core,CodeSystemProcedureCodeMyCore
53.4,Repair of umbilical hernia,Repair of umbilical hernia,http://fhir.hie.moh.gov.my/CodeSystem/procedure-code-my-core,CodeSystemProcedureCodeMyCore
53.5,Repair of other hernia of anterior abdominal wall (without graft or prosthesis),Repair of other hernia of anterior abdominal wall (without graft or prosthesis),http://fhir.hie.moh.gov.my/CodeSystem/procedure-code-my-core,CodeSystemProcedureCodeMyCore
53.6,Repair of other hernia of anterior abdominal wall with graft or prosthesis,Repair of other hernia of anterior abdominal wall with graft or prosthesis,http://fhir.hie.moh.gov.my/CodeSystem/procedure-code-my-core,CodeSystemProcedureCodeMyCore
53.7,"Repair of diaphragmatic hernia, abdominal approach","Repair of diaphragmatic hernia, abdominal approach",http://fhir.hie.moh.gov.my/CodeSystem/procedure-code-my-core,CodeSystemProcedureCodeMyCore
53.8,"Repair of diaphragmatic hernia, thoracic approach","Repair of diaphragmatic hernia, thoracic approach",http://fhir.hie.moh.gov.my/CodeSystem/procedure-code-my-core,CodeSystemProcedureCodeMyCore
53.9,Other hernia repair,Other hernia repair,http://fhir.hie.moh.gov.my/CodeSystem/procedure-code-my-core,CodeSystemProcedureCodeMyCore
54.1,Laparotomy,Laparotomy,http://fhir.hie.moh.gov.my/CodeSystem/procedure-code-my-core,CodeSystemProcedureCodeMyCore
54.2,Diagnostic procedures of abdominal region,Diagnostic procedures of abdominal region,http://fhir.hie.moh.gov.my/CodeSystem/procedure-code-my-core,CodeSystemProcedureCodeMyCore
54.3,Excision or destruction of lesion or tissue of abdominal wall or umbilicus,Excision or destruction of lesion or tissue of abdominal wall or umbilicus,http://fhir.hie.moh.gov.my/CodeSystem/procedure-code-my-core,CodeSystemProcedureCodeMyCore
54.4,Excision or destruction of peritoneal tissue,Excision or destruction of peritoneal tissue,http://fhir.hie.moh.gov.my/CodeSystem/procedure-code-my-core,CodeSystemProcedureCodeMyCore
54.5,Lysis of peritoneal adhesions,Lysis of peritoneal adhesions,http://fhir.hie.moh.gov.my/CodeSystem/procedure-code-my-core,CodeSystemProcedureCodeMyCore
54.6,Suture of abdominal wall and peritoneum,Suture of abdominal wall and peritoneum,http://fhir.hie.moh.gov.my/CodeSystem/procedure-code-my-core,CodeSystemProcedureCodeMyCore
54.7,Other repair of abdominal wall and peritoneum,Other repair of abdominal wall and peritoneum,http://fhir.hie.moh.gov.my/CodeSystem/procedure-code-my-core,CodeSystemProcedureCodeMyCore
54.9,Other operations of abdominal region,Other operations of abdominal region,http://fhir.hie.moh.gov.my/CodeSystem/procedure-code-my-core,CodeSystemProcedureCodeMyCore
55.1,Pyelotomy and pyelostomy,Pyelotomy and pyelostomy,http://fhir.hie.moh.gov.my/CodeSystem/procedure-code-my-core,CodeSystemProcedureCodeMyCore
55.2,Diagnostic procedures on kidney,Diagnostic procedures on kidney,http://fhir.hie.moh.gov.my/CodeSystem/procedure-code-my-core,CodeSystemProcedureCodeMyCore
55.3,Local excision or destruction of lesion or tissue of kidney,Local excision or destruction of lesion or tissue of kidney,http://fhir.hie.moh.gov.my/CodeSystem/procedure-code-my-core,CodeSystemProcedureCodeMyCore
55.4,Partial nephrectomy,Partial nephrectomy,http://fhir.hie.moh.gov.my/CodeSystem/procedure-code-my-core,CodeSystemProcedureCodeMyCore
55.5,Complete nephrectomy,Complete nephrectomy,http://fhir.hie.moh.gov.my/CodeSystem/procedure-code-my-core,CodeSystemProcedureCodeMyCore
55.6,Transplant of kidney,Transplant of kidney,http://fhir.hie.moh.gov.my/CodeSystem/procedure-code-my-core,CodeSystemProcedureCodeMyCore
55.7,Nephropexy,Nephropexy,http://fhir.hie.moh.gov.my/CodeSystem/procedure-code-my-core,CodeSystemProcedureCodeMyCore
55.8,Other repair of kidney,Other repair of kidney,http://fhir.hie.moh.gov.my/CodeSystem/procedure-code-my-core,CodeSystemProcedureCodeMyCore
55.9,Other operations on kidney,Other operations on kidney,http://fhir.hie.moh.gov.my/CodeSystem/procedure-code-my-core,CodeSystemProcedureCodeMyCore
56.1,Ureteral meatotomy,Ureteral meatotomy,http://fhir.hie.moh.gov.my/CodeSystem/procedure-code-my-core,CodeSystemProcedureCodeMyCore
56.2,Ureterotomy,Ureterotomy,http://fhir.hie.moh.gov.my/CodeSystem/procedure-code-my-core,CodeSystemProcedureCodeMyCore
56.3,Diagnostic procedures on ureter,Diagnostic procedures on ureter,http://fhir.hie.moh.gov.my/CodeSystem/procedure-code-my-core,CodeSystemProcedureCodeMyCore
56.4,Ureterectomy,Ureterectomy,http://fhir.hie.moh.gov.my/CodeSystem/procedure-code-my-core,CodeSystemProcedureCodeMyCore
56.5,Cutaneous uretero-ileostomy,Cutaneous uretero-ileostomy,http://fhir.hie.moh.gov.my/CodeSystem/procedure-code-my-core,CodeSystemProcedureCodeMyCore
56.6,Other external urinary diversion,Other external urinary diversion,http://fhir.hie.moh.gov.my/CodeSystem/procedure-code-my-core,CodeSystemProcedureCodeMyCore
56.7,Other anastomosis or bypass of ureter,Other anastomosis or bypass of ureter,http://fhir.hie.moh.gov.my/CodeSystem/procedure-code-my-core,CodeSystemProcedureCodeMyCore
56.8,Repair of ureter,Repair of ureter,http://fhir.hie.moh.gov.my/CodeSystem/procedure-code-my-core,CodeSystemProcedureCodeMyCore
56.9,Other operations on ureter,Other operations on ureter,http://fhir.hie.moh.gov.my/CodeSystem/procedure-code-my-core,CodeSystemProcedureCodeMyCore
57.1,Cystotomy and cystostomy,Cystotomy and cystostomy,http://fhir.hie.moh.gov.my/CodeSystem/procedure-code-my-core,CodeSystemProcedureCodeMyCore
57.2,Vesicostomy,Vesicostomy,http://fhir.hie.moh.gov.my/CodeSystem/procedure-code-my-core,CodeSystemProcedureCodeMyCore
57.3,Diagnostic procedures on bladder,Diagnostic procedures on bladder,http://fhir.hie.moh.gov.my/CodeSystem/procedure-code-my-core,CodeSystemProcedureCodeMyCore
57.4,Transurethral excision or destruction of bladder tissue,Transurethral excision or destruction of bladder tissue,http://fhir.hie.moh.gov.my/CodeSystem/procedure-code-my-core,CodeSystemProcedureCodeMyCore
57.5,Other excision or destruction of bladder tissue,Other excision or destruction of bladder tissue,http://fhir.hie.moh.gov.my/CodeSystem/procedure-code-my-core,CodeSystemProcedureCodeMyCore
57.6,Partial cystectomy,Partial cystectomy,http://fhir.hie.moh.gov.my/CodeSystem/procedure-code-my-core,CodeSystemProcedureCodeMyCore
57.7,Total cystectomy,Total cystectomy,http://fhir.hie.moh.gov.my/CodeSystem/procedure-code-my-core,CodeSystemProcedureCodeMyCore
57.8,Other repair of urinary bladder,Other repair of urinary bladder,http://fhir.hie.moh.gov.my/CodeSystem/procedure-code-my-core,CodeSystemProcedureCodeMyCore
57.9,Other operations on bladder,Other operations on bladder,http://fhir.hie.moh.gov.my/CodeSystem/procedure-code-my-core,CodeSystemProcedureCodeMyCore
58.1,Urethral meatotomy,Urethral meatotomy,http://fhir.hie.moh.gov.my/CodeSystem/procedure-code-my-core,CodeSystemProcedureCodeMyCore
58.2,Diagnostic procedures on urethra,Diagnostic procedures on urethra,http://fhir.hie.moh.gov.my/CodeSystem/procedure-code-my-core,CodeSystemProcedureCodeMyCore
58.3,Excision or destruction of lesion or tissue of urethra,Excision or destruction of lesion or tissue of urethra,http://fhir.hie.moh.gov.my/CodeSystem/procedure-code-my-core,CodeSystemProcedureCodeMyCore
58.4,Repair of urethra,Repair of urethra,http://fhir.hie.moh.gov.my/CodeSystem/procedure-code-my-core,CodeSystemProcedureCodeMyCore
58.5,Release of urethral stricture,Release of urethral stricture,http://fhir.hie.moh.gov.my/CodeSystem/procedure-code-my-core,CodeSystemProcedureCodeMyCore
58.6,Dilation of urethra,Dilation of urethra,http://fhir.hie.moh.gov.my/CodeSystem/procedure-code-my-core,CodeSystemProcedureCodeMyCore
58.9,Other operations on urethra and periurethral tissue,Other operations on urethra and periurethral tissue,http://fhir.hie.moh.gov.my/CodeSystem/procedure-code-my-core,CodeSystemProcedureCodeMyCore
59.1,Incision of perivesical tissue,Incision of perivesical tissue,http://fhir.hie.moh.gov.my/CodeSystem/procedure-code-my-core,CodeSystemProcedureCodeMyCore
59.2,Diagnostic procedures on perirenal and perivesical tissue,Diagnostic procedures on perirenal and perivesical tissue,http://fhir.hie.moh.gov.my/CodeSystem/procedure-code-my-core,CodeSystemProcedureCodeMyCore
59.3,Plication of urethrovesical junction,Plication of urethrovesical junction,http://fhir.hie.moh.gov.my/CodeSystem/procedure-code-my-core,CodeSystemProcedureCodeMyCore
59.4,Suprapubic sling operation,Suprapubic sling operation,http://fhir.hie.moh.gov.my/CodeSystem/procedure-code-my-core,CodeSystemProcedureCodeMyCore
59.5,Retropubic urethral suspension,Retropubic urethral suspension,http://fhir.hie.moh.gov.my/CodeSystem/procedure-code-my-core,CodeSystemProcedureCodeMyCore
59.6,Paraurethral suspension,Paraurethral suspension,http://fhir.hie.moh.gov.my/CodeSystem/procedure-code-my-core,CodeSystemProcedureCodeMyCore
59.7,Other repair of urinary stress incontinence,Other repair of urinary stress incontinence,http://fhir.hie.moh.gov.my/CodeSystem/procedure-code-my-core,CodeSystemProcedureCodeMyCore
59.8,Ureteral catheterization,Ureteral catheterization,http://fhir.hie.moh.gov.my/CodeSystem/procedure-code-my-core,CodeSystemProcedureCodeMyCore
59.9,Other operations on urinary system,Other operations on urinary system,http://fhir.hie.moh.gov.my/CodeSystem/procedure-code-my-core,CodeSystemProcedureCodeMyCore
60.1,Diagnostic procedures on prostate and seminal vesicles,Diagnostic procedures on prostate and seminal vesicles,http://fhir.hie.moh.gov.my/CodeSystem/procedure-code-my-core,CodeSystemProcedureCodeMyCore
60.2,Transurethral prostatectomy,Transurethral prostatectomy,http://fhir.hie.moh.gov.my/CodeSystem/procedure-code-my-core,CodeSystemProcedureCodeMyCore
60.6,Other prostatectomy,Other prostatectomy,http://fhir.hie.moh.gov.my/CodeSystem/procedure-code-my-core,CodeSystemProcedureCodeMyCore
60.7,Operations on seminal vesicles,Operations on seminal vesicles,http://fhir.hie.moh.gov.my/CodeSystem/procedure-code-my-core,CodeSystemProcedureCodeMyCore
60.8,Incision or excision of periprostatic tissue,Incision or excision of periprostatic tissue,http://fhir.hie.moh.gov.my/CodeSystem/procedure-code-my-core,CodeSystemProcedureCodeMyCore
60.9,Other operations on prostate,Other operations on prostate,http://fhir.hie.moh.gov.my/CodeSystem/procedure-code-my-core,CodeSystemProcedureCodeMyCore
61.1,Diagnostic procedures on scrotum and tunica vaginalis,Diagnostic procedures on scrotum and tunica vaginalis,http://fhir.hie.moh.gov.my/CodeSystem/procedure-code-my-core,CodeSystemProcedureCodeMyCore
61.4,Repair of scrotum and tunica vaginalis,Repair of scrotum and tunica vaginalis,http://fhir.hie.moh.gov.my/CodeSystem/procedure-code-my-core,CodeSystemProcedureCodeMyCore
61.9,Other operations on scrotum and tunica vaginalis,Other operations on scrotum and tunica vaginalis,http://fhir.hie.moh.gov.my/CodeSystem/procedure-code-my-core,CodeSystemProcedureCodeMyCore
62.1,Diagnostic procedures on testes,Diagnostic procedures on testes,http://fhir.hie.moh.gov.my/CodeSystem/procedure-code-my-core,CodeSystemProcedureCodeMyCore
62.4,Bilateral orchiectomy,Bilateral orchiectomy,http://fhir.hie.moh.gov.my/CodeSystem/procedure-code-my-core,CodeSystemProcedureCodeMyCore
62.6,Repair of testes,Repair of testes,http://fhir.hie.moh.gov.my/CodeSystem/procedure-code-my-core,CodeSystemProcedureCodeMyCore
62.9,Other operations on testes,Other operations on testes,http://fhir.hie.moh.gov.my/CodeSystem/procedure-code-my-core,CodeSystemProcedureCodeMyCore
63.5,Repair of spermatic cord and epididymis,Repair of spermatic cord and epididymis,http://fhir.hie.moh.gov.my/CodeSystem/procedure-code-my-core,CodeSystemProcedureCodeMyCore
63.7,Vasectomy and ligation of vas deferens,Vasectomy and ligation of vas deferens,http://fhir.hie.moh.gov.my/CodeSystem/procedure-code-my-core,CodeSystemProcedureCodeMyCore
63.8,Repair of vas deferens and epididymis,Repair of vas deferens and epididymis,http://fhir.hie.moh.gov.my/CodeSystem/procedure-code-my-core,CodeSystemProcedureCodeMyCore
63.9,"Other operations on spermatic cord, epididymis, and vas deferens","Other operations on spermatic cord, epididymis, and vas deferens",http://fhir.hie.moh.gov.my/CodeSystem/procedure-code-my-core,CodeSystemProcedureCodeMyCore
64.1,Diagnostic procedures on penis,Diagnostic procedures on penis,http://fhir.hie.moh.gov.my/CodeSystem/procedure-code-my-core,CodeSystemProcedureCodeMyCore
64.4,Repair and plastic operation on penis,Repair and plastic operation on penis,http://fhir.hie.moh.gov.my/CodeSystem/procedure-code-my-core,CodeSystemProcedureCodeMyCore
64.9,Other operations on male genital organs,Other operations on male genital organs,http://fhir.hie.moh.gov.my/CodeSystem/procedure-code-my-core,CodeSystemProcedureCodeMyCore
65.1,Diagnostic procedures on ovaries,Diagnostic procedures on ovaries,http://fhir.hie.moh.gov.my/CodeSystem/procedure-code-my-core,CodeSystemProcedureCodeMyCore
65.2,Local excision or destruction of ovarian lesion or tissue,Local excision or destruction of ovarian lesion or tissue,http://fhir.hie.moh.gov.my/CodeSystem/procedure-code-my-core,CodeSystemProcedureCodeMyCore
65.3,Unilateral oophorectomy,Unilateral oophorectomy,http://fhir.hie.moh.gov.my/CodeSystem/procedure-code-my-core,CodeSystemProcedureCodeMyCore
65.4,Unilateal salpingo-oophorectomy,Unilateal salpingo-oophorectomy,http://fhir.hie.moh.gov.my/CodeSystem/procedure-code-my-core,CodeSystemProcedureCodeMyCore
65.5,Bilateral oophorectomy,Bilateral oophorectomy,http://fhir.hie.moh.gov.my/CodeSystem/procedure-code-my-core,CodeSystemProcedureCodeMyCore
65.6,Bilateral salpingo-oophorectomy,Bilateral salpingo-oophorectomy,http://fhir.hie.moh.gov.my/CodeSystem/procedure-code-my-core,CodeSystemProcedureCodeMyCore
65.7,Repair of ovary,Repair of ovary,http://fhir.hie.moh.gov.my/CodeSystem/procedure-code-my-core,CodeSystemProcedureCodeMyCore
65.8,Lysis of adhesions of ovary and fallopian tube,Lysis of adhesions of ovary and fallopian tube,http://fhir.hie.moh.gov.my/CodeSystem/procedure-code-my-core,CodeSystemProcedureCodeMyCore
65.9,Other operations on ovary,Other operations on ovary,http://fhir.hie.moh.gov.my/CodeSystem/procedure-code-my-core,CodeSystemProcedureCodeMyCore
66.1,Diagnostic procedures on fallopian tubes,Diagnostic procedures on fallopian tubes,http://fhir.hie.moh.gov.my/CodeSystem/procedure-code-my-core,CodeSystemProcedureCodeMyCore
66.2,Bilateral endoscopic destruction or occlusion of fallopian tubes,Bilateral endoscopic destruction or occlusion of fallopian tubes,http://fhir.hie.moh.gov.my/CodeSystem/procedure-code-my-core,CodeSystemProcedureCodeMyCore
66.3,Other bilateral destruction or occlusion of fallopian tubes,Other bilateral destruction or occlusion of fallopian tubes,http://fhir.hie.moh.gov.my/CodeSystem/procedure-code-my-core,CodeSystemProcedureCodeMyCore
66.5,Total bilateral salpingectomy,Total bilateral salpingectomy,http://fhir.hie.moh.gov.my/CodeSystem/procedure-code-my-core,CodeSystemProcedureCodeMyCore
66.6,Other salpingectomy,Other salpingectomy,http://fhir.hie.moh.gov.my/CodeSystem/procedure-code-my-core,CodeSystemProcedureCodeMyCore
66.7,Repair of fallopian tube,Repair of fallopian tube,http://fhir.hie.moh.gov.my/CodeSystem/procedure-code-my-core,CodeSystemProcedureCodeMyCore
66.9,Other operations on fallopian tubes,Other operations on fallopian tubes,http://fhir.hie.moh.gov.my/CodeSystem/procedure-code-my-core,CodeSystemProcedureCodeMyCore
67.1,Diagnostic procedures on cervix,Diagnostic procedures on cervix,http://fhir.hie.moh.gov.my/CodeSystem/procedure-code-my-core,CodeSystemProcedureCodeMyCore
67.3,Other excision or destruction of lesion or tissue of cervix,Other excision or destruction of lesion or tissue of cervix,http://fhir.hie.moh.gov.my/CodeSystem/procedure-code-my-core,CodeSystemProcedureCodeMyCore
67.5,Repair of internal cervical os,Repair of internal cervical os,http://fhir.hie.moh.gov.my/CodeSystem/procedure-code-my-core,CodeSystemProcedureCodeMyCore
67.6,Other repair of cervix,Other repair of cervix,http://fhir.hie.moh.gov.my/CodeSystem/procedure-code-my-core,CodeSystemProcedureCodeMyCore
68.1,Diagnostic procedures on uterus and supporting structures,Diagnostic procedures on uterus and supporting structures,http://fhir.hie.moh.gov.my/CodeSystem/procedure-code-my-core,CodeSystemProcedureCodeMyCore
68.2,Excision or destruction of lesion or tissue of uterus,Excision or destruction of lesion or tissue of uterus,http://fhir.hie.moh.gov.my/CodeSystem/procedure-code-my-core,CodeSystemProcedureCodeMyCore
68.3,Subtotal abdominal hysterectomy,Subtotal abdominal hysterectomy,http://fhir.hie.moh.gov.my/CodeSystem/procedure-code-my-core,CodeSystemProcedureCodeMyCore
68.4,Total abdominal hysterectomy,Total abdominal hysterectomy,http://fhir.hie.moh.gov.my/CodeSystem/procedure-code-my-core,CodeSystemProcedureCodeMyCore
68.5,Vaginal hysterectomy,Vaginal hysterectomy,http://fhir.hie.moh.gov.my/CodeSystem/procedure-code-my-core,CodeSystemProcedureCodeMyCore
68.6,Radical abdominal hysterectomy,Radical abdominal hysterectomy,http://fhir.hie.moh.gov.my/CodeSystem/procedure-code-my-core,CodeSystemProcedureCodeMyCore
68.7,Radical vaginal hysterectomy,Radical vaginal hysterectomy,http://fhir.hie.moh.gov.my/CodeSystem/procedure-code-my-core,CodeSystemProcedureCodeMyCore
69.1,Excision or destruction of lesion or tissue of uterus and supporting structures,Excision or destruction of lesion or tissue of uterus and supporting structures,http://fhir.hie.moh.gov.my/CodeSystem/procedure-code-my-core,CodeSystemProcedureCodeMyCore
69.2,Repair of uterine supporting structures,Repair of uterine supporting structures,http://fhir.hie.moh.gov.my/CodeSystem/procedure-code-my-core,CodeSystemProcedureCodeMyCore
69.4,Uterine repair,Uterine repair,http://fhir.hie.moh.gov.my/CodeSystem/procedure-code-my-core,CodeSystemProcedureCodeMyCore
69.5,Aspiration curettage of uterus,Aspiration curettage of uterus,http://fhir.hie.moh.gov.my/CodeSystem/procedure-code-my-core,CodeSystemProcedureCodeMyCore
69.9,"Other operations on uterus, cervic, and supporting structures","Other operations on uterus, cervic, and supporting structures",http://fhir.hie.moh.gov.my/CodeSystem/procedure-code-my-core,CodeSystemProcedureCodeMyCore
70.1,Incision of vagina and cul-de-sac,Incision of vagina and cul-de-sac,http://fhir.hie.moh.gov.my/CodeSystem/procedure-code-my-core,CodeSystemProcedureCodeMyCore
70.2,Diagnostic procedures on vagina and cul-de-sac,Diagnostic procedures on vagina and cul-de-sac,http://fhir.hie.moh.gov.my/CodeSystem/procedure-code-my-core,CodeSystemProcedureCodeMyCore
70.3,Local excision or destruction of vagina and cul-de-sac,Local excision or destruction of vagina and cul-de-sac,http://fhir.hie.moh.gov.my/CodeSystem/procedure-code-my-core,CodeSystemProcedureCodeMyCore
70.5,Repair of cystocele and rectocele,Repair of cystocele and rectocele,http://fhir.hie.moh.gov.my/CodeSystem/procedure-code-my-core,CodeSystemProcedureCodeMyCore
70.6,Vaginal construction and reconstruction,Vaginal construction and reconstruction,http://fhir.hie.moh.gov.my/CodeSystem/procedure-code-my-core,CodeSystemProcedureCodeMyCore
70.7,Other repair of vagina,Other repair of vagina,http://fhir.hie.moh.gov.my/CodeSystem/procedure-code-my-core,CodeSystemProcedureCodeMyCore
70.9,Other operations on vagina and cul-de-sac,Other operations on vagina and cul-de-sac,http://fhir.hie.moh.gov.my/CodeSystem/procedure-code-my-core,CodeSystemProcedureCodeMyCore
71.1,Diagnostic procedures on vulva,Diagnostic procedures on vulva,http://fhir.hie.moh.gov.my/CodeSystem/procedure-code-my-core,CodeSystemProcedureCodeMyCore
71.2,Operations on Bartholin's gland,Operations on Bartholin's gland,http://fhir.hie.moh.gov.my/CodeSystem/procedure-code-my-core,CodeSystemProcedureCodeMyCore
71.6,Other vulvectomy,Other vulvectomy,http://fhir.hie.moh.gov.my/CodeSystem/procedure-code-my-core,CodeSystemProcedureCodeMyCore
71.7,Repair of vulva and perineum,Repair of vulva and perineum,http://fhir.hie.moh.gov.my/CodeSystem/procedure-code-my-core,CodeSystemProcedureCodeMyCore
72.2,Mid forceps operation,Mid forceps operation,http://fhir.hie.moh.gov.my/CodeSystem/procedure-code-my-core,CodeSystemProcedureCodeMyCore
72.3,High forceps operation,High forceps operation,http://fhir.hie.moh.gov.my/CodeSystem/procedure-code-my-core,CodeSystemProcedureCodeMyCore
72.5,Breech extraction,Breech extraction,http://fhir.hie.moh.gov.my/CodeSystem/procedure-code-my-core,CodeSystemProcedureCodeMyCore
72.7,Vacuum extraction,Vacuum extraction,http://fhir.hie.moh.gov.my/CodeSystem/procedure-code-my-core,CodeSystemProcedureCodeMyCore
73.2,Internal and combined version and extraction,Internal and combined version and extraction,http://fhir.hie.moh.gov.my/CodeSystem/procedure-code-my-core,CodeSystemProcedureCodeMyCore
73.5,Manually assisted delivery,Manually assisted delivery,http://fhir.hie.moh.gov.my/CodeSystem/procedure-code-my-core,CodeSystemProcedureCodeMyCore
73.9,Other operations assisting delivery,Other operations assisting delivery,http://fhir.hie.moh.gov.my/CodeSystem/procedure-code-my-core,CodeSystemProcedureCodeMyCore
74.9,Cesarean section of unspecified type,Cesarean section of unspecified type,http://fhir.hie.moh.gov.my/CodeSystem/procedure-code-my-core,CodeSystemProcedureCodeMyCore
75.3,Other intrauterine operations on fetus and amnion,Other intrauterine operations on fetus and amnion,http://fhir.hie.moh.gov.my/CodeSystem/procedure-code-my-core,CodeSystemProcedureCodeMyCore
75.5,Repair of current obstetric laceration of uterus,Repair of current obstetric laceration of uterus,http://fhir.hie.moh.gov.my/CodeSystem/procedure-code-my-core,CodeSystemProcedureCodeMyCore
75.6,Repair of other current obstetric laceration,Repair of other current obstetric laceration,http://fhir.hie.moh.gov.my/CodeSystem/procedure-code-my-core,CodeSystemProcedureCodeMyCore
75.9,Other obstetric operations,Other obstetric operations,http://fhir.hie.moh.gov.my/CodeSystem/procedure-code-my-core,CodeSystemProcedureCodeMyCore
76.1,Diagnostic procedures on facial bones and joints,Diagnostic procedures on facial bones and joints,http://fhir.hie.moh.gov.my/CodeSystem/procedure-code-my-core,CodeSystemProcedureCodeMyCore
76.2,Local excision or destruction of lesion of facial bone,Local excision or destruction of lesion of facial bone,http://fhir.hie.moh.gov.my/CodeSystem/procedure-code-my-core,CodeSystemProcedureCodeMyCore
76.3,Partial ostectomy of facial bone,Partial ostectomy of facial bone,http://fhir.hie.moh.gov.my/CodeSystem/procedure-code-my-core,CodeSystemProcedureCodeMyCore
76.4,Excision and reconstruction of facial bones,Excision and reconstruction of facial bones,http://fhir.hie.moh.gov.my/CodeSystem/procedure-code-my-core,CodeSystemProcedureCodeMyCore
76.5,Temporomandibular arthroplasty,Temporomandibular arthroplasty,http://fhir.hie.moh.gov.my/CodeSystem/procedure-code-my-core,CodeSystemProcedureCodeMyCore
76.6,Other facial bone repair and orthognathic surgery,Other facial bone repair and orthognathic surgery,http://fhir.hie.moh.gov.my/CodeSystem/procedure-code-my-core,CodeSystemProcedureCodeMyCore
76.7,Reduction of facial fracture,Reduction of facial fracture,http://fhir.hie.moh.gov.my/CodeSystem/procedure-code-my-core,CodeSystemProcedureCodeMyCore
76.9,Other operations on facial bones and joints,Other operations on facial bones and joints,http://fhir.hie.moh.gov.my/CodeSystem/procedure-code-my-core,CodeSystemProcedureCodeMyCore
77.1,Other incision of bone without division,Other incision of bone without division,http://fhir.hie.moh.gov.my/CodeSystem/procedure-code-my-core,CodeSystemProcedureCodeMyCore
77.2,Wedge osteotomy,Wedge osteotomy,http://fhir.hie.moh.gov.my/CodeSystem/procedure-code-my-core,CodeSystemProcedureCodeMyCore
77.3,Other division of bone,Other division of bone,http://fhir.hie.moh.gov.my/CodeSystem/procedure-code-my-core,CodeSystemProcedureCodeMyCore
77.4,Biopsy of bone,Biopsy of bone,http://fhir.hie.moh.gov.my/CodeSystem/procedure-code-my-core,CodeSystemProcedureCodeMyCore
77.5,Excision and repair of bunion and other toe deformities,Excision and repair of bunion and other toe deformities,http://fhir.hie.moh.gov.my/CodeSystem/procedure-code-my-core,CodeSystemProcedureCodeMyCore
77.6,Local excision of lesion or tissue of bone,Local excision of lesion or tissue of bone,http://fhir.hie.moh.gov.my/CodeSystem/procedure-code-my-core,CodeSystemProcedureCodeMyCore
77.7,Excision of bone for graft,Excision of bone for graft,http://fhir.hie.moh.gov.my/CodeSystem/procedure-code-my-core,CodeSystemProcedureCodeMyCore
77.8,Other partial ostectomy,Other partial ostectomy,http://fhir.hie.moh.gov.my/CodeSystem/procedure-code-my-core,CodeSystemProcedureCodeMyCore
77.9,Total ostectomy,Total ostectomy,http://fhir.hie.moh.gov.my/CodeSystem/procedure-code-my-core,CodeSystemProcedureCodeMyCore
78.1,Application of external fixator device,Application of external fixator device,http://fhir.hie.moh.gov.my/CodeSystem/procedure-code-my-core,CodeSystemProcedureCodeMyCore
78.2,Limb shortening procedures,Limb shortening procedures,http://fhir.hie.moh.gov.my/CodeSystem/procedure-code-my-core,CodeSystemProcedureCodeMyCore
78.3,Limb lengthening procedures,Limb lengthening procedures,http://fhir.hie.moh.gov.my/CodeSystem/procedure-code-my-core,CodeSystemProcedureCodeMyCore
78.4,Other repair or plastic operations on bone,Other repair or plastic operations on bone,http://fhir.hie.moh.gov.my/CodeSystem/procedure-code-my-core,CodeSystemProcedureCodeMyCore
78.5,Internal fixation of bone without fracture reduction,Internal fixation of bone without fracture reduction,http://fhir.hie.moh.gov.my/CodeSystem/procedure-code-my-core,CodeSystemProcedureCodeMyCore
78.6,Removal of implanted devices from bone,Removal of implanted devices from bone,http://fhir.hie.moh.gov.my/CodeSystem/procedure-code-my-core,CodeSystemProcedureCodeMyCore
78.7,Osteoclasis,Osteoclasis,http://fhir.hie.moh.gov.my/CodeSystem/procedure-code-my-core,CodeSystemProcedureCodeMyCore
78.8,"Diagnostic procedures on bone, not elsewhere classified","Diagnostic procedures on bone, not elsewhere classified",http://fhir.hie.moh.gov.my/CodeSystem/procedure-code-my-core,CodeSystemProcedureCodeMyCore
78.9,Insertion of bone growth stimulator,Insertion of bone growth stimulator,http://fhir.hie.moh.gov.my/CodeSystem/procedure-code-my-core,CodeSystemProcedureCodeMyCore
79.1,Closed reduction of fracture with internal fixation,Closed reduction of fracture with internal fixation,http://fhir.hie.moh.gov.my/CodeSystem/procedure-code-my-core,CodeSystemProcedureCodeMyCore
79.2,Open reduction of fracture without internal fixation,Open reduction of fracture without internal fixation,http://fhir.hie.moh.gov.my/CodeSystem/procedure-code-my-core,CodeSystemProcedureCodeMyCore
79.3,Open reduction of fracture with internal fixation,Open reduction of fracture with internal fixation,http://fhir.hie.moh.gov.my/CodeSystem/procedure-code-my-core,CodeSystemProcedureCodeMyCore
79.4,Closed reduction of separated epiphysis,Closed reduction of separated epiphysis,http://fhir.hie.moh.gov.my/CodeSystem/procedure-code-my-core,CodeSystemProcedureCodeMyCore
79.5,Open reduction of separated epiphysis,Open reduction of separated epiphysis,http://fhir.hie.moh.gov.my/CodeSystem/procedure-code-my-core,CodeSystemProcedureCodeMyCore
79.6,Debridement of open fracture site,Debridement of open fracture site,http://fhir.hie.moh.gov.my/CodeSystem/procedure-code-my-core,CodeSystemProcedureCodeMyCore
79.7,Closed reduction of dislocation,Closed reduction of dislocation,http://fhir.hie.moh.gov.my/CodeSystem/procedure-code-my-core,CodeSystemProcedureCodeMyCore
79.8,Open reduction of dislocation,Open reduction of dislocation,http://fhir.hie.moh.gov.my/CodeSystem/procedure-code-my-core,CodeSystemProcedureCodeMyCore
79.9,Unspecified operation on bone injury,Unspecified operation on bone injury,http://fhir.hie.moh.gov.my/CodeSystem/procedure-code-my-core,CodeSystemProcedureCodeMyCore
80.1,Other arthrotomy,Other arthrotomy,http://fhir.hie.moh.gov.my/CodeSystem/procedure-code-my-core,CodeSystemProcedureCodeMyCore
80.2,Arthroscopy,Arthroscopy,http://fhir.hie.moh.gov.my/CodeSystem/procedure-code-my-core,CodeSystemProcedureCodeMyCore
80.3,Biopsy of joint structure,Biopsy of joint structure,http://fhir.hie.moh.gov.my/CodeSystem/procedure-code-my-core,CodeSystemProcedureCodeMyCore
80.4,"Division of joint capsule, ligament, or cartilage","Division of joint capsule, ligament, or cartilage",http://fhir.hie.moh.gov.my/CodeSystem/procedure-code-my-core,CodeSystemProcedureCodeMyCore
80.5,"Excision, destruction and other repair of intervertebral disc","Excision, destruction and other repair of intervertebral disc",http://fhir.hie.moh.gov.my/CodeSystem/procedure-code-my-core,CodeSystemProcedureCodeMyCore
80.6,Excision of semilunar cartilage of knee,Excision of semilunar cartilage of knee,http://fhir.hie.moh.gov.my/CodeSystem/procedure-code-my-core,CodeSystemProcedureCodeMyCore
80.7,Synovectomy,Synovectomy,http://fhir.hie.moh.gov.my/CodeSystem/procedure-code-my-core,CodeSystemProcedureCodeMyCore
80.8,Other local excision or destruction of lesion of joint,Other local excision or destruction of lesion of joint,http://fhir.hie.moh.gov.my/CodeSystem/procedure-code-my-core,CodeSystemProcedureCodeMyCore
80.9,Other excision of joint,Other excision of joint,http://fhir.hie.moh.gov.my/CodeSystem/procedure-code-my-core,CodeSystemProcedureCodeMyCore
81.1,Arthrodesis and arthroereisis of foot and ankle,Arthrodesis and arthroereisis of foot and ankle,http://fhir.hie.moh.gov.my/CodeSystem/procedure-code-my-core,CodeSystemProcedureCodeMyCore
81.2,Arthrodesis of other joint,Arthrodesis of other joint,http://fhir.hie.moh.gov.my/CodeSystem/procedure-code-my-core,CodeSystemProcedureCodeMyCore
81.3,Refusion of spine,Refusion of spine,http://fhir.hie.moh.gov.my/CodeSystem/procedure-code-my-core,CodeSystemProcedureCodeMyCore
81.4,Other repair of joint of lower extremity,Other repair of joint of lower extremity,http://fhir.hie.moh.gov.my/CodeSystem/procedure-code-my-core,CodeSystemProcedureCodeMyCore
81.5,Joint replacement of lower extremity,Joint replacement of lower extremity,http://fhir.hie.moh.gov.my/CodeSystem/procedure-code-my-core,CodeSystemProcedureCodeMyCore
81.6,Other procedures on spine,Other procedures on spine,http://fhir.hie.moh.gov.my/CodeSystem/procedure-code-my-core,CodeSystemProcedureCodeMyCore
81.7,"Arthroplasty and repair of hand, fingers and wrist","Arthroplasty and repair of hand, fingers and wrist",http://fhir.hie.moh.gov.my/CodeSystem/procedure-code-my-core,CodeSystemProcedureCodeMyCore
81.8,Arthroplasty and repair of shoulder and elbow,Arthroplasty and repair of shoulder and elbow,http://fhir.hie.moh.gov.my/CodeSystem/procedure-code-my-core,CodeSystemProcedureCodeMyCore
81.9,Other operations on joint structures,Other operations on joint structures,http://fhir.hie.moh.gov.my/CodeSystem/procedure-code-my-core,CodeSystemProcedureCodeMyCore
82.1,"Division of muscle, tendon, and fascia of hand","Division of muscle, tendon, and fascia of hand",http://fhir.hie.moh.gov.my/CodeSystem/procedure-code-my-core,CodeSystemProcedureCodeMyCore
82.2,"Excision of lesion of muscle, tendon, and fascia of hand","Excision of lesion of muscle, tendon, and fascia of hand",http://fhir.hie.moh.gov.my/CodeSystem/procedure-code-my-core,CodeSystemProcedureCodeMyCore
82.3,Other excision of soft tissue of hand,Other excision of soft tissue of hand,http://fhir.hie.moh.gov.my/CodeSystem/procedure-code-my-core,CodeSystemProcedureCodeMyCore
82.4,"Suture of muscle, tendon, and fascia of hand","Suture of muscle, tendon, and fascia of hand",http://fhir.hie.moh.gov.my/CodeSystem/procedure-code-my-core,CodeSystemProcedureCodeMyCore
82.5,Transplantation of muscle and tendon of hand,Transplantation of muscle and tendon of hand,http://fhir.hie.moh.gov.my/CodeSystem/procedure-code-my-core,CodeSystemProcedureCodeMyCore
82.6,Reconstruction of thumb,Reconstruction of thumb,http://fhir.hie.moh.gov.my/CodeSystem/procedure-code-my-core,CodeSystemProcedureCodeMyCore
82.7,Plastic operation on hand with graft or implant,Plastic operation on hand with graft or implant,http://fhir.hie.moh.gov.my/CodeSystem/procedure-code-my-core,CodeSystemProcedureCodeMyCore
82.8,Other plastic operations on hand,Other plastic operations on hand,http://fhir.hie.moh.gov.my/CodeSystem/procedure-code-my-core,CodeSystemProcedureCodeMyCore
82.9,"Other operations on muscle, tendon, and fascia of hand","Other operations on muscle, tendon, and fascia of hand",http://fhir.hie.moh.gov.my/CodeSystem/procedure-code-my-core,CodeSystemProcedureCodeMyCore
83.1,"Division of muscle, tendon, and fascia","Division of muscle, tendon, and fascia",http://fhir.hie.moh.gov.my/CodeSystem/procedure-code-my-core,CodeSystemProcedureCodeMyCore
83.2,"Diagnostic procedures on muscle, tendon, fascia, and bursa, including that of hand","Diagnostic procedures on muscle, tendon, fascia, and bursa, including that of hand",http://fhir.hie.moh.gov.my/CodeSystem/procedure-code-my-core,CodeSystemProcedureCodeMyCore
83.3,"Excision of lesion of muscle, tendon, fascia, and bursa","Excision of lesion of muscle, tendon, fascia, and bursa",http://fhir.hie.moh.gov.my/CodeSystem/procedure-code-my-core,CodeSystemProcedureCodeMyCore
83.4,"Other excision of muscle, tendon, and fascia","Other excision of muscle, tendon, and fascia",http://fhir.hie.moh.gov.my/CodeSystem/procedure-code-my-core,CodeSystemProcedureCodeMyCore
83.5,Bursectomy,Bursectomy,http://fhir.hie.moh.gov.my/CodeSystem/procedure-code-my-core,CodeSystemProcedureCodeMyCore
83.6,"Suture of muscle, tendon, and fascia","Suture of muscle, tendon, and fascia",http://fhir.hie.moh.gov.my/CodeSystem/procedure-code-my-core,CodeSystemProcedureCodeMyCore
83.7,Reconstruction of muscle and tendon,Reconstruction of muscle and tendon,http://fhir.hie.moh.gov.my/CodeSystem/procedure-code-my-core,CodeSystemProcedureCodeMyCore
83.8,"Other plastic operations on muscle, tendon, and fascia","Other plastic operations on muscle, tendon, and fascia",http://fhir.hie.moh.gov.my/CodeSystem/procedure-code-my-core,CodeSystemProcedureCodeMyCore
83.9,"Other operations on muscle, tendon, fascia, and bursa","Other operations on muscle, tendon, fascia, and bursa",http://fhir.hie.moh.gov.my/CodeSystem/procedure-code-my-core,CodeSystemProcedureCodeMyCore
84.1,Amputation of lower limb,Amputation of lower limb,http://fhir.hie.moh.gov.my/CodeSystem/procedure-code-my-core,CodeSystemProcedureCodeMyCore
84.2,Reattachment of extremity,Reattachment of extremity,http://fhir.hie.moh.gov.my/CodeSystem/procedure-code-my-core,CodeSystemProcedureCodeMyCore
84.3,Revision of amputation stump,Revision of amputation stump,http://fhir.hie.moh.gov.my/CodeSystem/procedure-code-my-core,CodeSystemProcedureCodeMyCore
84.4,Implantation or fitting of prosthetic limb device,Implantation or fitting of prosthetic limb device,http://fhir.hie.moh.gov.my/CodeSystem/procedure-code-my-core,CodeSystemProcedureCodeMyCore
84.5,Implantation of other musculoskeletal devices and substances,Implantation of other musculoskeletal devices and substances,http://fhir.hie.moh.gov.my/CodeSystem/procedure-code-my-core,CodeSystemProcedureCodeMyCore
84.6,Replacement of spinal disc,Replacement of spinal disc,http://fhir.hie.moh.gov.my/CodeSystem/procedure-code-my-core,CodeSystemProcedureCodeMyCore
84.7,Adjunct codes for external fixator devices,Adjunct codes for external fixator devices,http://fhir.hie.moh.gov.my/CodeSystem/procedure-code-my-core,CodeSystemProcedureCodeMyCore
84.8,"Insertion, replacement and revision of posterior spinal motion preservation device(s)","Insertion, replacement and revision of posterior spinal motion preservation device(s)",http://fhir.hie.moh.gov.my/CodeSystem/procedure-code-my-core,CodeSystemProcedureCodeMyCore
84.9,Other operations on musculoskeletal system,Other operations on musculoskeletal system,http://fhir.hie.moh.gov.my/CodeSystem/procedure-code-my-core,CodeSystemProcedureCodeMyCore
85.1,Diagnostic procedures on breast,Diagnostic procedures on breast,http://fhir.hie.moh.gov.my/CodeSystem/procedure-code-my-core,CodeSystemProcedureCodeMyCore
85.2,Excision or destruction of breast tissue,Excision or destruction of breast tissue,http://fhir.hie.moh.gov.my/CodeSystem/procedure-code-my-core,CodeSystemProcedureCodeMyCore
85.3,Reduction mammoplasty and subcutaneous mammectomy,Reduction mammoplasty and subcutaneous mammectomy,http://fhir.hie.moh.gov.my/CodeSystem/procedure-code-my-core,CodeSystemProcedureCodeMyCore
85.4,Mastectomy,Mastectomy,http://fhir.hie.moh.gov.my/CodeSystem/procedure-code-my-core,CodeSystemProcedureCodeMyCore
85.5,Augmentation mammoplasty,Augmentation mammoplasty,http://fhir.hie.moh.gov.my/CodeSystem/procedure-code-my-core,CodeSystemProcedureCodeMyCore
85.6,Mastopexy,Mastopexy,http://fhir.hie.moh.gov.my/CodeSystem/procedure-code-my-core,CodeSystemProcedureCodeMyCore
85.7,Total reconstruction of breast,Total reconstruction of breast,http://fhir.hie.moh.gov.my/CodeSystem/procedure-code-my-core,CodeSystemProcedureCodeMyCore
85.8,Other repair and plastic operations on breast,Other repair and plastic operations on breast,http://fhir.hie.moh.gov.my/CodeSystem/procedure-code-my-core,CodeSystemProcedureCodeMyCore
85.9,Other operations on the breast,Other operations on the breast,http://fhir.hie.moh.gov.my/CodeSystem/procedure-code-my-core,CodeSystemProcedureCodeMyCore
86.1,Diagnostic procedures on skin and subcutaneous tissue,Diagnostic procedures on skin and subcutaneous tissue,http://fhir.hie.moh.gov.my/CodeSystem/procedure-code-my-core,CodeSystemProcedureCodeMyCore
86.2,Excision or destruction of lesion or tissue of skin and subcutaneous tissue,Excision or destruction of lesion or tissue of skin and subcutaneous tissue,http://fhir.hie.moh.gov.my/CodeSystem/procedure-code-my-core,CodeSystemProcedureCodeMyCore
86.3,Other local excision or destruction of lesion or tissue of skin and subcutaneous tissue,Other local excision or destruction of lesion or tissue of skin and subcutaneous tissue,http://fhir.hie.moh.gov.my/CodeSystem/procedure-code-my-core,CodeSystemProcedureCodeMyCore
86.4,Radical excision of skin lesion,Radical excision of skin lesion,http://fhir.hie.moh.gov.my/CodeSystem/procedure-code-my-core,CodeSystemProcedureCodeMyCore
86.5,Suture or other closure of skin and subcutaneous tissue,Suture or other closure of skin and subcutaneous tissue,http://fhir.hie.moh.gov.my/CodeSystem/procedure-code-my-core,CodeSystemProcedureCodeMyCore
86.6,Free skin graft,Free skin graft,http://fhir.hie.moh.gov.my/CodeSystem/procedure-code-my-core,CodeSystemProcedureCodeMyCore
86.7,Pedicle grafts or flaps,Pedicle grafts or flaps,http://fhir.hie.moh.gov.my/CodeSystem/procedure-code-my-core,CodeSystemProcedureCodeMyCore
86.8,Other repair and reconstruction of skin and subcutaneous tissue,Other repair and reconstruction of skin and subcutaneous tissue,http://fhir.hie.moh.gov.my/CodeSystem/procedure-code-my-core,CodeSystemProcedureCodeMyCore
86.9,Other operations on skin and subcutaneous tissue,Other operations on skin and subcutaneous tissue,http://fhir.hie.moh.gov.my/CodeSystem/procedure-code-my-core,CodeSystemProcedureCodeMyCore
87.1,"Other x-ray of face, head, and neck","Other x-ray of face, head, and neck",http://fhir.hie.moh.gov.my/CodeSystem/procedure-code-my-core,CodeSystemProcedureCodeMyCore
87.2,X-ray of spine,X-ray of spine,http://fhir.hie.moh.gov.my/CodeSystem/procedure-code-my-core,CodeSystemProcedureCodeMyCore
87.3,Soft tissue x-ray of thorax,Soft tissue x-ray of thorax,http://fhir.hie.moh.gov.my/CodeSystem/procedure-code-my-core,CodeSystemProcedureCodeMyCore
87.4,Other x-ray of thorax,Other x-ray of thorax,http://fhir.hie.moh.gov.my/CodeSystem/procedure-code-my-core,CodeSystemProcedureCodeMyCore
87.5,Biliary tract x-ray,Biliary tract x-ray,http://fhir.hie.moh.gov.my/CodeSystem/procedure-code-my-core,CodeSystemProcedureCodeMyCore
87.6,Other x-ray of digestive system,Other x-ray of digestive system,http://fhir.hie.moh.gov.my/CodeSystem/procedure-code-my-core,CodeSystemProcedureCodeMyCore
87.7,X-ray of urinary system,X-ray of urinary system,http://fhir.hie.moh.gov.my/CodeSystem/procedure-code-my-core,CodeSystemProcedureCodeMyCore
87.8,X-ray of female genital organs,X-ray of female genital organs,http://fhir.hie.moh.gov.my/CodeSystem/procedure-code-my-core,CodeSystemProcedureCodeMyCore
87.9,X-ray of male genital organs,X-ray of male genital organs,http://fhir.hie.moh.gov.my/CodeSystem/procedure-code-my-core,CodeSystemProcedureCodeMyCore
88.1,Other x-ray of abdomen,Other x-ray of abdomen,http://fhir.hie.moh.gov.my/CodeSystem/procedure-code-my-core,CodeSystemProcedureCodeMyCore
88.2,Skeletal x-ray of extremities and pelvis,Skeletal x-ray of extremities and pelvis,http://fhir.hie.moh.gov.my/CodeSystem/procedure-code-my-core,CodeSystemProcedureCodeMyCore
88.3,Other x-ray,Other x-ray,http://fhir.hie.moh.gov.my/CodeSystem/procedure-code-my-core,CodeSystemProcedureCodeMyCore
88.4,Arteriography using contrast material,Arteriography using contrast material,http://fhir.hie.moh.gov.my/CodeSystem/procedure-code-my-core,CodeSystemProcedureCodeMyCore
88.5,Angiocardiography using contrast material,Angiocardiography using contrast material,http://fhir.hie.moh.gov.my/CodeSystem/procedure-code-my-core,CodeSystemProcedureCodeMyCore
88.6,Phlebography,Phlebography,http://fhir.hie.moh.gov.my/CodeSystem/procedure-code-my-core,CodeSystemProcedureCodeMyCore
88.7,Diagnostic ultrasound,Diagnostic ultrasound,http://fhir.hie.moh.gov.my/CodeSystem/procedure-code-my-core,CodeSystemProcedureCodeMyCore
88.8,Thermography,Thermography,http://fhir.hie.moh.gov.my/CodeSystem/procedure-code-my-core,CodeSystemProcedureCodeMyCore
88.9,Other diagnostic imaging,Other diagnostic imaging,http://fhir.hie.moh.gov.my/CodeSystem/procedure-code-my-core,CodeSystemProcedureCodeMyCore
89.1,Anatomic and physiologic measurements and manual examinations - nervous system and sense organs,Anatomic and physiologic measurements and manual examinations - nervous system and sense organs,http://fhir.hie.moh.gov.my/CodeSystem/procedure-code-my-core,CodeSystemProcedureCodeMyCore
89.2,Anatomic and physiologic measurements and manual examinations - genitourinary system,Anatomic and physiologic measurements and manual examinations - genitourinary system,http://fhir.hie.moh.gov.my/CodeSystem/procedure-code-my-core,CodeSystemProcedureCodeMyCore
89.3,Other anatomic and physiologic measurements and manual examinations,Other anatomic and physiologic measurements and manual examinations,http://fhir.hie.moh.gov.my/CodeSystem/procedure-code-my-core,CodeSystemProcedureCodeMyCore
89.4,"Cardiac stress tests, pacemaker and defibrillator checks","Cardiac stress tests, pacemaker and defibrillator checks",http://fhir.hie.moh.gov.my/CodeSystem/procedure-code-my-core,CodeSystemProcedureCodeMyCore
89.5,Other nonoperative cardiac and vascular diagnostic procedures,Other nonoperative cardiac and vascular diagnostic procedures,http://fhir.hie.moh.gov.my/CodeSystem/procedure-code-my-core,CodeSystemProcedureCodeMyCore
89.6,Circulatory monitoring,Circulatory monitoring,http://fhir.hie.moh.gov.my/CodeSystem/procedure-code-my-core,CodeSystemProcedureCodeMyCore
89.7,General physical examination,General physical examination,http://fhir.hie.moh.gov.my/CodeSystem/procedure-code-my-core,CodeSystemProcedureCodeMyCore
89.8,Autopsy,Autopsy,http://fhir.hie.moh.gov.my/CodeSystem/procedure-code-my-core,CodeSystemProcedureCodeMyCore
90.1,"Microscopic examination of specimen from endocrine gland, not elsewhere classified","Microscopic examination of specimen from endocrine gland, not elsewhere classified",http://fhir.hie.moh.gov.my/CodeSystem/procedure-code-my-core,CodeSystemProcedureCodeMyCore
90.2,Microscopic examination of specimen from eye,Microscopic examination of specimen from eye,http://fhir.hie.moh.gov.my/CodeSystem/procedure-code-my-core,CodeSystemProcedureCodeMyCore
90.3,"Microscopic examination of specimen from ear, nose, throat, and larynx","Microscopic examination of specimen from ear, nose, throat, and larynx",http://fhir.hie.moh.gov.my/CodeSystem/procedure-code-my-core,CodeSystemProcedureCodeMyCore
90.4,"Microscopic examination of specimen from trachea, bronchus, pleura, lung, and other thoracic specimen, and of sputum","Microscopic examination of specimen from trachea, bronchus, pleura, lung, and other thoracic specimen, and of sputum",http://fhir.hie.moh.gov.my/CodeSystem/procedure-code-my-core,CodeSystemProcedureCodeMyCore
90.5,Microscopic examination of blood,Microscopic examination of blood,http://fhir.hie.moh.gov.my/CodeSystem/procedure-code-my-core,CodeSystemProcedureCodeMyCore
90.6,Microscopic examination of specimen from spleen and of bone marrow,Microscopic examination of specimen from spleen and of bone marrow,http://fhir.hie.moh.gov.my/CodeSystem/procedure-code-my-core,CodeSystemProcedureCodeMyCore
90.7,Microscopic examination of specimen from lymph node and of lymph,Microscopic examination of specimen from lymph node and of lymph,http://fhir.hie.moh.gov.my/CodeSystem/procedure-code-my-core,CodeSystemProcedureCodeMyCore
90.8,Microscopic examination of specimen from upper gastrointestinal tract and of vomitus,Microscopic examination of specimen from upper gastrointestinal tract and of vomitus,http://fhir.hie.moh.gov.my/CodeSystem/procedure-code-my-core,CodeSystemProcedureCodeMyCore
90.9,Microscopic examination of specimen from lower gastrointestinal tract and of stool,Microscopic examination of specimen from lower gastrointestinal tract and of stool,http://fhir.hie.moh.gov.my/CodeSystem/procedure-code-my-core,CodeSystemProcedureCodeMyCore
91.1,Microscopic examination of peritoneal and retroperitoneal specimen,Microscopic examination of peritoneal and retroperitoneal specimen,http://fhir.hie.moh.gov.my/CodeSystem/procedure-code-my-core,CodeSystemProcedureCodeMyCore
91.2,"Microscopic examination of specimen from kidney, ureter, perirenal, and periureteral tissue","Microscopic examination of specimen from kidney, ureter, perirenal, and periureteral tissue",http://fhir.hie.moh.gov.my/CodeSystem/procedure-code-my-core,CodeSystemProcedureCodeMyCore
91.3,"Microscopic examination of specimen from bladder, urethra, prostate, seminal vesicle, perivesical tissue, and of urine and semen","Microscopic examination of specimen from bladder, urethra, prostate, seminal vesicle, perivesical tissue, and of urine and semen",http://fhir.hie.moh.gov.my/CodeSystem/procedure-code-my-core,CodeSystemProcedureCodeMyCore
91.4,Microscopic examination of specimen from female genital tract,Microscopic examination of specimen from female genital tract,http://fhir.hie.moh.gov.my/CodeSystem/procedure-code-my-core,CodeSystemProcedureCodeMyCore
91.5,Microscopic examination of specimen from musculoskeletal system and of joint fluid,Microscopic examination of specimen from musculoskeletal system and of joint fluid,http://fhir.hie.moh.gov.my/CodeSystem/procedure-code-my-core,CodeSystemProcedureCodeMyCore
91.6,Microscopic examination of specimen from skin and other integument,Microscopic examination of specimen from skin and other integument,http://fhir.hie.moh.gov.my/CodeSystem/procedure-code-my-core,CodeSystemProcedureCodeMyCore
91.7,Microscopic examination of specimen from operative wound,Microscopic examination of specimen from operative wound,http://fhir.hie.moh.gov.my/CodeSystem/procedure-code-my-core,CodeSystemProcedureCodeMyCore
91.8,Microscopic examination of specimen from other site,Microscopic examination of specimen from other site,http://fhir.hie.moh.gov.my/CodeSystem/procedure-code-my-core,CodeSystemProcedureCodeMyCore
91.9,Microscopic examination of specimen from unspecified site,Microscopic examination of specimen from unspecified site,http://fhir.hie.moh.gov.my/CodeSystem/procedure-code-my-core,CodeSystemProcedureCodeMyCore
92.1,Other radioisotope scan,Other radioisotope scan,http://fhir.hie.moh.gov.my/CodeSystem/procedure-code-my-core,CodeSystemProcedureCodeMyCore
92.2,Therapeutic radiology and nuclear medicine,Therapeutic radiology and nuclear medicine,http://fhir.hie.moh.gov.my/CodeSystem/procedure-code-my-core,CodeSystemProcedureCodeMyCore
92.3,Stereotactic radiosurgery,Stereotactic radiosurgery,http://fhir.hie.moh.gov.my/CodeSystem/procedure-code-my-core,CodeSystemProcedureCodeMyCore
92.4,Intra-operative radiation procedures,Intra-operative radiation procedures,http://fhir.hie.moh.gov.my/CodeSystem/procedure-code-my-core,CodeSystemProcedureCodeMyCore
93.1,Physical therapy exercises,Physical therapy exercises,http://fhir.hie.moh.gov.my/CodeSystem/procedure-code-my-core,CodeSystemProcedureCodeMyCore
93.2,Other physical therapy musculoskeletal manipulation,Other physical therapy musculoskeletal manipulation,http://fhir.hie.moh.gov.my/CodeSystem/procedure-code-my-core,CodeSystemProcedureCodeMyCore
93.3,Other physical therapy therapeutic procedures,Other physical therapy therapeutic procedures,http://fhir.hie.moh.gov.my/CodeSystem/procedure-code-my-core,CodeSystemProcedureCodeMyCore
93.4,Skeletal traction and other traction,Skeletal traction and other traction,http://fhir.hie.moh.gov.my/CodeSystem/procedure-code-my-core,CodeSystemProcedureCodeMyCore
93.5,"Other immobilization, pressure, and attention to wound","Other immobilization, pressure, and attention to wound",http://fhir.hie.moh.gov.my/CodeSystem/procedure-code-my-core,CodeSystemProcedureCodeMyCore
93.6,Osteopathic manipulative treatment,Osteopathic manipulative treatment,http://fhir.hie.moh.gov.my/CodeSystem/procedure-code-my-core,CodeSystemProcedureCodeMyCore
93.7,Speech and reading rehabilitation and rehabilitation of the blind,Speech and reading rehabilitation and rehabilitation of the blind,http://fhir.hie.moh.gov.my/CodeSystem/procedure-code-my-core,CodeSystemProcedureCodeMyCore
93.8,Other rehabilitation therapy,Other rehabilitation therapy,http://fhir.hie.moh.gov.my/CodeSystem/procedure-code-my-core,CodeSystemProcedureCodeMyCore
93.9,Respiratory therapy,Respiratory therapy,http://fhir.hie.moh.gov.my/CodeSystem/procedure-code-my-core,CodeSystemProcedureCodeMyCore
94.1,"Psychiatric interviews, consultations, and evaluations","Psychiatric interviews, consultations, and evaluations",http://fhir.hie.moh.gov.my/CodeSystem/procedure-code-my-core,CodeSystemProcedureCodeMyCore
94.2,Psychiatric somatotherapy,Psychiatric somatotherapy,http://fhir.hie.moh.gov.my/CodeSystem/procedure-code-my-core,CodeSystemProcedureCodeMyCore
94.3,Individual psychotherapy,Individual psychotherapy,http://fhir.hie.moh.gov.my/CodeSystem/procedure-code-my-core,CodeSystemProcedureCodeMyCore
94.4,Other psychotherapy and counseling,Other psychotherapy and counseling,http://fhir.hie.moh.gov.my/CodeSystem/procedure-code-my-core,CodeSystemProcedureCodeMyCore
94.5,Referral for psychologic rehabilitation,Referral for psychologic rehabilitation,http://fhir.hie.moh.gov.my/CodeSystem/procedure-code-my-core,CodeSystemProcedureCodeMyCore
94.6,Alcohol and drug rehabilitation and detoxification,Alcohol and drug rehabilitation and detoxification,http://fhir.hie.moh.gov.my/CodeSystem/procedure-code-my-core,CodeSystemProcedureCodeMyCore
95.1,Examinations of form and structure of eye,Examinations of form and structure of eye,http://fhir.hie.moh.gov.my/CodeSystem/procedure-code-my-core,CodeSystemProcedureCodeMyCore
95.2,Objective functional tests of eye,Objective functional tests of eye,http://fhir.hie.moh.gov.my/CodeSystem/procedure-code-my-core,CodeSystemProcedureCodeMyCore
95.3,Special vision services,Special vision services,http://fhir.hie.moh.gov.my/CodeSystem/procedure-code-my-core,CodeSystemProcedureCodeMyCore
95.4,Nonoperative procedures related to hearing,Nonoperative procedures related to hearing,http://fhir.hie.moh.gov.my/CodeSystem/procedure-code-my-core,CodeSystemProcedureCodeMyCore
96.1,Other nonoperative insertion,Other nonoperative insertion,http://fhir.hie.moh.gov.my/CodeSystem/procedure-code-my-core,CodeSystemProcedureCodeMyCore
96.2,Nonoperative dilation and manipulation,Nonoperative dilation and manipulation,http://fhir.hie.moh.gov.my/CodeSystem/procedure-code-my-core,CodeSystemProcedureCodeMyCore
96.3,"Nonoperative alimentary tract irrigation, cleaning, and local instillation","Nonoperative alimentary tract irrigation, cleaning, and local instillation",http://fhir.hie.moh.gov.my/CodeSystem/procedure-code-my-core,CodeSystemProcedureCodeMyCore
96.4,"Nonoperative irrigation, cleaning, and local instillation of other digestive and genitourinary organs","Nonoperative irrigation, cleaning, and local instillation of other digestive and genitourinary organs",http://fhir.hie.moh.gov.my/CodeSystem/procedure-code-my-core,CodeSystemProcedureCodeMyCore
96.5,Other nonoperative irrigation and cleaning,Other nonoperative irrigation and cleaning,http://fhir.hie.moh.gov.my/CodeSystem/procedure-code-my-core,CodeSystemProcedureCodeMyCore
96.6,Enteral infusion of concentrated nutritional substances,Enteral infusion of concentrated nutritional substances,http://fhir.hie.moh.gov.my/CodeSystem/procedure-code-my-core,CodeSystemProcedureCodeMyCore
96.7,Other continuous invasive mechanical ventilation,Other continuous invasive mechanical ventilation,http://fhir.hie.moh.gov.my/CodeSystem/procedure-code-my-core,CodeSystemProcedureCodeMyCore
97.1,Nonoperative replacement of musculoskeletal and integumentary system appliance,Nonoperative replacement of musculoskeletal and integumentary system appliance,http://fhir.hie.moh.gov.my/CodeSystem/procedure-code-my-core,CodeSystemProcedureCodeMyCore
97.2,Other nonoperative replacement,Other nonoperative replacement,http://fhir.hie.moh.gov.my/CodeSystem/procedure-code-my-core,CodeSystemProcedureCodeMyCore
97.3,Nonoperative removal of therapeutic device from head and neck,Nonoperative removal of therapeutic device from head and neck,http://fhir.hie.moh.gov.my/CodeSystem/procedure-code-my-core,CodeSystemProcedureCodeMyCore
97.4,Nonoperative removal of therapeutic device from thorax,Nonoperative removal of therapeutic device from thorax,http://fhir.hie.moh.gov.my/CodeSystem/procedure-code-my-core,CodeSystemProcedureCodeMyCore
97.5,Nonoperative removal of therapeutic device from digestive system,Nonoperative removal of therapeutic device from digestive system,http://fhir.hie.moh.gov.my/CodeSystem/procedure-code-my-core,CodeSystemProcedureCodeMyCore
97.6,Nonoperative removal of therapeutic device from urinary system,Nonoperative removal of therapeutic device from urinary system,http://fhir.hie.moh.gov.my/CodeSystem/procedure-code-my-core,CodeSystemProcedureCodeMyCore
97.7,Nonoperative removal of therapeutic device from genital system,Nonoperative removal of therapeutic device from genital system,http://fhir.hie.moh.gov.my/CodeSystem/procedure-code-my-core,CodeSystemProcedureCodeMyCore
97.8,Other nonoperative removal of therapeutic device,Other nonoperative removal of therapeutic device,http://fhir.hie.moh.gov.my/CodeSystem/procedure-code-my-core,CodeSystemProcedureCodeMyCore
98.1,Removal of intraluminal foreign body from other sites without incision,Removal of intraluminal foreign body from other sites without incision,http://fhir.hie.moh.gov.my/CodeSystem/procedure-code-my-core,CodeSystemProcedureCodeMyCore
98.2,Removal of other foreign body without incision,Removal of other foreign body without incision,http://fhir.hie.moh.gov.my/CodeSystem/procedure-code-my-core,CodeSystemProcedureCodeMyCore
98.5,Extracorporeal shockwave lithotripsy [ESWL],Extracorporeal shockwave lithotripsy [ESWL],http://fhir.hie.moh.gov.my/CodeSystem/procedure-code-my-core,CodeSystemProcedureCodeMyCore
99.1,Injection or infusion of therapeutic or prophylactic substance,Injection or infusion of therapeutic or prophylactic substance,http://fhir.hie.moh.gov.my/CodeSystem/procedure-code-my-core,CodeSystemProcedureCodeMyCore
99.2,Injection or infusion of other therapeutic or prophylactic substance,Injection or infusion of other therapeutic or prophylactic substance,http://fhir.hie.moh.gov.my/CodeSystem/procedure-code-my-core,CodeSystemProcedureCodeMyCore
99.3,Prophylactic vaccination and inoculation against certain bacterial diseases,Prophylactic vaccination and inoculation against certain bacterial diseases,http://fhir.hie.moh.gov.my/CodeSystem/procedure-code-my-core,CodeSystemProcedureCodeMyCore
99.4,Prophylactic vaccination and inoculation against certain viral diseases,Prophylactic vaccination and inoculation against certain viral diseases,http://fhir.hie.moh.gov.my/CodeSystem/procedure-code-my-core,CodeSystemProcedureCodeMyCore
99.5,Other vaccination and inoculation,Other vaccination and inoculation,http://fhir.hie.moh.gov.my/CodeSystem/procedure-code-my-core,CodeSystemProcedureCodeMyCore
99.6,Conversion of cardiac rhythm,Conversion of cardiac rhythm,http://fhir.hie.moh.gov.my/CodeSystem/procedure-code-my-core,CodeSystemProcedureCodeMyCore
99.7,"Therapeutic apheresis or other injection, administration, or infusion of other therapeutic or prophylactic substance","Therapeutic apheresis or other injection, administration, or infusion of other therapeutic or prophylactic substance",http://fhir.hie.moh.gov.my/CodeSystem/procedure-code-my-core,CodeSystemProcedureCodeMyCore
99.8,Miscellaneous physical procedures,Miscellaneous physical procedures,http://fhir.hie.moh.gov.my/CodeSystem/procedure-code-my-core,CodeSystemProcedureCodeMyCore
99.9,Other miscellaneous procedures,Other miscellaneous procedures,http://fhir.hie.moh.gov.my/CodeSystem/procedure-code-my-core,CodeSystemProcedureCodeMyCore
0.01,Therapeutic ultrasound of vessels of head and neck,Therapeutic ultrasound of vessels of head and neck,http://fhir.hie.moh.gov.my/CodeSystem/procedure-code-my-core,CodeSystemProcedureCodeMyCore
0.02,Therapeutic ultrasound of heart,Therapeutic ultrasound of heart,http://fhir.hie.moh.gov.my/CodeSystem/procedure-code-my-core,CodeSystemProcedureCodeMyCore
0.03,Therapeutic ultrasound of peripheral vascular vessels,Therapeutic ultrasound of peripheral vascular vessels,http://fhir.hie.moh.gov.my/CodeSystem/procedure-code-my-core,CodeSystemProcedureCodeMyCore
0.09,Other therapeutic ultrasound,Other therapeutic ultrasound,http://fhir.hie.moh.gov.my/CodeSystem/procedure-code-my-core,CodeSystemProcedureCodeMyCore
0.11,Infusion of drotrecogin alfa (activated),Infusion of drotrecogin alfa (activated),http://fhir.hie.moh.gov.my/CodeSystem/procedure-code-my-core,CodeSystemProcedureCodeMyCore
0.12,Administration of inhaled nitric oxide,Administration of inhaled nitric oxide,http://fhir.hie.moh.gov.my/CodeSystem/procedure-code-my-core,CodeSystemProcedureCodeMyCore
0.13,Injection or infusion of nesiritide,Injection or infusion of nesiritide,http://fhir.hie.moh.gov.my/CodeSystem/procedure-code-my-core,CodeSystemProcedureCodeMyCore
0.14,Injection or infusion of oxazolidinone class of antibiotics,Injection or infusion of oxazolidinone class of antibiotics,http://fhir.hie.moh.gov.my/CodeSystem/procedure-code-my-core,CodeSystemProcedureCodeMyCore
0.15,High-dose infusion interleukin-2 [IL-2],High-dose infusion interleukin-2 [IL-2],http://fhir.hie.moh.gov.my/CodeSystem/procedure-code-my-core,CodeSystemProcedureCodeMyCore
0.16,Pressurized treatment of venous bypass graft [conduit] with pharmaceutical substance,Pressurized treatment of venous bypass graft [conduit] with pharmaceutical substance,http://fhir.hie.moh.gov.my/CodeSystem/procedure-code-my-core,CodeSystemProcedureCodeMyCore
0.17,Infusion of vasopressor agent,Infusion of vasopressor agent,http://fhir.hie.moh.gov.my/CodeSystem/procedure-code-my-core,CodeSystemProcedureCodeMyCore
0.18,Infusion of immunosuppressive antibody therapy,Infusion of immunosuppressive antibody therapy,http://fhir.hie.moh.gov.my/CodeSystem/procedure-code-my-core,CodeSystemProcedureCodeMyCore
0.19,Disruption of blood brain barrier via infusion [BBBD],Disruption of blood brain barrier via infusion [BBBD],http://fhir.hie.moh.gov.my/CodeSystem/procedure-code-my-core,CodeSystemProcedureCodeMyCore
0.21,Intravascular imaging of extracranial cerebral vessels,Intravascular imaging of extracranial cerebral vessels,http://fhir.hie.moh.gov.my/CodeSystem/procedure-code-my-core,CodeSystemProcedureCodeMyCore
0.22,Intravascular imaging of intrathoracic vessels,Intravascular imaging of intrathoracic vessels,http://fhir.hie.moh.gov.my/CodeSystem/procedure-code-my-core,CodeSystemProcedureCodeMyCore
0.23,Intravascular imaging of peripheral vessels,Intravascular imaging of peripheral vessels,http://fhir.hie.moh.gov.my/CodeSystem/procedure-code-my-core,CodeSystemProcedureCodeMyCore
0.24,Intravascular imaging of coronary vessels,Intravascular imaging of coronary vessels,http://fhir.hie.moh.gov.my/CodeSystem/procedure-code-my-core,CodeSystemProcedureCodeMyCore
0.25,Intravascular imaging of renal vessels,Intravascular imaging of renal vessels,http://fhir.hie.moh.gov.my/CodeSystem/procedure-code-my-core,CodeSystemProcedureCodeMyCore
0.28,"Intravascular imaging, other specified vessel(s)","Intravascular imaging, other specified vessel(s)",http://fhir.hie.moh.gov.my/CodeSystem/procedure-code-my-core,CodeSystemProcedureCodeMyCore
0.29,"Intravascular imaging, unspecified vessel(s)","Intravascular imaging, unspecified vessel(s)",http://fhir.hie.moh.gov.my/CodeSystem/procedure-code-my-core,CodeSystemProcedureCodeMyCore
0.31,Computer assisted surgery with CT/CTA,Computer assisted surgery with CT/CTA,http://fhir.hie.moh.gov.my/CodeSystem/procedure-code-my-core,CodeSystemProcedureCodeMyCore
0.32,Computer assisted surgery with MR/MRA,Computer assisted surgery with MR/MRA,http://fhir.hie.moh.gov.my/CodeSystem/procedure-code-my-core,CodeSystemProcedureCodeMyCore
0.33,Computer assisted surgery with fluoroscopy,Computer assisted surgery with fluoroscopy,http://fhir.hie.moh.gov.my/CodeSystem/procedure-code-my-core,CodeSystemProcedureCodeMyCore
0.34,Imageless computer assisted surgery,Imageless computer assisted surgery,http://fhir.hie.moh.gov.my/CodeSystem/procedure-code-my-core,CodeSystemProcedureCodeMyCore
0.35,Computer assisted surgery with multiple datasets,Computer assisted surgery with multiple datasets,http://fhir.hie.moh.gov.my/CodeSystem/procedure-code-my-core,CodeSystemProcedureCodeMyCore
0.39,Other computer assisted surgery,Other computer assisted surgery,http://fhir.hie.moh.gov.my/CodeSystem/procedure-code-my-core,CodeSystemProcedureCodeMyCore
0.41,Procedure on two vessels,Procedure on two vessels,http://fhir.hie.moh.gov.my/CodeSystem/procedure-code-my-core,CodeSystemProcedureCodeMyCore
0.42,Procedure on three vessels,Procedure on three vessels,http://fhir.hie.moh.gov.my/CodeSystem/procedure-code-my-core,CodeSystemProcedureCodeMyCore
0.43,Procedure on four or more vessels,Procedure on four or more vessels,http://fhir.hie.moh.gov.my/CodeSystem/procedure-code-my-core,CodeSystemProcedureCodeMyCore
0.44,Procedure on vessel bifurcation,Procedure on vessel bifurcation,http://fhir.hie.moh.gov.my/CodeSystem/procedure-code-my-core,CodeSystemProcedureCodeMyCore
0.45,Insertion of one vascular stent,Insertion of one vascular stent,http://fhir.hie.moh.gov.my/CodeSystem/procedure-code-my-core,CodeSystemProcedureCodeMyCore
0.46,Insertion of two vascular stents,Insertion of two vascular stents,http://fhir.hie.moh.gov.my/CodeSystem/procedure-code-my-core,CodeSystemProcedureCodeMyCore
0.47,Insertion of three vascular stents,Insertion of three vascular stents,http://fhir.hie.moh.gov.my/CodeSystem/procedure-code-my-core,CodeSystemProcedureCodeMyCore
0.48,Insertion of four or more vascular stents,Insertion of four or more vascular stents,http://fhir.hie.moh.gov.my/CodeSystem/procedure-code-my-core,CodeSystemProcedureCodeMyCore
0.49,SuperSaturated oxygen therapy,SuperSaturated oxygen therapy,http://fhir.hie.moh.gov.my/CodeSystem/procedure-code-my-core,CodeSystemProcedureCodeMyCore
0.51,"Implantation of cardiac resynchronization defibrillator, total system [CRT-D]","Implantation of cardiac resynchronization defibrillator, total system [CRT-D]",http://fhir.hie.moh.gov.my/CodeSystem/procedure-code-my-core,CodeSystemProcedureCodeMyCore
0.52,Implantation or replacement of transvenous lead [electrode] into left ventricular coronary venous system,Implantation or replacement of transvenous lead [electrode] into left ventricular coronary venous system,http://fhir.hie.moh.gov.my/CodeSystem/procedure-code-my-core,CodeSystemProcedureCodeMyCore
0.53,Implantation or replacement of cardiac resynchronization pacemaker pulse generator only (CRT-P),Implantation or replacement of cardiac resynchronization pacemaker pulse generator only (CRT-P),http://fhir.hie.moh.gov.my/CodeSystem/procedure-code-my-core,CodeSystemProcedureCodeMyCore
0.54,Implantation or replacement of cardiac resynchronization defibrillator pulse generator device only [CRT-D],Implantation or replacement of cardiac resynchronization defibrillator pulse generator device only [CRT-D],http://fhir.hie.moh.gov.my/CodeSystem/procedure-code-my-core,CodeSystemProcedureCodeMyCore
0.55,Insertion of drug-eluting stent(s) of other peripheral vessel(s),Insertion of drug-eluting stent(s) of other peripheral vessel(s),http://fhir.hie.moh.gov.my/CodeSystem/procedure-code-my-core,CodeSystemProcedureCodeMyCore
0.56,Insertion or replacement of implantable pressure sensor with lead of intracardiac or great vessel hemodynamic monitoring,Insertion or replacement of implantable pressure sensor with lead of intracardiac or great vessel hemodynamic monitoring,http://fhir.hie.moh.gov.my/CodeSystem/procedure-code-my-core,CodeSystemProcedureCodeMyCore
0.57,Implantation or replacement of subcutaneous device for intracardiac or great vessel hemodynamic monitoring,Implantation or replacement of subcutaneous device for intracardiac or great vessel hemodynamic monitoring,http://fhir.hie.moh.gov.my/CodeSystem/procedure-code-my-core,CodeSystemProcedureCodeMyCore
0.58,Insertion of intra-aneurysm sac pressure monitoring device (intraoperative),Insertion of intra-aneurysm sac pressure monitoring device (intraoperative),http://fhir.hie.moh.gov.my/CodeSystem/procedure-code-my-core,CodeSystemProcedureCodeMyCore
0.59,Intravascular pressure measurement of coronary arteries,Intravascular pressure measurement of coronary arteries,http://fhir.hie.moh.gov.my/CodeSystem/procedure-code-my-core,CodeSystemProcedureCodeMyCore
0.61,Percutaneous angioplasty of extracranial vessel(s),Percutaneous angioplasty of extracranial vessel(s),http://fhir.hie.moh.gov.my/CodeSystem/procedure-code-my-core,CodeSystemProcedureCodeMyCore
2.35,Ventricular shunt to urinary system,Ventricular shunt to urinary system,http://fhir.hie.moh.gov.my/CodeSystem/procedure-code-my-core,CodeSystemProcedureCodeMyCore
0.62,Percutaneous angioplasty of intracranial vessel(s),Percutaneous angioplasty of intracranial vessel(s),http://fhir.hie.moh.gov.my/CodeSystem/procedure-code-my-core,CodeSystemProcedureCodeMyCore
0.63,Percutaneous angioplasty of carotid artery stent(s),Percutaneous angioplasty of carotid artery stent(s),http://fhir.hie.moh.gov.my/CodeSystem/procedure-code-my-core,CodeSystemProcedureCodeMyCore
0.64,Percutaneous insertion of other extracranial artery stent(s),Percutaneous insertion of other extracranial artery stent(s),http://fhir.hie.moh.gov.my/CodeSystem/procedure-code-my-core,CodeSystemProcedureCodeMyCore
0.65,Percutaneous insertion of intracranial vascular stent(s),Percutaneous insertion of intracranial vascular stent(s),http://fhir.hie.moh.gov.my/CodeSystem/procedure-code-my-core,CodeSystemProcedureCodeMyCore
0.66,Percutaneous transluminal coronary angioplasty [PTCA],Percutaneous transluminal coronary angioplasty [PTCA],http://fhir.hie.moh.gov.my/CodeSystem/procedure-code-my-core,CodeSystemProcedureCodeMyCore
0.67,Intravascular pressure measurement of intrathoracic arteries,Intravascular pressure measurement of intrathoracic arteries,http://fhir.hie.moh.gov.my/CodeSystem/procedure-code-my-core,CodeSystemProcedureCodeMyCore
0.68,Intravascular pressure measurement of peripheral arteries,Intravascular pressure measurement of peripheral arteries,http://fhir.hie.moh.gov.my/CodeSystem/procedure-code-my-core,CodeSystemProcedureCodeMyCore
0.69,"Intravascular pressure measurement, other specified and unspecified vessels","Intravascular pressure measurement, other specified and unspecified vessels",http://fhir.hie.moh.gov.my/CodeSystem/procedure-code-my-core,CodeSystemProcedureCodeMyCore
0.71,"Revision of hip replacement, acetabular component","Revision of hip replacement, acetabular component",http://fhir.hie.moh.gov.my/CodeSystem/procedure-code-my-core,CodeSystemProcedureCodeMyCore
0.72,"Revision of hip replacement, femoral component","Revision of hip replacement, femoral component",http://fhir.hie.moh.gov.my/CodeSystem/procedure-code-my-core,CodeSystemProcedureCodeMyCore
0.73,"Revision of hip replacement, acetabular liner and/or femoral head only","Revision of hip replacement, acetabular liner and/or femoral head only",http://fhir.hie.moh.gov.my/CodeSystem/procedure-code-my-core,CodeSystemProcedureCodeMyCore
0.74,"Hip bearing surface, metal on polyethylene","Hip bearing surface, metal on polyethylene",http://fhir.hie.moh.gov.my/CodeSystem/procedure-code-my-core,CodeSystemProcedureCodeMyCore
0.75,"Hip bearing surface, metal-on-metal","Hip bearing surface, metal-on-metal",http://fhir.hie.moh.gov.my/CodeSystem/procedure-code-my-core,CodeSystemProcedureCodeMyCore
0.76,"Hip bearing surface, ceramic-on-ceramic","Hip bearing surface, ceramic-on-ceramic",http://fhir.hie.moh.gov.my/CodeSystem/procedure-code-my-core,CodeSystemProcedureCodeMyCore
0.77,"Hip bearing surface, ceramic-on-polyethylene","Hip bearing surface, ceramic-on-polyethylene",http://fhir.hie.moh.gov.my/CodeSystem/procedure-code-my-core,CodeSystemProcedureCodeMyCore
0.81,"Revision of knee replacement, tibial component","Revision of knee replacement, tibial component",http://fhir.hie.moh.gov.my/CodeSystem/procedure-code-my-core,CodeSystemProcedureCodeMyCore
0.82,"Revision of knee replacement, femoral component","Revision of knee replacement, femoral component",http://fhir.hie.moh.gov.my/CodeSystem/procedure-code-my-core,CodeSystemProcedureCodeMyCore
0.83,"Revision of knee replacement, patellar component","Revision of knee replacement, patellar component",http://fhir.hie.moh.gov.my/CodeSystem/procedure-code-my-core,CodeSystemProcedureCodeMyCore
0.84,"Revision of total knee replacement, tibial insert (linear)","Revision of total knee replacement, tibial insert (linear)",http://fhir.hie.moh.gov.my/CodeSystem/procedure-code-my-core,CodeSystemProcedureCodeMyCore
0.85,"Resurfacing hip, total, acetabulum and femoral head","Resurfacing hip, total, acetabulum and femoral head",http://fhir.hie.moh.gov.my/CodeSystem/procedure-code-my-core,CodeSystemProcedureCodeMyCore
0.86,"Resurfacing hip, partial, femoral head","Resurfacing hip, partial, femoral head",http://fhir.hie.moh.gov.my/CodeSystem/procedure-code-my-core,CodeSystemProcedureCodeMyCore
0.87,"Resurfacing hip,partial, acetabulum","Resurfacing hip,partial, acetabulum",http://fhir.hie.moh.gov.my/CodeSystem/procedure-code-my-core,CodeSystemProcedureCodeMyCore
0.91,Transplant from live related donor,Transplant from live related donor,http://fhir.hie.moh.gov.my/CodeSystem/procedure-code-my-core,CodeSystemProcedureCodeMyCore
0.92,Transplant from live non-related donor,Transplant from live non-related donor,http://fhir.hie.moh.gov.my/CodeSystem/procedure-code-my-core,CodeSystemProcedureCodeMyCore
0.93,Transplant from cadaver,Transplant from cadaver,http://fhir.hie.moh.gov.my/CodeSystem/procedure-code-my-core,CodeSystemProcedureCodeMyCore
0.94,Intra-operative neurophysiologic monitoring,Intra-operative neurophysiologic monitoring,http://fhir.hie.moh.gov.my/CodeSystem/procedure-code-my-core,CodeSystemProcedureCodeMyCore
0.95,Injection or infusion of glucarpidase,Injection or infusion of glucarpidase,http://fhir.hie.moh.gov.my/CodeSystem/procedure-code-my-core,CodeSystemProcedureCodeMyCore
1.01,Cisternal puncture,Cisternal puncture,http://fhir.hie.moh.gov.my/CodeSystem/procedure-code-my-core,CodeSystemProcedureCodeMyCore
1.02,Ventriculopuncture through previously implanted catheter,Ventriculopuncture through previously implanted catheter,http://fhir.hie.moh.gov.my/CodeSystem/procedure-code-my-core,CodeSystemProcedureCodeMyCore
1.09,Other cranial puncture,Other cranial puncture,http://fhir.hie.moh.gov.my/CodeSystem/procedure-code-my-core,CodeSystemProcedureCodeMyCore
1.11,Closed [percutaneous] [needle] biopsy of cerebral meninges,Closed [percutaneous] [needle] biopsy of cerebral meninges,http://fhir.hie.moh.gov.my/CodeSystem/procedure-code-my-core,CodeSystemProcedureCodeMyCore
1.12,Open biopsy of cerebral meninges,Open biopsy of cerebral meninges,http://fhir.hie.moh.gov.my/CodeSystem/procedure-code-my-core,CodeSystemProcedureCodeMyCore
1.13,Closed [percutaneous] [needle] biopsy of brain,Closed [percutaneous] [needle] biopsy of brain,http://fhir.hie.moh.gov.my/CodeSystem/procedure-code-my-core,CodeSystemProcedureCodeMyCore
1.14,Open biopsy of brain,Open biopsy of brain,http://fhir.hie.moh.gov.my/CodeSystem/procedure-code-my-core,CodeSystemProcedureCodeMyCore
1.15,Biopsy of skull,Biopsy of skull,http://fhir.hie.moh.gov.my/CodeSystem/procedure-code-my-core,CodeSystemProcedureCodeMyCore
1.16,Intracranial oxygen monitoring,Intracranial oxygen monitoring,http://fhir.hie.moh.gov.my/CodeSystem/procedure-code-my-core,CodeSystemProcedureCodeMyCore
1.17,Brain temperature monitoring,Brain temperature monitoring,http://fhir.hie.moh.gov.my/CodeSystem/procedure-code-my-core,CodeSystemProcedureCodeMyCore
1.18,Other diagnostic procedures on brain and cerebral meninges,Other diagnostic procedures on brain and cerebral meninges,http://fhir.hie.moh.gov.my/CodeSystem/procedure-code-my-core,CodeSystemProcedureCodeMyCore
1.19,Other diagnostic procedures on skull,Other diagnostic procedures on skull,http://fhir.hie.moh.gov.my/CodeSystem/procedure-code-my-core,CodeSystemProcedureCodeMyCore
1.21,Incision and drainage of cranial sinus,Incision and drainage of cranial sinus,http://fhir.hie.moh.gov.my/CodeSystem/procedure-code-my-core,CodeSystemProcedureCodeMyCore
1.22,Removal of intracranial neurostimulator lead(s),Removal of intracranial neurostimulator lead(s),http://fhir.hie.moh.gov.my/CodeSystem/procedure-code-my-core,CodeSystemProcedureCodeMyCore
1.23,Reopening of craniotomy site,Reopening of craniotomy site,http://fhir.hie.moh.gov.my/CodeSystem/procedure-code-my-core,CodeSystemProcedureCodeMyCore
1.24,Other craniotomy,Other craniotomy,http://fhir.hie.moh.gov.my/CodeSystem/procedure-code-my-core,CodeSystemProcedureCodeMyCore
1.25,Other craniectomy,Other craniectomy,http://fhir.hie.moh.gov.my/CodeSystem/procedure-code-my-core,CodeSystemProcedureCodeMyCore
1.26,Insertion of catheter(s) into cranial cavity or tissue,Insertion of catheter(s) into cranial cavity or tissue,http://fhir.hie.moh.gov.my/CodeSystem/procedure-code-my-core,CodeSystemProcedureCodeMyCore
1.27,Removal of catheter(s) from cranial cavity or tissue,Removal of catheter(s) from cranial cavity or tissue,http://fhir.hie.moh.gov.my/CodeSystem/procedure-code-my-core,CodeSystemProcedureCodeMyCore
1.28,Placement of intracerebral catheter(s) via burr hole(s),Placement of intracerebral catheter(s) via burr hole(s),http://fhir.hie.moh.gov.my/CodeSystem/procedure-code-my-core,CodeSystemProcedureCodeMyCore
1.29,Removal of cranial neurostimulator pulse generator,Removal of cranial neurostimulator pulse generator,http://fhir.hie.moh.gov.my/CodeSystem/procedure-code-my-core,CodeSystemProcedureCodeMyCore
1.31,Incision of cerebral meninges,Incision of cerebral meninges,http://fhir.hie.moh.gov.my/CodeSystem/procedure-code-my-core,CodeSystemProcedureCodeMyCore
1.32,Lobotomy and tractotomy,Lobotomy and tractotomy,http://fhir.hie.moh.gov.my/CodeSystem/procedure-code-my-core,CodeSystemProcedureCodeMyCore
1.39,Other incision of brain,Other incision of brain,http://fhir.hie.moh.gov.my/CodeSystem/procedure-code-my-core,CodeSystemProcedureCodeMyCore
1.41,Operations on thalamus,Operations on thalamus,http://fhir.hie.moh.gov.my/CodeSystem/procedure-code-my-core,CodeSystemProcedureCodeMyCore
1.42,Operations on globus pallidus,Operations on globus pallidus,http://fhir.hie.moh.gov.my/CodeSystem/procedure-code-my-core,CodeSystemProcedureCodeMyCore
1.51,Excision of lesion or tissue of cerebral meninges,Excision of lesion or tissue of cerebral meninges,http://fhir.hie.moh.gov.my/CodeSystem/procedure-code-my-core,CodeSystemProcedureCodeMyCore
1.52,Hemispherectomy,Hemispherectomy,http://fhir.hie.moh.gov.my/CodeSystem/procedure-code-my-core,CodeSystemProcedureCodeMyCore
1.53,Lobectomy of brain,Lobectomy of brain,http://fhir.hie.moh.gov.my/CodeSystem/procedure-code-my-core,CodeSystemProcedureCodeMyCore
1.59,Other excision or destruction of lesion or tissue of brain,Other excision or destruction of lesion or tissue of brain,http://fhir.hie.moh.gov.my/CodeSystem/procedure-code-my-core,CodeSystemProcedureCodeMyCore
2.01,Opening of cranial suture,Opening of cranial suture,http://fhir.hie.moh.gov.my/CodeSystem/procedure-code-my-core,CodeSystemProcedureCodeMyCore
2.02,Elevation of skull fracture fragments,Elevation of skull fracture fragments,http://fhir.hie.moh.gov.my/CodeSystem/procedure-code-my-core,CodeSystemProcedureCodeMyCore
2.03,Formation of cranial bone flap,Formation of cranial bone flap,http://fhir.hie.moh.gov.my/CodeSystem/procedure-code-my-core,CodeSystemProcedureCodeMyCore
2.04,Bone graft to skull,Bone graft to skull,http://fhir.hie.moh.gov.my/CodeSystem/procedure-code-my-core,CodeSystemProcedureCodeMyCore
2.05,Insertion of skull plate,Insertion of skull plate,http://fhir.hie.moh.gov.my/CodeSystem/procedure-code-my-core,CodeSystemProcedureCodeMyCore
2.06,Other cranial osteoplasty,Other cranial osteoplasty,http://fhir.hie.moh.gov.my/CodeSystem/procedure-code-my-core,CodeSystemProcedureCodeMyCore
2.07,Removal of skull plate,Removal of skull plate,http://fhir.hie.moh.gov.my/CodeSystem/procedure-code-my-core,CodeSystemProcedureCodeMyCore
2.11,Simple suture of dura mater of brain,Simple suture of dura mater of brain,http://fhir.hie.moh.gov.my/CodeSystem/procedure-code-my-core,CodeSystemProcedureCodeMyCore
2.12,Other repair of cerebral meninges,Other repair of cerebral meninges,http://fhir.hie.moh.gov.my/CodeSystem/procedure-code-my-core,CodeSystemProcedureCodeMyCore
2.13,Ligation of meningeal vessel,Ligation of meningeal vessel,http://fhir.hie.moh.gov.my/CodeSystem/procedure-code-my-core,CodeSystemProcedureCodeMyCore
2.14,Choroid plexectomy,Choroid plexectomy,http://fhir.hie.moh.gov.my/CodeSystem/procedure-code-my-core,CodeSystemProcedureCodeMyCore
2.21,Insertion or replacement of external ventricular drain [EVD],Insertion or replacement of external ventricular drain [EVD],http://fhir.hie.moh.gov.my/CodeSystem/procedure-code-my-core,CodeSystemProcedureCodeMyCore
2.22,Intracranial ventricular shunt or anastomosis,Intracranial ventricular shunt or anastomosis,http://fhir.hie.moh.gov.my/CodeSystem/procedure-code-my-core,CodeSystemProcedureCodeMyCore
2.31,Ventricular shunt to structure in head and neck,Ventricular shunt to structure in head and neck,http://fhir.hie.moh.gov.my/CodeSystem/procedure-code-my-core,CodeSystemProcedureCodeMyCore
2.32,Ventricular shunt to circulatory system,Ventricular shunt to circulatory system,http://fhir.hie.moh.gov.my/CodeSystem/procedure-code-my-core,CodeSystemProcedureCodeMyCore
2.33,Ventricular shunt to thoracic cavity,Ventricular shunt to thoracic cavity,http://fhir.hie.moh.gov.my/CodeSystem/procedure-code-my-core,CodeSystemProcedureCodeMyCore
2.34,Ventricular shunt to abdominal cavity and organs,Ventricular shunt to abdominal cavity and organs,http://fhir.hie.moh.gov.my/CodeSystem/procedure-code-my-core,CodeSystemProcedureCodeMyCore
2.39,Ventricular shunt to extracranial site NEC,Ventricular shunt to extracranial site NEC,http://fhir.hie.moh.gov.my/CodeSystem/procedure-code-my-core,CodeSystemProcedureCodeMyCore
2.41,Irrigation and exploration of ventricular shunt,Irrigation and exploration of ventricular shunt,http://fhir.hie.moh.gov.my/CodeSystem/procedure-code-my-core,CodeSystemProcedureCodeMyCore
2.42,Replacement of ventricular shunt,Replacement of ventricular shunt,http://fhir.hie.moh.gov.my/CodeSystem/procedure-code-my-core,CodeSystemProcedureCodeMyCore
2.43,Removal of ventricular shunt,Removal of ventricular shunt,http://fhir.hie.moh.gov.my/CodeSystem/procedure-code-my-core,CodeSystemProcedureCodeMyCore
2.91,Lysis of cortical adhesions,Lysis of cortical adhesions,http://fhir.hie.moh.gov.my/CodeSystem/procedure-code-my-core,CodeSystemProcedureCodeMyCore
2.92,Repair of brain,Repair of brain,http://fhir.hie.moh.gov.my/CodeSystem/procedure-code-my-core,CodeSystemProcedureCodeMyCore
2.93,Implantation or replacement of intracranial neurostimulator lead(s),Implantation or replacement of intracranial neurostimulator lead(s),http://fhir.hie.moh.gov.my/CodeSystem/procedure-code-my-core,CodeSystemProcedureCodeMyCore
2.94,Insertion or replacement of skull tongs or halo traction device,Insertion or replacement of skull tongs or halo traction device,http://fhir.hie.moh.gov.my/CodeSystem/procedure-code-my-core,CodeSystemProcedureCodeMyCore
2.95,Removal of skull tongs or halo traction device,Removal of skull tongs or halo traction device,http://fhir.hie.moh.gov.my/CodeSystem/procedure-code-my-core,CodeSystemProcedureCodeMyCore
2.96,Insertion of sphenoidal electrodes,Insertion of sphenoidal electrodes,http://fhir.hie.moh.gov.my/CodeSystem/procedure-code-my-core,CodeSystemProcedureCodeMyCore
2.99,"Other operations on skull, brain, and cerebral meninges","Other operations on skull, brain, and cerebral meninges",http://fhir.hie.moh.gov.my/CodeSystem/procedure-code-my-core,CodeSystemProcedureCodeMyCore
3.01,Removal of foreign body from spinal canal,Removal of foreign body from spinal canal,http://fhir.hie.moh.gov.my/CodeSystem/procedure-code-my-core,CodeSystemProcedureCodeMyCore
3.02,Reopening of laminectomy site,Reopening of laminectomy site,http://fhir.hie.moh.gov.my/CodeSystem/procedure-code-my-core,CodeSystemProcedureCodeMyCore
3.09,Other exploration and decompression of spinal canal,Other exploration and decompression of spinal canal,http://fhir.hie.moh.gov.my/CodeSystem/procedure-code-my-core,CodeSystemProcedureCodeMyCore
3.21,Percutaneous chordotomy,Percutaneous chordotomy,http://fhir.hie.moh.gov.my/CodeSystem/procedure-code-my-core,CodeSystemProcedureCodeMyCore
3.29,Other chordotomy,Other chordotomy,http://fhir.hie.moh.gov.my/CodeSystem/procedure-code-my-core,CodeSystemProcedureCodeMyCore
3.31,Spinal tap,Spinal tap,http://fhir.hie.moh.gov.my/CodeSystem/procedure-code-my-core,CodeSystemProcedureCodeMyCore
3.32,Biopsy of spinal cord or spinal meninges,Biopsy of spinal cord or spinal meninges,http://fhir.hie.moh.gov.my/CodeSystem/procedure-code-my-core,CodeSystemProcedureCodeMyCore
3.39,Other diagnostic procedures on spinal cord and spinal canal structures,Other diagnostic procedures on spinal cord and spinal canal structures,http://fhir.hie.moh.gov.my/CodeSystem/procedure-code-my-core,CodeSystemProcedureCodeMyCore
3.51,Repair of spinal meningocele,Repair of spinal meningocele,http://fhir.hie.moh.gov.my/CodeSystem/procedure-code-my-core,CodeSystemProcedureCodeMyCore
3.52,Repair of spinal myelomeningocele,Repair of spinal myelomeningocele,http://fhir.hie.moh.gov.my/CodeSystem/procedure-code-my-core,CodeSystemProcedureCodeMyCore
3.53,Repair of vertebral structure,Repair of vertebral structure,http://fhir.hie.moh.gov.my/CodeSystem/procedure-code-my-core,CodeSystemProcedureCodeMyCore
3.59,Other repair and plastic operations on spinal cord structures,Other repair and plastic operations on spinal cord structures,http://fhir.hie.moh.gov.my/CodeSystem/procedure-code-my-core,CodeSystemProcedureCodeMyCore
3.71,Spinal subarachnoid-peritoneal shunt,Spinal subarachnoid-peritoneal shunt,http://fhir.hie.moh.gov.my/CodeSystem/procedure-code-my-core,CodeSystemProcedureCodeMyCore
3.72,Spinal subarachnoid-ureteral shunt,Spinal subarachnoid-ureteral shunt,http://fhir.hie.moh.gov.my/CodeSystem/procedure-code-my-core,CodeSystemProcedureCodeMyCore
3.79,Other shunt of spinal theca,Other shunt of spinal theca,http://fhir.hie.moh.gov.my/CodeSystem/procedure-code-my-core,CodeSystemProcedureCodeMyCore
3.91,Injection of anesthetic into spinal canal for analgesia,Injection of anesthetic into spinal canal for analgesia,http://fhir.hie.moh.gov.my/CodeSystem/procedure-code-my-core,CodeSystemProcedureCodeMyCore
3.92,Injection of other agent into spinal canal,Injection of other agent into spinal canal,http://fhir.hie.moh.gov.my/CodeSystem/procedure-code-my-core,CodeSystemProcedureCodeMyCore
3.93,Implantation or replacement of spinal neurostimulator lead(s),Implantation or replacement of spinal neurostimulator lead(s),http://fhir.hie.moh.gov.my/CodeSystem/procedure-code-my-core,CodeSystemProcedureCodeMyCore
3.94,Removal of spinal neurostimulator lead(s),Removal of spinal neurostimulator lead(s),http://fhir.hie.moh.gov.my/CodeSystem/procedure-code-my-core,CodeSystemProcedureCodeMyCore
3.95,Spinal blood patch,Spinal blood patch,http://fhir.hie.moh.gov.my/CodeSystem/procedure-code-my-core,CodeSystemProcedureCodeMyCore
3.96,Percutaneous denervation of facet,Percutaneous denervation of facet,http://fhir.hie.moh.gov.my/CodeSystem/procedure-code-my-core,CodeSystemProcedureCodeMyCore
3.97,Revision of spinal thecal shunt,Revision of spinal thecal shunt,http://fhir.hie.moh.gov.my/CodeSystem/procedure-code-my-core,CodeSystemProcedureCodeMyCore
3.98,Removal of spinal thecal shunt,Removal of spinal thecal shunt,http://fhir.hie.moh.gov.my/CodeSystem/procedure-code-my-core,CodeSystemProcedureCodeMyCore
3.99,Other operations on spinal cord and spinal canal structures,Other operations on spinal cord and spinal canal structures,http://fhir.hie.moh.gov.my/CodeSystem/procedure-code-my-core,CodeSystemProcedureCodeMyCore
4.01,Excision of acoustic neuroma,Excision of acoustic neuroma,http://fhir.hie.moh.gov.my/CodeSystem/procedure-code-my-core,CodeSystemProcedureCodeMyCore
4.02,Division of trigeminal nerve,Division of trigeminal nerve,http://fhir.hie.moh.gov.my/CodeSystem/procedure-code-my-core,CodeSystemProcedureCodeMyCore
4.03,Division or crushing of other cranial and peripheral nerves,Division or crushing of other cranial and peripheral nerves,http://fhir.hie.moh.gov.my/CodeSystem/procedure-code-my-core,CodeSystemProcedureCodeMyCore
4.04,Other incision of cranial and peripheral nerves,Other incision of cranial and peripheral nerves,http://fhir.hie.moh.gov.my/CodeSystem/procedure-code-my-core,CodeSystemProcedureCodeMyCore
4.05,Gasserian ganglionectomy,Gasserian ganglionectomy,http://fhir.hie.moh.gov.my/CodeSystem/procedure-code-my-core,CodeSystemProcedureCodeMyCore
4.06,Other cranial or peripheral ganglionectomy,Other cranial or peripheral ganglionectomy,http://fhir.hie.moh.gov.my/CodeSystem/procedure-code-my-core,CodeSystemProcedureCodeMyCore
4.07,Other excision or avulsion of cranial and peripheral nerves,Other excision or avulsion of cranial and peripheral nerves,http://fhir.hie.moh.gov.my/CodeSystem/procedure-code-my-core,CodeSystemProcedureCodeMyCore
4.11,Closed [percutaneous] [needle] biopsy of cranial or peripheral nerve or ganglion,Closed [percutaneous] [needle] biopsy of cranial or peripheral nerve or ganglion,http://fhir.hie.moh.gov.my/CodeSystem/procedure-code-my-core,CodeSystemProcedureCodeMyCore
4.12,Open biopsy of cranial or peripheral nerve or ganglion,Open biopsy of cranial or peripheral nerve or ganglion,http://fhir.hie.moh.gov.my/CodeSystem/procedure-code-my-core,CodeSystemProcedureCodeMyCore
4.19,Other diagnostic procedures on cranial and peripheral nerves and ganglia,Other diagnostic procedures on cranial and peripheral nerves and ganglia,http://fhir.hie.moh.gov.my/CodeSystem/procedure-code-my-core,CodeSystemProcedureCodeMyCore
4.41,Decompression of trigeminal nerve root,Decompression of trigeminal nerve root,http://fhir.hie.moh.gov.my/CodeSystem/procedure-code-my-core,CodeSystemProcedureCodeMyCore
4.42,Other cranial nerve decompression,Other cranial nerve decompression,http://fhir.hie.moh.gov.my/CodeSystem/procedure-code-my-core,CodeSystemProcedureCodeMyCore
4.43,Release of carpal tunnel,Release of carpal tunnel,http://fhir.hie.moh.gov.my/CodeSystem/procedure-code-my-core,CodeSystemProcedureCodeMyCore
4.44,Release of tarsal tunnel,Release of tarsal tunnel,http://fhir.hie.moh.gov.my/CodeSystem/procedure-code-my-core,CodeSystemProcedureCodeMyCore
4.49,Other peripheral nerve or ganglion decompression or lysis of adhesions,Other peripheral nerve or ganglion decompression or lysis of adhesions,http://fhir.hie.moh.gov.my/CodeSystem/procedure-code-my-core,CodeSystemProcedureCodeMyCore
4.71,Hypoglossal-facial anastomosis,Hypoglossal-facial anastomosis,http://fhir.hie.moh.gov.my/CodeSystem/procedure-code-my-core,CodeSystemProcedureCodeMyCore
4.72,Accessory-facial anastomosis,Accessory-facial anastomosis,http://fhir.hie.moh.gov.my/CodeSystem/procedure-code-my-core,CodeSystemProcedureCodeMyCore
4.73,Accessory-hypoglossal anastomosis,Accessory-hypoglossal anastomosis,http://fhir.hie.moh.gov.my/CodeSystem/procedure-code-my-core,CodeSystemProcedureCodeMyCore
4.74,Other anastomosis of cranial or peripheral nerve,Other anastomosis of cranial or peripheral nerve,http://fhir.hie.moh.gov.my/CodeSystem/procedure-code-my-core,CodeSystemProcedureCodeMyCore
4.75,Revision of previous repair of cranial and peripheral nerve,Revision of previous repair of cranial and peripheral nerve,http://fhir.hie.moh.gov.my/CodeSystem/procedure-code-my-core,CodeSystemProcedureCodeMyCore
4.76,Repair of old traumatic injury of cranial and peripheral nerves,Repair of old traumatic injury of cranial and peripheral nerves,http://fhir.hie.moh.gov.my/CodeSystem/procedure-code-my-core,CodeSystemProcedureCodeMyCore
4.79,Other neuroplasty,Other neuroplasty,http://fhir.hie.moh.gov.my/CodeSystem/procedure-code-my-core,CodeSystemProcedureCodeMyCore
4.81,Injection of anesthetic into peripheral nerve for analgesia,Injection of anesthetic into peripheral nerve for analgesia,http://fhir.hie.moh.gov.my/CodeSystem/procedure-code-my-core,CodeSystemProcedureCodeMyCore
4.89,"Injection of other agent, except neurolytic","Injection of other agent, except neurolytic",http://fhir.hie.moh.gov.my/CodeSystem/procedure-code-my-core,CodeSystemProcedureCodeMyCore
4.91,Neurectasis,Neurectasis,http://fhir.hie.moh.gov.my/CodeSystem/procedure-code-my-core,CodeSystemProcedureCodeMyCore
4.92,Implantation or replacement of peripheral neurostimulator lead(s),Implantation or replacement of peripheral neurostimulator lead(s),http://fhir.hie.moh.gov.my/CodeSystem/procedure-code-my-core,CodeSystemProcedureCodeMyCore
4.93,Removal of peripheral neurostimulator lead(s),Removal of peripheral neurostimulator lead(s),http://fhir.hie.moh.gov.my/CodeSystem/procedure-code-my-core,CodeSystemProcedureCodeMyCore
4.99,Other operations on cranial and peripheral nerves,Other operations on cranial and peripheral nerves,http://fhir.hie.moh.gov.my/CodeSystem/procedure-code-my-core,CodeSystemProcedureCodeMyCore
5.11,Biopsy of sympathetic nerve or ganglion,Biopsy of sympathetic nerve or ganglion,http://fhir.hie.moh.gov.my/CodeSystem/procedure-code-my-core,CodeSystemProcedureCodeMyCore
5.19,Other diagnostic procedures on sympathetic nerves or ganglia,Other diagnostic procedures on sympathetic nerves or ganglia,http://fhir.hie.moh.gov.my/CodeSystem/procedure-code-my-core,CodeSystemProcedureCodeMyCore
5.21,Sphenopalatine ganglionectomy,Sphenopalatine ganglionectomy,http://fhir.hie.moh.gov.my/CodeSystem/procedure-code-my-core,CodeSystemProcedureCodeMyCore
5.22,Cervical sympathectomy,Cervical sympathectomy,http://fhir.hie.moh.gov.my/CodeSystem/procedure-code-my-core,CodeSystemProcedureCodeMyCore
5.23,Lumbar sympathectomy,Lumbar sympathectomy,http://fhir.hie.moh.gov.my/CodeSystem/procedure-code-my-core,CodeSystemProcedureCodeMyCore
5.24,Presacral sympathectomy,Presacral sympathectomy,http://fhir.hie.moh.gov.my/CodeSystem/procedure-code-my-core,CodeSystemProcedureCodeMyCore
5.25,Periarterial sympathectomy,Periarterial sympathectomy,http://fhir.hie.moh.gov.my/CodeSystem/procedure-code-my-core,CodeSystemProcedureCodeMyCore
5.29,Other sympathectomy and ganglionectomy,Other sympathectomy and ganglionectomy,http://fhir.hie.moh.gov.my/CodeSystem/procedure-code-my-core,CodeSystemProcedureCodeMyCore
5.31,Injection of anesthetic into sympathetic nerve for analgesia,Injection of anesthetic into sympathetic nerve for analgesia,http://fhir.hie.moh.gov.my/CodeSystem/procedure-code-my-core,CodeSystemProcedureCodeMyCore
5.32,Injection of neurolytic agent into sympathetic nerve,Injection of neurolytic agent into sympathetic nerve,http://fhir.hie.moh.gov.my/CodeSystem/procedure-code-my-core,CodeSystemProcedureCodeMyCore
5.39,Other injection into sympathetic nerve or ganglion,Other injection into sympathetic nerve or ganglion,http://fhir.hie.moh.gov.my/CodeSystem/procedure-code-my-core,CodeSystemProcedureCodeMyCore
5.81,Repair of sympathetic nerve or ganglion,Repair of sympathetic nerve or ganglion,http://fhir.hie.moh.gov.my/CodeSystem/procedure-code-my-core,CodeSystemProcedureCodeMyCore
5.89,Other operations on sympathetic nerves of ganglia,Other operations on sympathetic nerves of ganglia,http://fhir.hie.moh.gov.my/CodeSystem/procedure-code-my-core,CodeSystemProcedureCodeMyCore
6.01,Aspiration of thyroid field,Aspiration of thyroid field,http://fhir.hie.moh.gov.my/CodeSystem/procedure-code-my-core,CodeSystemProcedureCodeMyCore
6.02,Reopening of wound of thyroid field,Reopening of wound of thyroid field,http://fhir.hie.moh.gov.my/CodeSystem/procedure-code-my-core,CodeSystemProcedureCodeMyCore
6.09,Other incision of thyroid field,Other incision of thyroid field,http://fhir.hie.moh.gov.my/CodeSystem/procedure-code-my-core,CodeSystemProcedureCodeMyCore
6.11,Closed [percutaneous] [needle] biopsy of thyroid gland,Closed [percutaneous] [needle] biopsy of thyroid gland,http://fhir.hie.moh.gov.my/CodeSystem/procedure-code-my-core,CodeSystemProcedureCodeMyCore
6.12,Open biopsy of thyroid gland,Open biopsy of thyroid gland,http://fhir.hie.moh.gov.my/CodeSystem/procedure-code-my-core,CodeSystemProcedureCodeMyCore
6.13,Biopsy of parathyroid gland,Biopsy of parathyroid gland,http://fhir.hie.moh.gov.my/CodeSystem/procedure-code-my-core,CodeSystemProcedureCodeMyCore
6.19,Other diagnostic procedures on thyroid gland and parathyroid glands,Other diagnostic procedures on thyroid gland and parathyroid glands,http://fhir.hie.moh.gov.my/CodeSystem/procedure-code-my-core,CodeSystemProcedureCodeMyCore
6.31,Excision of lesion of thyroid,Excision of lesion of thyroid,http://fhir.hie.moh.gov.my/CodeSystem/procedure-code-my-core,CodeSystemProcedureCodeMyCore
6.39,Other partial thyroidectomy,Other partial thyroidectomy,http://fhir.hie.moh.gov.my/CodeSystem/procedure-code-my-core,CodeSystemProcedureCodeMyCore
6.51,Partial substernal thyroidectomy,Partial substernal thyroidectomy,http://fhir.hie.moh.gov.my/CodeSystem/procedure-code-my-core,CodeSystemProcedureCodeMyCore
6.52,Complete substernal thyroidectomy,Complete substernal thyroidectomy,http://fhir.hie.moh.gov.my/CodeSystem/procedure-code-my-core,CodeSystemProcedureCodeMyCore
6.81,Complete parathyroidectomy,Complete parathyroidectomy,http://fhir.hie.moh.gov.my/CodeSystem/procedure-code-my-core,CodeSystemProcedureCodeMyCore
6.89,Other parathyroidectomy,Other parathyroidectomy,http://fhir.hie.moh.gov.my/CodeSystem/procedure-code-my-core,CodeSystemProcedureCodeMyCore
6.91,Division of thyroid isthmus,Division of thyroid isthmus,http://fhir.hie.moh.gov.my/CodeSystem/procedure-code-my-core,CodeSystemProcedureCodeMyCore
6.92,Ligation of thyroid vessels,Ligation of thyroid vessels,http://fhir.hie.moh.gov.my/CodeSystem/procedure-code-my-core,CodeSystemProcedureCodeMyCore
6.93,Suture of thyroid gland,Suture of thyroid gland,http://fhir.hie.moh.gov.my/CodeSystem/procedure-code-my-core,CodeSystemProcedureCodeMyCore
6.94,Thyroid tissue reimplantation,Thyroid tissue reimplantation,http://fhir.hie.moh.gov.my/CodeSystem/procedure-code-my-core,CodeSystemProcedureCodeMyCore
6.95,Parathyroid tissue reimplantation,Parathyroid tissue reimplantation,http://fhir.hie.moh.gov.my/CodeSystem/procedure-code-my-core,CodeSystemProcedureCodeMyCore
6.98,Other operations on thyroid glands,Other operations on thyroid glands,http://fhir.hie.moh.gov.my/CodeSystem/procedure-code-my-core,CodeSystemProcedureCodeMyCore
6.99,Other operations on parathyroid glands,Other operations on parathyroid glands,http://fhir.hie.moh.gov.my/CodeSystem/procedure-code-my-core,CodeSystemProcedureCodeMyCore
7.01,Unilateral exploration of adrenal field,Unilateral exploration of adrenal field,http://fhir.hie.moh.gov.my/CodeSystem/procedure-code-my-core,CodeSystemProcedureCodeMyCore
7.02,Bilateral exploration of adrenal field,Bilateral exploration of adrenal field,http://fhir.hie.moh.gov.my/CodeSystem/procedure-code-my-core,CodeSystemProcedureCodeMyCore
7.11,Closed [percutaneous] [needle] biopsy of adrenal gland,Closed [percutaneous] [needle] biopsy of adrenal gland,http://fhir.hie.moh.gov.my/CodeSystem/procedure-code-my-core,CodeSystemProcedureCodeMyCore
7.12,Open biopsy of adrenal gland,Open biopsy of adrenal gland,http://fhir.hie.moh.gov.my/CodeSystem/procedure-code-my-core,CodeSystemProcedureCodeMyCore
7.13,"Biopsy of pituitary gland, transfrontal approach","Biopsy of pituitary gland, transfrontal approach",http://fhir.hie.moh.gov.my/CodeSystem/procedure-code-my-core,CodeSystemProcedureCodeMyCore
7.14,"Biopsy of pituitary gland, transspenoidal approach","Biopsy of pituitary gland, transspenoidal approach",http://fhir.hie.moh.gov.my/CodeSystem/procedure-code-my-core,CodeSystemProcedureCodeMyCore
7.15,"Biopsy of pituitary gland, unspecified approach","Biopsy of pituitary gland, unspecified approach",http://fhir.hie.moh.gov.my/CodeSystem/procedure-code-my-core,CodeSystemProcedureCodeMyCore
7.16,Biopsy of thymus,Biopsy of thymus,http://fhir.hie.moh.gov.my/CodeSystem/procedure-code-my-core,CodeSystemProcedureCodeMyCore
7.17,Biopsy of pineal gland,Biopsy of pineal gland,http://fhir.hie.moh.gov.my/CodeSystem/procedure-code-my-core,CodeSystemProcedureCodeMyCore
7.19,"Other diagnostic procedures on adrenal glands, pituitary gland, pineal gland, and thymus","Other diagnostic procedures on adrenal glands, pituitary gland, pineal gland, and thymus",http://fhir.hie.moh.gov.my/CodeSystem/procedure-code-my-core,CodeSystemProcedureCodeMyCore
7.21,Excision of lesion of adrenal gland,Excision of lesion of adrenal gland,http://fhir.hie.moh.gov.my/CodeSystem/procedure-code-my-core,CodeSystemProcedureCodeMyCore
7.22,Unilateral adrenalectomy,Unilateral adrenalectomy,http://fhir.hie.moh.gov.my/CodeSystem/procedure-code-my-core,CodeSystemProcedureCodeMyCore
7.29,Other partial adrenalectomy,Other partial adrenalectomy,http://fhir.hie.moh.gov.my/CodeSystem/procedure-code-my-core,CodeSystemProcedureCodeMyCore
7.41,Incision of adrenal gland,Incision of adrenal gland,http://fhir.hie.moh.gov.my/CodeSystem/procedure-code-my-core,CodeSystemProcedureCodeMyCore
7.42,Division of nerves to adrenal gland,Division of nerves to adrenal gland,http://fhir.hie.moh.gov.my/CodeSystem/procedure-code-my-core,CodeSystemProcedureCodeMyCore
7.43,Ligation of adrenal vessels,Ligation of adrenal vessels,http://fhir.hie.moh.gov.my/CodeSystem/procedure-code-my-core,CodeSystemProcedureCodeMyCore
7.44,Repair of adrenal glands,Repair of adrenal glands,http://fhir.hie.moh.gov.my/CodeSystem/procedure-code-my-core,CodeSystemProcedureCodeMyCore
7.45,Reimplantation of adrenal tissue,Reimplantation of adrenal tissue,http://fhir.hie.moh.gov.my/CodeSystem/procedure-code-my-core,CodeSystemProcedureCodeMyCore
7.49,"Other operations on adrenal glands, nerves, and vessels","Other operations on adrenal glands, nerves, and vessels",http://fhir.hie.moh.gov.my/CodeSystem/procedure-code-my-core,CodeSystemProcedureCodeMyCore
7.51,Exploration of pineal filed,Exploration of pineal filed,http://fhir.hie.moh.gov.my/CodeSystem/procedure-code-my-core,CodeSystemProcedureCodeMyCore
7.52,Incision of pineal gland,Incision of pineal gland,http://fhir.hie.moh.gov.my/CodeSystem/procedure-code-my-core,CodeSystemProcedureCodeMyCore
7.53,Partial excision of pineal gland,Partial excision of pineal gland,http://fhir.hie.moh.gov.my/CodeSystem/procedure-code-my-core,CodeSystemProcedureCodeMyCore
7.54,Total excision of pineal gland,Total excision of pineal gland,http://fhir.hie.moh.gov.my/CodeSystem/procedure-code-my-core,CodeSystemProcedureCodeMyCore
7.59,Other operations on pineal gland,Other operations on pineal gland,http://fhir.hie.moh.gov.my/CodeSystem/procedure-code-my-core,CodeSystemProcedureCodeMyCore
7.61,"Partial excision of pituitary gland, transfrontal approach","Partial excision of pituitary gland, transfrontal approach",http://fhir.hie.moh.gov.my/CodeSystem/procedure-code-my-core,CodeSystemProcedureCodeMyCore
7.62,"Partial excision of pituitary gland, transsphenoidal approach","Partial excision of pituitary gland, transsphenoidal approach",http://fhir.hie.moh.gov.my/CodeSystem/procedure-code-my-core,CodeSystemProcedureCodeMyCore
7.63,"Partial excision of pituitary gland, unspecified approach","Partial excision of pituitary gland, unspecified approach",http://fhir.hie.moh.gov.my/CodeSystem/procedure-code-my-core,CodeSystemProcedureCodeMyCore
7.64,"Total excision of pituitary gland, transfrontal approach","Total excision of pituitary gland, transfrontal approach",http://fhir.hie.moh.gov.my/CodeSystem/procedure-code-my-core,CodeSystemProcedureCodeMyCore
7.65,"Total excision of pituitary gland, transsphenoidal approach","Total excision of pituitary gland, transsphenoidal approach",http://fhir.hie.moh.gov.my/CodeSystem/procedure-code-my-core,CodeSystemProcedureCodeMyCore
7.68,"Total excision of pituitary gland, other specified approach","Total excision of pituitary gland, other specified approach",http://fhir.hie.moh.gov.my/CodeSystem/procedure-code-my-core,CodeSystemProcedureCodeMyCore
7.69,"Total excision of pituitary gland, unspecified approach","Total excision of pituitary gland, unspecified approach",http://fhir.hie.moh.gov.my/CodeSystem/procedure-code-my-core,CodeSystemProcedureCodeMyCore
7.71,Exploration of pituitary fossa,Exploration of pituitary fossa,http://fhir.hie.moh.gov.my/CodeSystem/procedure-code-my-core,CodeSystemProcedureCodeMyCore
7.72,Incision of pituitary gland,Incision of pituitary gland,http://fhir.hie.moh.gov.my/CodeSystem/procedure-code-my-core,CodeSystemProcedureCodeMyCore
7.79,Other operations on hypophysis,Other operations on hypophysis,http://fhir.hie.moh.gov.my/CodeSystem/procedure-code-my-core,CodeSystemProcedureCodeMyCore
7.81,Other partial excision of thymus,Other partial excision of thymus,http://fhir.hie.moh.gov.my/CodeSystem/procedure-code-my-core,CodeSystemProcedureCodeMyCore
7.82,Other total excision of thymus,Other total excision of thymus,http://fhir.hie.moh.gov.my/CodeSystem/procedure-code-my-core,CodeSystemProcedureCodeMyCore
7.83,Thoracoscopic partial excision of thymus,Thoracoscopic partial excision of thymus,http://fhir.hie.moh.gov.my/CodeSystem/procedure-code-my-core,CodeSystemProcedureCodeMyCore
7.84,Thoracoscopic total excision of thymus,Thoracoscopic total excision of thymus,http://fhir.hie.moh.gov.my/CodeSystem/procedure-code-my-core,CodeSystemProcedureCodeMyCore
7.91,Exploration of thymus field,Exploration of thymus field,http://fhir.hie.moh.gov.my/CodeSystem/procedure-code-my-core,CodeSystemProcedureCodeMyCore
7.92,Other incision of thymus,Other incision of thymus,http://fhir.hie.moh.gov.my/CodeSystem/procedure-code-my-core,CodeSystemProcedureCodeMyCore
7.93,Repair of thymus,Repair of thymus,http://fhir.hie.moh.gov.my/CodeSystem/procedure-code-my-core,CodeSystemProcedureCodeMyCore
7.94,Transplantation of thymus,Transplantation of thymus,http://fhir.hie.moh.gov.my/CodeSystem/procedure-code-my-core,CodeSystemProcedureCodeMyCore
7.95,Thoracoscopic incision of thymus,Thoracoscopic incision of thymus,http://fhir.hie.moh.gov.my/CodeSystem/procedure-code-my-core,CodeSystemProcedureCodeMyCore
7.98,Other and unspecified thoracoscopic operations on thymus,Other and unspecified thoracoscopic operations on thymus,http://fhir.hie.moh.gov.my/CodeSystem/procedure-code-my-core,CodeSystemProcedureCodeMyCore
7.99,Other and unspecified operations on thymus,Other and unspecified operations on thymus,http://fhir.hie.moh.gov.my/CodeSystem/procedure-code-my-core,CodeSystemProcedureCodeMyCore
8.01,Incision of lid margin,Incision of lid margin,http://fhir.hie.moh.gov.my/CodeSystem/procedure-code-my-core,CodeSystemProcedureCodeMyCore
8.02,Severing of blepharorrhaphy,Severing of blepharorrhaphy,http://fhir.hie.moh.gov.my/CodeSystem/procedure-code-my-core,CodeSystemProcedureCodeMyCore
8.09,Other incision of eyelid,Other incision of eyelid,http://fhir.hie.moh.gov.my/CodeSystem/procedure-code-my-core,CodeSystemProcedureCodeMyCore
8.11,Biopsy of eyelid,Biopsy of eyelid,http://fhir.hie.moh.gov.my/CodeSystem/procedure-code-my-core,CodeSystemProcedureCodeMyCore
8.19,Other diagnostic procedures on eyelid,Other diagnostic procedures on eyelid,http://fhir.hie.moh.gov.my/CodeSystem/procedure-code-my-core,CodeSystemProcedureCodeMyCore
8.21,Excision of chalazion,Excision of chalazion,http://fhir.hie.moh.gov.my/CodeSystem/procedure-code-my-core,CodeSystemProcedureCodeMyCore
8.22,Excision of other minor lesion of eyelid,Excision of other minor lesion of eyelid,http://fhir.hie.moh.gov.my/CodeSystem/procedure-code-my-core,CodeSystemProcedureCodeMyCore
8.23,"Exicision of major lesion of eyelid, partial thickness","Exicision of major lesion of eyelid, partial thickness",http://fhir.hie.moh.gov.my/CodeSystem/procedure-code-my-core,CodeSystemProcedureCodeMyCore
8.24,"Exicision of major lesion of eyelid, full-thickness","Exicision of major lesion of eyelid, full-thickness",http://fhir.hie.moh.gov.my/CodeSystem/procedure-code-my-core,CodeSystemProcedureCodeMyCore
8.25,Destruction of lesion of eyelid,Destruction of lesion of eyelid,http://fhir.hie.moh.gov.my/CodeSystem/procedure-code-my-core,CodeSystemProcedureCodeMyCore
8.31,Repair of blepharoptosis by frontalis muscle technique with suture,Repair of blepharoptosis by frontalis muscle technique with suture,http://fhir.hie.moh.gov.my/CodeSystem/procedure-code-my-core,CodeSystemProcedureCodeMyCore
8.32,Repair of blepharoptosis by frontalis muscle technique with fascial sling,Repair of blepharoptosis by frontalis muscle technique with fascial sling,http://fhir.hie.moh.gov.my/CodeSystem/procedure-code-my-core,CodeSystemProcedureCodeMyCore
8.33,Repair of blepharoptosis by resection or advancement of levator muscle or aponeurosis,Repair of blepharoptosis by resection or advancement of levator muscle or aponeurosis,http://fhir.hie.moh.gov.my/CodeSystem/procedure-code-my-core,CodeSystemProcedureCodeMyCore
8.34,Repair of blepharoptosis by other levator muscle techniques,Repair of blepharoptosis by other levator muscle techniques,http://fhir.hie.moh.gov.my/CodeSystem/procedure-code-my-core,CodeSystemProcedureCodeMyCore
8.35,Repair of blepharoptosis by tarsal technique,Repair of blepharoptosis by tarsal technique,http://fhir.hie.moh.gov.my/CodeSystem/procedure-code-my-core,CodeSystemProcedureCodeMyCore
8.36,Repair of blepharoptosis by other techniques,Repair of blepharoptosis by other techniques,http://fhir.hie.moh.gov.my/CodeSystem/procedure-code-my-core,CodeSystemProcedureCodeMyCore
8.37,Reduction of overcorrection of ptosis,Reduction of overcorrection of ptosis,http://fhir.hie.moh.gov.my/CodeSystem/procedure-code-my-core,CodeSystemProcedureCodeMyCore
8.38,Correction of lid retraction,Correction of lid retraction,http://fhir.hie.moh.gov.my/CodeSystem/procedure-code-my-core,CodeSystemProcedureCodeMyCore
8.41,Repair of entropion or ectropion by thermocauterization,Repair of entropion or ectropion by thermocauterization,http://fhir.hie.moh.gov.my/CodeSystem/procedure-code-my-core,CodeSystemProcedureCodeMyCore
8.42,Repair of entropion or ectropion by suture technique,Repair of entropion or ectropion by suture technique,http://fhir.hie.moh.gov.my/CodeSystem/procedure-code-my-core,CodeSystemProcedureCodeMyCore
8.43,Repair of entropion or ectropion with wedge resection,Repair of entropion or ectropion with wedge resection,http://fhir.hie.moh.gov.my/CodeSystem/procedure-code-my-core,CodeSystemProcedureCodeMyCore
8.44,Repair of entropion or ectropion with lid reconstruction,Repair of entropion or ectropion with lid reconstruction,http://fhir.hie.moh.gov.my/CodeSystem/procedure-code-my-core,CodeSystemProcedureCodeMyCore
8.49,Other repair of entropion or ectropion,Other repair of entropion or ectropion,http://fhir.hie.moh.gov.my/CodeSystem/procedure-code-my-core,CodeSystemProcedureCodeMyCore
8.51,Canthotomy,Canthotomy,http://fhir.hie.moh.gov.my/CodeSystem/procedure-code-my-core,CodeSystemProcedureCodeMyCore
8.52,Blepharorrhaphy,Blepharorrhaphy,http://fhir.hie.moh.gov.my/CodeSystem/procedure-code-my-core,CodeSystemProcedureCodeMyCore
8.59,Other adjustment of lid position,Other adjustment of lid position,http://fhir.hie.moh.gov.my/CodeSystem/procedure-code-my-core,CodeSystemProcedureCodeMyCore
8.61,Reconstruction of eyelid with skin flap or graft,Reconstruction of eyelid with skin flap or graft,http://fhir.hie.moh.gov.my/CodeSystem/procedure-code-my-core,CodeSystemProcedureCodeMyCore
8.62,Reconstruction of eyelid with mucous membrane flap or graft,Reconstruction of eyelid with mucous membrane flap or graft,http://fhir.hie.moh.gov.my/CodeSystem/procedure-code-my-core,CodeSystemProcedureCodeMyCore
8.63,Reconstruction of eyelid with hair follicle graft,Reconstruction of eyelid with hair follicle graft,http://fhir.hie.moh.gov.my/CodeSystem/procedure-code-my-core,CodeSystemProcedureCodeMyCore
8.64,Reconstruction of eyelid with tarsoconjunctival flap,Reconstruction of eyelid with tarsoconjunctival flap,http://fhir.hie.moh.gov.my/CodeSystem/procedure-code-my-core,CodeSystemProcedureCodeMyCore
8.69,Other reconstruction of eyelid with flaps or grafts,Other reconstruction of eyelid with flaps or grafts,http://fhir.hie.moh.gov.my/CodeSystem/procedure-code-my-core,CodeSystemProcedureCodeMyCore
8.71,"Reconstruction of eyelid involving lid margin, partial-thickness","Reconstruction of eyelid involving lid margin, partial-thickness",http://fhir.hie.moh.gov.my/CodeSystem/procedure-code-my-core,CodeSystemProcedureCodeMyCore
8.72,"Other reconstruction of eyelid, partial-thickness","Other reconstruction of eyelid, partial-thickness",http://fhir.hie.moh.gov.my/CodeSystem/procedure-code-my-core,CodeSystemProcedureCodeMyCore
8.73,"Reconstruction of eyelid involving lid margin, full-thickness","Reconstruction of eyelid involving lid margin, full-thickness",http://fhir.hie.moh.gov.my/CodeSystem/procedure-code-my-core,CodeSystemProcedureCodeMyCore
8.74,"Other reconstruction of eyelid, full-thickness","Other reconstruction of eyelid, full-thickness",http://fhir.hie.moh.gov.my/CodeSystem/procedure-code-my-core,CodeSystemProcedureCodeMyCore
8.81,Linear repair of laceration of eyelid or eyebrow,Linear repair of laceration of eyelid or eyebrow,http://fhir.hie.moh.gov.my/CodeSystem/procedure-code-my-core,CodeSystemProcedureCodeMyCore
8.82,"Repair of laceration involving lid margin, partial-thickness","Repair of laceration involving lid margin, partial-thickness",http://fhir.hie.moh.gov.my/CodeSystem/procedure-code-my-core,CodeSystemProcedureCodeMyCore
8.83,"Other repair of laceration of eyelid, partial-thickness","Other repair of laceration of eyelid, partial-thickness",http://fhir.hie.moh.gov.my/CodeSystem/procedure-code-my-core,CodeSystemProcedureCodeMyCore
8.84,"Repair of laceration involving lid margin, full-thickness","Repair of laceration involving lid margin, full-thickness",http://fhir.hie.moh.gov.my/CodeSystem/procedure-code-my-core,CodeSystemProcedureCodeMyCore
8.85,"Other repair of laceration of eyelid, full-thickness","Other repair of laceration of eyelid, full-thickness",http://fhir.hie.moh.gov.my/CodeSystem/procedure-code-my-core,CodeSystemProcedureCodeMyCore
8.86,Lower eyelid rhytidectomy,Lower eyelid rhytidectomy,http://fhir.hie.moh.gov.my/CodeSystem/procedure-code-my-core,CodeSystemProcedureCodeMyCore
8.87,Upper eyelid rhytidectomy,Upper eyelid rhytidectomy,http://fhir.hie.moh.gov.my/CodeSystem/procedure-code-my-core,CodeSystemProcedureCodeMyCore
8.89,Other eyelid repair,Other eyelid repair,http://fhir.hie.moh.gov.my/CodeSystem/procedure-code-my-core,CodeSystemProcedureCodeMyCore
8.91,Electrosurgical epilation of eyelid,Electrosurgical epilation of eyelid,http://fhir.hie.moh.gov.my/CodeSystem/procedure-code-my-core,CodeSystemProcedureCodeMyCore
8.92,Cryosurgical epilation of eyelid,Cryosurgical epilation of eyelid,http://fhir.hie.moh.gov.my/CodeSystem/procedure-code-my-core,CodeSystemProcedureCodeMyCore
8.93,Other epilation of eyelid,Other epilation of eyelid,http://fhir.hie.moh.gov.my/CodeSystem/procedure-code-my-core,CodeSystemProcedureCodeMyCore
8.99,Other operations on eyelids,Other operations on eyelids,http://fhir.hie.moh.gov.my/CodeSystem/procedure-code-my-core,CodeSystemProcedureCodeMyCore
9.11,Biopsy of lacrimal gland,Biopsy of lacrimal gland,http://fhir.hie.moh.gov.my/CodeSystem/procedure-code-my-core,CodeSystemProcedureCodeMyCore
9.12,Biopsy of lacrimal sac,Biopsy of lacrimal sac,http://fhir.hie.moh.gov.my/CodeSystem/procedure-code-my-core,CodeSystemProcedureCodeMyCore
9.19,Other diagnostic procedures on lacrimal system,Other diagnostic procedures on lacrimal system,http://fhir.hie.moh.gov.my/CodeSystem/procedure-code-my-core,CodeSystemProcedureCodeMyCore
9.21,Excision of lesion of lacrimal gland,Excision of lesion of lacrimal gland,http://fhir.hie.moh.gov.my/CodeSystem/procedure-code-my-core,CodeSystemProcedureCodeMyCore
9.22,Other partial dacryoadenectomy,Other partial dacryoadenectomy,http://fhir.hie.moh.gov.my/CodeSystem/procedure-code-my-core,CodeSystemProcedureCodeMyCore
9.23,Total dacryoadenectomy,Total dacryoadenectomy,http://fhir.hie.moh.gov.my/CodeSystem/procedure-code-my-core,CodeSystemProcedureCodeMyCore
9.41,Probing of lacrimal punctum,Probing of lacrimal punctum,http://fhir.hie.moh.gov.my/CodeSystem/procedure-code-my-core,CodeSystemProcedureCodeMyCore
9.42,Probing of lacrimal canaliculi,Probing of lacrimal canaliculi,http://fhir.hie.moh.gov.my/CodeSystem/procedure-code-my-core,CodeSystemProcedureCodeMyCore
9.43,Probing of nasolacrimal duct,Probing of nasolacrimal duct,http://fhir.hie.moh.gov.my/CodeSystem/procedure-code-my-core,CodeSystemProcedureCodeMyCore
9.44,Intubation of nasolacrimal duct,Intubation of nasolacrimal duct,http://fhir.hie.moh.gov.my/CodeSystem/procedure-code-my-core,CodeSystemProcedureCodeMyCore
9.49,Other manipulation of lacrimal passage,Other manipulation of lacrimal passage,http://fhir.hie.moh.gov.my/CodeSystem/procedure-code-my-core,CodeSystemProcedureCodeMyCore
9.51,Incision of lacrimal punctum,Incision of lacrimal punctum,http://fhir.hie.moh.gov.my/CodeSystem/procedure-code-my-core,CodeSystemProcedureCodeMyCore
9.52,Incision of lacrimal canaliculi,Incision of lacrimal canaliculi,http://fhir.hie.moh.gov.my/CodeSystem/procedure-code-my-core,CodeSystemProcedureCodeMyCore
9.53,Incision of lacrimal sac,Incision of lacrimal sac,http://fhir.hie.moh.gov.my/CodeSystem/procedure-code-my-core,CodeSystemProcedureCodeMyCore
9.59,Other incision of lacrimal passages,Other incision of lacrimal passages,http://fhir.hie.moh.gov.my/CodeSystem/procedure-code-my-core,CodeSystemProcedureCodeMyCore
9.71,Correction of everted punctum,Correction of everted punctum,http://fhir.hie.moh.gov.my/CodeSystem/procedure-code-my-core,CodeSystemProcedureCodeMyCore
9.72,Other repair of punctum,Other repair of punctum,http://fhir.hie.moh.gov.my/CodeSystem/procedure-code-my-core,CodeSystemProcedureCodeMyCore
9.73,Repair of canaliculus,Repair of canaliculus,http://fhir.hie.moh.gov.my/CodeSystem/procedure-code-my-core,CodeSystemProcedureCodeMyCore
9.81,Dacryocystorhinostomy [DCR],Dacryocystorhinostomy [DCR],http://fhir.hie.moh.gov.my/CodeSystem/procedure-code-my-core,CodeSystemProcedureCodeMyCore
9.82,Conjunctivocystorhinostomy,Conjunctivocystorhinostomy,http://fhir.hie.moh.gov.my/CodeSystem/procedure-code-my-core,CodeSystemProcedureCodeMyCore
9.83,Conjunctivocystorhinostomy with insertion of tube or stent,Conjunctivocystorhinostomy with insertion of tube or stent,http://fhir.hie.moh.gov.my/CodeSystem/procedure-code-my-core,CodeSystemProcedureCodeMyCore
9.91,Obliteration of lacrimal punctum,Obliteration of lacrimal punctum,http://fhir.hie.moh.gov.my/CodeSystem/procedure-code-my-core,CodeSystemProcedureCodeMyCore
9.99,Other operations on lacrimal system,Other operations on lacrimal system,http://fhir.hie.moh.gov.my/CodeSystem/procedure-code-my-core,CodeSystemProcedureCodeMyCore
10.21,Biopsy of conjunctiva,Biopsy of conjunctiva,http://fhir.hie.moh.gov.my/CodeSystem/procedure-code-my-core,CodeSystemProcedureCodeMyCore
10.29,Other diagnostic procedures on conjunctiva,Other diagnostic procedures on conjunctiva,http://fhir.hie.moh.gov.my/CodeSystem/procedure-code-my-core,CodeSystemProcedureCodeMyCore
10.31,Excision of lesion or tissue of conjunctiva,Excision of lesion or tissue of conjunctiva,http://fhir.hie.moh.gov.my/CodeSystem/procedure-code-my-core,CodeSystemProcedureCodeMyCore
10.32,Destruction of lesion of conjunctiva,Destruction of lesion of conjunctiva,http://fhir.hie.moh.gov.my/CodeSystem/procedure-code-my-core,CodeSystemProcedureCodeMyCore
10.33,Other destructive procedures on conjunctiva,Other destructive procedures on conjunctiva,http://fhir.hie.moh.gov.my/CodeSystem/procedure-code-my-core,CodeSystemProcedureCodeMyCore
10.41,Repair of symblepharon with free graft,Repair of symblepharon with free graft,http://fhir.hie.moh.gov.my/CodeSystem/procedure-code-my-core,CodeSystemProcedureCodeMyCore
10.42,Reconstruction of conjunctival cul-de-sac with free graft,Reconstruction of conjunctival cul-de-sac with free graft,http://fhir.hie.moh.gov.my/CodeSystem/procedure-code-my-core,CodeSystemProcedureCodeMyCore
10.43,Other reconstruction of conjunctival cul-de-sac,Other reconstruction of conjunctival cul-de-sac,http://fhir.hie.moh.gov.my/CodeSystem/procedure-code-my-core,CodeSystemProcedureCodeMyCore
10.44,Other free graft to conjunctiva,Other free graft to conjunctiva,http://fhir.hie.moh.gov.my/CodeSystem/procedure-code-my-core,CodeSystemProcedureCodeMyCore
10.49,Other conjunctivoplasty,Other conjunctivoplasty,http://fhir.hie.moh.gov.my/CodeSystem/procedure-code-my-core,CodeSystemProcedureCodeMyCore
10.91,Subconjunctival injection,Subconjunctival injection,http://fhir.hie.moh.gov.my/CodeSystem/procedure-code-my-core,CodeSystemProcedureCodeMyCore
10.99,Other operations of conjunctiva,Other operations of conjunctiva,http://fhir.hie.moh.gov.my/CodeSystem/procedure-code-my-core,CodeSystemProcedureCodeMyCore
11.21,Scraping of cornea for smear or culture,Scraping of cornea for smear or culture,http://fhir.hie.moh.gov.my/CodeSystem/procedure-code-my-core,CodeSystemProcedureCodeMyCore
11.22,Biopsy of cornea,Biopsy of cornea,http://fhir.hie.moh.gov.my/CodeSystem/procedure-code-my-core,CodeSystemProcedureCodeMyCore
11.29,Other diagnostic procedures on cornea,Other diagnostic procedures on cornea,http://fhir.hie.moh.gov.my/CodeSystem/procedure-code-my-core,CodeSystemProcedureCodeMyCore
11.31,Transposition of pterygium,Transposition of pterygium,http://fhir.hie.moh.gov.my/CodeSystem/procedure-code-my-core,CodeSystemProcedureCodeMyCore
11.32,Excision of pterygium with corneal graft,Excision of pterygium with corneal graft,http://fhir.hie.moh.gov.my/CodeSystem/procedure-code-my-core,CodeSystemProcedureCodeMyCore
11.39,Other excision of pterygium,Other excision of pterygium,http://fhir.hie.moh.gov.my/CodeSystem/procedure-code-my-core,CodeSystemProcedureCodeMyCore
11.41,Mechanical removal of corneal epithelium,Mechanical removal of corneal epithelium,http://fhir.hie.moh.gov.my/CodeSystem/procedure-code-my-core,CodeSystemProcedureCodeMyCore
11.42,Thermocauterization of corneal lesion,Thermocauterization of corneal lesion,http://fhir.hie.moh.gov.my/CodeSystem/procedure-code-my-core,CodeSystemProcedureCodeMyCore
11.43,Cryotherapy of corneal lesion,Cryotherapy of corneal lesion,http://fhir.hie.moh.gov.my/CodeSystem/procedure-code-my-core,CodeSystemProcedureCodeMyCore
11.49,Other removal or destruction of corneal lesion,Other removal or destruction of corneal lesion,http://fhir.hie.moh.gov.my/CodeSystem/procedure-code-my-core,CodeSystemProcedureCodeMyCore
11.51,Suture of corneal laceration,Suture of corneal laceration,http://fhir.hie.moh.gov.my/CodeSystem/procedure-code-my-core,CodeSystemProcedureCodeMyCore
11.52,Repair of postoperative wound dehiscence of cornea,Repair of postoperative wound dehiscence of cornea,http://fhir.hie.moh.gov.my/CodeSystem/procedure-code-my-core,CodeSystemProcedureCodeMyCore
11.53,Repair of corneal laceration or wound with conjunctival flap,Repair of corneal laceration or wound with conjunctival flap,http://fhir.hie.moh.gov.my/CodeSystem/procedure-code-my-core,CodeSystemProcedureCodeMyCore
11.59,Other repair of cornea,Other repair of cornea,http://fhir.hie.moh.gov.my/CodeSystem/procedure-code-my-core,CodeSystemProcedureCodeMyCore
11.61,Lamellar keratoplasty with autograft,Lamellar keratoplasty with autograft,http://fhir.hie.moh.gov.my/CodeSystem/procedure-code-my-core,CodeSystemProcedureCodeMyCore
11.62,Other lamellar keratoplasty,Other lamellar keratoplasty,http://fhir.hie.moh.gov.my/CodeSystem/procedure-code-my-core,CodeSystemProcedureCodeMyCore
11.63,Penetrating keratoplasty with autograft,Penetrating keratoplasty with autograft,http://fhir.hie.moh.gov.my/CodeSystem/procedure-code-my-core,CodeSystemProcedureCodeMyCore
11.64,Other penetrating keratoplasty,Other penetrating keratoplasty,http://fhir.hie.moh.gov.my/CodeSystem/procedure-code-my-core,CodeSystemProcedureCodeMyCore
11.69,Other corneal transplant,Other corneal transplant,http://fhir.hie.moh.gov.my/CodeSystem/procedure-code-my-core,CodeSystemProcedureCodeMyCore
11.71,Keratomileusis,Keratomileusis,http://fhir.hie.moh.gov.my/CodeSystem/procedure-code-my-core,CodeSystemProcedureCodeMyCore
11.72,Keratophakia,Keratophakia,http://fhir.hie.moh.gov.my/CodeSystem/procedure-code-my-core,CodeSystemProcedureCodeMyCore
11.73,Keratoprosthesis,Keratoprosthesis,http://fhir.hie.moh.gov.my/CodeSystem/procedure-code-my-core,CodeSystemProcedureCodeMyCore
11.74,Thermokeratoplasty,Thermokeratoplasty,http://fhir.hie.moh.gov.my/CodeSystem/procedure-code-my-core,CodeSystemProcedureCodeMyCore
11.75,Radial keratotomy,Radial keratotomy,http://fhir.hie.moh.gov.my/CodeSystem/procedure-code-my-core,CodeSystemProcedureCodeMyCore
11.76,Epikeratophakia,Epikeratophakia,http://fhir.hie.moh.gov.my/CodeSystem/procedure-code-my-core,CodeSystemProcedureCodeMyCore
11.79,Other reconstructive and refractive surgery on cornea,Other reconstructive and refractive surgery on cornea,http://fhir.hie.moh.gov.my/CodeSystem/procedure-code-my-core,CodeSystemProcedureCodeMyCore
11.91,Tattooing of cornea,Tattooing of cornea,http://fhir.hie.moh.gov.my/CodeSystem/procedure-code-my-core,CodeSystemProcedureCodeMyCore
11.92,Removal of artificial implant from cornea,Removal of artificial implant from cornea,http://fhir.hie.moh.gov.my/CodeSystem/procedure-code-my-core,CodeSystemProcedureCodeMyCore
11.99,Other operations on cornea,Other operations on cornea,http://fhir.hie.moh.gov.my/CodeSystem/procedure-code-my-core,CodeSystemProcedureCodeMyCore
21.02,Control of epistaxis by posterior (and anterior) packing,Control of epistaxis by posterior (and anterior) packing,http://fhir.hie.moh.gov.my/CodeSystem/procedure-code-my-core,CodeSystemProcedureCodeMyCore
12.01,Removal of intraocular foreign body from anterior segment of eye with use of magnet,Removal of intraocular foreign body from anterior segment of eye with use of magnet,http://fhir.hie.moh.gov.my/CodeSystem/procedure-code-my-core,CodeSystemProcedureCodeMyCore
12.02,Removal of intraocular foreign body from anterior segment of eye without use of magnet,Removal of intraocular foreign body from anterior segment of eye without use of magnet,http://fhir.hie.moh.gov.my/CodeSystem/procedure-code-my-core,CodeSystemProcedureCodeMyCore
12.11,Iridotomy with transfixion,Iridotomy with transfixion,http://fhir.hie.moh.gov.my/CodeSystem/procedure-code-my-core,CodeSystemProcedureCodeMyCore
12.12,Other iridotomy,Other iridotomy,http://fhir.hie.moh.gov.my/CodeSystem/procedure-code-my-core,CodeSystemProcedureCodeMyCore
12.13,Excision of prolapsed iris,Excision of prolapsed iris,http://fhir.hie.moh.gov.my/CodeSystem/procedure-code-my-core,CodeSystemProcedureCodeMyCore
12.14,Other iridectomy,Other iridectomy,http://fhir.hie.moh.gov.my/CodeSystem/procedure-code-my-core,CodeSystemProcedureCodeMyCore
12.21,Diagnostic aspiration of anterior chamber of eye,Diagnostic aspiration of anterior chamber of eye,http://fhir.hie.moh.gov.my/CodeSystem/procedure-code-my-core,CodeSystemProcedureCodeMyCore
12.22,Biopsy of iris,Biopsy of iris,http://fhir.hie.moh.gov.my/CodeSystem/procedure-code-my-core,CodeSystemProcedureCodeMyCore
12.29,"Other diagnostic procedures on iris, ciliary body, sclera, and anterior chamber","Other diagnostic procedures on iris, ciliary body, sclera, and anterior chamber",http://fhir.hie.moh.gov.my/CodeSystem/procedure-code-my-core,CodeSystemProcedureCodeMyCore
12.31,Lysis of goniosynechiae,Lysis of goniosynechiae,http://fhir.hie.moh.gov.my/CodeSystem/procedure-code-my-core,CodeSystemProcedureCodeMyCore
12.32,Lysis of other anterior synechiae,Lysis of other anterior synechiae,http://fhir.hie.moh.gov.my/CodeSystem/procedure-code-my-core,CodeSystemProcedureCodeMyCore
12.33,Lysis of posterior synechiae,Lysis of posterior synechiae,http://fhir.hie.moh.gov.my/CodeSystem/procedure-code-my-core,CodeSystemProcedureCodeMyCore
12.34,Lysis of corneovitreal adhesions,Lysis of corneovitreal adhesions,http://fhir.hie.moh.gov.my/CodeSystem/procedure-code-my-core,CodeSystemProcedureCodeMyCore
12.35,Coreoplasty,Coreoplasty,http://fhir.hie.moh.gov.my/CodeSystem/procedure-code-my-core,CodeSystemProcedureCodeMyCore
12.39,Other iridoplasty,Other iridoplasty,http://fhir.hie.moh.gov.my/CodeSystem/procedure-code-my-core,CodeSystemProcedureCodeMyCore
12.41,"Destruction of lesion of iris, nonexcisional","Destruction of lesion of iris, nonexcisional",http://fhir.hie.moh.gov.my/CodeSystem/procedure-code-my-core,CodeSystemProcedureCodeMyCore
12.42,Excision of lesion of iris,Excision of lesion of iris,http://fhir.hie.moh.gov.my/CodeSystem/procedure-code-my-core,CodeSystemProcedureCodeMyCore
12.43,"Destruction of lesion of ciliary body, nonexcisional","Destruction of lesion of ciliary body, nonexcisional",http://fhir.hie.moh.gov.my/CodeSystem/procedure-code-my-core,CodeSystemProcedureCodeMyCore
12.44,Excision of lesion of ciliary body,Excision of lesion of ciliary body,http://fhir.hie.moh.gov.my/CodeSystem/procedure-code-my-core,CodeSystemProcedureCodeMyCore
12.51,Goniopuncture without goniotomy,Goniopuncture without goniotomy,http://fhir.hie.moh.gov.my/CodeSystem/procedure-code-my-core,CodeSystemProcedureCodeMyCore
12.52,Goniotomy without goniopuncture,Goniotomy without goniopuncture,http://fhir.hie.moh.gov.my/CodeSystem/procedure-code-my-core,CodeSystemProcedureCodeMyCore
12.53,Goniotomy with goniopuncture,Goniotomy with goniopuncture,http://fhir.hie.moh.gov.my/CodeSystem/procedure-code-my-core,CodeSystemProcedureCodeMyCore
12.54,Trabeculotomy ab externo,Trabeculotomy ab externo,http://fhir.hie.moh.gov.my/CodeSystem/procedure-code-my-core,CodeSystemProcedureCodeMyCore
12.55,Cyclodialysis,Cyclodialysis,http://fhir.hie.moh.gov.my/CodeSystem/procedure-code-my-core,CodeSystemProcedureCodeMyCore
12.59,Other facilitation of intraocular circulation,Other facilitation of intraocular circulation,http://fhir.hie.moh.gov.my/CodeSystem/procedure-code-my-core,CodeSystemProcedureCodeMyCore
12.61,Trephination of sclera with iridectomy,Trephination of sclera with iridectomy,http://fhir.hie.moh.gov.my/CodeSystem/procedure-code-my-core,CodeSystemProcedureCodeMyCore
12.62,Thermocauterization of sclera with iridectomy,Thermocauterization of sclera with iridectomy,http://fhir.hie.moh.gov.my/CodeSystem/procedure-code-my-core,CodeSystemProcedureCodeMyCore
12.63,Iridencleisis and iridotasis,Iridencleisis and iridotasis,http://fhir.hie.moh.gov.my/CodeSystem/procedure-code-my-core,CodeSystemProcedureCodeMyCore
12.64,Trabeculectomy ab externo,Trabeculectomy ab externo,http://fhir.hie.moh.gov.my/CodeSystem/procedure-code-my-core,CodeSystemProcedureCodeMyCore
12.65,Other scleral fistulization with iridectomy,Other scleral fistulization with iridectomy,http://fhir.hie.moh.gov.my/CodeSystem/procedure-code-my-core,CodeSystemProcedureCodeMyCore
12.66,Postoperative revision of scleral fistulization procedure,Postoperative revision of scleral fistulization procedure,http://fhir.hie.moh.gov.my/CodeSystem/procedure-code-my-core,CodeSystemProcedureCodeMyCore
12.67,Insertion of aqueous drainage device,Insertion of aqueous drainage device,http://fhir.hie.moh.gov.my/CodeSystem/procedure-code-my-core,CodeSystemProcedureCodeMyCore
12.69,Other fistulizing procedure,Other fistulizing procedure,http://fhir.hie.moh.gov.my/CodeSystem/procedure-code-my-core,CodeSystemProcedureCodeMyCore
12.71,Cyclodiathermy,Cyclodiathermy,http://fhir.hie.moh.gov.my/CodeSystem/procedure-code-my-core,CodeSystemProcedureCodeMyCore
12.72,Cyclocryotherapy,Cyclocryotherapy,http://fhir.hie.moh.gov.my/CodeSystem/procedure-code-my-core,CodeSystemProcedureCodeMyCore
12.73,Cyclophotocoagulation,Cyclophotocoagulation,http://fhir.hie.moh.gov.my/CodeSystem/procedure-code-my-core,CodeSystemProcedureCodeMyCore
12.74,"Diminution of ciliary body, not otherwise specified","Diminution of ciliary body, not otherwise specified",http://fhir.hie.moh.gov.my/CodeSystem/procedure-code-my-core,CodeSystemProcedureCodeMyCore
12.79,Other glaucoma procedures,Other glaucoma procedures,http://fhir.hie.moh.gov.my/CodeSystem/procedure-code-my-core,CodeSystemProcedureCodeMyCore
12.81,Suture of laceration of sclera,Suture of laceration of sclera,http://fhir.hie.moh.gov.my/CodeSystem/procedure-code-my-core,CodeSystemProcedureCodeMyCore
12.82,Repair of scleral fistula,Repair of scleral fistula,http://fhir.hie.moh.gov.my/CodeSystem/procedure-code-my-core,CodeSystemProcedureCodeMyCore
12.83,"Revision of operative wound of anterior segment, not elsewhere classified","Revision of operative wound of anterior segment, not elsewhere classified",http://fhir.hie.moh.gov.my/CodeSystem/procedure-code-my-core,CodeSystemProcedureCodeMyCore
12.84,Excision or destruction of lesion of sclera,Excision or destruction of lesion of sclera,http://fhir.hie.moh.gov.my/CodeSystem/procedure-code-my-core,CodeSystemProcedureCodeMyCore
12.85,Repair of scleral staphyloma with graft,Repair of scleral staphyloma with graft,http://fhir.hie.moh.gov.my/CodeSystem/procedure-code-my-core,CodeSystemProcedureCodeMyCore
12.86,Other repair of scleral staphyloma,Other repair of scleral staphyloma,http://fhir.hie.moh.gov.my/CodeSystem/procedure-code-my-core,CodeSystemProcedureCodeMyCore
12.87,Scleral reinforcement with graft,Scleral reinforcement with graft,http://fhir.hie.moh.gov.my/CodeSystem/procedure-code-my-core,CodeSystemProcedureCodeMyCore
12.88,Other scleral reinforcement,Other scleral reinforcement,http://fhir.hie.moh.gov.my/CodeSystem/procedure-code-my-core,CodeSystemProcedureCodeMyCore
12.89,Other operations on sclera,Other operations on sclera,http://fhir.hie.moh.gov.my/CodeSystem/procedure-code-my-core,CodeSystemProcedureCodeMyCore
12.91,Therapeutic evacuation of anterior chamber,Therapeutic evacuation of anterior chamber,http://fhir.hie.moh.gov.my/CodeSystem/procedure-code-my-core,CodeSystemProcedureCodeMyCore
12.92,Injection into anterior chamber,Injection into anterior chamber,http://fhir.hie.moh.gov.my/CodeSystem/procedure-code-my-core,CodeSystemProcedureCodeMyCore
12.93,Removal or destruction of epithelial downgrowth from anterior chamber,Removal or destruction of epithelial downgrowth from anterior chamber,http://fhir.hie.moh.gov.my/CodeSystem/procedure-code-my-core,CodeSystemProcedureCodeMyCore
12.97,Other operations on iris,Other operations on iris,http://fhir.hie.moh.gov.my/CodeSystem/procedure-code-my-core,CodeSystemProcedureCodeMyCore
12.98,Other operations on ciliary body,Other operations on ciliary body,http://fhir.hie.moh.gov.my/CodeSystem/procedure-code-my-core,CodeSystemProcedureCodeMyCore
12.99,Other operations on anterior chamber,Other operations on anterior chamber,http://fhir.hie.moh.gov.my/CodeSystem/procedure-code-my-core,CodeSystemProcedureCodeMyCore
13.01,Removal of foreign body from lens with use of magnet,Removal of foreign body from lens with use of magnet,http://fhir.hie.moh.gov.my/CodeSystem/procedure-code-my-core,CodeSystemProcedureCodeMyCore
13.02,Removal of foreign body from lens without use of magnet,Removal of foreign body from lens without use of magnet,http://fhir.hie.moh.gov.my/CodeSystem/procedure-code-my-core,CodeSystemProcedureCodeMyCore
13.11,Intracapsular extraction of lens by temporal inferior route,Intracapsular extraction of lens by temporal inferior route,http://fhir.hie.moh.gov.my/CodeSystem/procedure-code-my-core,CodeSystemProcedureCodeMyCore
13.19,Other intracapsular extraction of lens,Other intracapsular extraction of lens,http://fhir.hie.moh.gov.my/CodeSystem/procedure-code-my-core,CodeSystemProcedureCodeMyCore
13.41,Phacoemulsification and aspiration of cataract,Phacoemulsification and aspiration of cataract,http://fhir.hie.moh.gov.my/CodeSystem/procedure-code-my-core,CodeSystemProcedureCodeMyCore
13.42,Mechanical phacofragmentation and aspiration of cataract by posterior route,Mechanical phacofragmentation and aspiration of cataract by posterior route,http://fhir.hie.moh.gov.my/CodeSystem/procedure-code-my-core,CodeSystemProcedureCodeMyCore
13.43,Mechanical phacofragmentation and other aspiration of cataract,Mechanical phacofragmentation and other aspiration of cataract,http://fhir.hie.moh.gov.my/CodeSystem/procedure-code-my-core,CodeSystemProcedureCodeMyCore
13.51,Extracapsular extraction of lens by temporal inferior route,Extracapsular extraction of lens by temporal inferior route,http://fhir.hie.moh.gov.my/CodeSystem/procedure-code-my-core,CodeSystemProcedureCodeMyCore
13.59,Other extracapsular extraction of lens,Other extracapsular extraction of lens,http://fhir.hie.moh.gov.my/CodeSystem/procedure-code-my-core,CodeSystemProcedureCodeMyCore
13.64,Discission of secondary membrane [after cataract],Discission of secondary membrane [after cataract],http://fhir.hie.moh.gov.my/CodeSystem/procedure-code-my-core,CodeSystemProcedureCodeMyCore
13.65,Excision of secondary membrane [after cataract],Excision of secondary membrane [after cataract],http://fhir.hie.moh.gov.my/CodeSystem/procedure-code-my-core,CodeSystemProcedureCodeMyCore
13.66,Mechanical fragmentation of secondary membrane [after cataract],Mechanical fragmentation of secondary membrane [after cataract],http://fhir.hie.moh.gov.my/CodeSystem/procedure-code-my-core,CodeSystemProcedureCodeMyCore
13.69,Other cataract extraction,Other cataract extraction,http://fhir.hie.moh.gov.my/CodeSystem/procedure-code-my-core,CodeSystemProcedureCodeMyCore
13.71,"Insertion of intraocular lens prosthesis at time of cataract extraction, one stage","Insertion of intraocular lens prosthesis at time of cataract extraction, one stage",http://fhir.hie.moh.gov.my/CodeSystem/procedure-code-my-core,CodeSystemProcedureCodeMyCore
13.72,Secondary insertion of intraocular lens prosthesis,Secondary insertion of intraocular lens prosthesis,http://fhir.hie.moh.gov.my/CodeSystem/procedure-code-my-core,CodeSystemProcedureCodeMyCore
13.91,Implantation of intraocular telescope prosthesis,Implantation of intraocular telescope prosthesis,http://fhir.hie.moh.gov.my/CodeSystem/procedure-code-my-core,CodeSystemProcedureCodeMyCore
14.01,Removal of foreign body from posterior segment of eye with use of magnet,Removal of foreign body from posterior segment of eye with use of magnet,http://fhir.hie.moh.gov.my/CodeSystem/procedure-code-my-core,CodeSystemProcedureCodeMyCore
14.02,Removal of foreign body from posterior segment of eye without use of magnet,Removal of foreign body from posterior segment of eye without use of magnet,http://fhir.hie.moh.gov.my/CodeSystem/procedure-code-my-core,CodeSystemProcedureCodeMyCore
14.11,Diagnostic aspiration of vitreous,Diagnostic aspiration of vitreous,http://fhir.hie.moh.gov.my/CodeSystem/procedure-code-my-core,CodeSystemProcedureCodeMyCore
14.19,"Other diagnostic procedures on retina, choroid, vitreous, and posterior chamber","Other diagnostic procedures on retina, choroid, vitreous, and posterior chamber",http://fhir.hie.moh.gov.my/CodeSystem/procedure-code-my-core,CodeSystemProcedureCodeMyCore
14.21,Destruction of chorioretinal lesion by diathermy,Destruction of chorioretinal lesion by diathermy,http://fhir.hie.moh.gov.my/CodeSystem/procedure-code-my-core,CodeSystemProcedureCodeMyCore
14.22,Destruction of chorioretinal lesion by cryotherapy,Destruction of chorioretinal lesion by cryotherapy,http://fhir.hie.moh.gov.my/CodeSystem/procedure-code-my-core,CodeSystemProcedureCodeMyCore
14.23,Destruction of chorioretinal lesion by xenon arc photocoagulation,Destruction of chorioretinal lesion by xenon arc photocoagulation,http://fhir.hie.moh.gov.my/CodeSystem/procedure-code-my-core,CodeSystemProcedureCodeMyCore
14.24,Destruction of chorioretinal lesion by laser photocoagulation,Destruction of chorioretinal lesion by laser photocoagulation,http://fhir.hie.moh.gov.my/CodeSystem/procedure-code-my-core,CodeSystemProcedureCodeMyCore
14.25,Destruction of chorioretinal lesion by photocoagulation of unspecified type,Destruction of chorioretinal lesion by photocoagulation of unspecified type,http://fhir.hie.moh.gov.my/CodeSystem/procedure-code-my-core,CodeSystemProcedureCodeMyCore
14.26,Destruction of chorioretinal lesion by radiation therapy,Destruction of chorioretinal lesion by radiation therapy,http://fhir.hie.moh.gov.my/CodeSystem/procedure-code-my-core,CodeSystemProcedureCodeMyCore
14.27,Destruction of chorioretinal lesion by implantation of radiation source,Destruction of chorioretinal lesion by implantation of radiation source,http://fhir.hie.moh.gov.my/CodeSystem/procedure-code-my-core,CodeSystemProcedureCodeMyCore
14.29,Other destruction of chorioretinal lesion,Other destruction of chorioretinal lesion,http://fhir.hie.moh.gov.my/CodeSystem/procedure-code-my-core,CodeSystemProcedureCodeMyCore
14.31,Repair of retinal tear by diathermy,Repair of retinal tear by diathermy,http://fhir.hie.moh.gov.my/CodeSystem/procedure-code-my-core,CodeSystemProcedureCodeMyCore
14.32,Repair of retinal tear by cryotherapy,Repair of retinal tear by cryotherapy,http://fhir.hie.moh.gov.my/CodeSystem/procedure-code-my-core,CodeSystemProcedureCodeMyCore
14.33,Repair of retinal tear by xenon arc photocoagulation,Repair of retinal tear by xenon arc photocoagulation,http://fhir.hie.moh.gov.my/CodeSystem/procedure-code-my-core,CodeSystemProcedureCodeMyCore
14.34,Repair of retinal tear by laser photocoagulation,Repair of retinal tear by laser photocoagulation,http://fhir.hie.moh.gov.my/CodeSystem/procedure-code-my-core,CodeSystemProcedureCodeMyCore
14.35,Repair of retinal tear by photocoagulation of unspecified type,Repair of retinal tear by photocoagulation of unspecified type,http://fhir.hie.moh.gov.my/CodeSystem/procedure-code-my-core,CodeSystemProcedureCodeMyCore
14.39,Other repair of retinal tear,Other repair of retinal tear,http://fhir.hie.moh.gov.my/CodeSystem/procedure-code-my-core,CodeSystemProcedureCodeMyCore
14.41,Scleral buckling with implant,Scleral buckling with implant,http://fhir.hie.moh.gov.my/CodeSystem/procedure-code-my-core,CodeSystemProcedureCodeMyCore
14.49,Other scleral buckling,Other scleral buckling,http://fhir.hie.moh.gov.my/CodeSystem/procedure-code-my-core,CodeSystemProcedureCodeMyCore
14.51,Repair of retinal detachment with diathermy,Repair of retinal detachment with diathermy,http://fhir.hie.moh.gov.my/CodeSystem/procedure-code-my-core,CodeSystemProcedureCodeMyCore
14.52,Repair of retinal detachment with cryotherapy,Repair of retinal detachment with cryotherapy,http://fhir.hie.moh.gov.my/CodeSystem/procedure-code-my-core,CodeSystemProcedureCodeMyCore
14.53,Repair of retinal detachment with xenon arc photocoagulation,Repair of retinal detachment with xenon arc photocoagulation,http://fhir.hie.moh.gov.my/CodeSystem/procedure-code-my-core,CodeSystemProcedureCodeMyCore
14.54,Repair of retinal detachment with laser photocoagulation,Repair of retinal detachment with laser photocoagulation,http://fhir.hie.moh.gov.my/CodeSystem/procedure-code-my-core,CodeSystemProcedureCodeMyCore
14.55,Repair of retinal detachment with photocoagulation of unspecified type,Repair of retinal detachment with photocoagulation of unspecified type,http://fhir.hie.moh.gov.my/CodeSystem/procedure-code-my-core,CodeSystemProcedureCodeMyCore
14.59,Other repair of retinal detachment,Other repair of retinal detachment,http://fhir.hie.moh.gov.my/CodeSystem/procedure-code-my-core,CodeSystemProcedureCodeMyCore
14.71,"Removal of vitreous, anterior approach","Removal of vitreous, anterior approach",http://fhir.hie.moh.gov.my/CodeSystem/procedure-code-my-core,CodeSystemProcedureCodeMyCore
14.72,Other removal of vitreous,Other removal of vitreous,http://fhir.hie.moh.gov.my/CodeSystem/procedure-code-my-core,CodeSystemProcedureCodeMyCore
14.73,Mechanical vitrectomy by anterior approach,Mechanical vitrectomy by anterior approach,http://fhir.hie.moh.gov.my/CodeSystem/procedure-code-my-core,CodeSystemProcedureCodeMyCore
14.74,Other mechanical vitrectomy,Other mechanical vitrectomy,http://fhir.hie.moh.gov.my/CodeSystem/procedure-code-my-core,CodeSystemProcedureCodeMyCore
14.75,Injection of vitreous substitute,Injection of vitreous substitute,http://fhir.hie.moh.gov.my/CodeSystem/procedure-code-my-core,CodeSystemProcedureCodeMyCore
14.79,Other operations on vitreous,Other operations on vitreous,http://fhir.hie.moh.gov.my/CodeSystem/procedure-code-my-core,CodeSystemProcedureCodeMyCore
15.01,Biopsy of extraocular muscle or tendon,Biopsy of extraocular muscle or tendon,http://fhir.hie.moh.gov.my/CodeSystem/procedure-code-my-core,CodeSystemProcedureCodeMyCore
15.09,Other diagnostic procedures on extraocular muscles and tendons,Other diagnostic procedures on extraocular muscles and tendons,http://fhir.hie.moh.gov.my/CodeSystem/procedure-code-my-core,CodeSystemProcedureCodeMyCore
15.11,Recession of one extraocular muscle,Recession of one extraocular muscle,http://fhir.hie.moh.gov.my/CodeSystem/procedure-code-my-core,CodeSystemProcedureCodeMyCore
15.12,Advancement of one extraocular muscle,Advancement of one extraocular muscle,http://fhir.hie.moh.gov.my/CodeSystem/procedure-code-my-core,CodeSystemProcedureCodeMyCore
15.13,Resection of one extraocular muscle,Resection of one extraocular muscle,http://fhir.hie.moh.gov.my/CodeSystem/procedure-code-my-core,CodeSystemProcedureCodeMyCore
15.19,Other operations on one extraocular muscle involving temporary detachment from globe,Other operations on one extraocular muscle involving temporary detachment from globe,http://fhir.hie.moh.gov.my/CodeSystem/procedure-code-my-core,CodeSystemProcedureCodeMyCore
15.21,Lengthening procedure on one extraocular muscle,Lengthening procedure on one extraocular muscle,http://fhir.hie.moh.gov.my/CodeSystem/procedure-code-my-core,CodeSystemProcedureCodeMyCore
15.22,Shortening procedure on one extraocular muscle,Shortening procedure on one extraocular muscle,http://fhir.hie.moh.gov.my/CodeSystem/procedure-code-my-core,CodeSystemProcedureCodeMyCore
15.29,Other operations on one extraocular muscle,Other operations on one extraocular muscle,http://fhir.hie.moh.gov.my/CodeSystem/procedure-code-my-core,CodeSystemProcedureCodeMyCore
16.01,Orbitotomy with bone flap,Orbitotomy with bone flap,http://fhir.hie.moh.gov.my/CodeSystem/procedure-code-my-core,CodeSystemProcedureCodeMyCore
16.02,Orbitotomy with insertion of orbital implant,Orbitotomy with insertion of orbital implant,http://fhir.hie.moh.gov.my/CodeSystem/procedure-code-my-core,CodeSystemProcedureCodeMyCore
16.09,Other orbitotomy,Other orbitotomy,http://fhir.hie.moh.gov.my/CodeSystem/procedure-code-my-core,CodeSystemProcedureCodeMyCore
16.21,Ophthalmoscopy,Ophthalmoscopy,http://fhir.hie.moh.gov.my/CodeSystem/procedure-code-my-core,CodeSystemProcedureCodeMyCore
16.22,Diagnostic aspiration of orbit,Diagnostic aspiration of orbit,http://fhir.hie.moh.gov.my/CodeSystem/procedure-code-my-core,CodeSystemProcedureCodeMyCore
16.23,Biopsy of eyeball and orbit,Biopsy of eyeball and orbit,http://fhir.hie.moh.gov.my/CodeSystem/procedure-code-my-core,CodeSystemProcedureCodeMyCore
16.29,Other diagnostic procedures on orbit and eyeball,Other diagnostic procedures on orbit and eyeball,http://fhir.hie.moh.gov.my/CodeSystem/procedure-code-my-core,CodeSystemProcedureCodeMyCore
16.31,Removal of ocular contents with synchronous implant into scleral shell,Removal of ocular contents with synchronous implant into scleral shell,http://fhir.hie.moh.gov.my/CodeSystem/procedure-code-my-core,CodeSystemProcedureCodeMyCore
16.39,Other evisceration of eyeball,Other evisceration of eyeball,http://fhir.hie.moh.gov.my/CodeSystem/procedure-code-my-core,CodeSystemProcedureCodeMyCore
16.41,Enucleation of eyeball with synchronous implant into Tenon's capsule with attachment of muscles,Enucleation of eyeball with synchronous implant into Tenon's capsule with attachment of muscles,http://fhir.hie.moh.gov.my/CodeSystem/procedure-code-my-core,CodeSystemProcedureCodeMyCore
16.42,Enucleation of eyeball with other synchronous implant,Enucleation of eyeball with other synchronous implant,http://fhir.hie.moh.gov.my/CodeSystem/procedure-code-my-core,CodeSystemProcedureCodeMyCore
16.49,Other enucleation of eyeball,Other enucleation of eyeball,http://fhir.hie.moh.gov.my/CodeSystem/procedure-code-my-core,CodeSystemProcedureCodeMyCore
16.51,Exenteration of orbit with removal of adjacent structures,Exenteration of orbit with removal of adjacent structures,http://fhir.hie.moh.gov.my/CodeSystem/procedure-code-my-core,CodeSystemProcedureCodeMyCore
16.52,Exenteration of orbit with therapeutic removal of orbital bone,Exenteration of orbit with therapeutic removal of orbital bone,http://fhir.hie.moh.gov.my/CodeSystem/procedure-code-my-core,CodeSystemProcedureCodeMyCore
16.59,Other exenteration of orbit,Other exenteration of orbit,http://fhir.hie.moh.gov.my/CodeSystem/procedure-code-my-core,CodeSystemProcedureCodeMyCore
16.61,Secondary insertion of ocular implant,Secondary insertion of ocular implant,http://fhir.hie.moh.gov.my/CodeSystem/procedure-code-my-core,CodeSystemProcedureCodeMyCore
16.62,Revision and reinsertion of ocular implant,Revision and reinsertion of ocular implant,http://fhir.hie.moh.gov.my/CodeSystem/procedure-code-my-core,CodeSystemProcedureCodeMyCore
16.63,Revision of enucleation socket with graft,Revision of enucleation socket with graft,http://fhir.hie.moh.gov.my/CodeSystem/procedure-code-my-core,CodeSystemProcedureCodeMyCore
16.64,Other revision of enucleation socket,Other revision of enucleation socket,http://fhir.hie.moh.gov.my/CodeSystem/procedure-code-my-core,CodeSystemProcedureCodeMyCore
16.65,Secondary graft to exenteration cavity,Secondary graft to exenteration cavity,http://fhir.hie.moh.gov.my/CodeSystem/procedure-code-my-core,CodeSystemProcedureCodeMyCore
16.66,Other revision of exenteration cavity,Other revision of exenteration cavity,http://fhir.hie.moh.gov.my/CodeSystem/procedure-code-my-core,CodeSystemProcedureCodeMyCore
16.69,Other secondary procedures after removal of eyeball,Other secondary procedures after removal of eyeball,http://fhir.hie.moh.gov.my/CodeSystem/procedure-code-my-core,CodeSystemProcedureCodeMyCore
16.71,Removal of ocular implant,Removal of ocular implant,http://fhir.hie.moh.gov.my/CodeSystem/procedure-code-my-core,CodeSystemProcedureCodeMyCore
16.72,Removal of orbital implant,Removal of orbital implant,http://fhir.hie.moh.gov.my/CodeSystem/procedure-code-my-core,CodeSystemProcedureCodeMyCore
16.81,Repair of wound of orbit,Repair of wound of orbit,http://fhir.hie.moh.gov.my/CodeSystem/procedure-code-my-core,CodeSystemProcedureCodeMyCore
16.82,Repair of rupture of eyeball,Repair of rupture of eyeball,http://fhir.hie.moh.gov.my/CodeSystem/procedure-code-my-core,CodeSystemProcedureCodeMyCore
16.89,Other repair of injury of eyeball or orbit,Other repair of injury of eyeball or orbit,http://fhir.hie.moh.gov.my/CodeSystem/procedure-code-my-core,CodeSystemProcedureCodeMyCore
16.91,Retrobulbar injection of therapeutic agent,Retrobulbar injection of therapeutic agent,http://fhir.hie.moh.gov.my/CodeSystem/procedure-code-my-core,CodeSystemProcedureCodeMyCore
16.92,Excision of lesion of orbit,Excision of lesion of orbit,http://fhir.hie.moh.gov.my/CodeSystem/procedure-code-my-core,CodeSystemProcedureCodeMyCore
16.93,"Excision of lesion of eye, unspecified structure","Excision of lesion of eye, unspecified structure",http://fhir.hie.moh.gov.my/CodeSystem/procedure-code-my-core,CodeSystemProcedureCodeMyCore
16.98,Other operations on orbit,Other operations on orbit,http://fhir.hie.moh.gov.my/CodeSystem/procedure-code-my-core,CodeSystemProcedureCodeMyCore
16.99,Other operations on eyeball,Other operations on eyeball,http://fhir.hie.moh.gov.my/CodeSystem/procedure-code-my-core,CodeSystemProcedureCodeMyCore
17.11,Laparoscopic repair of direct inguinal hernia with graft or prosthesis,Laparoscopic repair of direct inguinal hernia with graft or prosthesis,http://fhir.hie.moh.gov.my/CodeSystem/procedure-code-my-core,CodeSystemProcedureCodeMyCore
17.12,Laparoscopic repair of indirect inguinal hernia with graft or prosthesis,Laparoscopic repair of indirect inguinal hernia with graft or prosthesis,http://fhir.hie.moh.gov.my/CodeSystem/procedure-code-my-core,CodeSystemProcedureCodeMyCore
17.13,"Laparoscopic repair of inguinal hernia with graft of prosthesis, not otherwise specified","Laparoscopic repair of inguinal hernia with graft of prosthesis, not otherwise specified",http://fhir.hie.moh.gov.my/CodeSystem/procedure-code-my-core,CodeSystemProcedureCodeMyCore
17.21,Laparoscopic bilateral repair of direct inguinal hernia with graft or prosthesis,Laparoscopic bilateral repair of direct inguinal hernia with graft or prosthesis,http://fhir.hie.moh.gov.my/CodeSystem/procedure-code-my-core,CodeSystemProcedureCodeMyCore
17.22,Laparoscopic bilateral repair of indirect inguinal hernia with graft or prosthesis,Laparoscopic bilateral repair of indirect inguinal hernia with graft or prosthesis,http://fhir.hie.moh.gov.my/CodeSystem/procedure-code-my-core,CodeSystemProcedureCodeMyCore
17.23,"Laparoscopic bilateral repair of inguinal hernia, one direct and one indirect, with graft or prosthesis","Laparoscopic bilateral repair of inguinal hernia, one direct and one indirect, with graft or prosthesis",http://fhir.hie.moh.gov.my/CodeSystem/procedure-code-my-core,CodeSystemProcedureCodeMyCore
17.24,"Laparoscopic bilateral repair of inguinal hernia, with graft or prosthesis, not otherwise specified","Laparoscopic bilateral repair of inguinal hernia, with graft or prosthesis, not otherwise specified",http://fhir.hie.moh.gov.my/CodeSystem/procedure-code-my-core,CodeSystemProcedureCodeMyCore
17.31,Laparoscopic multiple segmental resection of large intestine,Laparoscopic multiple segmental resection of large intestine,http://fhir.hie.moh.gov.my/CodeSystem/procedure-code-my-core,CodeSystemProcedureCodeMyCore
17.32,Laparoscopic cecectomy,Laparoscopic cecectomy,http://fhir.hie.moh.gov.my/CodeSystem/procedure-code-my-core,CodeSystemProcedureCodeMyCore
17.33,Laparoscopic right hemicolectomy,Laparoscopic right hemicolectomy,http://fhir.hie.moh.gov.my/CodeSystem/procedure-code-my-core,CodeSystemProcedureCodeMyCore
17.34,Laparoscopic resection of transverse colon,Laparoscopic resection of transverse colon,http://fhir.hie.moh.gov.my/CodeSystem/procedure-code-my-core,CodeSystemProcedureCodeMyCore
17.35,Laparoscopic left hemicolectomy,Laparoscopic left hemicolectomy,http://fhir.hie.moh.gov.my/CodeSystem/procedure-code-my-core,CodeSystemProcedureCodeMyCore
17.36,Laparoscopic sigmoidectomy,Laparoscopic sigmoidectomy,http://fhir.hie.moh.gov.my/CodeSystem/procedure-code-my-core,CodeSystemProcedureCodeMyCore
17.39,Other laparoscopic partial excision of large intestine,Other laparoscopic partial excision of large intestine,http://fhir.hie.moh.gov.my/CodeSystem/procedure-code-my-core,CodeSystemProcedureCodeMyCore
17.41,Open robotic assisted procedure,Open robotic assisted procedure,http://fhir.hie.moh.gov.my/CodeSystem/procedure-code-my-core,CodeSystemProcedureCodeMyCore
17.42,Laparoscopic robotic assisted procedure,Laparoscopic robotic assisted procedure,http://fhir.hie.moh.gov.my/CodeSystem/procedure-code-my-core,CodeSystemProcedureCodeMyCore
17.43,Percutaneous robotic assisted procedure,Percutaneous robotic assisted procedure,http://fhir.hie.moh.gov.my/CodeSystem/procedure-code-my-core,CodeSystemProcedureCodeMyCore
17.44,Endoscpic robotic assisted procedure,Endoscpic robotic assisted procedure,http://fhir.hie.moh.gov.my/CodeSystem/procedure-code-my-core,CodeSystemProcedureCodeMyCore
17.45,Thoracoscopic robotic assisted procedure,Thoracoscopic robotic assisted procedure,http://fhir.hie.moh.gov.my/CodeSystem/procedure-code-my-core,CodeSystemProcedureCodeMyCore
17.49,Other and unspecified robotic assisted procedure,Other and unspecified robotic assisted procedure,http://fhir.hie.moh.gov.my/CodeSystem/procedure-code-my-core,CodeSystemProcedureCodeMyCore
17.51,"Implantation of rechargeable cardiac contractility modulation [CCM], total system","Implantation of rechargeable cardiac contractility modulation [CCM], total system",http://fhir.hie.moh.gov.my/CodeSystem/procedure-code-my-core,CodeSystemProcedureCodeMyCore
17.52,Implantation or replacement of cardiac contractibility modulation [CCM] rechargeable pulse generator only,Implantation or replacement of cardiac contractibility modulation [CCM] rechargeable pulse generator only,http://fhir.hie.moh.gov.my/CodeSystem/procedure-code-my-core,CodeSystemProcedureCodeMyCore
17.53,Percutaneous atherectomy of extracranial vessel(s),Percutaneous atherectomy of extracranial vessel(s),http://fhir.hie.moh.gov.my/CodeSystem/procedure-code-my-core,CodeSystemProcedureCodeMyCore
17.54,Percutaneous atherectomy of intracranial vessels(s),Percutaneous atherectomy of intracranial vessels(s),http://fhir.hie.moh.gov.my/CodeSystem/procedure-code-my-core,CodeSystemProcedureCodeMyCore
17.55,Transluminal coronary atherectomy,Transluminal coronary atherectomy,http://fhir.hie.moh.gov.my/CodeSystem/procedure-code-my-core,CodeSystemProcedureCodeMyCore
17.56,Atherectomy of other non-coronary vessel(s),Atherectomy of other non-coronary vessel(s),http://fhir.hie.moh.gov.my/CodeSystem/procedure-code-my-core,CodeSystemProcedureCodeMyCore
17.61,Laser interstitial thermal therapy [LITT] of lesion or tissue of brain under guidance,Laser interstitial thermal therapy [LITT] of lesion or tissue of brain under guidance,http://fhir.hie.moh.gov.my/CodeSystem/procedure-code-my-core,CodeSystemProcedureCodeMyCore
17.62,Laser interstitial thermal therapy [LITT] of lesion or tissue of head and neck under guidance,Laser interstitial thermal therapy [LITT] of lesion or tissue of head and neck under guidance,http://fhir.hie.moh.gov.my/CodeSystem/procedure-code-my-core,CodeSystemProcedureCodeMyCore
17.63,Laser interstitial thermal therapy [LITT] of lesion or tissue of liver under guidance,Laser interstitial thermal therapy [LITT] of lesion or tissue of liver under guidance,http://fhir.hie.moh.gov.my/CodeSystem/procedure-code-my-core,CodeSystemProcedureCodeMyCore
17.69,Laser interstitial thermal therapy [LITT] of lesion or tissue of other and unspecified site under guidance,Laser interstitial thermal therapy [LITT] of lesion or tissue of other and unspecified site under guidance,http://fhir.hie.moh.gov.my/CodeSystem/procedure-code-my-core,CodeSystemProcedureCodeMyCore
17.71,Non-coronary intra-operative fluorescence vascular angiography [IFVA],Non-coronary intra-operative fluorescence vascular angiography [IFVA],http://fhir.hie.moh.gov.my/CodeSystem/procedure-code-my-core,CodeSystemProcedureCodeMyCore
17.81,Insertion of antimicrobial envelope,Insertion of antimicrobial envelope,http://fhir.hie.moh.gov.my/CodeSystem/procedure-code-my-core,CodeSystemProcedureCodeMyCore
18.01,Piercing of ear lobe,Piercing of ear lobe,http://fhir.hie.moh.gov.my/CodeSystem/procedure-code-my-core,CodeSystemProcedureCodeMyCore
18.02,Incision of external auditory canal,Incision of external auditory canal,http://fhir.hie.moh.gov.my/CodeSystem/procedure-code-my-core,CodeSystemProcedureCodeMyCore
18.09,Other incision of external ear,Other incision of external ear,http://fhir.hie.moh.gov.my/CodeSystem/procedure-code-my-core,CodeSystemProcedureCodeMyCore
18.11,Otoscopy,Otoscopy,http://fhir.hie.moh.gov.my/CodeSystem/procedure-code-my-core,CodeSystemProcedureCodeMyCore
18.12,Biopsy of external ear,Biopsy of external ear,http://fhir.hie.moh.gov.my/CodeSystem/procedure-code-my-core,CodeSystemProcedureCodeMyCore
18.19,Other diagnostic procedures on external ear,Other diagnostic procedures on external ear,http://fhir.hie.moh.gov.my/CodeSystem/procedure-code-my-core,CodeSystemProcedureCodeMyCore
18.21,Excision of preauricular sinus,Excision of preauricular sinus,http://fhir.hie.moh.gov.my/CodeSystem/procedure-code-my-core,CodeSystemProcedureCodeMyCore
18.29,Excision or destruction of other lesion of external ear,Excision or destruction of other lesion of external ear,http://fhir.hie.moh.gov.my/CodeSystem/procedure-code-my-core,CodeSystemProcedureCodeMyCore
18.31,Radical excision of lesion of external ear,Radical excision of lesion of external ear,http://fhir.hie.moh.gov.my/CodeSystem/procedure-code-my-core,CodeSystemProcedureCodeMyCore
18.39,Other excision of external ear,Other excision of external ear,http://fhir.hie.moh.gov.my/CodeSystem/procedure-code-my-core,CodeSystemProcedureCodeMyCore
18.71,Construction of auricle of ear,Construction of auricle of ear,http://fhir.hie.moh.gov.my/CodeSystem/procedure-code-my-core,CodeSystemProcedureCodeMyCore
18.72,Reattachment of amputated ear,Reattachment of amputated ear,http://fhir.hie.moh.gov.my/CodeSystem/procedure-code-my-core,CodeSystemProcedureCodeMyCore
18.79,Other plastic repair of external ear,Other plastic repair of external ear,http://fhir.hie.moh.gov.my/CodeSystem/procedure-code-my-core,CodeSystemProcedureCodeMyCore
19.11,Stapedectomy with incus replacement,Stapedectomy with incus replacement,http://fhir.hie.moh.gov.my/CodeSystem/procedure-code-my-core,CodeSystemProcedureCodeMyCore
19.19,Other stapedectomy,Other stapedectomy,http://fhir.hie.moh.gov.my/CodeSystem/procedure-code-my-core,CodeSystemProcedureCodeMyCore
19.21,Revision of stapedectomy with incus replacement,Revision of stapedectomy with incus replacement,http://fhir.hie.moh.gov.my/CodeSystem/procedure-code-my-core,CodeSystemProcedureCodeMyCore
19.29,Other revision of stapedectomy,Other revision of stapedectomy,http://fhir.hie.moh.gov.my/CodeSystem/procedure-code-my-core,CodeSystemProcedureCodeMyCore
19.52,Type II tympanoplasty,Type II tympanoplasty,http://fhir.hie.moh.gov.my/CodeSystem/procedure-code-my-core,CodeSystemProcedureCodeMyCore
19.53,Type III tympanoplasty,Type III tympanoplasty,http://fhir.hie.moh.gov.my/CodeSystem/procedure-code-my-core,CodeSystemProcedureCodeMyCore
19.54,Type IV tympanoplasty,Type IV tympanoplasty,http://fhir.hie.moh.gov.my/CodeSystem/procedure-code-my-core,CodeSystemProcedureCodeMyCore
19.55,Type V tympanoplasty,Type V tympanoplasty,http://fhir.hie.moh.gov.my/CodeSystem/procedure-code-my-core,CodeSystemProcedureCodeMyCore
20.01,Myringotomy with insertion of tube,Myringotomy with insertion of tube,http://fhir.hie.moh.gov.my/CodeSystem/procedure-code-my-core,CodeSystemProcedureCodeMyCore
20.09,Other myringotomy,Other myringotomy,http://fhir.hie.moh.gov.my/CodeSystem/procedure-code-my-core,CodeSystemProcedureCodeMyCore
20.21,Incision of mastoid,Incision of mastoid,http://fhir.hie.moh.gov.my/CodeSystem/procedure-code-my-core,CodeSystemProcedureCodeMyCore
20.22,Incision of petrous pyramid air cells,Incision of petrous pyramid air cells,http://fhir.hie.moh.gov.my/CodeSystem/procedure-code-my-core,CodeSystemProcedureCodeMyCore
20.23,Incision of middle ear,Incision of middle ear,http://fhir.hie.moh.gov.my/CodeSystem/procedure-code-my-core,CodeSystemProcedureCodeMyCore
20.31,Electrocochleography,Electrocochleography,http://fhir.hie.moh.gov.my/CodeSystem/procedure-code-my-core,CodeSystemProcedureCodeMyCore
20.32,Biopsy of middle and inner ear,Biopsy of middle and inner ear,http://fhir.hie.moh.gov.my/CodeSystem/procedure-code-my-core,CodeSystemProcedureCodeMyCore
20.39,Other diagnostic procedures on middle and inner ear,Other diagnostic procedures on middle and inner ear,http://fhir.hie.moh.gov.my/CodeSystem/procedure-code-my-core,CodeSystemProcedureCodeMyCore
20.41,Simple mastoidectomy,Simple mastoidectomy,http://fhir.hie.moh.gov.my/CodeSystem/procedure-code-my-core,CodeSystemProcedureCodeMyCore
20.42,Radical mastoidectomy,Radical mastoidectomy,http://fhir.hie.moh.gov.my/CodeSystem/procedure-code-my-core,CodeSystemProcedureCodeMyCore
20.49,Other mastoidectomy,Other mastoidectomy,http://fhir.hie.moh.gov.my/CodeSystem/procedure-code-my-core,CodeSystemProcedureCodeMyCore
20.51,Excision of lesion of middle ear,Excision of lesion of middle ear,http://fhir.hie.moh.gov.my/CodeSystem/procedure-code-my-core,CodeSystemProcedureCodeMyCore
20.59,Other excision of middle ear,Other excision of middle ear,http://fhir.hie.moh.gov.my/CodeSystem/procedure-code-my-core,CodeSystemProcedureCodeMyCore
20.61,Fenestration of inner ear (initial),Fenestration of inner ear (initial),http://fhir.hie.moh.gov.my/CodeSystem/procedure-code-my-core,CodeSystemProcedureCodeMyCore
20.62,Revision of fenestration of inner ear,Revision of fenestration of inner ear,http://fhir.hie.moh.gov.my/CodeSystem/procedure-code-my-core,CodeSystemProcedureCodeMyCore
20.71,Endolymphatic shunt,Endolymphatic shunt,http://fhir.hie.moh.gov.my/CodeSystem/procedure-code-my-core,CodeSystemProcedureCodeMyCore
20.72,Injection into inner ear,Injection into inner ear,http://fhir.hie.moh.gov.my/CodeSystem/procedure-code-my-core,CodeSystemProcedureCodeMyCore
20.79,"Other incision, excision, and destruction of inner ear","Other incision, excision, and destruction of inner ear",http://fhir.hie.moh.gov.my/CodeSystem/procedure-code-my-core,CodeSystemProcedureCodeMyCore
20.91,Tympanosympathectomy,Tympanosympathectomy,http://fhir.hie.moh.gov.my/CodeSystem/procedure-code-my-core,CodeSystemProcedureCodeMyCore
20.92,Revision of mastoidectomy,Revision of mastoidectomy,http://fhir.hie.moh.gov.my/CodeSystem/procedure-code-my-core,CodeSystemProcedureCodeMyCore
20.93,Repair of oval and round windows,Repair of oval and round windows,http://fhir.hie.moh.gov.my/CodeSystem/procedure-code-my-core,CodeSystemProcedureCodeMyCore
20.94,Injection of tympanum,Injection of tympanum,http://fhir.hie.moh.gov.my/CodeSystem/procedure-code-my-core,CodeSystemProcedureCodeMyCore
20.95,Implantation of electromagnetic hearing device,Implantation of electromagnetic hearing device,http://fhir.hie.moh.gov.my/CodeSystem/procedure-code-my-core,CodeSystemProcedureCodeMyCore
20.96,"Implantation or replacement of cochlear prosthetic device, not otherwise specified","Implantation or replacement of cochlear prosthetic device, not otherwise specified",http://fhir.hie.moh.gov.my/CodeSystem/procedure-code-my-core,CodeSystemProcedureCodeMyCore
20.97,"Implantation or replacement of cochlear prosthetic device, single channel","Implantation or replacement of cochlear prosthetic device, single channel",http://fhir.hie.moh.gov.my/CodeSystem/procedure-code-my-core,CodeSystemProcedureCodeMyCore
20.98,"Implantation or replacement of cochlear prosthetic device, multiple channel","Implantation or replacement of cochlear prosthetic device, multiple channel",http://fhir.hie.moh.gov.my/CodeSystem/procedure-code-my-core,CodeSystemProcedureCodeMyCore
20.99,Other operations on middle and inner ear,Other operations on middle and inner ear,http://fhir.hie.moh.gov.my/CodeSystem/procedure-code-my-core,CodeSystemProcedureCodeMyCore
21.01,Control of epistaxis by anterior nasal packing,Control of epistaxis by anterior nasal packing,http://fhir.hie.moh.gov.my/CodeSystem/procedure-code-my-core,CodeSystemProcedureCodeMyCore
21.03,Control of epistaxis by cauterization (and packing),Control of epistaxis by cauterization (and packing),http://fhir.hie.moh.gov.my/CodeSystem/procedure-code-my-core,CodeSystemProcedureCodeMyCore
21.04,Control of epistaxis by ligation of ethmoidal arteries,Control of epistaxis by ligation of ethmoidal arteries,http://fhir.hie.moh.gov.my/CodeSystem/procedure-code-my-core,CodeSystemProcedureCodeMyCore
21.05,Control of epistaxis by (transantral) ligation of the maxillary artery,Control of epistaxis by (transantral) ligation of the maxillary artery,http://fhir.hie.moh.gov.my/CodeSystem/procedure-code-my-core,CodeSystemProcedureCodeMyCore
21.06,Control of epistaxis by ligation of the external carotid artery,Control of epistaxis by ligation of the external carotid artery,http://fhir.hie.moh.gov.my/CodeSystem/procedure-code-my-core,CodeSystemProcedureCodeMyCore
21.07,Control of epistaxis by excision of nasal mucosa and skin grafting of septum and lateral nasal wall,Control of epistaxis by excision of nasal mucosa and skin grafting of septum and lateral nasal wall,http://fhir.hie.moh.gov.my/CodeSystem/procedure-code-my-core,CodeSystemProcedureCodeMyCore
21.09,Control of epistaxis by other means,Control of epistaxis by other means,http://fhir.hie.moh.gov.my/CodeSystem/procedure-code-my-core,CodeSystemProcedureCodeMyCore
21.21,Rhinoscopy,Rhinoscopy,http://fhir.hie.moh.gov.my/CodeSystem/procedure-code-my-core,CodeSystemProcedureCodeMyCore
21.22,Biopsy of nose,Biopsy of nose,http://fhir.hie.moh.gov.my/CodeSystem/procedure-code-my-core,CodeSystemProcedureCodeMyCore
21.29,Other diagnostic procedures on nose,Other diagnostic procedures on nose,http://fhir.hie.moh.gov.my/CodeSystem/procedure-code-my-core,CodeSystemProcedureCodeMyCore
21.31,Local excision or destruction of intranasal lesion,Local excision or destruction of intranasal lesion,http://fhir.hie.moh.gov.my/CodeSystem/procedure-code-my-core,CodeSystemProcedureCodeMyCore
21.32,Local excision or destruction of other lesion of nose,Local excision or destruction of other lesion of nose,http://fhir.hie.moh.gov.my/CodeSystem/procedure-code-my-core,CodeSystemProcedureCodeMyCore
21.61,Turbinectomy by diathermy or cryosurgery,Turbinectomy by diathermy or cryosurgery,http://fhir.hie.moh.gov.my/CodeSystem/procedure-code-my-core,CodeSystemProcedureCodeMyCore
21.62,Fracture of the turbinates,Fracture of the turbinates,http://fhir.hie.moh.gov.my/CodeSystem/procedure-code-my-core,CodeSystemProcedureCodeMyCore
21.69,Other turbinectomy,Other turbinectomy,http://fhir.hie.moh.gov.my/CodeSystem/procedure-code-my-core,CodeSystemProcedureCodeMyCore
21.71,Closed reduction of nasal fracture,Closed reduction of nasal fracture,http://fhir.hie.moh.gov.my/CodeSystem/procedure-code-my-core,CodeSystemProcedureCodeMyCore
21.72,Open reduction of nasal fracture,Open reduction of nasal fracture,http://fhir.hie.moh.gov.my/CodeSystem/procedure-code-my-core,CodeSystemProcedureCodeMyCore
21.81,Suture of laceration of nose,Suture of laceration of nose,http://fhir.hie.moh.gov.my/CodeSystem/procedure-code-my-core,CodeSystemProcedureCodeMyCore
21.82,Closure of nasal fistula,Closure of nasal fistula,http://fhir.hie.moh.gov.my/CodeSystem/procedure-code-my-core,CodeSystemProcedureCodeMyCore
21.83,Total nasal reconstruction,Total nasal reconstruction,http://fhir.hie.moh.gov.my/CodeSystem/procedure-code-my-core,CodeSystemProcedureCodeMyCore
21.84,Revision rhinoplasty,Revision rhinoplasty,http://fhir.hie.moh.gov.my/CodeSystem/procedure-code-my-core,CodeSystemProcedureCodeMyCore
21.85,Augmentation rhinoplasty,Augmentation rhinoplasty,http://fhir.hie.moh.gov.my/CodeSystem/procedure-code-my-core,CodeSystemProcedureCodeMyCore
21.86,Limited rhinoplasty,Limited rhinoplasty,http://fhir.hie.moh.gov.my/CodeSystem/procedure-code-my-core,CodeSystemProcedureCodeMyCore
21.87,Other rhinoplasty,Other rhinoplasty,http://fhir.hie.moh.gov.my/CodeSystem/procedure-code-my-core,CodeSystemProcedureCodeMyCore
21.88,Other septoplasty,Other septoplasty,http://fhir.hie.moh.gov.my/CodeSystem/procedure-code-my-core,CodeSystemProcedureCodeMyCore
21.89,Other repair and plastic operations on nose,Other repair and plastic operations on nose,http://fhir.hie.moh.gov.my/CodeSystem/procedure-code-my-core,CodeSystemProcedureCodeMyCore
21.91,Lysis of adhesions of nose,Lysis of adhesions of nose,http://fhir.hie.moh.gov.my/CodeSystem/procedure-code-my-core,CodeSystemProcedureCodeMyCore
21.99,Other operations on nose,Other operations on nose,http://fhir.hie.moh.gov.my/CodeSystem/procedure-code-my-core,CodeSystemProcedureCodeMyCore
22.01,Puncture of nasal sinus for aspiration or lavage,Puncture of nasal sinus for aspiration or lavage,http://fhir.hie.moh.gov.my/CodeSystem/procedure-code-my-core,CodeSystemProcedureCodeMyCore
22.02,Aspiration or lavage of nasal sinus through natural ostium,Aspiration or lavage of nasal sinus through natural ostium,http://fhir.hie.moh.gov.my/CodeSystem/procedure-code-my-core,CodeSystemProcedureCodeMyCore
22.11,Closed [endoscopic] [needle] biopsy nasal sinus,Closed [endoscopic] [needle] biopsy nasal sinus,http://fhir.hie.moh.gov.my/CodeSystem/procedure-code-my-core,CodeSystemProcedureCodeMyCore
22.12,Open biopsy of nasal sinus,Open biopsy of nasal sinus,http://fhir.hie.moh.gov.my/CodeSystem/procedure-code-my-core,CodeSystemProcedureCodeMyCore
22.19,Other diagnostic procedures on nasal sinuses,Other diagnostic procedures on nasal sinuses,http://fhir.hie.moh.gov.my/CodeSystem/procedure-code-my-core,CodeSystemProcedureCodeMyCore
22.31,Radical maxillary antrotomy,Radical maxillary antrotomy,http://fhir.hie.moh.gov.my/CodeSystem/procedure-code-my-core,CodeSystemProcedureCodeMyCore
22.39,Other external maxillary antrotomy,Other external maxillary antrotomy,http://fhir.hie.moh.gov.my/CodeSystem/procedure-code-my-core,CodeSystemProcedureCodeMyCore
22.41,Frontal sinusotomy,Frontal sinusotomy,http://fhir.hie.moh.gov.my/CodeSystem/procedure-code-my-core,CodeSystemProcedureCodeMyCore
22.42,Frontal sinusectomy,Frontal sinusectomy,http://fhir.hie.moh.gov.my/CodeSystem/procedure-code-my-core,CodeSystemProcedureCodeMyCore
22.51,Ethmoidotomy,Ethmoidotomy,http://fhir.hie.moh.gov.my/CodeSystem/procedure-code-my-core,CodeSystemProcedureCodeMyCore
22.52,Sphenoidotomy,Sphenoidotomy,http://fhir.hie.moh.gov.my/CodeSystem/procedure-code-my-core,CodeSystemProcedureCodeMyCore
22.53,Incision of multiple nasal sinuses,Incision of multiple nasal sinuses,http://fhir.hie.moh.gov.my/CodeSystem/procedure-code-my-core,CodeSystemProcedureCodeMyCore
22.61,Excision of lesion of maxillary sinus with Caldwell-Luc approach,Excision of lesion of maxillary sinus with Caldwell-Luc approach,http://fhir.hie.moh.gov.my/CodeSystem/procedure-code-my-core,CodeSystemProcedureCodeMyCore
22.62,Excision of lesion of maxillary sinus with other approach,Excision of lesion of maxillary sinus with other approach,http://fhir.hie.moh.gov.my/CodeSystem/procedure-code-my-core,CodeSystemProcedureCodeMyCore
22.63,Ethmoidectomy,Ethmoidectomy,http://fhir.hie.moh.gov.my/CodeSystem/procedure-code-my-core,CodeSystemProcedureCodeMyCore
22.64,Sphenoidectomy,Sphenoidectomy,http://fhir.hie.moh.gov.my/CodeSystem/procedure-code-my-core,CodeSystemProcedureCodeMyCore
22.71,Closure of nasal sinus fistula,Closure of nasal sinus fistula,http://fhir.hie.moh.gov.my/CodeSystem/procedure-code-my-core,CodeSystemProcedureCodeMyCore
22.79,Other repair of nasal sinus,Other repair of nasal sinus,http://fhir.hie.moh.gov.my/CodeSystem/procedure-code-my-core,CodeSystemProcedureCodeMyCore
23.01,Extraction of deciduous tooth,Extraction of deciduous tooth,http://fhir.hie.moh.gov.my/CodeSystem/procedure-code-my-core,CodeSystemProcedureCodeMyCore
23.09,Extraction of other tooth,Extraction of other tooth,http://fhir.hie.moh.gov.my/CodeSystem/procedure-code-my-core,CodeSystemProcedureCodeMyCore
23.11,Removal of residual tooth,Removal of residual tooth,http://fhir.hie.moh.gov.my/CodeSystem/procedure-code-my-core,CodeSystemProcedureCodeMyCore
23.19,Other surgical extraction of tooth,Other surgical extraction of tooth,http://fhir.hie.moh.gov.my/CodeSystem/procedure-code-my-core,CodeSystemProcedureCodeMyCore
23.41,Application of crown,Application of crown,http://fhir.hie.moh.gov.my/CodeSystem/procedure-code-my-core,CodeSystemProcedureCodeMyCore
23.42,Insertion of fixed bridge,Insertion of fixed bridge,http://fhir.hie.moh.gov.my/CodeSystem/procedure-code-my-core,CodeSystemProcedureCodeMyCore
23.43,Insertion of removable bridge,Insertion of removable bridge,http://fhir.hie.moh.gov.my/CodeSystem/procedure-code-my-core,CodeSystemProcedureCodeMyCore
23.49,Other dental restoration,Other dental restoration,http://fhir.hie.moh.gov.my/CodeSystem/procedure-code-my-core,CodeSystemProcedureCodeMyCore
23.71,Root canal therapy with irrigation,Root canal therapy with irrigation,http://fhir.hie.moh.gov.my/CodeSystem/procedure-code-my-core,CodeSystemProcedureCodeMyCore
23.72,Root canal therapy with apicoectomy,Root canal therapy with apicoectomy,http://fhir.hie.moh.gov.my/CodeSystem/procedure-code-my-core,CodeSystemProcedureCodeMyCore
23.73,Apicoectomy,Apicoectomy,http://fhir.hie.moh.gov.my/CodeSystem/procedure-code-my-core,CodeSystemProcedureCodeMyCore
24.11,Biopsy of gum,Biopsy of gum,http://fhir.hie.moh.gov.my/CodeSystem/procedure-code-my-core,CodeSystemProcedureCodeMyCore
24.12,Biopsy of alveolus,Biopsy of alveolus,http://fhir.hie.moh.gov.my/CodeSystem/procedure-code-my-core,CodeSystemProcedureCodeMyCore
24.19,"Other diagnostic procedures on teeth, gums, and alveoli","Other diagnostic procedures on teeth, gums, and alveoli",http://fhir.hie.moh.gov.my/CodeSystem/procedure-code-my-core,CodeSystemProcedureCodeMyCore
24.31,Excision of lesion or tissue of gum,Excision of lesion or tissue of gum,http://fhir.hie.moh.gov.my/CodeSystem/procedure-code-my-core,CodeSystemProcedureCodeMyCore
24.32,Suture of laceration of gum,Suture of laceration of gum,http://fhir.hie.moh.gov.my/CodeSystem/procedure-code-my-core,CodeSystemProcedureCodeMyCore
24.39,Other operations on gum,Other operations on gum,http://fhir.hie.moh.gov.my/CodeSystem/procedure-code-my-core,CodeSystemProcedureCodeMyCore
24.91,Extension or deepening of buccolabial or lingual sulcus,Extension or deepening of buccolabial or lingual sulcus,http://fhir.hie.moh.gov.my/CodeSystem/procedure-code-my-core,CodeSystemProcedureCodeMyCore
24.99,Other dental operations,Other dental operations,http://fhir.hie.moh.gov.my/CodeSystem/procedure-code-my-core,CodeSystemProcedureCodeMyCore
25.01,Closed [needle] biopsy of tongue,Closed [needle] biopsy of tongue,http://fhir.hie.moh.gov.my/CodeSystem/procedure-code-my-core,CodeSystemProcedureCodeMyCore
25.02,Open biopsy of tongue,Open biopsy of tongue,http://fhir.hie.moh.gov.my/CodeSystem/procedure-code-my-core,CodeSystemProcedureCodeMyCore
25.09,Other diagnostic procedures on tongue,Other diagnostic procedures on tongue,http://fhir.hie.moh.gov.my/CodeSystem/procedure-code-my-core,CodeSystemProcedureCodeMyCore
25.51,Suture of laceration of tongue,Suture of laceration of tongue,http://fhir.hie.moh.gov.my/CodeSystem/procedure-code-my-core,CodeSystemProcedureCodeMyCore
25.59,Other repair and plastic operations on tongue,Other repair and plastic operations on tongue,http://fhir.hie.moh.gov.my/CodeSystem/procedure-code-my-core,CodeSystemProcedureCodeMyCore
25.91,Lingual frenotomy,Lingual frenotomy,http://fhir.hie.moh.gov.my/CodeSystem/procedure-code-my-core,CodeSystemProcedureCodeMyCore
25.92,Lingual frenectomy,Lingual frenectomy,http://fhir.hie.moh.gov.my/CodeSystem/procedure-code-my-core,CodeSystemProcedureCodeMyCore
25.93,Lysis of adhesions of tongue,Lysis of adhesions of tongue,http://fhir.hie.moh.gov.my/CodeSystem/procedure-code-my-core,CodeSystemProcedureCodeMyCore
25.94,Other glossotomy,Other glossotomy,http://fhir.hie.moh.gov.my/CodeSystem/procedure-code-my-core,CodeSystemProcedureCodeMyCore
25.99,Other operations on tongue,Other operations on tongue,http://fhir.hie.moh.gov.my/CodeSystem/procedure-code-my-core,CodeSystemProcedureCodeMyCore
26.11,Closed [needle] biopsy of salivary gland or ducts,Closed [needle] biopsy of salivary gland or ducts,http://fhir.hie.moh.gov.my/CodeSystem/procedure-code-my-core,CodeSystemProcedureCodeMyCore
26.12,Open biopsy of salivary gland or duct,Open biopsy of salivary gland or duct,http://fhir.hie.moh.gov.my/CodeSystem/procedure-code-my-core,CodeSystemProcedureCodeMyCore
26.19,Other diagnostic procedures on salivary glands and ducts,Other diagnostic procedures on salivary glands and ducts,http://fhir.hie.moh.gov.my/CodeSystem/procedure-code-my-core,CodeSystemProcedureCodeMyCore
26.21,Marsupialization of salivary gland cyst,Marsupialization of salivary gland cyst,http://fhir.hie.moh.gov.my/CodeSystem/procedure-code-my-core,CodeSystemProcedureCodeMyCore
26.29,Other excision of salivary gland lesion,Other excision of salivary gland lesion,http://fhir.hie.moh.gov.my/CodeSystem/procedure-code-my-core,CodeSystemProcedureCodeMyCore
26.31,Partial sialoadenectomy,Partial sialoadenectomy,http://fhir.hie.moh.gov.my/CodeSystem/procedure-code-my-core,CodeSystemProcedureCodeMyCore
26.32,Complete sialoadenectomy,Complete sialoadenectomy,http://fhir.hie.moh.gov.my/CodeSystem/procedure-code-my-core,CodeSystemProcedureCodeMyCore
26.41,Suture of laceration of salivary gland,Suture of laceration of salivary gland,http://fhir.hie.moh.gov.my/CodeSystem/procedure-code-my-core,CodeSystemProcedureCodeMyCore
26.42,Closure of salivary fistula,Closure of salivary fistula,http://fhir.hie.moh.gov.my/CodeSystem/procedure-code-my-core,CodeSystemProcedureCodeMyCore
26.49,Other repair and plastic operations on salivary gland or duct,Other repair and plastic operations on salivary gland or duct,http://fhir.hie.moh.gov.my/CodeSystem/procedure-code-my-core,CodeSystemProcedureCodeMyCore
26.91,Probing of salivary duct,Probing of salivary duct,http://fhir.hie.moh.gov.my/CodeSystem/procedure-code-my-core,CodeSystemProcedureCodeMyCore
26.99,Other operations on salivary gland or duct,Other operations on salivary gland or duct,http://fhir.hie.moh.gov.my/CodeSystem/procedure-code-my-core,CodeSystemProcedureCodeMyCore
27.21,Biopsy of bony palate,Biopsy of bony palate,http://fhir.hie.moh.gov.my/CodeSystem/procedure-code-my-core,CodeSystemProcedureCodeMyCore
27.22,Biopsy of uvula and soft palate,Biopsy of uvula and soft palate,http://fhir.hie.moh.gov.my/CodeSystem/procedure-code-my-core,CodeSystemProcedureCodeMyCore
27.23,Biopsy of lip,Biopsy of lip,http://fhir.hie.moh.gov.my/CodeSystem/procedure-code-my-core,CodeSystemProcedureCodeMyCore
27.24,"Biopsy of mouth, unspecified structure","Biopsy of mouth, unspecified structure",http://fhir.hie.moh.gov.my/CodeSystem/procedure-code-my-core,CodeSystemProcedureCodeMyCore
27.29,Other diagnostic procedures on oral cavity,Other diagnostic procedures on oral cavity,http://fhir.hie.moh.gov.my/CodeSystem/procedure-code-my-core,CodeSystemProcedureCodeMyCore
27.31,Local excision or destruction of lesion or tissue of bony palate,Local excision or destruction of lesion or tissue of bony palate,http://fhir.hie.moh.gov.my/CodeSystem/procedure-code-my-core,CodeSystemProcedureCodeMyCore
27.32,Wide excision or destructionof lesion or tissue of bony palate,Wide excision or destructionof lesion or tissue of bony palate,http://fhir.hie.moh.gov.my/CodeSystem/procedure-code-my-core,CodeSystemProcedureCodeMyCore
27.41,Labial frenectomy,Labial frenectomy,http://fhir.hie.moh.gov.my/CodeSystem/procedure-code-my-core,CodeSystemProcedureCodeMyCore
27.42,Wide excision of lesion of lip,Wide excision of lesion of lip,http://fhir.hie.moh.gov.my/CodeSystem/procedure-code-my-core,CodeSystemProcedureCodeMyCore
27.43,Other excision of lesion or tissue of lip,Other excision of lesion or tissue of lip,http://fhir.hie.moh.gov.my/CodeSystem/procedure-code-my-core,CodeSystemProcedureCodeMyCore
27.49,Other excision of mouth,Other excision of mouth,http://fhir.hie.moh.gov.my/CodeSystem/procedure-code-my-core,CodeSystemProcedureCodeMyCore
27.51,Suture of laceration of lip,Suture of laceration of lip,http://fhir.hie.moh.gov.my/CodeSystem/procedure-code-my-core,CodeSystemProcedureCodeMyCore
27.52,Suture of laceration of other part of mouth,Suture of laceration of other part of mouth,http://fhir.hie.moh.gov.my/CodeSystem/procedure-code-my-core,CodeSystemProcedureCodeMyCore
27.53,Closure of fistula of mouth,Closure of fistula of mouth,http://fhir.hie.moh.gov.my/CodeSystem/procedure-code-my-core,CodeSystemProcedureCodeMyCore
27.54,Repair of cleft lip,Repair of cleft lip,http://fhir.hie.moh.gov.my/CodeSystem/procedure-code-my-core,CodeSystemProcedureCodeMyCore
27.55,Full-thickness skin graft to lip and mouth,Full-thickness skin graft to lip and mouth,http://fhir.hie.moh.gov.my/CodeSystem/procedure-code-my-core,CodeSystemProcedureCodeMyCore
27.56,Other skin graft to lip and mouth,Other skin graft to lip and mouth,http://fhir.hie.moh.gov.my/CodeSystem/procedure-code-my-core,CodeSystemProcedureCodeMyCore
27.57,Attachment of pedicle or flap graft to lip and mouth,Attachment of pedicle or flap graft to lip and mouth,http://fhir.hie.moh.gov.my/CodeSystem/procedure-code-my-core,CodeSystemProcedureCodeMyCore
27.59,Other plastic repair of mouth,Other plastic repair of mouth,http://fhir.hie.moh.gov.my/CodeSystem/procedure-code-my-core,CodeSystemProcedureCodeMyCore
27.61,Suture of laceration of palate,Suture of laceration of palate,http://fhir.hie.moh.gov.my/CodeSystem/procedure-code-my-core,CodeSystemProcedureCodeMyCore
27.62,Correction of cleft palate,Correction of cleft palate,http://fhir.hie.moh.gov.my/CodeSystem/procedure-code-my-core,CodeSystemProcedureCodeMyCore
27.63,Revision of cleft palate repair,Revision of cleft palate repair,http://fhir.hie.moh.gov.my/CodeSystem/procedure-code-my-core,CodeSystemProcedureCodeMyCore
27.64,Insertion of palatal implant,Insertion of palatal implant,http://fhir.hie.moh.gov.my/CodeSystem/procedure-code-my-core,CodeSystemProcedureCodeMyCore
27.69,Other plastic repair of palate,Other plastic repair of palate,http://fhir.hie.moh.gov.my/CodeSystem/procedure-code-my-core,CodeSystemProcedureCodeMyCore
27.71,Incision of uvula,Incision of uvula,http://fhir.hie.moh.gov.my/CodeSystem/procedure-code-my-core,CodeSystemProcedureCodeMyCore
27.72,Excision of uvula,Excision of uvula,http://fhir.hie.moh.gov.my/CodeSystem/procedure-code-my-core,CodeSystemProcedureCodeMyCore
27.73,Repair of uvula,Repair of uvula,http://fhir.hie.moh.gov.my/CodeSystem/procedure-code-my-core,CodeSystemProcedureCodeMyCore
27.79,Other operations on uvula,Other operations on uvula,http://fhir.hie.moh.gov.my/CodeSystem/procedure-code-my-core,CodeSystemProcedureCodeMyCore
27.91,Labial frenotomy,Labial frenotomy,http://fhir.hie.moh.gov.my/CodeSystem/procedure-code-my-core,CodeSystemProcedureCodeMyCore
27.92,"Incision of mouth, unspecified structure","Incision of mouth, unspecified structure",http://fhir.hie.moh.gov.my/CodeSystem/procedure-code-my-core,CodeSystemProcedureCodeMyCore
27.99,Other operations on oral cavity,Other operations on oral cavity,http://fhir.hie.moh.gov.my/CodeSystem/procedure-code-my-core,CodeSystemProcedureCodeMyCore
28.11,Biopsy of tonsils and adenoids,Biopsy of tonsils and adenoids,http://fhir.hie.moh.gov.my/CodeSystem/procedure-code-my-core,CodeSystemProcedureCodeMyCore
28.19,Other diagnostic procedures on tonsils and adenoids,Other diagnostic procedures on tonsils and adenoids,http://fhir.hie.moh.gov.my/CodeSystem/procedure-code-my-core,CodeSystemProcedureCodeMyCore
28.91,Removal of foreign body from tonsil and adenoid by incision,Removal of foreign body from tonsil and adenoid by incision,http://fhir.hie.moh.gov.my/CodeSystem/procedure-code-my-core,CodeSystemProcedureCodeMyCore
28.92,Excision of lesion of tonsil and adenoid,Excision of lesion of tonsil and adenoid,http://fhir.hie.moh.gov.my/CodeSystem/procedure-code-my-core,CodeSystemProcedureCodeMyCore
28.99,Other operations on tonsils and adenoids,Other operations on tonsils and adenoids,http://fhir.hie.moh.gov.my/CodeSystem/procedure-code-my-core,CodeSystemProcedureCodeMyCore
29.11,Pharyngoscopy,Pharyngoscopy,http://fhir.hie.moh.gov.my/CodeSystem/procedure-code-my-core,CodeSystemProcedureCodeMyCore
29.12,Pharyngeal biopsy,Pharyngeal biopsy,http://fhir.hie.moh.gov.my/CodeSystem/procedure-code-my-core,CodeSystemProcedureCodeMyCore
29.19,Other diagnostic procedures on pharynx,Other diagnostic procedures on pharynx,http://fhir.hie.moh.gov.my/CodeSystem/procedure-code-my-core,CodeSystemProcedureCodeMyCore
29.31,Cricopharyngeal myotomy,Cricopharyngeal myotomy,http://fhir.hie.moh.gov.my/CodeSystem/procedure-code-my-core,CodeSystemProcedureCodeMyCore
29.32,Pharyngeal diverticulectomy,Pharyngeal diverticulectomy,http://fhir.hie.moh.gov.my/CodeSystem/procedure-code-my-core,CodeSystemProcedureCodeMyCore
29.33,Pharyngectomy (partial),Pharyngectomy (partial),http://fhir.hie.moh.gov.my/CodeSystem/procedure-code-my-core,CodeSystemProcedureCodeMyCore
29.39,Other excision or destruction of lesion or tissue of pharynx,Other excision or destruction of lesion or tissue of pharynx,http://fhir.hie.moh.gov.my/CodeSystem/procedure-code-my-core,CodeSystemProcedureCodeMyCore
29.51,Suture of laceration of pharynx,Suture of laceration of pharynx,http://fhir.hie.moh.gov.my/CodeSystem/procedure-code-my-core,CodeSystemProcedureCodeMyCore
29.52,Closure of branchial cleft fistula,Closure of branchial cleft fistula,http://fhir.hie.moh.gov.my/CodeSystem/procedure-code-my-core,CodeSystemProcedureCodeMyCore
29.53,Closure of other fistula of pharynx,Closure of other fistula of pharynx,http://fhir.hie.moh.gov.my/CodeSystem/procedure-code-my-core,CodeSystemProcedureCodeMyCore
29.54,Lysis of pharyngeal adhesions,Lysis of pharyngeal adhesions,http://fhir.hie.moh.gov.my/CodeSystem/procedure-code-my-core,CodeSystemProcedureCodeMyCore
29.59,Other repair of pharynx,Other repair of pharynx,http://fhir.hie.moh.gov.my/CodeSystem/procedure-code-my-core,CodeSystemProcedureCodeMyCore
29.91,Dilation of pharynx,Dilation of pharynx,http://fhir.hie.moh.gov.my/CodeSystem/procedure-code-my-core,CodeSystemProcedureCodeMyCore
29.92,Division of glossopharyngeal nerve,Division of glossopharyngeal nerve,http://fhir.hie.moh.gov.my/CodeSystem/procedure-code-my-core,CodeSystemProcedureCodeMyCore
29.99,Other operations on pharynx,Other operations on pharynx,http://fhir.hie.moh.gov.my/CodeSystem/procedure-code-my-core,CodeSystemProcedureCodeMyCore
30.01,Marsupialization of laryngeal cyst,Marsupialization of laryngeal cyst,http://fhir.hie.moh.gov.my/CodeSystem/procedure-code-my-core,CodeSystemProcedureCodeMyCore
30.09,Other excision or destruction of lesion or tissue of larynx,Other excision or destruction of lesion or tissue of larynx,http://fhir.hie.moh.gov.my/CodeSystem/procedure-code-my-core,CodeSystemProcedureCodeMyCore
30.21,Epiglottidectomy,Epiglottidectomy,http://fhir.hie.moh.gov.my/CodeSystem/procedure-code-my-core,CodeSystemProcedureCodeMyCore
30.22,Vocal cordectomy,Vocal cordectomy,http://fhir.hie.moh.gov.my/CodeSystem/procedure-code-my-core,CodeSystemProcedureCodeMyCore
30.29,Other partial laryngectomy,Other partial laryngectomy,http://fhir.hie.moh.gov.my/CodeSystem/procedure-code-my-core,CodeSystemProcedureCodeMyCore
31.21,Mediastinal tracheostomy,Mediastinal tracheostomy,http://fhir.hie.moh.gov.my/CodeSystem/procedure-code-my-core,CodeSystemProcedureCodeMyCore
31.29,Other permanent tracheostomy,Other permanent tracheostomy,http://fhir.hie.moh.gov.my/CodeSystem/procedure-code-my-core,CodeSystemProcedureCodeMyCore
31.41,Tracheoscopy through artificial stoma,Tracheoscopy through artificial stoma,http://fhir.hie.moh.gov.my/CodeSystem/procedure-code-my-core,CodeSystemProcedureCodeMyCore
31.42,Laryngoscopy and other tracheoscopy,Laryngoscopy and other tracheoscopy,http://fhir.hie.moh.gov.my/CodeSystem/procedure-code-my-core,CodeSystemProcedureCodeMyCore
31.43,Closed [endoscopic] biopsy of larynx,Closed [endoscopic] biopsy of larynx,http://fhir.hie.moh.gov.my/CodeSystem/procedure-code-my-core,CodeSystemProcedureCodeMyCore
31.44,Closed [endoscopic] biopsy of trachea,Closed [endoscopic] biopsy of trachea,http://fhir.hie.moh.gov.my/CodeSystem/procedure-code-my-core,CodeSystemProcedureCodeMyCore
31.45,Open biopsy of larynx or trachea,Open biopsy of larynx or trachea,http://fhir.hie.moh.gov.my/CodeSystem/procedure-code-my-core,CodeSystemProcedureCodeMyCore
31.48,Other diagnostic procedures on larynx,Other diagnostic procedures on larynx,http://fhir.hie.moh.gov.my/CodeSystem/procedure-code-my-core,CodeSystemProcedureCodeMyCore
31.49,Other diagnostic procedures on trachea,Other diagnostic procedures on trachea,http://fhir.hie.moh.gov.my/CodeSystem/procedure-code-my-core,CodeSystemProcedureCodeMyCore
31.61,Suture of laceration of larynx,Suture of laceration of larynx,http://fhir.hie.moh.gov.my/CodeSystem/procedure-code-my-core,CodeSystemProcedureCodeMyCore
31.62,Closure of fistula of larynx,Closure of fistula of larynx,http://fhir.hie.moh.gov.my/CodeSystem/procedure-code-my-core,CodeSystemProcedureCodeMyCore
31.63,Revision of laryngostomy,Revision of laryngostomy,http://fhir.hie.moh.gov.my/CodeSystem/procedure-code-my-core,CodeSystemProcedureCodeMyCore
31.64,Repair of laryngeal fracture,Repair of laryngeal fracture,http://fhir.hie.moh.gov.my/CodeSystem/procedure-code-my-core,CodeSystemProcedureCodeMyCore
31.69,Other repair of larynx,Other repair of larynx,http://fhir.hie.moh.gov.my/CodeSystem/procedure-code-my-core,CodeSystemProcedureCodeMyCore
31.71,Suture of laceration of trachea,Suture of laceration of trachea,http://fhir.hie.moh.gov.my/CodeSystem/procedure-code-my-core,CodeSystemProcedureCodeMyCore
31.72,Closure of external fistula of trachea,Closure of external fistula of trachea,http://fhir.hie.moh.gov.my/CodeSystem/procedure-code-my-core,CodeSystemProcedureCodeMyCore
31.73,Closure of other fistula of trachea,Closure of other fistula of trachea,http://fhir.hie.moh.gov.my/CodeSystem/procedure-code-my-core,CodeSystemProcedureCodeMyCore
31.74,Revision of tracheostomy,Revision of tracheostomy,http://fhir.hie.moh.gov.my/CodeSystem/procedure-code-my-core,CodeSystemProcedureCodeMyCore
31.75,Reconstruction of trachea and construction of artificial larynx,Reconstruction of trachea and construction of artificial larynx,http://fhir.hie.moh.gov.my/CodeSystem/procedure-code-my-core,CodeSystemProcedureCodeMyCore
31.79,Other repair and plastic operations on trachea,Other repair and plastic operations on trachea,http://fhir.hie.moh.gov.my/CodeSystem/procedure-code-my-core,CodeSystemProcedureCodeMyCore
31.91,Division of laryngeal nerve,Division of laryngeal nerve,http://fhir.hie.moh.gov.my/CodeSystem/procedure-code-my-core,CodeSystemProcedureCodeMyCore
31.92,Lysis of adhesions of trachea or larynx,Lysis of adhesions of trachea or larynx,http://fhir.hie.moh.gov.my/CodeSystem/procedure-code-my-core,CodeSystemProcedureCodeMyCore
31.93,Replacement of laryngeal or tracheal stent,Replacement of laryngeal or tracheal stent,http://fhir.hie.moh.gov.my/CodeSystem/procedure-code-my-core,CodeSystemProcedureCodeMyCore
31.94,Injection of locally-acting therapeutic substance into trachea,Injection of locally-acting therapeutic substance into trachea,http://fhir.hie.moh.gov.my/CodeSystem/procedure-code-my-core,CodeSystemProcedureCodeMyCore
31.95,Tracheoesophageal fistulization,Tracheoesophageal fistulization,http://fhir.hie.moh.gov.my/CodeSystem/procedure-code-my-core,CodeSystemProcedureCodeMyCore
31.98,Other operations on larynx,Other operations on larynx,http://fhir.hie.moh.gov.my/CodeSystem/procedure-code-my-core,CodeSystemProcedureCodeMyCore
31.99,Other operations on trachea,Other operations on trachea,http://fhir.hie.moh.gov.my/CodeSystem/procedure-code-my-core,CodeSystemProcedureCodeMyCore
32.01,Endoscopic excision or destruction of lesion or tissue of bronchus,Endoscopic excision or destruction of lesion or tissue of bronchus,http://fhir.hie.moh.gov.my/CodeSystem/procedure-code-my-core,CodeSystemProcedureCodeMyCore
32.09,Other local excision or destruction of lesion or tissue of bronchus,Other local excision or destruction of lesion or tissue of bronchus,http://fhir.hie.moh.gov.my/CodeSystem/procedure-code-my-core,CodeSystemProcedureCodeMyCore
32.21,Plication of emphysematous bleb,Plication of emphysematous bleb,http://fhir.hie.moh.gov.my/CodeSystem/procedure-code-my-core,CodeSystemProcedureCodeMyCore
32.22,Lung volume reduction surgery,Lung volume reduction surgery,http://fhir.hie.moh.gov.my/CodeSystem/procedure-code-my-core,CodeSystemProcedureCodeMyCore
32.23,Open ablation of lung lesion or tissue,Open ablation of lung lesion or tissue,http://fhir.hie.moh.gov.my/CodeSystem/procedure-code-my-core,CodeSystemProcedureCodeMyCore
32.24,Percutaneous ablation of lung lesion or tissue,Percutaneous ablation of lung lesion or tissue,http://fhir.hie.moh.gov.my/CodeSystem/procedure-code-my-core,CodeSystemProcedureCodeMyCore
32.25,Thoracoscopic ablation of lung lesion or tissue,Thoracoscopic ablation of lung lesion or tissue,http://fhir.hie.moh.gov.my/CodeSystem/procedure-code-my-core,CodeSystemProcedureCodeMyCore
32.26,Other and unspecified ablation of lung lesion or tissue,Other and unspecified ablation of lung lesion or tissue,http://fhir.hie.moh.gov.my/CodeSystem/procedure-code-my-core,CodeSystemProcedureCodeMyCore
32.27,"Bronchoscopic bronchial thermoplasty, ablation or airway smooth muscle","Bronchoscopic bronchial thermoplasty, ablation or airway smooth muscle",http://fhir.hie.moh.gov.my/CodeSystem/procedure-code-my-core,CodeSystemProcedureCodeMyCore
32.28,Endoscopic excision or destruction of lesion or tissue of lung,Endoscopic excision or destruction of lesion or tissue of lung,http://fhir.hie.moh.gov.my/CodeSystem/procedure-code-my-core,CodeSystemProcedureCodeMyCore
32.29,Other local excision or destruction of lesion or tissue of lung,Other local excision or destruction of lesion or tissue of lung,http://fhir.hie.moh.gov.my/CodeSystem/procedure-code-my-core,CodeSystemProcedureCodeMyCore
32.39,Other and unspecified segmental resection of lung,Other and unspecified segmental resection of lung,http://fhir.hie.moh.gov.my/CodeSystem/procedure-code-my-core,CodeSystemProcedureCodeMyCore
32.41,Thoracoscopic lobectomy of lung,Thoracoscopic lobectomy of lung,http://fhir.hie.moh.gov.my/CodeSystem/procedure-code-my-core,CodeSystemProcedureCodeMyCore
32.49,Other lobectomy of lung,Other lobectomy of lung,http://fhir.hie.moh.gov.my/CodeSystem/procedure-code-my-core,CodeSystemProcedureCodeMyCore
32.59,Other and unspecified pneumonectomy,Other and unspecified pneumonectomy,http://fhir.hie.moh.gov.my/CodeSystem/procedure-code-my-core,CodeSystemProcedureCodeMyCore
33.21,Bronchoscopy through artificial stoma,Bronchoscopy through artificial stoma,http://fhir.hie.moh.gov.my/CodeSystem/procedure-code-my-core,CodeSystemProcedureCodeMyCore
33.22,Fiber-optic bronchoscopy,Fiber-optic bronchoscopy,http://fhir.hie.moh.gov.my/CodeSystem/procedure-code-my-core,CodeSystemProcedureCodeMyCore
33.23,Other bronchoscopy,Other bronchoscopy,http://fhir.hie.moh.gov.my/CodeSystem/procedure-code-my-core,CodeSystemProcedureCodeMyCore
33.24,Closed [endoscopic] biopsy of bronchus,Closed [endoscopic] biopsy of bronchus,http://fhir.hie.moh.gov.my/CodeSystem/procedure-code-my-core,CodeSystemProcedureCodeMyCore
33.25,Open biopsy of bronchus,Open biopsy of bronchus,http://fhir.hie.moh.gov.my/CodeSystem/procedure-code-my-core,CodeSystemProcedureCodeMyCore
33.26,Closed [percutaneous] [needle] biopsy of lung,Closed [percutaneous] [needle] biopsy of lung,http://fhir.hie.moh.gov.my/CodeSystem/procedure-code-my-core,CodeSystemProcedureCodeMyCore
33.27,Closed endoscopic biopsy of lung,Closed endoscopic biopsy of lung,http://fhir.hie.moh.gov.my/CodeSystem/procedure-code-my-core,CodeSystemProcedureCodeMyCore
33.28,Open biopsy of lung,Open biopsy of lung,http://fhir.hie.moh.gov.my/CodeSystem/procedure-code-my-core,CodeSystemProcedureCodeMyCore
33.29,Other diagnostic procedures on lung and bronchus,Other diagnostic procedures on lung and bronchus,http://fhir.hie.moh.gov.my/CodeSystem/procedure-code-my-core,CodeSystemProcedureCodeMyCore
33.31,Destruction of phrenic nerve for collapse of lung,Destruction of phrenic nerve for collapse of lung,http://fhir.hie.moh.gov.my/CodeSystem/procedure-code-my-core,CodeSystemProcedureCodeMyCore
33.32,Artificial pneumothorax for collapse of lung,Artificial pneumothorax for collapse of lung,http://fhir.hie.moh.gov.my/CodeSystem/procedure-code-my-core,CodeSystemProcedureCodeMyCore
33.33,Pneumoperitoneum for collapse of lung,Pneumoperitoneum for collapse of lung,http://fhir.hie.moh.gov.my/CodeSystem/procedure-code-my-core,CodeSystemProcedureCodeMyCore
33.34,Thoracoplasty,Thoracoplasty,http://fhir.hie.moh.gov.my/CodeSystem/procedure-code-my-core,CodeSystemProcedureCodeMyCore
33.39,Other surgical collapse of lung,Other surgical collapse of lung,http://fhir.hie.moh.gov.my/CodeSystem/procedure-code-my-core,CodeSystemProcedureCodeMyCore
33.41,Suture of laceration of bronchus,Suture of laceration of bronchus,http://fhir.hie.moh.gov.my/CodeSystem/procedure-code-my-core,CodeSystemProcedureCodeMyCore
33.42,Closure of bronchial fistula,Closure of bronchial fistula,http://fhir.hie.moh.gov.my/CodeSystem/procedure-code-my-core,CodeSystemProcedureCodeMyCore
33.43,Closure of laceration of lung,Closure of laceration of lung,http://fhir.hie.moh.gov.my/CodeSystem/procedure-code-my-core,CodeSystemProcedureCodeMyCore
33.48,Other repair and plastic operations on bronchus,Other repair and plastic operations on bronchus,http://fhir.hie.moh.gov.my/CodeSystem/procedure-code-my-core,CodeSystemProcedureCodeMyCore
33.49,Other repair and plastic operations on lung,Other repair and plastic operations on lung,http://fhir.hie.moh.gov.my/CodeSystem/procedure-code-my-core,CodeSystemProcedureCodeMyCore
33.51,Unilateral lung transplantation,Unilateral lung transplantation,http://fhir.hie.moh.gov.my/CodeSystem/procedure-code-my-core,CodeSystemProcedureCodeMyCore
33.52,Bilateral lung transplantation,Bilateral lung transplantation,http://fhir.hie.moh.gov.my/CodeSystem/procedure-code-my-core,CodeSystemProcedureCodeMyCore
33.71,"Endoscopic insertion or replacement of bronchial valve(s), single lobe","Endoscopic insertion or replacement of bronchial valve(s), single lobe",http://fhir.hie.moh.gov.my/CodeSystem/procedure-code-my-core,CodeSystemProcedureCodeMyCore
33.72,Endoscopic pulmonary airway flow measurement,Endoscopic pulmonary airway flow measurement,http://fhir.hie.moh.gov.my/CodeSystem/procedure-code-my-core,CodeSystemProcedureCodeMyCore
33.73,"Endoscopic insertion or replacement of bronchial valve(s), multiple lobes","Endoscopic insertion or replacement of bronchial valve(s), multiple lobes",http://fhir.hie.moh.gov.my/CodeSystem/procedure-code-my-core,CodeSystemProcedureCodeMyCore
33.78,Endoscopic removal of bronchial device(s) or substances,Endoscopic removal of bronchial device(s) or substances,http://fhir.hie.moh.gov.my/CodeSystem/procedure-code-my-core,CodeSystemProcedureCodeMyCore
33.79,Endoscopic insertion of other bronchial device or substances,Endoscopic insertion of other bronchial device or substances,http://fhir.hie.moh.gov.my/CodeSystem/procedure-code-my-core,CodeSystemProcedureCodeMyCore
33.91,Bronchial dilation,Bronchial dilation,http://fhir.hie.moh.gov.my/CodeSystem/procedure-code-my-core,CodeSystemProcedureCodeMyCore
33.92,Ligation of bronchus,Ligation of bronchus,http://fhir.hie.moh.gov.my/CodeSystem/procedure-code-my-core,CodeSystemProcedureCodeMyCore
33.93,Puncture of lung,Puncture of lung,http://fhir.hie.moh.gov.my/CodeSystem/procedure-code-my-core,CodeSystemProcedureCodeMyCore
33.98,Other operations on bronchus,Other operations on bronchus,http://fhir.hie.moh.gov.my/CodeSystem/procedure-code-my-core,CodeSystemProcedureCodeMyCore
33.99,Other operations on lung,Other operations on lung,http://fhir.hie.moh.gov.my/CodeSystem/procedure-code-my-core,CodeSystemProcedureCodeMyCore
34.01,Incision of chest wall,Incision of chest wall,http://fhir.hie.moh.gov.my/CodeSystem/procedure-code-my-core,CodeSystemProcedureCodeMyCore
34.02,Exploratory thoracothomy,Exploratory thoracothomy,http://fhir.hie.moh.gov.my/CodeSystem/procedure-code-my-core,CodeSystemProcedureCodeMyCore
34.03,Reopening of recent thoracotomy site,Reopening of recent thoracotomy site,http://fhir.hie.moh.gov.my/CodeSystem/procedure-code-my-core,CodeSystemProcedureCodeMyCore
34.04,Insertion of intercostal catheter for drainage,Insertion of intercostal catheter for drainage,http://fhir.hie.moh.gov.my/CodeSystem/procedure-code-my-core,CodeSystemProcedureCodeMyCore
34.05,Creation of pleuroperitoneal shunt,Creation of pleuroperitoneal shunt,http://fhir.hie.moh.gov.my/CodeSystem/procedure-code-my-core,CodeSystemProcedureCodeMyCore
34.06,Thoracoscopic drainage of pleural cavity,Thoracoscopic drainage of pleural cavity,http://fhir.hie.moh.gov.my/CodeSystem/procedure-code-my-core,CodeSystemProcedureCodeMyCore
34.09,Other incision of pleura,Other incision of pleura,http://fhir.hie.moh.gov.my/CodeSystem/procedure-code-my-core,CodeSystemProcedureCodeMyCore
34.21,Transpleural thoracoscopy,Transpleural thoracoscopy,http://fhir.hie.moh.gov.my/CodeSystem/procedure-code-my-core,CodeSystemProcedureCodeMyCore
34.22,Mediastinoscopy,Mediastinoscopy,http://fhir.hie.moh.gov.my/CodeSystem/procedure-code-my-core,CodeSystemProcedureCodeMyCore
34.23,Biopsy of chest wall,Biopsy of chest wall,http://fhir.hie.moh.gov.my/CodeSystem/procedure-code-my-core,CodeSystemProcedureCodeMyCore
34.24,Other pleural biopsy,Other pleural biopsy,http://fhir.hie.moh.gov.my/CodeSystem/procedure-code-my-core,CodeSystemProcedureCodeMyCore
34.25,Closed [percutaneous] [needle] biopsy of mediastinum,Closed [percutaneous] [needle] biopsy of mediastinum,http://fhir.hie.moh.gov.my/CodeSystem/procedure-code-my-core,CodeSystemProcedureCodeMyCore
34.26,Open mediastinal biopsy,Open mediastinal biopsy,http://fhir.hie.moh.gov.my/CodeSystem/procedure-code-my-core,CodeSystemProcedureCodeMyCore
34.27,Biopsy of diaphragm,Biopsy of diaphragm,http://fhir.hie.moh.gov.my/CodeSystem/procedure-code-my-core,CodeSystemProcedureCodeMyCore
34.28,"Other diagnostic procedures on chest wall, pleura, and diaphragm","Other diagnostic procedures on chest wall, pleura, and diaphragm",http://fhir.hie.moh.gov.my/CodeSystem/procedure-code-my-core,CodeSystemProcedureCodeMyCore
34.29,Other diagnostic procedures on mediastinum,Other diagnostic procedures on mediastinum,http://fhir.hie.moh.gov.my/CodeSystem/procedure-code-my-core,CodeSystemProcedureCodeMyCore
34.51,Decortication of lung,Decortication of lung,http://fhir.hie.moh.gov.my/CodeSystem/procedure-code-my-core,CodeSystemProcedureCodeMyCore
34.52,Thoracoscopic decortication of lung,Thoracoscopic decortication of lung,http://fhir.hie.moh.gov.my/CodeSystem/procedure-code-my-core,CodeSystemProcedureCodeMyCore
34.59,Other excision of pleura,Other excision of pleura,http://fhir.hie.moh.gov.my/CodeSystem/procedure-code-my-core,CodeSystemProcedureCodeMyCore
34.71,Suture of laceration of chest wall,Suture of laceration of chest wall,http://fhir.hie.moh.gov.my/CodeSystem/procedure-code-my-core,CodeSystemProcedureCodeMyCore
34.72,Closure of thoracostomy,Closure of thoracostomy,http://fhir.hie.moh.gov.my/CodeSystem/procedure-code-my-core,CodeSystemProcedureCodeMyCore
34.73,Closure of other fistula of thorax,Closure of other fistula of thorax,http://fhir.hie.moh.gov.my/CodeSystem/procedure-code-my-core,CodeSystemProcedureCodeMyCore
34.74,Repair of pectus deformity,Repair of pectus deformity,http://fhir.hie.moh.gov.my/CodeSystem/procedure-code-my-core,CodeSystemProcedureCodeMyCore
34.79,Other repair of chest wall,Other repair of chest wall,http://fhir.hie.moh.gov.my/CodeSystem/procedure-code-my-core,CodeSystemProcedureCodeMyCore
34.81,Excision of lesion or tissue of diaphragm,Excision of lesion or tissue of diaphragm,http://fhir.hie.moh.gov.my/CodeSystem/procedure-code-my-core,CodeSystemProcedureCodeMyCore
34.82,Suture of laceration of diaphragm,Suture of laceration of diaphragm,http://fhir.hie.moh.gov.my/CodeSystem/procedure-code-my-core,CodeSystemProcedureCodeMyCore
34.83,Closure of fistula of diaphragm,Closure of fistula of diaphragm,http://fhir.hie.moh.gov.my/CodeSystem/procedure-code-my-core,CodeSystemProcedureCodeMyCore
34.84,Other repair of diaphragm,Other repair of diaphragm,http://fhir.hie.moh.gov.my/CodeSystem/procedure-code-my-core,CodeSystemProcedureCodeMyCore
34.85,Implantation of diaphragmatic pacemaker,Implantation of diaphragmatic pacemaker,http://fhir.hie.moh.gov.my/CodeSystem/procedure-code-my-core,CodeSystemProcedureCodeMyCore
34.89,Other operations on diaphragm,Other operations on diaphragm,http://fhir.hie.moh.gov.my/CodeSystem/procedure-code-my-core,CodeSystemProcedureCodeMyCore
34.91,Thoracentesis,Thoracentesis,http://fhir.hie.moh.gov.my/CodeSystem/procedure-code-my-core,CodeSystemProcedureCodeMyCore
34.92,Injection into thoracic cavity,Injection into thoracic cavity,http://fhir.hie.moh.gov.my/CodeSystem/procedure-code-my-core,CodeSystemProcedureCodeMyCore
34.93,Repair of pleura,Repair of pleura,http://fhir.hie.moh.gov.my/CodeSystem/procedure-code-my-core,CodeSystemProcedureCodeMyCore
34.99,Other operations on thorax,Other operations on thorax,http://fhir.hie.moh.gov.my/CodeSystem/procedure-code-my-core,CodeSystemProcedureCodeMyCore
35.01,"Closed heart valvotomy, aortic valve","Closed heart valvotomy, aortic valve",http://fhir.hie.moh.gov.my/CodeSystem/procedure-code-my-core,CodeSystemProcedureCodeMyCore
35.02,"Closed heart valvotomy, mitral valve","Closed heart valvotomy, mitral valve",http://fhir.hie.moh.gov.my/CodeSystem/procedure-code-my-core,CodeSystemProcedureCodeMyCore
35.03,"Closed heart valvotomy, pulmonary valve","Closed heart valvotomy, pulmonary valve",http://fhir.hie.moh.gov.my/CodeSystem/procedure-code-my-core,CodeSystemProcedureCodeMyCore
35.04,"Closed heart valvotomy, tricuspid valve","Closed heart valvotomy, tricuspid valve",http://fhir.hie.moh.gov.my/CodeSystem/procedure-code-my-core,CodeSystemProcedureCodeMyCore
35.05,Endovascular replacement of aortic valve,Endovascular replacement of aortic valve,http://fhir.hie.moh.gov.my/CodeSystem/procedure-code-my-core,CodeSystemProcedureCodeMyCore
35.06,Transapical replacement of aortic valve,Transapical replacement of aortic valve,http://fhir.hie.moh.gov.my/CodeSystem/procedure-code-my-core,CodeSystemProcedureCodeMyCore
35.07,Endovascular replacement of pulmonary valve,Endovascular replacement of pulmonary valve,http://fhir.hie.moh.gov.my/CodeSystem/procedure-code-my-core,CodeSystemProcedureCodeMyCore
35.08,Transapical replacement of pulmonary valve,Transapical replacement of pulmonary valve,http://fhir.hie.moh.gov.my/CodeSystem/procedure-code-my-core,CodeSystemProcedureCodeMyCore
35.09,Endovascular replacement of unspecified heart valve,Endovascular replacement of unspecified heart valve,http://fhir.hie.moh.gov.my/CodeSystem/procedure-code-my-core,CodeSystemProcedureCodeMyCore
35.11,Open heart valvuloplasty of aortic valve without replacement,Open heart valvuloplasty of aortic valve without replacement,http://fhir.hie.moh.gov.my/CodeSystem/procedure-code-my-core,CodeSystemProcedureCodeMyCore
35.12,Open heart valvuloplasty of mitral valve without replacement,Open heart valvuloplasty of mitral valve without replacement,http://fhir.hie.moh.gov.my/CodeSystem/procedure-code-my-core,CodeSystemProcedureCodeMyCore
35.13,Open heart valvuloplasty of pulmonary valve without replacement,Open heart valvuloplasty of pulmonary valve without replacement,http://fhir.hie.moh.gov.my/CodeSystem/procedure-code-my-core,CodeSystemProcedureCodeMyCore
35.14,Open heart valvuloplasty of tricuspid valve without replacement,Open heart valvuloplasty of tricuspid valve without replacement,http://fhir.hie.moh.gov.my/CodeSystem/procedure-code-my-core,CodeSystemProcedureCodeMyCore
35.21,Open and other replacement of aortic valve with tissue graft,Open and other replacement of aortic valve with tissue graft,http://fhir.hie.moh.gov.my/CodeSystem/procedure-code-my-core,CodeSystemProcedureCodeMyCore
35.22,Open and other replacement of aortic valve,Open and other replacement of aortic valve,http://fhir.hie.moh.gov.my/CodeSystem/procedure-code-my-core,CodeSystemProcedureCodeMyCore
35.23,Open and other replacement of mitral valve with tissue graft,Open and other replacement of mitral valve with tissue graft,http://fhir.hie.moh.gov.my/CodeSystem/procedure-code-my-core,CodeSystemProcedureCodeMyCore
35.24,Open and other replacement of mitral valve,Open and other replacement of mitral valve,http://fhir.hie.moh.gov.my/CodeSystem/procedure-code-my-core,CodeSystemProcedureCodeMyCore
35.25,Open and other replacement of pulmonary valve with tissue graft,Open and other replacement of pulmonary valve with tissue graft,http://fhir.hie.moh.gov.my/CodeSystem/procedure-code-my-core,CodeSystemProcedureCodeMyCore
35.26,Open and other replacement of pulmonary valve,Open and other replacement of pulmonary valve,http://fhir.hie.moh.gov.my/CodeSystem/procedure-code-my-core,CodeSystemProcedureCodeMyCore
35.27,Open and other replacement of tricuspid valve with tissue graft,Open and other replacement of tricuspid valve with tissue graft,http://fhir.hie.moh.gov.my/CodeSystem/procedure-code-my-core,CodeSystemProcedureCodeMyCore
35.28,Open and other replacement of tricuspid valve,Open and other replacement of tricuspid valve,http://fhir.hie.moh.gov.my/CodeSystem/procedure-code-my-core,CodeSystemProcedureCodeMyCore
35.31,Operations on papillary muscle,Operations on papillary muscle,http://fhir.hie.moh.gov.my/CodeSystem/procedure-code-my-core,CodeSystemProcedureCodeMyCore
35.32,Operations on chordae tendineae,Operations on chordae tendineae,http://fhir.hie.moh.gov.my/CodeSystem/procedure-code-my-core,CodeSystemProcedureCodeMyCore
35.33,Annuloplasty,Annuloplasty,http://fhir.hie.moh.gov.my/CodeSystem/procedure-code-my-core,CodeSystemProcedureCodeMyCore
35.34,Infundibulectomy,Infundibulectomy,http://fhir.hie.moh.gov.my/CodeSystem/procedure-code-my-core,CodeSystemProcedureCodeMyCore
35.35,Operations on trabeculae carnae cordis,Operations on trabeculae carnae cordis,http://fhir.hie.moh.gov.my/CodeSystem/procedure-code-my-core,CodeSystemProcedureCodeMyCore
35.39,Operations on other structures adjacent to valves of heart,Operations on other structures adjacent to valves of heart,http://fhir.hie.moh.gov.my/CodeSystem/procedure-code-my-core,CodeSystemProcedureCodeMyCore
35.41,Enlargement of existing artrial septal defect,Enlargement of existing artrial septal defect,http://fhir.hie.moh.gov.my/CodeSystem/procedure-code-my-core,CodeSystemProcedureCodeMyCore
35.42,Creation of septal defect in heart,Creation of septal defect in heart,http://fhir.hie.moh.gov.my/CodeSystem/procedure-code-my-core,CodeSystemProcedureCodeMyCore
35.51,"Repair of atrial septal defect with prosthesis, open technique","Repair of atrial septal defect with prosthesis, open technique",http://fhir.hie.moh.gov.my/CodeSystem/procedure-code-my-core,CodeSystemProcedureCodeMyCore
35.52,"Repair of atrial septal defect with prosthesis, closed technique","Repair of atrial septal defect with prosthesis, closed technique",http://fhir.hie.moh.gov.my/CodeSystem/procedure-code-my-core,CodeSystemProcedureCodeMyCore
35.53,"Repair of ventricular septal defect with prosthesis, open technique","Repair of ventricular septal defect with prosthesis, open technique",http://fhir.hie.moh.gov.my/CodeSystem/procedure-code-my-core,CodeSystemProcedureCodeMyCore
35.54,Repair of endocardial cushion defect with prosthesis,Repair of endocardial cushion defect with prosthesis,http://fhir.hie.moh.gov.my/CodeSystem/procedure-code-my-core,CodeSystemProcedureCodeMyCore
35.55,"Repair of ventricular septal defect with prosthesis, closed technique","Repair of ventricular septal defect with prosthesis, closed technique",http://fhir.hie.moh.gov.my/CodeSystem/procedure-code-my-core,CodeSystemProcedureCodeMyCore
35.61,Repair of atrial septal defect with tissue graft,Repair of atrial septal defect with tissue graft,http://fhir.hie.moh.gov.my/CodeSystem/procedure-code-my-core,CodeSystemProcedureCodeMyCore
35.62,Repair of ventricular septal defect with tissue graft,Repair of ventricular septal defect with tissue graft,http://fhir.hie.moh.gov.my/CodeSystem/procedure-code-my-core,CodeSystemProcedureCodeMyCore
35.63,Repair of endocardial cushion defect with tissue graft,Repair of endocardial cushion defect with tissue graft,http://fhir.hie.moh.gov.my/CodeSystem/procedure-code-my-core,CodeSystemProcedureCodeMyCore
35.71,Other and unspecified repair of atrial septal defect,Other and unspecified repair of atrial septal defect,http://fhir.hie.moh.gov.my/CodeSystem/procedure-code-my-core,CodeSystemProcedureCodeMyCore
35.72,Other and unspecified repair of ventricular septal defect,Other and unspecified repair of ventricular septal defect,http://fhir.hie.moh.gov.my/CodeSystem/procedure-code-my-core,CodeSystemProcedureCodeMyCore
35.73,Other and unspecified repair of endocardial cushion defect,Other and unspecified repair of endocardial cushion defect,http://fhir.hie.moh.gov.my/CodeSystem/procedure-code-my-core,CodeSystemProcedureCodeMyCore
35.81,Total repair of tetralogy of Fallot,Total repair of tetralogy of Fallot,http://fhir.hie.moh.gov.my/CodeSystem/procedure-code-my-core,CodeSystemProcedureCodeMyCore
35.82,Total repair of total anomalous pulmonary venous connection,Total repair of total anomalous pulmonary venous connection,http://fhir.hie.moh.gov.my/CodeSystem/procedure-code-my-core,CodeSystemProcedureCodeMyCore
35.83,Total repair of truncus arteriosus,Total repair of truncus arteriosus,http://fhir.hie.moh.gov.my/CodeSystem/procedure-code-my-core,CodeSystemProcedureCodeMyCore
35.84,"Total correction of transposition of great vessels, not elsewhere classified","Total correction of transposition of great vessels, not elsewhere classified",http://fhir.hie.moh.gov.my/CodeSystem/procedure-code-my-core,CodeSystemProcedureCodeMyCore
35.91,Interatrial transposition of venous return,Interatrial transposition of venous return,http://fhir.hie.moh.gov.my/CodeSystem/procedure-code-my-core,CodeSystemProcedureCodeMyCore
35.92,Creation of conduit between right ventricle and pulmonary artery,Creation of conduit between right ventricle and pulmonary artery,http://fhir.hie.moh.gov.my/CodeSystem/procedure-code-my-core,CodeSystemProcedureCodeMyCore
35.93,Creation of conduit between left ventricle and aorta,Creation of conduit between left ventricle and aorta,http://fhir.hie.moh.gov.my/CodeSystem/procedure-code-my-core,CodeSystemProcedureCodeMyCore
35.94,Creation of conduit between atrium and pulmonary artery,Creation of conduit between atrium and pulmonary artery,http://fhir.hie.moh.gov.my/CodeSystem/procedure-code-my-core,CodeSystemProcedureCodeMyCore
35.95,Revision of corrective procedure on heart,Revision of corrective procedure on heart,http://fhir.hie.moh.gov.my/CodeSystem/procedure-code-my-core,CodeSystemProcedureCodeMyCore
35.96,Percutaneous balloon valvuloplasty,Percutaneous balloon valvuloplasty,http://fhir.hie.moh.gov.my/CodeSystem/procedure-code-my-core,CodeSystemProcedureCodeMyCore
35.97,Percutaneous mitral valve repair with implant,Percutaneous mitral valve repair with implant,http://fhir.hie.moh.gov.my/CodeSystem/procedure-code-my-core,CodeSystemProcedureCodeMyCore
35.98,Other operations on septa of heart,Other operations on septa of heart,http://fhir.hie.moh.gov.my/CodeSystem/procedure-code-my-core,CodeSystemProcedureCodeMyCore
35.99,Other operations on valves of heart,Other operations on valves of heart,http://fhir.hie.moh.gov.my/CodeSystem/procedure-code-my-core,CodeSystemProcedureCodeMyCore
36.03,Open chest coronary artery angioplasty,Open chest coronary artery angioplasty,http://fhir.hie.moh.gov.my/CodeSystem/procedure-code-my-core,CodeSystemProcedureCodeMyCore
36.04,Intracoronary artery thrombolytic infusion,Intracoronary artery thrombolytic infusion,http://fhir.hie.moh.gov.my/CodeSystem/procedure-code-my-core,CodeSystemProcedureCodeMyCore
36.06,Insertion of non-drug-eluting coronary artery stent(s),Insertion of non-drug-eluting coronary artery stent(s),http://fhir.hie.moh.gov.my/CodeSystem/procedure-code-my-core,CodeSystemProcedureCodeMyCore
36.07,Insertion of drug-eluting coronary artery stent(s),Insertion of drug-eluting coronary artery stent(s),http://fhir.hie.moh.gov.my/CodeSystem/procedure-code-my-core,CodeSystemProcedureCodeMyCore
36.09,Other removal of coronary artery obstruction,Other removal of coronary artery obstruction,http://fhir.hie.moh.gov.my/CodeSystem/procedure-code-my-core,CodeSystemProcedureCodeMyCore
36.11,(Aorto)coronary bypass of one coronary artery,(Aorto)coronary bypass of one coronary artery,http://fhir.hie.moh.gov.my/CodeSystem/procedure-code-my-core,CodeSystemProcedureCodeMyCore
36.12,(Aorto)coronary bypass of two coronary arteries,(Aorto)coronary bypass of two coronary arteries,http://fhir.hie.moh.gov.my/CodeSystem/procedure-code-my-core,CodeSystemProcedureCodeMyCore
36.13,(Aorto)coronary bypass of three coronary arteries,(Aorto)coronary bypass of three coronary arteries,http://fhir.hie.moh.gov.my/CodeSystem/procedure-code-my-core,CodeSystemProcedureCodeMyCore
36.14,(Aorto)coronary bypass of four or more coronary arteries,(Aorto)coronary bypass of four or more coronary arteries,http://fhir.hie.moh.gov.my/CodeSystem/procedure-code-my-core,CodeSystemProcedureCodeMyCore
36.15,Single internal mammary-coronary artery bypass,Single internal mammary-coronary artery bypass,http://fhir.hie.moh.gov.my/CodeSystem/procedure-code-my-core,CodeSystemProcedureCodeMyCore
36.16,Double internal mammary-coronary artery bypass,Double internal mammary-coronary artery bypass,http://fhir.hie.moh.gov.my/CodeSystem/procedure-code-my-core,CodeSystemProcedureCodeMyCore
36.17,Abdominal - coronary artery bypass,Abdominal - coronary artery bypass,http://fhir.hie.moh.gov.my/CodeSystem/procedure-code-my-core,CodeSystemProcedureCodeMyCore
36.19,Other bypass anastomosis for heart revascularization,Other bypass anastomosis for heart revascularization,http://fhir.hie.moh.gov.my/CodeSystem/procedure-code-my-core,CodeSystemProcedureCodeMyCore
36.31,Open chest transmyocardial revascularization,Open chest transmyocardial revascularization,http://fhir.hie.moh.gov.my/CodeSystem/procedure-code-my-core,CodeSystemProcedureCodeMyCore
36.32,Other transmyocardial revascularization,Other transmyocardial revascularization,http://fhir.hie.moh.gov.my/CodeSystem/procedure-code-my-core,CodeSystemProcedureCodeMyCore
36.33,Endoscopic transmyocardial revascularization,Endoscopic transmyocardial revascularization,http://fhir.hie.moh.gov.my/CodeSystem/procedure-code-my-core,CodeSystemProcedureCodeMyCore
36.34,Percutaneous transmyocardial revascularization,Percutaneous transmyocardial revascularization,http://fhir.hie.moh.gov.my/CodeSystem/procedure-code-my-core,CodeSystemProcedureCodeMyCore
36.39,Other heart revascularization,Other heart revascularization,http://fhir.hie.moh.gov.my/CodeSystem/procedure-code-my-core,CodeSystemProcedureCodeMyCore
36.91,Repair of aneurysm of coronary vessel,Repair of aneurysm of coronary vessel,http://fhir.hie.moh.gov.my/CodeSystem/procedure-code-my-core,CodeSystemProcedureCodeMyCore
36.99,Other operations on vessels of heart,Other operations on vessels of heart,http://fhir.hie.moh.gov.my/CodeSystem/procedure-code-my-core,CodeSystemProcedureCodeMyCore
37.11,Cardiotomy,Cardiotomy,http://fhir.hie.moh.gov.my/CodeSystem/procedure-code-my-core,CodeSystemProcedureCodeMyCore
37.12,Pericardiotomy,Pericardiotomy,http://fhir.hie.moh.gov.my/CodeSystem/procedure-code-my-core,CodeSystemProcedureCodeMyCore
37.21,Right heart cardiac catheterization,Right heart cardiac catheterization,http://fhir.hie.moh.gov.my/CodeSystem/procedure-code-my-core,CodeSystemProcedureCodeMyCore
37.22,Left heart cardiac catheterization,Left heart cardiac catheterization,http://fhir.hie.moh.gov.my/CodeSystem/procedure-code-my-core,CodeSystemProcedureCodeMyCore
37.23,Combined right and left heart cardiac catheterization,Combined right and left heart cardiac catheterization,http://fhir.hie.moh.gov.my/CodeSystem/procedure-code-my-core,CodeSystemProcedureCodeMyCore
37.24,Biopsy of pericardium,Biopsy of pericardium,http://fhir.hie.moh.gov.my/CodeSystem/procedure-code-my-core,CodeSystemProcedureCodeMyCore
37.25,Biopsy of heart,Biopsy of heart,http://fhir.hie.moh.gov.my/CodeSystem/procedure-code-my-core,CodeSystemProcedureCodeMyCore
37.26,Catheter based invasive electrophysiologic testing,Catheter based invasive electrophysiologic testing,http://fhir.hie.moh.gov.my/CodeSystem/procedure-code-my-core,CodeSystemProcedureCodeMyCore
37.27,Cardiac mapping,Cardiac mapping,http://fhir.hie.moh.gov.my/CodeSystem/procedure-code-my-core,CodeSystemProcedureCodeMyCore
37.28,Intracardiac echocardiography,Intracardiac echocardiography,http://fhir.hie.moh.gov.my/CodeSystem/procedure-code-my-core,CodeSystemProcedureCodeMyCore
37.29,Other diagnostic procedures on heart and pericardium,Other diagnostic procedures on heart and pericardium,http://fhir.hie.moh.gov.my/CodeSystem/procedure-code-my-core,CodeSystemProcedureCodeMyCore
37.31,Pericardiectomy,Pericardiectomy,http://fhir.hie.moh.gov.my/CodeSystem/procedure-code-my-core,CodeSystemProcedureCodeMyCore
37.32,Excision of aneursym of heart,Excision of aneursym of heart,http://fhir.hie.moh.gov.my/CodeSystem/procedure-code-my-core,CodeSystemProcedureCodeMyCore
37.33,"Excision or destruction of other lesion or tissue of heart, open approach","Excision or destruction of other lesion or tissue of heart, open approach",http://fhir.hie.moh.gov.my/CodeSystem/procedure-code-my-core,CodeSystemProcedureCodeMyCore
37.34,"Excision or destruction of other lesion or tissue of heart, endovascular approach","Excision or destruction of other lesion or tissue of heart, endovascular approach",http://fhir.hie.moh.gov.my/CodeSystem/procedure-code-my-core,CodeSystemProcedureCodeMyCore
37.35,Partial ventriculectomy,Partial ventriculectomy,http://fhir.hie.moh.gov.my/CodeSystem/procedure-code-my-core,CodeSystemProcedureCodeMyCore
37.36,"Excision, destruction, or exclusion of left atrial appendage (LAA)","Excision, destruction, or exclusion of left atrial appendage (LAA)",http://fhir.hie.moh.gov.my/CodeSystem/procedure-code-my-core,CodeSystemProcedureCodeMyCore
37.37,"Excision or destruction of other lesion or tissue of heart, thoracoscopic approach","Excision or destruction of other lesion or tissue of heart, thoracoscopic approach",http://fhir.hie.moh.gov.my/CodeSystem/procedure-code-my-core,CodeSystemProcedureCodeMyCore
37.41,Implantation of prosthetic cardiac support device around the heart,Implantation of prosthetic cardiac support device around the heart,http://fhir.hie.moh.gov.my/CodeSystem/procedure-code-my-core,CodeSystemProcedureCodeMyCore
37.49,Other repair of heart and pericardium,Other repair of heart and pericardium,http://fhir.hie.moh.gov.my/CodeSystem/procedure-code-my-core,CodeSystemProcedureCodeMyCore
37.51,Heart transplantation,Heart transplantation,http://fhir.hie.moh.gov.my/CodeSystem/procedure-code-my-core,CodeSystemProcedureCodeMyCore
37.52,Implantation of total internal biventricular heart replacement system,Implantation of total internal biventricular heart replacement system,http://fhir.hie.moh.gov.my/CodeSystem/procedure-code-my-core,CodeSystemProcedureCodeMyCore
37.53,Replacement or repair of thoracic unit of (total) replacement heart system,Replacement or repair of thoracic unit of (total) replacement heart system,http://fhir.hie.moh.gov.my/CodeSystem/procedure-code-my-core,CodeSystemProcedureCodeMyCore
37.54,Replacement or repair of other implantable component of (total) replacement heart system,Replacement or repair of other implantable component of (total) replacement heart system,http://fhir.hie.moh.gov.my/CodeSystem/procedure-code-my-core,CodeSystemProcedureCodeMyCore
37.55,Removal of internal biventricular heart replacement system,Removal of internal biventricular heart replacement system,http://fhir.hie.moh.gov.my/CodeSystem/procedure-code-my-core,CodeSystemProcedureCodeMyCore
37.61,Implant of pulsation balloon,Implant of pulsation balloon,http://fhir.hie.moh.gov.my/CodeSystem/procedure-code-my-core,CodeSystemProcedureCodeMyCore
37.62,Insertion of temporary non-implantable extracorporeal circulatory assist device,Insertion of temporary non-implantable extracorporeal circulatory assist device,http://fhir.hie.moh.gov.my/CodeSystem/procedure-code-my-core,CodeSystemProcedureCodeMyCore
37.63,Repair of heart assist system,Repair of heart assist system,http://fhir.hie.moh.gov.my/CodeSystem/procedure-code-my-core,CodeSystemProcedureCodeMyCore
37.64,Removal of external heart assist system(s) or device(s),Removal of external heart assist system(s) or device(s),http://fhir.hie.moh.gov.my/CodeSystem/procedure-code-my-core,CodeSystemProcedureCodeMyCore
37.65,Implant of single ventricular (extracorporeal) external heart assist system,Implant of single ventricular (extracorporeal) external heart assist system,http://fhir.hie.moh.gov.my/CodeSystem/procedure-code-my-core,CodeSystemProcedureCodeMyCore
37.66,Insertion of implantable heart assist system,Insertion of implantable heart assist system,http://fhir.hie.moh.gov.my/CodeSystem/procedure-code-my-core,CodeSystemProcedureCodeMyCore
37.67,Implantation of cardiomyostimulation system,Implantation of cardiomyostimulation system,http://fhir.hie.moh.gov.my/CodeSystem/procedure-code-my-core,CodeSystemProcedureCodeMyCore
37.68,Insertion of percutaneous external heart assist device,Insertion of percutaneous external heart assist device,http://fhir.hie.moh.gov.my/CodeSystem/procedure-code-my-core,CodeSystemProcedureCodeMyCore
37.71,Initial insertion of transvenous lead [electrode] into ventricle,Initial insertion of transvenous lead [electrode] into ventricle,http://fhir.hie.moh.gov.my/CodeSystem/procedure-code-my-core,CodeSystemProcedureCodeMyCore
37.72,Initial insertion of transvenous leads [electrode] into atrium and ventricle,Initial insertion of transvenous leads [electrode] into atrium and ventricle,http://fhir.hie.moh.gov.my/CodeSystem/procedure-code-my-core,CodeSystemProcedureCodeMyCore
37.73,Initial insertion of tranvenous lead [electrode into atrium,Initial insertion of tranvenous lead [electrode into atrium,http://fhir.hie.moh.gov.my/CodeSystem/procedure-code-my-core,CodeSystemProcedureCodeMyCore
37.74,Insertion or replacement of epicardial lead [electrode] into epicardium,Insertion or replacement of epicardial lead [electrode] into epicardium,http://fhir.hie.moh.gov.my/CodeSystem/procedure-code-my-core,CodeSystemProcedureCodeMyCore
37.75,Revision of lead [electrode],Revision of lead [electrode],http://fhir.hie.moh.gov.my/CodeSystem/procedure-code-my-core,CodeSystemProcedureCodeMyCore
37.76,Replacement of transvenous atrial and/or ventricular lead(s) [electrode],Replacement of transvenous atrial and/or ventricular lead(s) [electrode],http://fhir.hie.moh.gov.my/CodeSystem/procedure-code-my-core,CodeSystemProcedureCodeMyCore
37.77,Removal of lead(s) [electrode] without replacement,Removal of lead(s) [electrode] without replacement,http://fhir.hie.moh.gov.my/CodeSystem/procedure-code-my-core,CodeSystemProcedureCodeMyCore
37.78,Insertion of temporary transvenous pacemaker system,Insertion of temporary transvenous pacemaker system,http://fhir.hie.moh.gov.my/CodeSystem/procedure-code-my-core,CodeSystemProcedureCodeMyCore
37.79,Revision or relocation of cardiac device pocket,Revision or relocation of cardiac device pocket,http://fhir.hie.moh.gov.my/CodeSystem/procedure-code-my-core,CodeSystemProcedureCodeMyCore
37.81,"Initial insertion of single-chamber device, not specified as rate responsive","Initial insertion of single-chamber device, not specified as rate responsive",http://fhir.hie.moh.gov.my/CodeSystem/procedure-code-my-core,CodeSystemProcedureCodeMyCore
37.82,"Initial insertion of single-chamber device, rate responsive","Initial insertion of single-chamber device, rate responsive",http://fhir.hie.moh.gov.my/CodeSystem/procedure-code-my-core,CodeSystemProcedureCodeMyCore
37.83,Initial insertion of dual-chamber device,Initial insertion of dual-chamber device,http://fhir.hie.moh.gov.my/CodeSystem/procedure-code-my-core,CodeSystemProcedureCodeMyCore
37.85,"Replacement of any type pacemaker device with single-chamber device, not specified as rate responsive","Replacement of any type pacemaker device with single-chamber device, not specified as rate responsive",http://fhir.hie.moh.gov.my/CodeSystem/procedure-code-my-core,CodeSystemProcedureCodeMyCore
37.86,"Replacement of any type pacemaker device with single-chamber device, rate responsive","Replacement of any type pacemaker device with single-chamber device, rate responsive",http://fhir.hie.moh.gov.my/CodeSystem/procedure-code-my-core,CodeSystemProcedureCodeMyCore
37.87,Replacement of any type pacemaker device with dual-chamber device,Replacement of any type pacemaker device with dual-chamber device,http://fhir.hie.moh.gov.my/CodeSystem/procedure-code-my-core,CodeSystemProcedureCodeMyCore
37.89,Revision or removal of pacemaker device,Revision or removal of pacemaker device,http://fhir.hie.moh.gov.my/CodeSystem/procedure-code-my-core,CodeSystemProcedureCodeMyCore
37.91,Open chest cardiac massage,Open chest cardiac massage,http://fhir.hie.moh.gov.my/CodeSystem/procedure-code-my-core,CodeSystemProcedureCodeMyCore
37.92,Injection of therapeutic substance into heart,Injection of therapeutic substance into heart,http://fhir.hie.moh.gov.my/CodeSystem/procedure-code-my-core,CodeSystemProcedureCodeMyCore
37.93,Injection of therapeutic substance into pericardium,Injection of therapeutic substance into pericardium,http://fhir.hie.moh.gov.my/CodeSystem/procedure-code-my-core,CodeSystemProcedureCodeMyCore
37.94,"Implantation or replacement of automatic cardioverter/defibrillator, total system [AICD]","Implantation or replacement of automatic cardioverter/defibrillator, total system [AICD]",http://fhir.hie.moh.gov.my/CodeSystem/procedure-code-my-core,CodeSystemProcedureCodeMyCore
37.95,Implantation of automatic cardioverter/defibrillator lead(s) only,Implantation of automatic cardioverter/defibrillator lead(s) only,http://fhir.hie.moh.gov.my/CodeSystem/procedure-code-my-core,CodeSystemProcedureCodeMyCore
37.96,Implantation of automatic cardioverter/defibrillator pulse generator only,Implantation of automatic cardioverter/defibrillator pulse generator only,http://fhir.hie.moh.gov.my/CodeSystem/procedure-code-my-core,CodeSystemProcedureCodeMyCore
37.97,Replacement of automatic cardioverter/defibrillator lead(s) only,Replacement of automatic cardioverter/defibrillator lead(s) only,http://fhir.hie.moh.gov.my/CodeSystem/procedure-code-my-core,CodeSystemProcedureCodeMyCore
37.98,Replacement of automatic cardioverter/defibrillator pulse generator only,Replacement of automatic cardioverter/defibrillator pulse generator only,http://fhir.hie.moh.gov.my/CodeSystem/procedure-code-my-core,CodeSystemProcedureCodeMyCore
37.99,Other operations on heart and pericardium,Other operations on heart and pericardium,http://fhir.hie.moh.gov.my/CodeSystem/procedure-code-my-core,CodeSystemProcedureCodeMyCore
38.01,"Incision of vessel, intracranial vessels","Incision of vessel, intracranial vessels",http://fhir.hie.moh.gov.my/CodeSystem/procedure-code-my-core,CodeSystemProcedureCodeMyCore
38.02,"Incision of vessel, other vessels of head and neck","Incision of vessel, other vessels of head and neck",http://fhir.hie.moh.gov.my/CodeSystem/procedure-code-my-core,CodeSystemProcedureCodeMyCore
38.03,"Incision of vessel, upper limb vessels","Incision of vessel, upper limb vessels",http://fhir.hie.moh.gov.my/CodeSystem/procedure-code-my-core,CodeSystemProcedureCodeMyCore
38.04,"Incision of vessel, aorta","Incision of vessel, aorta",http://fhir.hie.moh.gov.my/CodeSystem/procedure-code-my-core,CodeSystemProcedureCodeMyCore
38.05,"Incision of vessel, other thoracic vessels","Incision of vessel, other thoracic vessels",http://fhir.hie.moh.gov.my/CodeSystem/procedure-code-my-core,CodeSystemProcedureCodeMyCore
38.06,"Incision of vessel, abdominal arteries","Incision of vessel, abdominal arteries",http://fhir.hie.moh.gov.my/CodeSystem/procedure-code-my-core,CodeSystemProcedureCodeMyCore
38.07,"Incision of vessel, abdominal veins","Incision of vessel, abdominal veins",http://fhir.hie.moh.gov.my/CodeSystem/procedure-code-my-core,CodeSystemProcedureCodeMyCore
38.08,"Incision of vessel, lower limb arteries","Incision of vessel, lower limb arteries",http://fhir.hie.moh.gov.my/CodeSystem/procedure-code-my-core,CodeSystemProcedureCodeMyCore
38.09,"Incision of vessel, lower limb veins","Incision of vessel, lower limb veins",http://fhir.hie.moh.gov.my/CodeSystem/procedure-code-my-core,CodeSystemProcedureCodeMyCore
38.11,"Endarterectomy, intracranial vessels","Endarterectomy, intracranial vessels",http://fhir.hie.moh.gov.my/CodeSystem/procedure-code-my-core,CodeSystemProcedureCodeMyCore
38.12,"Endarterectomy, other vessels of head and neck","Endarterectomy, other vessels of head and neck",http://fhir.hie.moh.gov.my/CodeSystem/procedure-code-my-core,CodeSystemProcedureCodeMyCore
38.13,"Endarterectomy, upper limb vessels","Endarterectomy, upper limb vessels",http://fhir.hie.moh.gov.my/CodeSystem/procedure-code-my-core,CodeSystemProcedureCodeMyCore
38.14,"Endarterectomy, aorta","Endarterectomy, aorta",http://fhir.hie.moh.gov.my/CodeSystem/procedure-code-my-core,CodeSystemProcedureCodeMyCore
38.15,"Endarterectomy, other thoracic vessels","Endarterectomy, other thoracic vessels",http://fhir.hie.moh.gov.my/CodeSystem/procedure-code-my-core,CodeSystemProcedureCodeMyCore
38.16,"Endarterectomy, abdominal veins","Endarterectomy, abdominal veins",http://fhir.hie.moh.gov.my/CodeSystem/procedure-code-my-core,CodeSystemProcedureCodeMyCore
38.18,"Endarterectomy, lower limb arteries","Endarterectomy, lower limb arteries",http://fhir.hie.moh.gov.my/CodeSystem/procedure-code-my-core,CodeSystemProcedureCodeMyCore
38.21,Biopsy of blood vessels,Biopsy of blood vessels,http://fhir.hie.moh.gov.my/CodeSystem/procedure-code-my-core,CodeSystemProcedureCodeMyCore
38.22,Percutaneous angioscopy,Percutaneous angioscopy,http://fhir.hie.moh.gov.my/CodeSystem/procedure-code-my-core,CodeSystemProcedureCodeMyCore
38.23,Intravascular spectroscopy,Intravascular spectroscopy,http://fhir.hie.moh.gov.my/CodeSystem/procedure-code-my-core,CodeSystemProcedureCodeMyCore
38.24,Intravascular imaging of coronary vessels(s) by optical coherence tomography [OCT],Intravascular imaging of coronary vessels(s) by optical coherence tomography [OCT],http://fhir.hie.moh.gov.my/CodeSystem/procedure-code-my-core,CodeSystemProcedureCodeMyCore
38.25,Intravascular imaging of non-coronary vessels(s) by optical coherence tomography [OCT],Intravascular imaging of non-coronary vessels(s) by optical coherence tomography [OCT],http://fhir.hie.moh.gov.my/CodeSystem/procedure-code-my-core,CodeSystemProcedureCodeMyCore
38.26,Insertion of implantable pressure sensor without lead for intracardiac or great vessels hemodynamic monitoring,Insertion of implantable pressure sensor without lead for intracardiac or great vessels hemodynamic monitoring,http://fhir.hie.moh.gov.my/CodeSystem/procedure-code-my-core,CodeSystemProcedureCodeMyCore
38.29,Other diagnostic procedures on blood vessels,Other diagnostic procedures on blood vessels,http://fhir.hie.moh.gov.my/CodeSystem/procedure-code-my-core,CodeSystemProcedureCodeMyCore
38.31,"Resection of vessel with anastomosis, intracranial vessels","Resection of vessel with anastomosis, intracranial vessels",http://fhir.hie.moh.gov.my/CodeSystem/procedure-code-my-core,CodeSystemProcedureCodeMyCore
38.32,"Resection of vessel with anastomosis, other vessels of head and neck","Resection of vessel with anastomosis, other vessels of head and neck",http://fhir.hie.moh.gov.my/CodeSystem/procedure-code-my-core,CodeSystemProcedureCodeMyCore
38.33,"Resection of vessel with anastomosis, upper limb vessels","Resection of vessel with anastomosis, upper limb vessels",http://fhir.hie.moh.gov.my/CodeSystem/procedure-code-my-core,CodeSystemProcedureCodeMyCore
38.34,"Resection of vessel with anastomosis, aorta","Resection of vessel with anastomosis, aorta",http://fhir.hie.moh.gov.my/CodeSystem/procedure-code-my-core,CodeSystemProcedureCodeMyCore
38.35,"Resection of vessel with anastomosis, other thoracic vessels","Resection of vessel with anastomosis, other thoracic vessels",http://fhir.hie.moh.gov.my/CodeSystem/procedure-code-my-core,CodeSystemProcedureCodeMyCore
38.36,"Resection of vessel with anastomosis, abdominal arteries","Resection of vessel with anastomosis, abdominal arteries",http://fhir.hie.moh.gov.my/CodeSystem/procedure-code-my-core,CodeSystemProcedureCodeMyCore
38.37,"Resection of vessel with anastomosis, abdominal veins","Resection of vessel with anastomosis, abdominal veins",http://fhir.hie.moh.gov.my/CodeSystem/procedure-code-my-core,CodeSystemProcedureCodeMyCore
38.38,"Resection of vessel with anastomosis, lower limb arteries","Resection of vessel with anastomosis, lower limb arteries",http://fhir.hie.moh.gov.my/CodeSystem/procedure-code-my-core,CodeSystemProcedureCodeMyCore
38.39,"Resection of vessel with anastomosis, lower limb veins","Resection of vessel with anastomosis, lower limb veins",http://fhir.hie.moh.gov.my/CodeSystem/procedure-code-my-core,CodeSystemProcedureCodeMyCore
38.41,"Resection of vessel with replacement, intracranial vessels","Resection of vessel with replacement, intracranial vessels",http://fhir.hie.moh.gov.my/CodeSystem/procedure-code-my-core,CodeSystemProcedureCodeMyCore
38.42,"Resection of vessel with replacement, other vessels of head and neck","Resection of vessel with replacement, other vessels of head and neck",http://fhir.hie.moh.gov.my/CodeSystem/procedure-code-my-core,CodeSystemProcedureCodeMyCore
38.43,"Resection of vessel with replacement, upper limb vessels","Resection of vessel with replacement, upper limb vessels",http://fhir.hie.moh.gov.my/CodeSystem/procedure-code-my-core,CodeSystemProcedureCodeMyCore
38.44,"Resection of vessel with replacement, aorta, abdominal","Resection of vessel with replacement, aorta, abdominal",http://fhir.hie.moh.gov.my/CodeSystem/procedure-code-my-core,CodeSystemProcedureCodeMyCore
38.45,"Resection of vessel with replacement, thoracic vessels","Resection of vessel with replacement, thoracic vessels",http://fhir.hie.moh.gov.my/CodeSystem/procedure-code-my-core,CodeSystemProcedureCodeMyCore
38.46,"Resection of vessel with replacement, abdominal arteries","Resection of vessel with replacement, abdominal arteries",http://fhir.hie.moh.gov.my/CodeSystem/procedure-code-my-core,CodeSystemProcedureCodeMyCore
38.47,"Resection of vessel with replacement, abdominal veins","Resection of vessel with replacement, abdominal veins",http://fhir.hie.moh.gov.my/CodeSystem/procedure-code-my-core,CodeSystemProcedureCodeMyCore
38.48,"Resection of vessel with replacement, lower limb arteries","Resection of vessel with replacement, lower limb arteries",http://fhir.hie.moh.gov.my/CodeSystem/procedure-code-my-core,CodeSystemProcedureCodeMyCore
38.49,"Resection of vessel with replacement, lower limb veins","Resection of vessel with replacement, lower limb veins",http://fhir.hie.moh.gov.my/CodeSystem/procedure-code-my-core,CodeSystemProcedureCodeMyCore
38.51,"Ligation and stripping of varicose veins, intracranial vessels","Ligation and stripping of varicose veins, intracranial vessels",http://fhir.hie.moh.gov.my/CodeSystem/procedure-code-my-core,CodeSystemProcedureCodeMyCore
38.52,"Ligation and stripping of varicose veins, other vessels of head and neck","Ligation and stripping of varicose veins, other vessels of head and neck",http://fhir.hie.moh.gov.my/CodeSystem/procedure-code-my-core,CodeSystemProcedureCodeMyCore
38.53,"Ligation and stripping of varicose veins, upper limb vessels","Ligation and stripping of varicose veins, upper limb vessels",http://fhir.hie.moh.gov.my/CodeSystem/procedure-code-my-core,CodeSystemProcedureCodeMyCore
38.55,"Ligation and stripping of varicose veins, other thoracic vessels","Ligation and stripping of varicose veins, other thoracic vessels",http://fhir.hie.moh.gov.my/CodeSystem/procedure-code-my-core,CodeSystemProcedureCodeMyCore
38.57,"Ligation and stripping of varicose veins, abodminal veins","Ligation and stripping of varicose veins, abodminal veins",http://fhir.hie.moh.gov.my/CodeSystem/procedure-code-my-core,CodeSystemProcedureCodeMyCore
38.59,"Ligation and stripping of varicose veins, lower limb veins","Ligation and stripping of varicose veins, lower limb veins",http://fhir.hie.moh.gov.my/CodeSystem/procedure-code-my-core,CodeSystemProcedureCodeMyCore
38.61,"Other excision of vessels, intracranial vessels","Other excision of vessels, intracranial vessels",http://fhir.hie.moh.gov.my/CodeSystem/procedure-code-my-core,CodeSystemProcedureCodeMyCore
38.62,"Other excision of vessels, other vessels of head and neck","Other excision of vessels, other vessels of head and neck",http://fhir.hie.moh.gov.my/CodeSystem/procedure-code-my-core,CodeSystemProcedureCodeMyCore
38.63,"Other excision of vessels, upper limb vessels","Other excision of vessels, upper limb vessels",http://fhir.hie.moh.gov.my/CodeSystem/procedure-code-my-core,CodeSystemProcedureCodeMyCore
38.64,"Other excision of vessels, aorta","Other excision of vessels, aorta",http://fhir.hie.moh.gov.my/CodeSystem/procedure-code-my-core,CodeSystemProcedureCodeMyCore
38.65,"Other excision of vessels, other thoracic vessels","Other excision of vessels, other thoracic vessels",http://fhir.hie.moh.gov.my/CodeSystem/procedure-code-my-core,CodeSystemProcedureCodeMyCore
38.66,"Other excision of vessels, abdominal arteries","Other excision of vessels, abdominal arteries",http://fhir.hie.moh.gov.my/CodeSystem/procedure-code-my-core,CodeSystemProcedureCodeMyCore
38.67,"Other excision of vessels, abodminal veins","Other excision of vessels, abodminal veins",http://fhir.hie.moh.gov.my/CodeSystem/procedure-code-my-core,CodeSystemProcedureCodeMyCore
38.68,"Other excision of vessels, lower limb arteries","Other excision of vessels, lower limb arteries",http://fhir.hie.moh.gov.my/CodeSystem/procedure-code-my-core,CodeSystemProcedureCodeMyCore
38.69,"Other excision of vessels, lower limb veins","Other excision of vessels, lower limb veins",http://fhir.hie.moh.gov.my/CodeSystem/procedure-code-my-core,CodeSystemProcedureCodeMyCore
38.81,"Other surgical occlusion of vessels, intracranial vessels","Other surgical occlusion of vessels, intracranial vessels",http://fhir.hie.moh.gov.my/CodeSystem/procedure-code-my-core,CodeSystemProcedureCodeMyCore
38.82,"Other surgical occlusion of vessels, other vessels of head and neck","Other surgical occlusion of vessels, other vessels of head and neck",http://fhir.hie.moh.gov.my/CodeSystem/procedure-code-my-core,CodeSystemProcedureCodeMyCore
38.83,"Other surgical occlusion of vessels, upper limb vessels","Other surgical occlusion of vessels, upper limb vessels",http://fhir.hie.moh.gov.my/CodeSystem/procedure-code-my-core,CodeSystemProcedureCodeMyCore
38.84,"Other surgical occlusion of vessels, aorta","Other surgical occlusion of vessels, aorta",http://fhir.hie.moh.gov.my/CodeSystem/procedure-code-my-core,CodeSystemProcedureCodeMyCore
38.85,"Other surgical occlusion of vessels, other thoracic vessels","Other surgical occlusion of vessels, other thoracic vessels",http://fhir.hie.moh.gov.my/CodeSystem/procedure-code-my-core,CodeSystemProcedureCodeMyCore
38.86,"Other surgical occlusion of vessels, abdominal arteries","Other surgical occlusion of vessels, abdominal arteries",http://fhir.hie.moh.gov.my/CodeSystem/procedure-code-my-core,CodeSystemProcedureCodeMyCore
38.87,"Other surgical occlusion of vessels, abdominal veins","Other surgical occlusion of vessels, abdominal veins",http://fhir.hie.moh.gov.my/CodeSystem/procedure-code-my-core,CodeSystemProcedureCodeMyCore
38.88,"Other surgical occlusion of vessels, lower limb arteries","Other surgical occlusion of vessels, lower limb arteries",http://fhir.hie.moh.gov.my/CodeSystem/procedure-code-my-core,CodeSystemProcedureCodeMyCore
38.89,"Other surgical occlusion of vessels, lower limb veins","Other surgical occlusion of vessels, lower limb veins",http://fhir.hie.moh.gov.my/CodeSystem/procedure-code-my-core,CodeSystemProcedureCodeMyCore
38.91,Arterial catheterization,Arterial catheterization,http://fhir.hie.moh.gov.my/CodeSystem/procedure-code-my-core,CodeSystemProcedureCodeMyCore
38.92,Umbilical vein catheterization,Umbilical vein catheterization,http://fhir.hie.moh.gov.my/CodeSystem/procedure-code-my-core,CodeSystemProcedureCodeMyCore
38.93,"Venous catheterization, not elsewhere classified","Venous catheterization, not elsewhere classified",http://fhir.hie.moh.gov.my/CodeSystem/procedure-code-my-core,CodeSystemProcedureCodeMyCore
38.94,Venous cutdown,Venous cutdown,http://fhir.hie.moh.gov.my/CodeSystem/procedure-code-my-core,CodeSystemProcedureCodeMyCore
38.95,Venous catheterization for renal dialysis,Venous catheterization for renal dialysis,http://fhir.hie.moh.gov.my/CodeSystem/procedure-code-my-core,CodeSystemProcedureCodeMyCore
38.97,Central venous catheter replacement with guidance,Central venous catheter replacement with guidance,http://fhir.hie.moh.gov.my/CodeSystem/procedure-code-my-core,CodeSystemProcedureCodeMyCore
38.98,Other puncture artery,Other puncture artery,http://fhir.hie.moh.gov.my/CodeSystem/procedure-code-my-core,CodeSystemProcedureCodeMyCore
38.99,Other puncture of vein,Other puncture of vein,http://fhir.hie.moh.gov.my/CodeSystem/procedure-code-my-core,CodeSystemProcedureCodeMyCore
39.21,Caval-pulmonary artery anastomosis,Caval-pulmonary artery anastomosis,http://fhir.hie.moh.gov.my/CodeSystem/procedure-code-my-core,CodeSystemProcedureCodeMyCore
39.22,Aorta-subclavian-carotid bypass,Aorta-subclavian-carotid bypass,http://fhir.hie.moh.gov.my/CodeSystem/procedure-code-my-core,CodeSystemProcedureCodeMyCore
39.23,Other intrathoracic vascular shunt or bypass,Other intrathoracic vascular shunt or bypass,http://fhir.hie.moh.gov.my/CodeSystem/procedure-code-my-core,CodeSystemProcedureCodeMyCore
39.24,Aorta-renal bypass,Aorta-renal bypass,http://fhir.hie.moh.gov.my/CodeSystem/procedure-code-my-core,CodeSystemProcedureCodeMyCore
39.25,Aorta-iliac-femoral bypass,Aorta-iliac-femoral bypass,http://fhir.hie.moh.gov.my/CodeSystem/procedure-code-my-core,CodeSystemProcedureCodeMyCore
39.26,Other intra-abdominal vascular shunt or bypass,Other intra-abdominal vascular shunt or bypass,http://fhir.hie.moh.gov.my/CodeSystem/procedure-code-my-core,CodeSystemProcedureCodeMyCore
39.27,Arteriovenostomy for renal dialysis,Arteriovenostomy for renal dialysis,http://fhir.hie.moh.gov.my/CodeSystem/procedure-code-my-core,CodeSystemProcedureCodeMyCore
39.28,Extracranial-intracranial (EC-IC) vascular bypass,Extracranial-intracranial (EC-IC) vascular bypass,http://fhir.hie.moh.gov.my/CodeSystem/procedure-code-my-core,CodeSystemProcedureCodeMyCore
39.29,Other (peripheral) vascular shunt or bypass,Other (peripheral) vascular shunt or bypass,http://fhir.hie.moh.gov.my/CodeSystem/procedure-code-my-core,CodeSystemProcedureCodeMyCore
39.31,Suture of artery,Suture of artery,http://fhir.hie.moh.gov.my/CodeSystem/procedure-code-my-core,CodeSystemProcedureCodeMyCore
39.32,Suture of vein,Suture of vein,http://fhir.hie.moh.gov.my/CodeSystem/procedure-code-my-core,CodeSystemProcedureCodeMyCore
39.41,Control of hemorrhage following vascular surgery,Control of hemorrhage following vascular surgery,http://fhir.hie.moh.gov.my/CodeSystem/procedure-code-my-core,CodeSystemProcedureCodeMyCore
39.42,Revision of arteriovenous shunt for renal dialysis,Revision of arteriovenous shunt for renal dialysis,http://fhir.hie.moh.gov.my/CodeSystem/procedure-code-my-core,CodeSystemProcedureCodeMyCore
39.43,Removal of arteriovenous shunt for renal dialysis,Removal of arteriovenous shunt for renal dialysis,http://fhir.hie.moh.gov.my/CodeSystem/procedure-code-my-core,CodeSystemProcedureCodeMyCore
39.49,Other revision of vascular procedure,Other revision of vascular procedure,http://fhir.hie.moh.gov.my/CodeSystem/procedure-code-my-core,CodeSystemProcedureCodeMyCore
39.51,Clipping of aneurysm,Clipping of aneurysm,http://fhir.hie.moh.gov.my/CodeSystem/procedure-code-my-core,CodeSystemProcedureCodeMyCore
39.52,Other repair of aneurysm,Other repair of aneurysm,http://fhir.hie.moh.gov.my/CodeSystem/procedure-code-my-core,CodeSystemProcedureCodeMyCore
39.53,Repair of arteriovenous fistula,Repair of arteriovenous fistula,http://fhir.hie.moh.gov.my/CodeSystem/procedure-code-my-core,CodeSystemProcedureCodeMyCore
39.54,Re-entry operation (aorta),Re-entry operation (aorta),http://fhir.hie.moh.gov.my/CodeSystem/procedure-code-my-core,CodeSystemProcedureCodeMyCore
39.55,Reimplantation of aberrant renal vessel,Reimplantation of aberrant renal vessel,http://fhir.hie.moh.gov.my/CodeSystem/procedure-code-my-core,CodeSystemProcedureCodeMyCore
39.56,Repair of blood vessel with tissue patch graft,Repair of blood vessel with tissue patch graft,http://fhir.hie.moh.gov.my/CodeSystem/procedure-code-my-core,CodeSystemProcedureCodeMyCore
39.57,Repair of blood vessel with synthetic patch graft,Repair of blood vessel with synthetic patch graft,http://fhir.hie.moh.gov.my/CodeSystem/procedure-code-my-core,CodeSystemProcedureCodeMyCore
39.58,Repair of blood vessel with unspecified type of patch graft,Repair of blood vessel with unspecified type of patch graft,http://fhir.hie.moh.gov.my/CodeSystem/procedure-code-my-core,CodeSystemProcedureCodeMyCore
39.59,Other repair of vessels,Other repair of vessels,http://fhir.hie.moh.gov.my/CodeSystem/procedure-code-my-core,CodeSystemProcedureCodeMyCore
39.61,Extracorporeal circulation auxillary to open heart surgery,Extracorporeal circulation auxillary to open heart surgery,http://fhir.hie.moh.gov.my/CodeSystem/procedure-code-my-core,CodeSystemProcedureCodeMyCore
39.62,Hypothermia (systemic) incidental to open heart surgery,Hypothermia (systemic) incidental to open heart surgery,http://fhir.hie.moh.gov.my/CodeSystem/procedure-code-my-core,CodeSystemProcedureCodeMyCore
39.63,Cardioplegia,Cardioplegia,http://fhir.hie.moh.gov.my/CodeSystem/procedure-code-my-core,CodeSystemProcedureCodeMyCore
39.64,Intraoperative cardiac pacemaker,Intraoperative cardiac pacemaker,http://fhir.hie.moh.gov.my/CodeSystem/procedure-code-my-core,CodeSystemProcedureCodeMyCore
39.65,Extracorporeal membrane oxygenation [ECMO],Extracorporeal membrane oxygenation [ECMO],http://fhir.hie.moh.gov.my/CodeSystem/procedure-code-my-core,CodeSystemProcedureCodeMyCore
39.66,Percutaneous cardiopulmonary bypass,Percutaneous cardiopulmonary bypass,http://fhir.hie.moh.gov.my/CodeSystem/procedure-code-my-core,CodeSystemProcedureCodeMyCore
39.71,Endovascular implantation of other graft in abdominal aorta,Endovascular implantation of other graft in abdominal aorta,http://fhir.hie.moh.gov.my/CodeSystem/procedure-code-my-core,CodeSystemProcedureCodeMyCore
39.72,Endovascular (total) embolization or occlusion of head and neck vessels,Endovascular (total) embolization or occlusion of head and neck vessels,http://fhir.hie.moh.gov.my/CodeSystem/procedure-code-my-core,CodeSystemProcedureCodeMyCore
39.73,Endovascular implantation of graft in thoracic aorta,Endovascular implantation of graft in thoracic aorta,http://fhir.hie.moh.gov.my/CodeSystem/procedure-code-my-core,CodeSystemProcedureCodeMyCore
39.74,Endovascular removal of obstruction from head and neck vessel(s),Endovascular removal of obstruction from head and neck vessel(s),http://fhir.hie.moh.gov.my/CodeSystem/procedure-code-my-core,CodeSystemProcedureCodeMyCore
39.75,Endovascular embolization or occlusion of vessel(s) of head or neck using bare coils,Endovascular embolization or occlusion of vessel(s) of head or neck using bare coils,http://fhir.hie.moh.gov.my/CodeSystem/procedure-code-my-core,CodeSystemProcedureCodeMyCore
39.76,Endovascular embolization or occlusion of vessel(s) of head or neck using bioactive coils,Endovascular embolization or occlusion of vessel(s) of head or neck using bioactive coils,http://fhir.hie.moh.gov.my/CodeSystem/procedure-code-my-core,CodeSystemProcedureCodeMyCore
39.77,Temporary (partial) therapeutic endovascular occlusion of vessel,Temporary (partial) therapeutic endovascular occlusion of vessel,http://fhir.hie.moh.gov.my/CodeSystem/procedure-code-my-core,CodeSystemProcedureCodeMyCore
39.78,Endovascular implantation of branching or fenestrated graft(s) in aorta,Endovascular implantation of branching or fenestrated graft(s) in aorta,http://fhir.hie.moh.gov.my/CodeSystem/procedure-code-my-core,CodeSystemProcedureCodeMyCore
39.79,Other endovascular procedures on other vessels,Other endovascular procedures on other vessels,http://fhir.hie.moh.gov.my/CodeSystem/procedure-code-my-core,CodeSystemProcedureCodeMyCore
39.81,"Implantation or replacement of carotid sinus stimulation device, total system","Implantation or replacement of carotid sinus stimulation device, total system",http://fhir.hie.moh.gov.my/CodeSystem/procedure-code-my-core,CodeSystemProcedureCodeMyCore
39.82,Implantation or replacement of carotis sinus stimulation lead(s) only,Implantation or replacement of carotis sinus stimulation lead(s) only,http://fhir.hie.moh.gov.my/CodeSystem/procedure-code-my-core,CodeSystemProcedureCodeMyCore
39.83,Implantation or replacement of carotid sinus stimulation pulse generator only,Implantation or replacement of carotid sinus stimulation pulse generator only,http://fhir.hie.moh.gov.my/CodeSystem/procedure-code-my-core,CodeSystemProcedureCodeMyCore
39.84,Revision of carotid sinus stimulation lead(s) only,Revision of carotid sinus stimulation lead(s) only,http://fhir.hie.moh.gov.my/CodeSystem/procedure-code-my-core,CodeSystemProcedureCodeMyCore
39.85,Revision of carotid sinus stimulation pulse generator,Revision of carotid sinus stimulation pulse generator,http://fhir.hie.moh.gov.my/CodeSystem/procedure-code-my-core,CodeSystemProcedureCodeMyCore
39.86,"Removal of carotid sinus stimulation device, total system","Removal of carotid sinus stimulation device, total system",http://fhir.hie.moh.gov.my/CodeSystem/procedure-code-my-core,CodeSystemProcedureCodeMyCore
39.87,Removal of carotid sinus stimulation leads(s) only,Removal of carotid sinus stimulation leads(s) only,http://fhir.hie.moh.gov.my/CodeSystem/procedure-code-my-core,CodeSystemProcedureCodeMyCore
39.88,Removal of carotid sinus stimulation pulse generator only,Removal of carotid sinus stimulation pulse generator only,http://fhir.hie.moh.gov.my/CodeSystem/procedure-code-my-core,CodeSystemProcedureCodeMyCore
39.89,"Other operations on carotid body, carotid sinus and other vascular bodies","Other operations on carotid body, carotid sinus and other vascular bodies",http://fhir.hie.moh.gov.my/CodeSystem/procedure-code-my-core,CodeSystemProcedureCodeMyCore
39.91,Freeing of vessel,Freeing of vessel,http://fhir.hie.moh.gov.my/CodeSystem/procedure-code-my-core,CodeSystemProcedureCodeMyCore
39.92,Injection of sclerosing agent into vein,Injection of sclerosing agent into vein,http://fhir.hie.moh.gov.my/CodeSystem/procedure-code-my-core,CodeSystemProcedureCodeMyCore
39.93,Insertion of vessel-to-vessel cannula,Insertion of vessel-to-vessel cannula,http://fhir.hie.moh.gov.my/CodeSystem/procedure-code-my-core,CodeSystemProcedureCodeMyCore
39.94,Replacement of vessel-to-vessel cannula,Replacement of vessel-to-vessel cannula,http://fhir.hie.moh.gov.my/CodeSystem/procedure-code-my-core,CodeSystemProcedureCodeMyCore
39.95,Hemodialysis,Hemodialysis,http://fhir.hie.moh.gov.my/CodeSystem/procedure-code-my-core,CodeSystemProcedureCodeMyCore
39.96,Total body perfusion,Total body perfusion,http://fhir.hie.moh.gov.my/CodeSystem/procedure-code-my-core,CodeSystemProcedureCodeMyCore
39.97,Other perfusion,Other perfusion,http://fhir.hie.moh.gov.my/CodeSystem/procedure-code-my-core,CodeSystemProcedureCodeMyCore
39.98,"Control of hemorrhage, not otherwise specified","Control of hemorrhage, not otherwise specified",http://fhir.hie.moh.gov.my/CodeSystem/procedure-code-my-core,CodeSystemProcedureCodeMyCore
39.99,Other operations on vessels,Other operations on vessels,http://fhir.hie.moh.gov.my/CodeSystem/procedure-code-my-core,CodeSystemProcedureCodeMyCore
40.11,Biopsy of lymphatic structures,Biopsy of lymphatic structures,http://fhir.hie.moh.gov.my/CodeSystem/procedure-code-my-core,CodeSystemProcedureCodeMyCore
40.19,Other diagnostic procedures on lymphatic structures,Other diagnostic procedures on lymphatic structures,http://fhir.hie.moh.gov.my/CodeSystem/procedure-code-my-core,CodeSystemProcedureCodeMyCore
40.21,Excision of deep cervical lymph node,Excision of deep cervical lymph node,http://fhir.hie.moh.gov.my/CodeSystem/procedure-code-my-core,CodeSystemProcedureCodeMyCore
40.22,Excision of internal mammary lymph node,Excision of internal mammary lymph node,http://fhir.hie.moh.gov.my/CodeSystem/procedure-code-my-core,CodeSystemProcedureCodeMyCore
40.23,Excision of axillary lymph node,Excision of axillary lymph node,http://fhir.hie.moh.gov.my/CodeSystem/procedure-code-my-core,CodeSystemProcedureCodeMyCore
40.24,Excision of inguinal lymph node,Excision of inguinal lymph node,http://fhir.hie.moh.gov.my/CodeSystem/procedure-code-my-core,CodeSystemProcedureCodeMyCore
40.29,Simple excision of other lymphatic structure,Simple excision of other lymphatic structure,http://fhir.hie.moh.gov.my/CodeSystem/procedure-code-my-core,CodeSystemProcedureCodeMyCore
40.41,"Radical neck dissection, unilateral","Radical neck dissection, unilateral",http://fhir.hie.moh.gov.my/CodeSystem/procedure-code-my-core,CodeSystemProcedureCodeMyCore
40.42,"Radical neck dissection, bilateral","Radical neck dissection, bilateral",http://fhir.hie.moh.gov.my/CodeSystem/procedure-code-my-core,CodeSystemProcedureCodeMyCore
40.51,Radical excision of of axillary lymph nodes,Radical excision of of axillary lymph nodes,http://fhir.hie.moh.gov.my/CodeSystem/procedure-code-my-core,CodeSystemProcedureCodeMyCore
40.52,Radical excision of periaortic lymph nodes,Radical excision of periaortic lymph nodes,http://fhir.hie.moh.gov.my/CodeSystem/procedure-code-my-core,CodeSystemProcedureCodeMyCore
40.53,Radical excision of iliac lymph nodes,Radical excision of iliac lymph nodes,http://fhir.hie.moh.gov.my/CodeSystem/procedure-code-my-core,CodeSystemProcedureCodeMyCore
40.54,Radical groin dissection,Radical groin dissection,http://fhir.hie.moh.gov.my/CodeSystem/procedure-code-my-core,CodeSystemProcedureCodeMyCore
40.59,Radical excision of other lymph nodes,Radical excision of other lymph nodes,http://fhir.hie.moh.gov.my/CodeSystem/procedure-code-my-core,CodeSystemProcedureCodeMyCore
40.61,Cannulation of thoracic duct,Cannulation of thoracic duct,http://fhir.hie.moh.gov.my/CodeSystem/procedure-code-my-core,CodeSystemProcedureCodeMyCore
40.62,Fistulization of thoracic duct,Fistulization of thoracic duct,http://fhir.hie.moh.gov.my/CodeSystem/procedure-code-my-core,CodeSystemProcedureCodeMyCore
40.63,Closure of fistula of thoracic duct,Closure of fistula of thoracic duct,http://fhir.hie.moh.gov.my/CodeSystem/procedure-code-my-core,CodeSystemProcedureCodeMyCore
40.64,Ligation of thoracic duct,Ligation of thoracic duct,http://fhir.hie.moh.gov.my/CodeSystem/procedure-code-my-core,CodeSystemProcedureCodeMyCore
40.69,Other operations on thoracic duct,Other operations on thoracic duct,http://fhir.hie.moh.gov.my/CodeSystem/procedure-code-my-core,CodeSystemProcedureCodeMyCore
41.01,Autologous bone marrow transplant without purging,Autologous bone marrow transplant without purging,http://fhir.hie.moh.gov.my/CodeSystem/procedure-code-my-core,CodeSystemProcedureCodeMyCore
41.02,Allogeneic bone marrow transplant with purging,Allogeneic bone marrow transplant with purging,http://fhir.hie.moh.gov.my/CodeSystem/procedure-code-my-core,CodeSystemProcedureCodeMyCore
41.03,Allogeneic bone marrow transplant without purging,Allogeneic bone marrow transplant without purging,http://fhir.hie.moh.gov.my/CodeSystem/procedure-code-my-core,CodeSystemProcedureCodeMyCore
41.04,Autologous hematopoietic stem cell transplant without purging,Autologous hematopoietic stem cell transplant without purging,http://fhir.hie.moh.gov.my/CodeSystem/procedure-code-my-core,CodeSystemProcedureCodeMyCore
41.05,Allogeneic hematopoietic stem cell transplant without purging,Allogeneic hematopoietic stem cell transplant without purging,http://fhir.hie.moh.gov.my/CodeSystem/procedure-code-my-core,CodeSystemProcedureCodeMyCore
41.06,Cord blood stem cell transplant,Cord blood stem cell transplant,http://fhir.hie.moh.gov.my/CodeSystem/procedure-code-my-core,CodeSystemProcedureCodeMyCore
41.07,Autologous hematopoietic stem cell transplant with purging,Autologous hematopoietic stem cell transplant with purging,http://fhir.hie.moh.gov.my/CodeSystem/procedure-code-my-core,CodeSystemProcedureCodeMyCore
41.08,Allogeneic hematopoietic stem cell transplant,Allogeneic hematopoietic stem cell transplant,http://fhir.hie.moh.gov.my/CodeSystem/procedure-code-my-core,CodeSystemProcedureCodeMyCore
41.09,Autologous bone marrow transplant with purging,Autologous bone marrow transplant with purging,http://fhir.hie.moh.gov.my/CodeSystem/procedure-code-my-core,CodeSystemProcedureCodeMyCore
41.31,Biopsy of bone marrow,Biopsy of bone marrow,http://fhir.hie.moh.gov.my/CodeSystem/procedure-code-my-core,CodeSystemProcedureCodeMyCore
41.32,Closed [aspiration] [percutaneous] biopsy of spleen,Closed [aspiration] [percutaneous] biopsy of spleen,http://fhir.hie.moh.gov.my/CodeSystem/procedure-code-my-core,CodeSystemProcedureCodeMyCore
41.33,Open biopsy of spleen,Open biopsy of spleen,http://fhir.hie.moh.gov.my/CodeSystem/procedure-code-my-core,CodeSystemProcedureCodeMyCore
41.38,Other diagnostic procedures on bone marrow,Other diagnostic procedures on bone marrow,http://fhir.hie.moh.gov.my/CodeSystem/procedure-code-my-core,CodeSystemProcedureCodeMyCore
41.39,Other diagnostic procedures on spleen,Other diagnostic procedures on spleen,http://fhir.hie.moh.gov.my/CodeSystem/procedure-code-my-core,CodeSystemProcedureCodeMyCore
41.41,Marsupialization of splenic cyst,Marsupialization of splenic cyst,http://fhir.hie.moh.gov.my/CodeSystem/procedure-code-my-core,CodeSystemProcedureCodeMyCore
41.42,Excision of lesion or tissue of spleen,Excision of lesion or tissue of spleen,http://fhir.hie.moh.gov.my/CodeSystem/procedure-code-my-core,CodeSystemProcedureCodeMyCore
41.43,Partial splenectomy,Partial splenectomy,http://fhir.hie.moh.gov.my/CodeSystem/procedure-code-my-core,CodeSystemProcedureCodeMyCore
41.91,Aspiration of bone marrow from donor for transplant,Aspiration of bone marrow from donor for transplant,http://fhir.hie.moh.gov.my/CodeSystem/procedure-code-my-core,CodeSystemProcedureCodeMyCore
41.92,Injection into bone marrow,Injection into bone marrow,http://fhir.hie.moh.gov.my/CodeSystem/procedure-code-my-core,CodeSystemProcedureCodeMyCore
41.93,Excision of accessory spleen,Excision of accessory spleen,http://fhir.hie.moh.gov.my/CodeSystem/procedure-code-my-core,CodeSystemProcedureCodeMyCore
41.94,Transplantation of spleen,Transplantation of spleen,http://fhir.hie.moh.gov.my/CodeSystem/procedure-code-my-core,CodeSystemProcedureCodeMyCore
41.95,Repair and plastic operations on spleen,Repair and plastic operations on spleen,http://fhir.hie.moh.gov.my/CodeSystem/procedure-code-my-core,CodeSystemProcedureCodeMyCore
41.98,Other operations on bone marrow,Other operations on bone marrow,http://fhir.hie.moh.gov.my/CodeSystem/procedure-code-my-core,CodeSystemProcedureCodeMyCore
41.99,Other operations on spleen,Other operations on spleen,http://fhir.hie.moh.gov.my/CodeSystem/procedure-code-my-core,CodeSystemProcedureCodeMyCore
42.01,Incision of esophageal web,Incision of esophageal web,http://fhir.hie.moh.gov.my/CodeSystem/procedure-code-my-core,CodeSystemProcedureCodeMyCore
42.09,Other incision of esophagus,Other incision of esophagus,http://fhir.hie.moh.gov.my/CodeSystem/procedure-code-my-core,CodeSystemProcedureCodeMyCore
42.11,Cervical esophagostomy,Cervical esophagostomy,http://fhir.hie.moh.gov.my/CodeSystem/procedure-code-my-core,CodeSystemProcedureCodeMyCore
42.12,Exteriorization of esophageal pouch,Exteriorization of esophageal pouch,http://fhir.hie.moh.gov.my/CodeSystem/procedure-code-my-core,CodeSystemProcedureCodeMyCore
42.19,Other external fistulization of esophagus,Other external fistulization of esophagus,http://fhir.hie.moh.gov.my/CodeSystem/procedure-code-my-core,CodeSystemProcedureCodeMyCore
42.21,Operative esophagoscopy by incision,Operative esophagoscopy by incision,http://fhir.hie.moh.gov.my/CodeSystem/procedure-code-my-core,CodeSystemProcedureCodeMyCore
42.22,Esophagoscopy through artificial stoma,Esophagoscopy through artificial stoma,http://fhir.hie.moh.gov.my/CodeSystem/procedure-code-my-core,CodeSystemProcedureCodeMyCore
42.23,Other esophagoscopy,Other esophagoscopy,http://fhir.hie.moh.gov.my/CodeSystem/procedure-code-my-core,CodeSystemProcedureCodeMyCore
42.24,Closed [endoscopic] biopsy of esophagus,Closed [endoscopic] biopsy of esophagus,http://fhir.hie.moh.gov.my/CodeSystem/procedure-code-my-core,CodeSystemProcedureCodeMyCore
42.25,Open biopsy of esophagus,Open biopsy of esophagus,http://fhir.hie.moh.gov.my/CodeSystem/procedure-code-my-core,CodeSystemProcedureCodeMyCore
42.29,Other diagnostic procedure on esophagus,Other diagnostic procedure on esophagus,http://fhir.hie.moh.gov.my/CodeSystem/procedure-code-my-core,CodeSystemProcedureCodeMyCore
42.31,Local excision of esophageal diverticulum,Local excision of esophageal diverticulum,http://fhir.hie.moh.gov.my/CodeSystem/procedure-code-my-core,CodeSystemProcedureCodeMyCore
42.32,Local excision of other lesion or tissue of esophagus,Local excision of other lesion or tissue of esophagus,http://fhir.hie.moh.gov.my/CodeSystem/procedure-code-my-core,CodeSystemProcedureCodeMyCore
42.33,Endoscopic excision or destruction of lesion or tissue of esophagus,Endoscopic excision or destruction of lesion or tissue of esophagus,http://fhir.hie.moh.gov.my/CodeSystem/procedure-code-my-core,CodeSystemProcedureCodeMyCore
42.39,Other destruction of lesion or tissue of esophagus,Other destruction of lesion or tissue of esophagus,http://fhir.hie.moh.gov.my/CodeSystem/procedure-code-my-core,CodeSystemProcedureCodeMyCore
42.41,Partial esophagectomy,Partial esophagectomy,http://fhir.hie.moh.gov.my/CodeSystem/procedure-code-my-core,CodeSystemProcedureCodeMyCore
42.42,Total esophagectomy,Total esophagectomy,http://fhir.hie.moh.gov.my/CodeSystem/procedure-code-my-core,CodeSystemProcedureCodeMyCore
42.51,Intrathoracic esophagoesophagostomy,Intrathoracic esophagoesophagostomy,http://fhir.hie.moh.gov.my/CodeSystem/procedure-code-my-core,CodeSystemProcedureCodeMyCore
42.52,Intrathoracic esophagogastrostomy,Intrathoracic esophagogastrostomy,http://fhir.hie.moh.gov.my/CodeSystem/procedure-code-my-core,CodeSystemProcedureCodeMyCore
42.53,Intrathoracic esophageal anastomosis with interposition of small bowel,Intrathoracic esophageal anastomosis with interposition of small bowel,http://fhir.hie.moh.gov.my/CodeSystem/procedure-code-my-core,CodeSystemProcedureCodeMyCore
42.54,Other intrathoracic esophagoenterostomy,Other intrathoracic esophagoenterostomy,http://fhir.hie.moh.gov.my/CodeSystem/procedure-code-my-core,CodeSystemProcedureCodeMyCore
42.55,Intrathoracic esophageal anastomosis with interposition of colon,Intrathoracic esophageal anastomosis with interposition of colon,http://fhir.hie.moh.gov.my/CodeSystem/procedure-code-my-core,CodeSystemProcedureCodeMyCore
42.56,Other intrathoracic esophagocolostomy,Other intrathoracic esophagocolostomy,http://fhir.hie.moh.gov.my/CodeSystem/procedure-code-my-core,CodeSystemProcedureCodeMyCore
42.58,Intrathoracic esophageal anastomosis with other interposition,Intrathoracic esophageal anastomosis with other interposition,http://fhir.hie.moh.gov.my/CodeSystem/procedure-code-my-core,CodeSystemProcedureCodeMyCore
42.59,Other intrathoracic anastomosis of esophagus,Other intrathoracic anastomosis of esophagus,http://fhir.hie.moh.gov.my/CodeSystem/procedure-code-my-core,CodeSystemProcedureCodeMyCore
42.61,Antesternal esophagoesophagostomy,Antesternal esophagoesophagostomy,http://fhir.hie.moh.gov.my/CodeSystem/procedure-code-my-core,CodeSystemProcedureCodeMyCore
42.62,Antesternal esophagogastrostomy,Antesternal esophagogastrostomy,http://fhir.hie.moh.gov.my/CodeSystem/procedure-code-my-core,CodeSystemProcedureCodeMyCore
42.63,Antesternal esophageal anastomosis with interposition of small bowel,Antesternal esophageal anastomosis with interposition of small bowel,http://fhir.hie.moh.gov.my/CodeSystem/procedure-code-my-core,CodeSystemProcedureCodeMyCore
42.64,Other antesternal esophagoenterostomy,Other antesternal esophagoenterostomy,http://fhir.hie.moh.gov.my/CodeSystem/procedure-code-my-core,CodeSystemProcedureCodeMyCore
42.65,Antesternal esophageal anastomosis with interposition of colon,Antesternal esophageal anastomosis with interposition of colon,http://fhir.hie.moh.gov.my/CodeSystem/procedure-code-my-core,CodeSystemProcedureCodeMyCore
42.66,Other antesternal esophagocolostomy,Other antesternal esophagocolostomy,http://fhir.hie.moh.gov.my/CodeSystem/procedure-code-my-core,CodeSystemProcedureCodeMyCore
42.68,Other antesternal esophageal anastomosis with interposition,Other antesternal esophageal anastomosis with interposition,http://fhir.hie.moh.gov.my/CodeSystem/procedure-code-my-core,CodeSystemProcedureCodeMyCore
42.69,Other antesternal anastomosis of esophagus,Other antesternal anastomosis of esophagus,http://fhir.hie.moh.gov.my/CodeSystem/procedure-code-my-core,CodeSystemProcedureCodeMyCore
42.81,Insertion of permanent tube into esophagus,Insertion of permanent tube into esophagus,http://fhir.hie.moh.gov.my/CodeSystem/procedure-code-my-core,CodeSystemProcedureCodeMyCore
42.82,Suture of laceration of esophagus,Suture of laceration of esophagus,http://fhir.hie.moh.gov.my/CodeSystem/procedure-code-my-core,CodeSystemProcedureCodeMyCore
42.83,Closure of esophagostomy,Closure of esophagostomy,http://fhir.hie.moh.gov.my/CodeSystem/procedure-code-my-core,CodeSystemProcedureCodeMyCore
42.84,"Repair of esophageal fistula, not elsewhere classified","Repair of esophageal fistula, not elsewhere classified",http://fhir.hie.moh.gov.my/CodeSystem/procedure-code-my-core,CodeSystemProcedureCodeMyCore
42.85,Repair of esophageal stricture,Repair of esophageal stricture,http://fhir.hie.moh.gov.my/CodeSystem/procedure-code-my-core,CodeSystemProcedureCodeMyCore
42.86,Production of subcutaneous tunnel without esophageal anastomosis,Production of subcutaneous tunnel without esophageal anastomosis,http://fhir.hie.moh.gov.my/CodeSystem/procedure-code-my-core,CodeSystemProcedureCodeMyCore
42.87,Other graft of esophagus,Other graft of esophagus,http://fhir.hie.moh.gov.my/CodeSystem/procedure-code-my-core,CodeSystemProcedureCodeMyCore
42.89,Other repair of esophagus,Other repair of esophagus,http://fhir.hie.moh.gov.my/CodeSystem/procedure-code-my-core,CodeSystemProcedureCodeMyCore
42.91,Ligation of esophageal varices,Ligation of esophageal varices,http://fhir.hie.moh.gov.my/CodeSystem/procedure-code-my-core,CodeSystemProcedureCodeMyCore
42.92,Dilation of esophagus,Dilation of esophagus,http://fhir.hie.moh.gov.my/CodeSystem/procedure-code-my-core,CodeSystemProcedureCodeMyCore
42.99,Other operations on esophagus,Other operations on esophagus,http://fhir.hie.moh.gov.my/CodeSystem/procedure-code-my-core,CodeSystemProcedureCodeMyCore
43.11,Percutaneous [endoscopic] gastrostomy [PEG],Percutaneous [endoscopic] gastrostomy [PEG],http://fhir.hie.moh.gov.my/CodeSystem/procedure-code-my-core,CodeSystemProcedureCodeMyCore
43.19,Other gastrostomy,Other gastrostomy,http://fhir.hie.moh.gov.my/CodeSystem/procedure-code-my-core,CodeSystemProcedureCodeMyCore
43.41,Endoscopic excision or destruction of lesion or tissue of stomach,Endoscopic excision or destruction of lesion or tissue of stomach,http://fhir.hie.moh.gov.my/CodeSystem/procedure-code-my-core,CodeSystemProcedureCodeMyCore
43.42,Local excision of other lesion or tissue of stomach,Local excision of other lesion or tissue of stomach,http://fhir.hie.moh.gov.my/CodeSystem/procedure-code-my-core,CodeSystemProcedureCodeMyCore
43.49,Other destruction of lesion or tissue of stomach,Other destruction of lesion or tissue of stomach,http://fhir.hie.moh.gov.my/CodeSystem/procedure-code-my-core,CodeSystemProcedureCodeMyCore
43.81,Partial gastrectomy with jejunal transposition,Partial gastrectomy with jejunal transposition,http://fhir.hie.moh.gov.my/CodeSystem/procedure-code-my-core,CodeSystemProcedureCodeMyCore
43.82,Laparoscopic vertical (sleeve) gastrectomy,Laparoscopic vertical (sleeve) gastrectomy,http://fhir.hie.moh.gov.my/CodeSystem/procedure-code-my-core,CodeSystemProcedureCodeMyCore
43.89,Open and other partial gastrectomy,Open and other partial gastrectomy,http://fhir.hie.moh.gov.my/CodeSystem/procedure-code-my-core,CodeSystemProcedureCodeMyCore
43.91,Total gastrectomy with intestinal interposition,Total gastrectomy with intestinal interposition,http://fhir.hie.moh.gov.my/CodeSystem/procedure-code-my-core,CodeSystemProcedureCodeMyCore
43.99,Other total gastrectomy,Other total gastrectomy,http://fhir.hie.moh.gov.my/CodeSystem/procedure-code-my-core,CodeSystemProcedureCodeMyCore
44.01,Truncal vagotomy,Truncal vagotomy,http://fhir.hie.moh.gov.my/CodeSystem/procedure-code-my-core,CodeSystemProcedureCodeMyCore
44.02,Highly selective vagotomy,Highly selective vagotomy,http://fhir.hie.moh.gov.my/CodeSystem/procedure-code-my-core,CodeSystemProcedureCodeMyCore
44.03,Other selective vagotomy,Other selective vagotomy,http://fhir.hie.moh.gov.my/CodeSystem/procedure-code-my-core,CodeSystemProcedureCodeMyCore
44.11,Transabdominal gastroscopy,Transabdominal gastroscopy,http://fhir.hie.moh.gov.my/CodeSystem/procedure-code-my-core,CodeSystemProcedureCodeMyCore
44.12,Gastroscopy through artificial stoma,Gastroscopy through artificial stoma,http://fhir.hie.moh.gov.my/CodeSystem/procedure-code-my-core,CodeSystemProcedureCodeMyCore
44.13,Other gastroscopy,Other gastroscopy,http://fhir.hie.moh.gov.my/CodeSystem/procedure-code-my-core,CodeSystemProcedureCodeMyCore
44.14,Closed [endoscopic] biopsy of stomach,Closed [endoscopic] biopsy of stomach,http://fhir.hie.moh.gov.my/CodeSystem/procedure-code-my-core,CodeSystemProcedureCodeMyCore
44.15,Open biopsy of stomach,Open biopsy of stomach,http://fhir.hie.moh.gov.my/CodeSystem/procedure-code-my-core,CodeSystemProcedureCodeMyCore
44.19,Other diagnostic procedures on stomach,Other diagnostic procedures on stomach,http://fhir.hie.moh.gov.my/CodeSystem/procedure-code-my-core,CodeSystemProcedureCodeMyCore
44.21,Dilation of pylorus by incision,Dilation of pylorus by incision,http://fhir.hie.moh.gov.my/CodeSystem/procedure-code-my-core,CodeSystemProcedureCodeMyCore
44.22,Endoscopic dilation of pylorus,Endoscopic dilation of pylorus,http://fhir.hie.moh.gov.my/CodeSystem/procedure-code-my-core,CodeSystemProcedureCodeMyCore
44.29,Other pyloroplasty,Other pyloroplasty,http://fhir.hie.moh.gov.my/CodeSystem/procedure-code-my-core,CodeSystemProcedureCodeMyCore
44.31,High gastric bypass,High gastric bypass,http://fhir.hie.moh.gov.my/CodeSystem/procedure-code-my-core,CodeSystemProcedureCodeMyCore
44.32,Percutaneous [endoscopic] gastrojejunostomy,Percutaneous [endoscopic] gastrojejunostomy,http://fhir.hie.moh.gov.my/CodeSystem/procedure-code-my-core,CodeSystemProcedureCodeMyCore
44.38,Laparoscopic gastroenterostomy,Laparoscopic gastroenterostomy,http://fhir.hie.moh.gov.my/CodeSystem/procedure-code-my-core,CodeSystemProcedureCodeMyCore
44.39,Other gastroenterostomy,Other gastroenterostomy,http://fhir.hie.moh.gov.my/CodeSystem/procedure-code-my-core,CodeSystemProcedureCodeMyCore
44.41,Suture of gastric ulcer site,Suture of gastric ulcer site,http://fhir.hie.moh.gov.my/CodeSystem/procedure-code-my-core,CodeSystemProcedureCodeMyCore
44.42,Suture of duodenal ulcer site,Suture of duodenal ulcer site,http://fhir.hie.moh.gov.my/CodeSystem/procedure-code-my-core,CodeSystemProcedureCodeMyCore
44.43,Endoscopic control of gastric or duodenal bleeding,Endoscopic control of gastric or duodenal bleeding,http://fhir.hie.moh.gov.my/CodeSystem/procedure-code-my-core,CodeSystemProcedureCodeMyCore
44.44,Transcatheter embolization for gastric or duodenal bleeding,Transcatheter embolization for gastric or duodenal bleeding,http://fhir.hie.moh.gov.my/CodeSystem/procedure-code-my-core,CodeSystemProcedureCodeMyCore
44.49,Other control of hemorrhage of stomach or duodenum,Other control of hemorrhage of stomach or duodenum,http://fhir.hie.moh.gov.my/CodeSystem/procedure-code-my-core,CodeSystemProcedureCodeMyCore
44.61,Suture of laceration of stomach,Suture of laceration of stomach,http://fhir.hie.moh.gov.my/CodeSystem/procedure-code-my-core,CodeSystemProcedureCodeMyCore
44.62,Closure of gastrostomy,Closure of gastrostomy,http://fhir.hie.moh.gov.my/CodeSystem/procedure-code-my-core,CodeSystemProcedureCodeMyCore
44.63,Closure of other gastric fistula,Closure of other gastric fistula,http://fhir.hie.moh.gov.my/CodeSystem/procedure-code-my-core,CodeSystemProcedureCodeMyCore
44.64,Gastropexy,Gastropexy,http://fhir.hie.moh.gov.my/CodeSystem/procedure-code-my-core,CodeSystemProcedureCodeMyCore
44.65,Esophagogastroplasty,Esophagogastroplasty,http://fhir.hie.moh.gov.my/CodeSystem/procedure-code-my-core,CodeSystemProcedureCodeMyCore
44.66,Other procedures for creation of esophagogastric sphincteric competence,Other procedures for creation of esophagogastric sphincteric competence,http://fhir.hie.moh.gov.my/CodeSystem/procedure-code-my-core,CodeSystemProcedureCodeMyCore
44.67,Laparoscopic procedures for creation of esophagogastric sphincteric competence,Laparoscopic procedures for creation of esophagogastric sphincteric competence,http://fhir.hie.moh.gov.my/CodeSystem/procedure-code-my-core,CodeSystemProcedureCodeMyCore
44.68,Laparoscopic gastroplasty,Laparoscopic gastroplasty,http://fhir.hie.moh.gov.my/CodeSystem/procedure-code-my-core,CodeSystemProcedureCodeMyCore
44.69,Other repair of stomach,Other repair of stomach,http://fhir.hie.moh.gov.my/CodeSystem/procedure-code-my-core,CodeSystemProcedureCodeMyCore
44.91,Ligation of gastric varices,Ligation of gastric varices,http://fhir.hie.moh.gov.my/CodeSystem/procedure-code-my-core,CodeSystemProcedureCodeMyCore
44.92,Intraoperative manipulation of stomach,Intraoperative manipulation of stomach,http://fhir.hie.moh.gov.my/CodeSystem/procedure-code-my-core,CodeSystemProcedureCodeMyCore
44.93,Insertion of gastric bubble (balloon),Insertion of gastric bubble (balloon),http://fhir.hie.moh.gov.my/CodeSystem/procedure-code-my-core,CodeSystemProcedureCodeMyCore
44.94,Removal of gastric bubble (balloon),Removal of gastric bubble (balloon),http://fhir.hie.moh.gov.my/CodeSystem/procedure-code-my-core,CodeSystemProcedureCodeMyCore
44.95,Laparoscopic gastric restrictive procedure,Laparoscopic gastric restrictive procedure,http://fhir.hie.moh.gov.my/CodeSystem/procedure-code-my-core,CodeSystemProcedureCodeMyCore
44.96,Laparoscopic revision of gastric restrictive procedure,Laparoscopic revision of gastric restrictive procedure,http://fhir.hie.moh.gov.my/CodeSystem/procedure-code-my-core,CodeSystemProcedureCodeMyCore
44.97,Laparoscopic removal of gastric restrictive device(s),Laparoscopic removal of gastric restrictive device(s),http://fhir.hie.moh.gov.my/CodeSystem/procedure-code-my-core,CodeSystemProcedureCodeMyCore
44.98,(Laparoscopic) adjustment of size of adjustable gastric restrictive device,(Laparoscopic) adjustment of size of adjustable gastric restrictive device,http://fhir.hie.moh.gov.my/CodeSystem/procedure-code-my-core,CodeSystemProcedureCodeMyCore
44.99,Other operations on stomach,Other operations on stomach,http://fhir.hie.moh.gov.my/CodeSystem/procedure-code-my-core,CodeSystemProcedureCodeMyCore
45.01,Incision of duodenum,Incision of duodenum,http://fhir.hie.moh.gov.my/CodeSystem/procedure-code-my-core,CodeSystemProcedureCodeMyCore
45.02,Other incision of small intestine,Other incision of small intestine,http://fhir.hie.moh.gov.my/CodeSystem/procedure-code-my-core,CodeSystemProcedureCodeMyCore
45.03,Incision of large intestine,Incision of large intestine,http://fhir.hie.moh.gov.my/CodeSystem/procedure-code-my-core,CodeSystemProcedureCodeMyCore
45.11,Transabdominal endoscopy of small intestine,Transabdominal endoscopy of small intestine,http://fhir.hie.moh.gov.my/CodeSystem/procedure-code-my-core,CodeSystemProcedureCodeMyCore
45.12,Endoscopy of small intestine through artificial stoma,Endoscopy of small intestine through artificial stoma,http://fhir.hie.moh.gov.my/CodeSystem/procedure-code-my-core,CodeSystemProcedureCodeMyCore
45.13,Other endoscopy of small intestine,Other endoscopy of small intestine,http://fhir.hie.moh.gov.my/CodeSystem/procedure-code-my-core,CodeSystemProcedureCodeMyCore
45.14,Closed [endoscopic] biopsy of small intestine,Closed [endoscopic] biopsy of small intestine,http://fhir.hie.moh.gov.my/CodeSystem/procedure-code-my-core,CodeSystemProcedureCodeMyCore
45.15,Open biopsy of small intestine,Open biopsy of small intestine,http://fhir.hie.moh.gov.my/CodeSystem/procedure-code-my-core,CodeSystemProcedureCodeMyCore
45.16,Esophagogastroduodenoscopy [EGD] with closed biopsy,Esophagogastroduodenoscopy [EGD] with closed biopsy,http://fhir.hie.moh.gov.my/CodeSystem/procedure-code-my-core,CodeSystemProcedureCodeMyCore
45.19,Other diagnostic procedures on small intestine,Other diagnostic procedures on small intestine,http://fhir.hie.moh.gov.my/CodeSystem/procedure-code-my-core,CodeSystemProcedureCodeMyCore
45.21,Transabdominal endoscopy of large intestine,Transabdominal endoscopy of large intestine,http://fhir.hie.moh.gov.my/CodeSystem/procedure-code-my-core,CodeSystemProcedureCodeMyCore
45.22,Endoscopy of large intestine through artificial stoma,Endoscopy of large intestine through artificial stoma,http://fhir.hie.moh.gov.my/CodeSystem/procedure-code-my-core,CodeSystemProcedureCodeMyCore
45.23,Colonoscopy,Colonoscopy,http://fhir.hie.moh.gov.my/CodeSystem/procedure-code-my-core,CodeSystemProcedureCodeMyCore
45.24,Flexible sigmoidoscopy,Flexible sigmoidoscopy,http://fhir.hie.moh.gov.my/CodeSystem/procedure-code-my-core,CodeSystemProcedureCodeMyCore
45.25,Closed [endoscopic] biopsy of large intestine,Closed [endoscopic] biopsy of large intestine,http://fhir.hie.moh.gov.my/CodeSystem/procedure-code-my-core,CodeSystemProcedureCodeMyCore
45.26,Open biopsy of large intestine,Open biopsy of large intestine,http://fhir.hie.moh.gov.my/CodeSystem/procedure-code-my-core,CodeSystemProcedureCodeMyCore
45.27,"Intestinal biopsy, site unspecified","Intestinal biopsy, site unspecified",http://fhir.hie.moh.gov.my/CodeSystem/procedure-code-my-core,CodeSystemProcedureCodeMyCore
45.28,Other diagnostic procedures on large intestines,Other diagnostic procedures on large intestines,http://fhir.hie.moh.gov.my/CodeSystem/procedure-code-my-core,CodeSystemProcedureCodeMyCore
45.29,"Other diagnostic procedures on intestine, site unspecified","Other diagnostic procedures on intestine, site unspecified",http://fhir.hie.moh.gov.my/CodeSystem/procedure-code-my-core,CodeSystemProcedureCodeMyCore
45.31,Other local excision of lesion of duodenum,Other local excision of lesion of duodenum,http://fhir.hie.moh.gov.my/CodeSystem/procedure-code-my-core,CodeSystemProcedureCodeMyCore
45.32,Other destruction of lesion of duodenum,Other destruction of lesion of duodenum,http://fhir.hie.moh.gov.my/CodeSystem/procedure-code-my-core,CodeSystemProcedureCodeMyCore
45.33,"Local excision of lesion or tissue of small intestine, except duodenum","Local excision of lesion or tissue of small intestine, except duodenum",http://fhir.hie.moh.gov.my/CodeSystem/procedure-code-my-core,CodeSystemProcedureCodeMyCore
45.34,"Other destruction of lesion of small intestine, except duodenum","Other destruction of lesion of small intestine, except duodenum",http://fhir.hie.moh.gov.my/CodeSystem/procedure-code-my-core,CodeSystemProcedureCodeMyCore
45.41,Excision of lesion or tissue of large intestine,Excision of lesion or tissue of large intestine,http://fhir.hie.moh.gov.my/CodeSystem/procedure-code-my-core,CodeSystemProcedureCodeMyCore
45.42,Endoscopic polypectomy of large intestine,Endoscopic polypectomy of large intestine,http://fhir.hie.moh.gov.my/CodeSystem/procedure-code-my-core,CodeSystemProcedureCodeMyCore
45.43,Endoscopic destruction of other lesion or tissue of large intestine,Endoscopic destruction of other lesion or tissue of large intestine,http://fhir.hie.moh.gov.my/CodeSystem/procedure-code-my-core,CodeSystemProcedureCodeMyCore
45.49,Other destruction of lesion of large intestine,Other destruction of lesion of large intestine,http://fhir.hie.moh.gov.my/CodeSystem/procedure-code-my-core,CodeSystemProcedureCodeMyCore
45.51,Isolation of segment of small intestine,Isolation of segment of small intestine,http://fhir.hie.moh.gov.my/CodeSystem/procedure-code-my-core,CodeSystemProcedureCodeMyCore
45.52,Isolation of segment of large intestine,Isolation of segment of large intestine,http://fhir.hie.moh.gov.my/CodeSystem/procedure-code-my-core,CodeSystemProcedureCodeMyCore
45.61,Multiple segmental resection of small intestine,Multiple segmental resection of small intestine,http://fhir.hie.moh.gov.my/CodeSystem/procedure-code-my-core,CodeSystemProcedureCodeMyCore
45.62,Other partial resection of small intestine,Other partial resection of small intestine,http://fhir.hie.moh.gov.my/CodeSystem/procedure-code-my-core,CodeSystemProcedureCodeMyCore
45.63,Total removal of small intestine,Total removal of small intestine,http://fhir.hie.moh.gov.my/CodeSystem/procedure-code-my-core,CodeSystemProcedureCodeMyCore
45.71,Open and other multiple segmental resection of large intestine,Open and other multiple segmental resection of large intestine,http://fhir.hie.moh.gov.my/CodeSystem/procedure-code-my-core,CodeSystemProcedureCodeMyCore
45.72,Open and other cecectomy,Open and other cecectomy,http://fhir.hie.moh.gov.my/CodeSystem/procedure-code-my-core,CodeSystemProcedureCodeMyCore
45.73,Open and other right hemicolectomy,Open and other right hemicolectomy,http://fhir.hie.moh.gov.my/CodeSystem/procedure-code-my-core,CodeSystemProcedureCodeMyCore
45.74,Open and other resection of transverse colon,Open and other resection of transverse colon,http://fhir.hie.moh.gov.my/CodeSystem/procedure-code-my-core,CodeSystemProcedureCodeMyCore
45.75,Open and other left hemicolectomy,Open and other left hemicolectomy,http://fhir.hie.moh.gov.my/CodeSystem/procedure-code-my-core,CodeSystemProcedureCodeMyCore
45.76,Open and other sigmoidectomy,Open and other sigmoidectomy,http://fhir.hie.moh.gov.my/CodeSystem/procedure-code-my-core,CodeSystemProcedureCodeMyCore
45.79,Other and unspecified partial excision of large intestine,Other and unspecified partial excision of large intestine,http://fhir.hie.moh.gov.my/CodeSystem/procedure-code-my-core,CodeSystemProcedureCodeMyCore
45.81,Laparoscopic total intra-abdominal colectomy,Laparoscopic total intra-abdominal colectomy,http://fhir.hie.moh.gov.my/CodeSystem/procedure-code-my-core,CodeSystemProcedureCodeMyCore
45.82,Open total intra-abdominal colectomy,Open total intra-abdominal colectomy,http://fhir.hie.moh.gov.my/CodeSystem/procedure-code-my-core,CodeSystemProcedureCodeMyCore
45.83,Other and unspecified total intra-abdominal colectomy,Other and unspecified total intra-abdominal colectomy,http://fhir.hie.moh.gov.my/CodeSystem/procedure-code-my-core,CodeSystemProcedureCodeMyCore
45.91,Small-to-small intestinal anastomosis,Small-to-small intestinal anastomosis,http://fhir.hie.moh.gov.my/CodeSystem/procedure-code-my-core,CodeSystemProcedureCodeMyCore
45.92,Anastomosis of small intestine to rectal stump,Anastomosis of small intestine to rectal stump,http://fhir.hie.moh.gov.my/CodeSystem/procedure-code-my-core,CodeSystemProcedureCodeMyCore
45.93,Other small-to-large intestinal anastomosis,Other small-to-large intestinal anastomosis,http://fhir.hie.moh.gov.my/CodeSystem/procedure-code-my-core,CodeSystemProcedureCodeMyCore
45.94,Large-to-large intestinal anastomosis,Large-to-large intestinal anastomosis,http://fhir.hie.moh.gov.my/CodeSystem/procedure-code-my-core,CodeSystemProcedureCodeMyCore
45.95,Anastomosis to anus,Anastomosis to anus,http://fhir.hie.moh.gov.my/CodeSystem/procedure-code-my-core,CodeSystemProcedureCodeMyCore
46.01,Exteriorization of small intestine,Exteriorization of small intestine,http://fhir.hie.moh.gov.my/CodeSystem/procedure-code-my-core,CodeSystemProcedureCodeMyCore
46.02,Resection of exteriorized segment of small intestine,Resection of exteriorized segment of small intestine,http://fhir.hie.moh.gov.my/CodeSystem/procedure-code-my-core,CodeSystemProcedureCodeMyCore
46.03,Exteriorization of large intestine,Exteriorization of large intestine,http://fhir.hie.moh.gov.my/CodeSystem/procedure-code-my-core,CodeSystemProcedureCodeMyCore
46.04,Resection of exteriorized segment of large intestine,Resection of exteriorized segment of large intestine,http://fhir.hie.moh.gov.my/CodeSystem/procedure-code-my-core,CodeSystemProcedureCodeMyCore
46.11,Temporary colostomy,Temporary colostomy,http://fhir.hie.moh.gov.my/CodeSystem/procedure-code-my-core,CodeSystemProcedureCodeMyCore
46.13,Permanent colostomy,Permanent colostomy,http://fhir.hie.moh.gov.my/CodeSystem/procedure-code-my-core,CodeSystemProcedureCodeMyCore
46.14,Delayed opening of colostomy,Delayed opening of colostomy,http://fhir.hie.moh.gov.my/CodeSystem/procedure-code-my-core,CodeSystemProcedureCodeMyCore
46.21,Temporary ileostomy,Temporary ileostomy,http://fhir.hie.moh.gov.my/CodeSystem/procedure-code-my-core,CodeSystemProcedureCodeMyCore
46.22,Continent ileostomy,Continent ileostomy,http://fhir.hie.moh.gov.my/CodeSystem/procedure-code-my-core,CodeSystemProcedureCodeMyCore
46.23,Other permanent ileostomy,Other permanent ileostomy,http://fhir.hie.moh.gov.my/CodeSystem/procedure-code-my-core,CodeSystemProcedureCodeMyCore
46.24,Delayed opening of ileostomy,Delayed opening of ileostomy,http://fhir.hie.moh.gov.my/CodeSystem/procedure-code-my-core,CodeSystemProcedureCodeMyCore
46.31,Delayed opening of other enterostomy,Delayed opening of other enterostomy,http://fhir.hie.moh.gov.my/CodeSystem/procedure-code-my-core,CodeSystemProcedureCodeMyCore
46.32,Percutaneous (endoscopic) jejunostomy [PEJ],Percutaneous (endoscopic) jejunostomy [PEJ],http://fhir.hie.moh.gov.my/CodeSystem/procedure-code-my-core,CodeSystemProcedureCodeMyCore
46.39,Other enterostomy,Other enterostomy,http://fhir.hie.moh.gov.my/CodeSystem/procedure-code-my-core,CodeSystemProcedureCodeMyCore
46.41,Revision of stoma of small intestine,Revision of stoma of small intestine,http://fhir.hie.moh.gov.my/CodeSystem/procedure-code-my-core,CodeSystemProcedureCodeMyCore
46.42,Repair of pericolostomy hernia,Repair of pericolostomy hernia,http://fhir.hie.moh.gov.my/CodeSystem/procedure-code-my-core,CodeSystemProcedureCodeMyCore
46.43,Other revision of stoma of large intestine,Other revision of stoma of large intestine,http://fhir.hie.moh.gov.my/CodeSystem/procedure-code-my-core,CodeSystemProcedureCodeMyCore
46.51,Closure of stoma of small intestine,Closure of stoma of small intestine,http://fhir.hie.moh.gov.my/CodeSystem/procedure-code-my-core,CodeSystemProcedureCodeMyCore
46.52,Closure of stoma of large intestine,Closure of stoma of large intestine,http://fhir.hie.moh.gov.my/CodeSystem/procedure-code-my-core,CodeSystemProcedureCodeMyCore
46.61,Fixation of small intestine to abdominal wall,Fixation of small intestine to abdominal wall,http://fhir.hie.moh.gov.my/CodeSystem/procedure-code-my-core,CodeSystemProcedureCodeMyCore
46.62,Other fixation of small intestine,Other fixation of small intestine,http://fhir.hie.moh.gov.my/CodeSystem/procedure-code-my-core,CodeSystemProcedureCodeMyCore
46.63,Fixation of large intestine to abdominal wall,Fixation of large intestine to abdominal wall,http://fhir.hie.moh.gov.my/CodeSystem/procedure-code-my-core,CodeSystemProcedureCodeMyCore
46.64,Other fixation of large intestine,Other fixation of large intestine,http://fhir.hie.moh.gov.my/CodeSystem/procedure-code-my-core,CodeSystemProcedureCodeMyCore
46.71,Suture of laceration of duodenum,Suture of laceration of duodenum,http://fhir.hie.moh.gov.my/CodeSystem/procedure-code-my-core,CodeSystemProcedureCodeMyCore
46.72,Closure of fistula of duodenum,Closure of fistula of duodenum,http://fhir.hie.moh.gov.my/CodeSystem/procedure-code-my-core,CodeSystemProcedureCodeMyCore
46.73,"Suture of laceration of small intestine, except duodenum","Suture of laceration of small intestine, except duodenum",http://fhir.hie.moh.gov.my/CodeSystem/procedure-code-my-core,CodeSystemProcedureCodeMyCore
46.74,"Closure of fistula of small intestine, except duodenum","Closure of fistula of small intestine, except duodenum",http://fhir.hie.moh.gov.my/CodeSystem/procedure-code-my-core,CodeSystemProcedureCodeMyCore
46.75,Suture of laceration of large intestine,Suture of laceration of large intestine,http://fhir.hie.moh.gov.my/CodeSystem/procedure-code-my-core,CodeSystemProcedureCodeMyCore
46.76,Closure of fistula of large intestine,Closure of fistula of large intestine,http://fhir.hie.moh.gov.my/CodeSystem/procedure-code-my-core,CodeSystemProcedureCodeMyCore
46.79,Other repair of intestine,Other repair of intestine,http://fhir.hie.moh.gov.my/CodeSystem/procedure-code-my-core,CodeSystemProcedureCodeMyCore
46.81,Intra-abdominal manipulation of small intestine,Intra-abdominal manipulation of small intestine,http://fhir.hie.moh.gov.my/CodeSystem/procedure-code-my-core,CodeSystemProcedureCodeMyCore
46.82,Intra-abdominal manipulation of large intestine,Intra-abdominal manipulation of large intestine,http://fhir.hie.moh.gov.my/CodeSystem/procedure-code-my-core,CodeSystemProcedureCodeMyCore
46.85,Dilation of intestine,Dilation of intestine,http://fhir.hie.moh.gov.my/CodeSystem/procedure-code-my-core,CodeSystemProcedureCodeMyCore
46.86,Endoscopic insertion of colonic stent(s),Endoscopic insertion of colonic stent(s),http://fhir.hie.moh.gov.my/CodeSystem/procedure-code-my-core,CodeSystemProcedureCodeMyCore
46.87,Other insertion of colonic stent(s),Other insertion of colonic stent(s),http://fhir.hie.moh.gov.my/CodeSystem/procedure-code-my-core,CodeSystemProcedureCodeMyCore
46.91,Myotomy of sigmoid colon,Myotomy of sigmoid colon,http://fhir.hie.moh.gov.my/CodeSystem/procedure-code-my-core,CodeSystemProcedureCodeMyCore
46.92,Myotomy of other parts of colon,Myotomy of other parts of colon,http://fhir.hie.moh.gov.my/CodeSystem/procedure-code-my-core,CodeSystemProcedureCodeMyCore
46.93,Revision of anastomosis of small intestine,Revision of anastomosis of small intestine,http://fhir.hie.moh.gov.my/CodeSystem/procedure-code-my-core,CodeSystemProcedureCodeMyCore
46.94,Revision of anastomosis of large intestine,Revision of anastomosis of large intestine,http://fhir.hie.moh.gov.my/CodeSystem/procedure-code-my-core,CodeSystemProcedureCodeMyCore
46.95,Local perfusion of small intestine,Local perfusion of small intestine,http://fhir.hie.moh.gov.my/CodeSystem/procedure-code-my-core,CodeSystemProcedureCodeMyCore
46.96,Local perfusion of large intestine,Local perfusion of large intestine,http://fhir.hie.moh.gov.my/CodeSystem/procedure-code-my-core,CodeSystemProcedureCodeMyCore
46.97,Transplant of intestine,Transplant of intestine,http://fhir.hie.moh.gov.my/CodeSystem/procedure-code-my-core,CodeSystemProcedureCodeMyCore
46.99,Other operations on intestines,Other operations on intestines,http://fhir.hie.moh.gov.my/CodeSystem/procedure-code-my-core,CodeSystemProcedureCodeMyCore
47.01,Laparoscopic appendectomy,Laparoscopic appendectomy,http://fhir.hie.moh.gov.my/CodeSystem/procedure-code-my-core,CodeSystemProcedureCodeMyCore
47.09,Other appendectomy,Other appendectomy,http://fhir.hie.moh.gov.my/CodeSystem/procedure-code-my-core,CodeSystemProcedureCodeMyCore
47.11,Laparoscopic incidental appendectomy,Laparoscopic incidental appendectomy,http://fhir.hie.moh.gov.my/CodeSystem/procedure-code-my-core,CodeSystemProcedureCodeMyCore
47.19,Other incidental appendectomy,Other incidental appendectomy,http://fhir.hie.moh.gov.my/CodeSystem/procedure-code-my-core,CodeSystemProcedureCodeMyCore
47.91,Appendicostomy,Appendicostomy,http://fhir.hie.moh.gov.my/CodeSystem/procedure-code-my-core,CodeSystemProcedureCodeMyCore
47.92,Closure of appendiceal fistula,Closure of appendiceal fistula,http://fhir.hie.moh.gov.my/CodeSystem/procedure-code-my-core,CodeSystemProcedureCodeMyCore
47.99,Other operations on appendix,Other operations on appendix,http://fhir.hie.moh.gov.my/CodeSystem/procedure-code-my-core,CodeSystemProcedureCodeMyCore
48.21,Transabdominal proctosigmoidoscopy,Transabdominal proctosigmoidoscopy,http://fhir.hie.moh.gov.my/CodeSystem/procedure-code-my-core,CodeSystemProcedureCodeMyCore
48.22,Proctosigmoidoscopy through artificial stoma,Proctosigmoidoscopy through artificial stoma,http://fhir.hie.moh.gov.my/CodeSystem/procedure-code-my-core,CodeSystemProcedureCodeMyCore
48.23,Rigid proctosigmoidoscopy,Rigid proctosigmoidoscopy,http://fhir.hie.moh.gov.my/CodeSystem/procedure-code-my-core,CodeSystemProcedureCodeMyCore
48.24,Closed [endoscopic] biopsy of rectum,Closed [endoscopic] biopsy of rectum,http://fhir.hie.moh.gov.my/CodeSystem/procedure-code-my-core,CodeSystemProcedureCodeMyCore
48.25,Open biopsy of rectum,Open biopsy of rectum,http://fhir.hie.moh.gov.my/CodeSystem/procedure-code-my-core,CodeSystemProcedureCodeMyCore
48.26,Biopsy of perirectal tissue,Biopsy of perirectal tissue,http://fhir.hie.moh.gov.my/CodeSystem/procedure-code-my-core,CodeSystemProcedureCodeMyCore
48.29,"Other diagnostic procedures on rectum, rectosigmoid and perirectal tissue","Other diagnostic procedures on rectum, rectosigmoid and perirectal tissue",http://fhir.hie.moh.gov.my/CodeSystem/procedure-code-my-core,CodeSystemProcedureCodeMyCore
48.31,Radical electrocoagulation of rectal lesion or tissue,Radical electrocoagulation of rectal lesion or tissue,http://fhir.hie.moh.gov.my/CodeSystem/procedure-code-my-core,CodeSystemProcedureCodeMyCore
48.32,Other electrocoagulation of rectal lesion or tissue,Other electrocoagulation of rectal lesion or tissue,http://fhir.hie.moh.gov.my/CodeSystem/procedure-code-my-core,CodeSystemProcedureCodeMyCore
48.33,Destruction of rectal lesion or tissue by laser,Destruction of rectal lesion or tissue by laser,http://fhir.hie.moh.gov.my/CodeSystem/procedure-code-my-core,CodeSystemProcedureCodeMyCore
48.34,Destruction of rectal lesion or tissue by cryosurgery,Destruction of rectal lesion or tissue by cryosurgery,http://fhir.hie.moh.gov.my/CodeSystem/procedure-code-my-core,CodeSystemProcedureCodeMyCore
48.35,Local excision of rectal lesion or tissue,Local excision of rectal lesion or tissue,http://fhir.hie.moh.gov.my/CodeSystem/procedure-code-my-core,CodeSystemProcedureCodeMyCore
48.36,[Endoscopic] polypectomy of rectum,[Endoscopic] polypectomy of rectum,http://fhir.hie.moh.gov.my/CodeSystem/procedure-code-my-core,CodeSystemProcedureCodeMyCore
48.41,Soave submucosal resection of rectum,Soave submucosal resection of rectum,http://fhir.hie.moh.gov.my/CodeSystem/procedure-code-my-core,CodeSystemProcedureCodeMyCore
48.42,Laparoscopic pull-through resection of rectum,Laparoscopic pull-through resection of rectum,http://fhir.hie.moh.gov.my/CodeSystem/procedure-code-my-core,CodeSystemProcedureCodeMyCore
48.43,Open pull-through resection of rectum,Open pull-through resection of rectum,http://fhir.hie.moh.gov.my/CodeSystem/procedure-code-my-core,CodeSystemProcedureCodeMyCore
48.49,Other pull-through resection of rectum,Other pull-through resection of rectum,http://fhir.hie.moh.gov.my/CodeSystem/procedure-code-my-core,CodeSystemProcedureCodeMyCore
48.51,Laparoscopic abdominoperineal resection of the rectum,Laparoscopic abdominoperineal resection of the rectum,http://fhir.hie.moh.gov.my/CodeSystem/procedure-code-my-core,CodeSystemProcedureCodeMyCore
48.52,Open abdominoperineal resection of the rectum,Open abdominoperineal resection of the rectum,http://fhir.hie.moh.gov.my/CodeSystem/procedure-code-my-core,CodeSystemProcedureCodeMyCore
48.59,Other abdominoperineal resection of the rectum,Other abdominoperineal resection of the rectum,http://fhir.hie.moh.gov.my/CodeSystem/procedure-code-my-core,CodeSystemProcedureCodeMyCore
48.61,Transsacral rectosigmoidectomy,Transsacral rectosigmoidectomy,http://fhir.hie.moh.gov.my/CodeSystem/procedure-code-my-core,CodeSystemProcedureCodeMyCore
48.62,Anterior resection of rectum with synchronous colostomy,Anterior resection of rectum with synchronous colostomy,http://fhir.hie.moh.gov.my/CodeSystem/procedure-code-my-core,CodeSystemProcedureCodeMyCore
48.63,Other anterior resection of rectum,Other anterior resection of rectum,http://fhir.hie.moh.gov.my/CodeSystem/procedure-code-my-core,CodeSystemProcedureCodeMyCore
48.64,Posterior resection of rectum,Posterior resection of rectum,http://fhir.hie.moh.gov.my/CodeSystem/procedure-code-my-core,CodeSystemProcedureCodeMyCore
48.65,Duhamel resection of rectum,Duhamel resection of rectum,http://fhir.hie.moh.gov.my/CodeSystem/procedure-code-my-core,CodeSystemProcedureCodeMyCore
48.69,Other resection of rectum,Other resection of rectum,http://fhir.hie.moh.gov.my/CodeSystem/procedure-code-my-core,CodeSystemProcedureCodeMyCore
48.71,Suture of laceration of rectum,Suture of laceration of rectum,http://fhir.hie.moh.gov.my/CodeSystem/procedure-code-my-core,CodeSystemProcedureCodeMyCore
48.72,Closure of proctostomy,Closure of proctostomy,http://fhir.hie.moh.gov.my/CodeSystem/procedure-code-my-core,CodeSystemProcedureCodeMyCore
48.73,Closure of other rectal fistula,Closure of other rectal fistula,http://fhir.hie.moh.gov.my/CodeSystem/procedure-code-my-core,CodeSystemProcedureCodeMyCore
48.74,Rectorectostomy,Rectorectostomy,http://fhir.hie.moh.gov.my/CodeSystem/procedure-code-my-core,CodeSystemProcedureCodeMyCore
48.75,Abdominal proctopexy,Abdominal proctopexy,http://fhir.hie.moh.gov.my/CodeSystem/procedure-code-my-core,CodeSystemProcedureCodeMyCore
48.76,Other proctopexy,Other proctopexy,http://fhir.hie.moh.gov.my/CodeSystem/procedure-code-my-core,CodeSystemProcedureCodeMyCore
48.79,Other repair of rectum,Other repair of rectum,http://fhir.hie.moh.gov.my/CodeSystem/procedure-code-my-core,CodeSystemProcedureCodeMyCore
48.81,Incision of perirectal tissue,Incision of perirectal tissue,http://fhir.hie.moh.gov.my/CodeSystem/procedure-code-my-core,CodeSystemProcedureCodeMyCore
48.82,Excision of perirectal tissue,Excision of perirectal tissue,http://fhir.hie.moh.gov.my/CodeSystem/procedure-code-my-core,CodeSystemProcedureCodeMyCore
48.91,Incision of rectal stricture,Incision of rectal stricture,http://fhir.hie.moh.gov.my/CodeSystem/procedure-code-my-core,CodeSystemProcedureCodeMyCore
48.92,Anorectal myectomy,Anorectal myectomy,http://fhir.hie.moh.gov.my/CodeSystem/procedure-code-my-core,CodeSystemProcedureCodeMyCore
48.93,Repair of perirectal fistula,Repair of perirectal fistula,http://fhir.hie.moh.gov.my/CodeSystem/procedure-code-my-core,CodeSystemProcedureCodeMyCore
48.99,Other operations on rectum and perirectal tissue,Other operations on rectum and perirectal tissue,http://fhir.hie.moh.gov.my/CodeSystem/procedure-code-my-core,CodeSystemProcedureCodeMyCore
49.01,Incision of perianal abscess,Incision of perianal abscess,http://fhir.hie.moh.gov.my/CodeSystem/procedure-code-my-core,CodeSystemProcedureCodeMyCore
49.02,Other incision of perianal tissue,Other incision of perianal tissue,http://fhir.hie.moh.gov.my/CodeSystem/procedure-code-my-core,CodeSystemProcedureCodeMyCore
49.03,Excision of perianal skin tags,Excision of perianal skin tags,http://fhir.hie.moh.gov.my/CodeSystem/procedure-code-my-core,CodeSystemProcedureCodeMyCore
49.04,Other excision of perianal tissue,Other excision of perianal tissue,http://fhir.hie.moh.gov.my/CodeSystem/procedure-code-my-core,CodeSystemProcedureCodeMyCore
49.11,Anal fistulotomy,Anal fistulotomy,http://fhir.hie.moh.gov.my/CodeSystem/procedure-code-my-core,CodeSystemProcedureCodeMyCore
49.12,Anal fistulectomy,Anal fistulectomy,http://fhir.hie.moh.gov.my/CodeSystem/procedure-code-my-core,CodeSystemProcedureCodeMyCore
49.21,Anoscopy,Anoscopy,http://fhir.hie.moh.gov.my/CodeSystem/procedure-code-my-core,CodeSystemProcedureCodeMyCore
49.22,Biopsy of perianal tissue,Biopsy of perianal tissue,http://fhir.hie.moh.gov.my/CodeSystem/procedure-code-my-core,CodeSystemProcedureCodeMyCore
49.23,Biopsy of anus,Biopsy of anus,http://fhir.hie.moh.gov.my/CodeSystem/procedure-code-my-core,CodeSystemProcedureCodeMyCore
49.29,Other diagnostic procedures on anus and perianal tissue,Other diagnostic procedures on anus and perianal tissue,http://fhir.hie.moh.gov.my/CodeSystem/procedure-code-my-core,CodeSystemProcedureCodeMyCore
49.31,Endoscopic excision or destruction of lesion or tissue of anus,Endoscopic excision or destruction of lesion or tissue of anus,http://fhir.hie.moh.gov.my/CodeSystem/procedure-code-my-core,CodeSystemProcedureCodeMyCore
49.39,Other local excision or destruction of lesion or tissue of anus,Other local excision or destruction of lesion or tissue of anus,http://fhir.hie.moh.gov.my/CodeSystem/procedure-code-my-core,CodeSystemProcedureCodeMyCore
49.41,Reduction of hemorrhoids,Reduction of hemorrhoids,http://fhir.hie.moh.gov.my/CodeSystem/procedure-code-my-core,CodeSystemProcedureCodeMyCore
49.42,Injection of hemorrhoids,Injection of hemorrhoids,http://fhir.hie.moh.gov.my/CodeSystem/procedure-code-my-core,CodeSystemProcedureCodeMyCore
49.43,Cauterization of hemorrhoids,Cauterization of hemorrhoids,http://fhir.hie.moh.gov.my/CodeSystem/procedure-code-my-core,CodeSystemProcedureCodeMyCore
49.44,Destruction of hemorrhoids by cryotherapy,Destruction of hemorrhoids by cryotherapy,http://fhir.hie.moh.gov.my/CodeSystem/procedure-code-my-core,CodeSystemProcedureCodeMyCore
49.45,Ligation of hemorrhoids,Ligation of hemorrhoids,http://fhir.hie.moh.gov.my/CodeSystem/procedure-code-my-core,CodeSystemProcedureCodeMyCore
49.46,Excision of hemorrhoids,Excision of hemorrhoids,http://fhir.hie.moh.gov.my/CodeSystem/procedure-code-my-core,CodeSystemProcedureCodeMyCore
49.47,Evacuation of thrombosed hemorrhoids,Evacuation of thrombosed hemorrhoids,http://fhir.hie.moh.gov.my/CodeSystem/procedure-code-my-core,CodeSystemProcedureCodeMyCore
49.49,Other procedures on hemorrhoids,Other procedures on hemorrhoids,http://fhir.hie.moh.gov.my/CodeSystem/procedure-code-my-core,CodeSystemProcedureCodeMyCore
49.51,Left lateral anal sphincterotomy,Left lateral anal sphincterotomy,http://fhir.hie.moh.gov.my/CodeSystem/procedure-code-my-core,CodeSystemProcedureCodeMyCore
49.52,Posterior anal sphincterotomy,Posterior anal sphincterotomy,http://fhir.hie.moh.gov.my/CodeSystem/procedure-code-my-core,CodeSystemProcedureCodeMyCore
49.59,Other anal sphincterotomy,Other anal sphincterotomy,http://fhir.hie.moh.gov.my/CodeSystem/procedure-code-my-core,CodeSystemProcedureCodeMyCore
49.71,Suture of laceration of anus,Suture of laceration of anus,http://fhir.hie.moh.gov.my/CodeSystem/procedure-code-my-core,CodeSystemProcedureCodeMyCore
49.72,Anal cerclage,Anal cerclage,http://fhir.hie.moh.gov.my/CodeSystem/procedure-code-my-core,CodeSystemProcedureCodeMyCore
49.73,Closure of anal fistula,Closure of anal fistula,http://fhir.hie.moh.gov.my/CodeSystem/procedure-code-my-core,CodeSystemProcedureCodeMyCore
49.74,Gracilis muscle transplant for anal incontinence,Gracilis muscle transplant for anal incontinence,http://fhir.hie.moh.gov.my/CodeSystem/procedure-code-my-core,CodeSystemProcedureCodeMyCore
49.75,Implantation or revision of artificial anal sphincter,Implantation or revision of artificial anal sphincter,http://fhir.hie.moh.gov.my/CodeSystem/procedure-code-my-core,CodeSystemProcedureCodeMyCore
49.76,Removal of artificial anal sphincter,Removal of artificial anal sphincter,http://fhir.hie.moh.gov.my/CodeSystem/procedure-code-my-core,CodeSystemProcedureCodeMyCore
49.79,Other repair of anal sphincter,Other repair of anal sphincter,http://fhir.hie.moh.gov.my/CodeSystem/procedure-code-my-core,CodeSystemProcedureCodeMyCore
49.91,Incision of anal septum,Incision of anal septum,http://fhir.hie.moh.gov.my/CodeSystem/procedure-code-my-core,CodeSystemProcedureCodeMyCore
49.92,Insertion of subcutaneous electrical anal stimulator,Insertion of subcutaneous electrical anal stimulator,http://fhir.hie.moh.gov.my/CodeSystem/procedure-code-my-core,CodeSystemProcedureCodeMyCore
49.93,Other incision of anus,Other incision of anus,http://fhir.hie.moh.gov.my/CodeSystem/procedure-code-my-core,CodeSystemProcedureCodeMyCore
49.94,Reduction of anal prolapse,Reduction of anal prolapse,http://fhir.hie.moh.gov.my/CodeSystem/procedure-code-my-core,CodeSystemProcedureCodeMyCore
49.95,Control of (postoperative) hemorrhage of anus,Control of (postoperative) hemorrhage of anus,http://fhir.hie.moh.gov.my/CodeSystem/procedure-code-my-core,CodeSystemProcedureCodeMyCore
49.99,Other operations on anus,Other operations on anus,http://fhir.hie.moh.gov.my/CodeSystem/procedure-code-my-core,CodeSystemProcedureCodeMyCore
50.11,Closed (percutaneous) [needle] biopsy of liver,Closed (percutaneous) [needle] biopsy of liver,http://fhir.hie.moh.gov.my/CodeSystem/procedure-code-my-core,CodeSystemProcedureCodeMyCore
50.12,Open biopsy of liver,Open biopsy of liver,http://fhir.hie.moh.gov.my/CodeSystem/procedure-code-my-core,CodeSystemProcedureCodeMyCore
50.13,Transjugular liver biopsy,Transjugular liver biopsy,http://fhir.hie.moh.gov.my/CodeSystem/procedure-code-my-core,CodeSystemProcedureCodeMyCore
50.14,Laparoscopic liver biopsy,Laparoscopic liver biopsy,http://fhir.hie.moh.gov.my/CodeSystem/procedure-code-my-core,CodeSystemProcedureCodeMyCore
50.19,Other diagnostic procedures on liver,Other diagnostic procedures on liver,http://fhir.hie.moh.gov.my/CodeSystem/procedure-code-my-core,CodeSystemProcedureCodeMyCore
50.21,Marsupialization of lesion of liver,Marsupialization of lesion of liver,http://fhir.hie.moh.gov.my/CodeSystem/procedure-code-my-core,CodeSystemProcedureCodeMyCore
50.22,Partial hepatectomy,Partial hepatectomy,http://fhir.hie.moh.gov.my/CodeSystem/procedure-code-my-core,CodeSystemProcedureCodeMyCore
50.23,Open ablation of liver lesion or tissue,Open ablation of liver lesion or tissue,http://fhir.hie.moh.gov.my/CodeSystem/procedure-code-my-core,CodeSystemProcedureCodeMyCore
50.24,Percutaneous ablation of liver lesion or tissue,Percutaneous ablation of liver lesion or tissue,http://fhir.hie.moh.gov.my/CodeSystem/procedure-code-my-core,CodeSystemProcedureCodeMyCore
50.25,Laparoscopic ablation of liver lesion or tissue,Laparoscopic ablation of liver lesion or tissue,http://fhir.hie.moh.gov.my/CodeSystem/procedure-code-my-core,CodeSystemProcedureCodeMyCore
50.26,Other and unspecified ablation of liver lesion or tissue,Other and unspecified ablation of liver lesion or tissue,http://fhir.hie.moh.gov.my/CodeSystem/procedure-code-my-core,CodeSystemProcedureCodeMyCore
50.29,Other destruction of lesion of liver,Other destruction of lesion of liver,http://fhir.hie.moh.gov.my/CodeSystem/procedure-code-my-core,CodeSystemProcedureCodeMyCore
50.51,Auxiliary liver transplant,Auxiliary liver transplant,http://fhir.hie.moh.gov.my/CodeSystem/procedure-code-my-core,CodeSystemProcedureCodeMyCore
50.59,Other transplant of liver,Other transplant of liver,http://fhir.hie.moh.gov.my/CodeSystem/procedure-code-my-core,CodeSystemProcedureCodeMyCore
50.61,Closure of laceration of liver,Closure of laceration of liver,http://fhir.hie.moh.gov.my/CodeSystem/procedure-code-my-core,CodeSystemProcedureCodeMyCore
50.69,Other repair of liver,Other repair of liver,http://fhir.hie.moh.gov.my/CodeSystem/procedure-code-my-core,CodeSystemProcedureCodeMyCore
50.91,Percutaneous aspiration of liver,Percutaneous aspiration of liver,http://fhir.hie.moh.gov.my/CodeSystem/procedure-code-my-core,CodeSystemProcedureCodeMyCore
50.92,Extracorporeal hepatic assistance,Extracorporeal hepatic assistance,http://fhir.hie.moh.gov.my/CodeSystem/procedure-code-my-core,CodeSystemProcedureCodeMyCore
50.93,Localized perfusion of liver,Localized perfusion of liver,http://fhir.hie.moh.gov.my/CodeSystem/procedure-code-my-core,CodeSystemProcedureCodeMyCore
50.94,Other injection of therapeutic substance into liver,Other injection of therapeutic substance into liver,http://fhir.hie.moh.gov.my/CodeSystem/procedure-code-my-core,CodeSystemProcedureCodeMyCore
50.99,Other operations on liver,Other operations on liver,http://fhir.hie.moh.gov.my/CodeSystem/procedure-code-my-core,CodeSystemProcedureCodeMyCore
51.01,Percutaneous aspiration of gallbladder,Percutaneous aspiration of gallbladder,http://fhir.hie.moh.gov.my/CodeSystem/procedure-code-my-core,CodeSystemProcedureCodeMyCore
51.02,Trocar cholecystostomy,Trocar cholecystostomy,http://fhir.hie.moh.gov.my/CodeSystem/procedure-code-my-core,CodeSystemProcedureCodeMyCore
51.03,Other cholecystostomy,Other cholecystostomy,http://fhir.hie.moh.gov.my/CodeSystem/procedure-code-my-core,CodeSystemProcedureCodeMyCore
51.04,Other cholecystotomy,Other cholecystotomy,http://fhir.hie.moh.gov.my/CodeSystem/procedure-code-my-core,CodeSystemProcedureCodeMyCore
51.11,Endoscopic retrograde cholangiography [ERC],Endoscopic retrograde cholangiography [ERC],http://fhir.hie.moh.gov.my/CodeSystem/procedure-code-my-core,CodeSystemProcedureCodeMyCore
51.12,Percutaneous biopsy of gallbladder or bile ducts,Percutaneous biopsy of gallbladder or bile ducts,http://fhir.hie.moh.gov.my/CodeSystem/procedure-code-my-core,CodeSystemProcedureCodeMyCore
51.13,Open biopsy of gallbladder or bile ducts,Open biopsy of gallbladder or bile ducts,http://fhir.hie.moh.gov.my/CodeSystem/procedure-code-my-core,CodeSystemProcedureCodeMyCore
51.14,Other closed [endoscopic] biopsy of biliary duct or sphincter of Oddi,Other closed [endoscopic] biopsy of biliary duct or sphincter of Oddi,http://fhir.hie.moh.gov.my/CodeSystem/procedure-code-my-core,CodeSystemProcedureCodeMyCore
51.15,Pressure measurement of sphincter of Oddi,Pressure measurement of sphincter of Oddi,http://fhir.hie.moh.gov.my/CodeSystem/procedure-code-my-core,CodeSystemProcedureCodeMyCore
51.19,Other diagnostic procedures on biliary tract,Other diagnostic procedures on biliary tract,http://fhir.hie.moh.gov.my/CodeSystem/procedure-code-my-core,CodeSystemProcedureCodeMyCore
51.21,Other partial cholecystectomy,Other partial cholecystectomy,http://fhir.hie.moh.gov.my/CodeSystem/procedure-code-my-core,CodeSystemProcedureCodeMyCore
51.22,Cholecystectomy,Cholecystectomy,http://fhir.hie.moh.gov.my/CodeSystem/procedure-code-my-core,CodeSystemProcedureCodeMyCore
51.23,Laparoscopic cholecystectomy,Laparoscopic cholecystectomy,http://fhir.hie.moh.gov.my/CodeSystem/procedure-code-my-core,CodeSystemProcedureCodeMyCore
51.24,Laparoscopic partial cholecystectomy,Laparoscopic partial cholecystectomy,http://fhir.hie.moh.gov.my/CodeSystem/procedure-code-my-core,CodeSystemProcedureCodeMyCore
51.31,Anastomosis of gallbladder to hepatic ducts,Anastomosis of gallbladder to hepatic ducts,http://fhir.hie.moh.gov.my/CodeSystem/procedure-code-my-core,CodeSystemProcedureCodeMyCore
51.32,Anastomosis of gallbladder to intestine,Anastomosis of gallbladder to intestine,http://fhir.hie.moh.gov.my/CodeSystem/procedure-code-my-core,CodeSystemProcedureCodeMyCore
51.33,Anastomosis of gallbladder to pancreas,Anastomosis of gallbladder to pancreas,http://fhir.hie.moh.gov.my/CodeSystem/procedure-code-my-core,CodeSystemProcedureCodeMyCore
51.34,Anastomosis of gallbladder to stomach,Anastomosis of gallbladder to stomach,http://fhir.hie.moh.gov.my/CodeSystem/procedure-code-my-core,CodeSystemProcedureCodeMyCore
51.35,Other gallbladdder anastomosis,Other gallbladdder anastomosis,http://fhir.hie.moh.gov.my/CodeSystem/procedure-code-my-core,CodeSystemProcedureCodeMyCore
51.36,Choledochoenterostomy,Choledochoenterostomy,http://fhir.hie.moh.gov.my/CodeSystem/procedure-code-my-core,CodeSystemProcedureCodeMyCore
51.37,Anastomosis of hepatic duct to gastrointestinal tract,Anastomosis of hepatic duct to gastrointestinal tract,http://fhir.hie.moh.gov.my/CodeSystem/procedure-code-my-core,CodeSystemProcedureCodeMyCore
51.39,Other bile duct anastomosis,Other bile duct anastomosis,http://fhir.hie.moh.gov.my/CodeSystem/procedure-code-my-core,CodeSystemProcedureCodeMyCore
51.41,Common duct exploration for removal of calculus,Common duct exploration for removal of calculus,http://fhir.hie.moh.gov.my/CodeSystem/procedure-code-my-core,CodeSystemProcedureCodeMyCore
51.42,Common duct exploration for relief of other obstruction,Common duct exploration for relief of other obstruction,http://fhir.hie.moh.gov.my/CodeSystem/procedure-code-my-core,CodeSystemProcedureCodeMyCore
51.43,Insertion of choledochohepatic tube for decompression,Insertion of choledochohepatic tube for decompression,http://fhir.hie.moh.gov.my/CodeSystem/procedure-code-my-core,CodeSystemProcedureCodeMyCore
51.49,Incision of other bile ducts for relief of obstruction,Incision of other bile ducts for relief of obstruction,http://fhir.hie.moh.gov.my/CodeSystem/procedure-code-my-core,CodeSystemProcedureCodeMyCore
51.51,Exploration of common duct,Exploration of common duct,http://fhir.hie.moh.gov.my/CodeSystem/procedure-code-my-core,CodeSystemProcedureCodeMyCore
51.59,Incision of other bile duct,Incision of other bile duct,http://fhir.hie.moh.gov.my/CodeSystem/procedure-code-my-core,CodeSystemProcedureCodeMyCore
51.61,Excision of cystic duct remnant,Excision of cystic duct remnant,http://fhir.hie.moh.gov.my/CodeSystem/procedure-code-my-core,CodeSystemProcedureCodeMyCore
51.62,Excision of ampulla of Vater (with reimplantation of common duct),Excision of ampulla of Vater (with reimplantation of common duct),http://fhir.hie.moh.gov.my/CodeSystem/procedure-code-my-core,CodeSystemProcedureCodeMyCore
51.63,Other excision of common duct,Other excision of common duct,http://fhir.hie.moh.gov.my/CodeSystem/procedure-code-my-core,CodeSystemProcedureCodeMyCore
51.64,Endoscopic excision or destruction of lesion of biliary ducts or sphincter of Oddi,Endoscopic excision or destruction of lesion of biliary ducts or sphincter of Oddi,http://fhir.hie.moh.gov.my/CodeSystem/procedure-code-my-core,CodeSystemProcedureCodeMyCore
51.69,Excision of other bile duct,Excision of other bile duct,http://fhir.hie.moh.gov.my/CodeSystem/procedure-code-my-core,CodeSystemProcedureCodeMyCore
51.71,Simple suture of common bile duct,Simple suture of common bile duct,http://fhir.hie.moh.gov.my/CodeSystem/procedure-code-my-core,CodeSystemProcedureCodeMyCore
51.72,Choledochoplasty,Choledochoplasty,http://fhir.hie.moh.gov.my/CodeSystem/procedure-code-my-core,CodeSystemProcedureCodeMyCore
51.79,Repair of other bile ducts,Repair of other bile ducts,http://fhir.hie.moh.gov.my/CodeSystem/procedure-code-my-core,CodeSystemProcedureCodeMyCore
51.81,Dilation of sphincter of Oddi,Dilation of sphincter of Oddi,http://fhir.hie.moh.gov.my/CodeSystem/procedure-code-my-core,CodeSystemProcedureCodeMyCore
51.82,Pancreatic sphincterotomy,Pancreatic sphincterotomy,http://fhir.hie.moh.gov.my/CodeSystem/procedure-code-my-core,CodeSystemProcedureCodeMyCore
51.83,Pancreatic sphincteroplasty,Pancreatic sphincteroplasty,http://fhir.hie.moh.gov.my/CodeSystem/procedure-code-my-core,CodeSystemProcedureCodeMyCore
51.84,Endoscopic dilation of ampulla and biliary duct,Endoscopic dilation of ampulla and biliary duct,http://fhir.hie.moh.gov.my/CodeSystem/procedure-code-my-core,CodeSystemProcedureCodeMyCore
51.85,Endoscopic sphincterotomy and papillotomy,Endoscopic sphincterotomy and papillotomy,http://fhir.hie.moh.gov.my/CodeSystem/procedure-code-my-core,CodeSystemProcedureCodeMyCore
51.86,Endoscopic insertion of nasobiliary drainage tube,Endoscopic insertion of nasobiliary drainage tube,http://fhir.hie.moh.gov.my/CodeSystem/procedure-code-my-core,CodeSystemProcedureCodeMyCore
51.87,Endoscopic insertion of stent (tube) into bile duct,Endoscopic insertion of stent (tube) into bile duct,http://fhir.hie.moh.gov.my/CodeSystem/procedure-code-my-core,CodeSystemProcedureCodeMyCore
51.88,Endoscopic removal of stone(s) from biliary tract,Endoscopic removal of stone(s) from biliary tract,http://fhir.hie.moh.gov.my/CodeSystem/procedure-code-my-core,CodeSystemProcedureCodeMyCore
51.89,Other operations on sphincter of Oddi,Other operations on sphincter of Oddi,http://fhir.hie.moh.gov.my/CodeSystem/procedure-code-my-core,CodeSystemProcedureCodeMyCore
51.91,Repair of laceration of gallbladder,Repair of laceration of gallbladder,http://fhir.hie.moh.gov.my/CodeSystem/procedure-code-my-core,CodeSystemProcedureCodeMyCore
51.92,Closure of cholecytostomy,Closure of cholecytostomy,http://fhir.hie.moh.gov.my/CodeSystem/procedure-code-my-core,CodeSystemProcedureCodeMyCore
51.93,Closure of other biliary fistula,Closure of other biliary fistula,http://fhir.hie.moh.gov.my/CodeSystem/procedure-code-my-core,CodeSystemProcedureCodeMyCore
51.94,Revision of anastomosis of biliary tract,Revision of anastomosis of biliary tract,http://fhir.hie.moh.gov.my/CodeSystem/procedure-code-my-core,CodeSystemProcedureCodeMyCore
51.95,Removal of prosthetic device from bile duct,Removal of prosthetic device from bile duct,http://fhir.hie.moh.gov.my/CodeSystem/procedure-code-my-core,CodeSystemProcedureCodeMyCore
51.96,Percutaneous extraction of common duct stones,Percutaneous extraction of common duct stones,http://fhir.hie.moh.gov.my/CodeSystem/procedure-code-my-core,CodeSystemProcedureCodeMyCore
51.98,Other percutaneous procedures on biliary tract,Other percutaneous procedures on biliary tract,http://fhir.hie.moh.gov.my/CodeSystem/procedure-code-my-core,CodeSystemProcedureCodeMyCore
51.99,Other operations on biliary tract,Other operations on biliary tract,http://fhir.hie.moh.gov.my/CodeSystem/procedure-code-my-core,CodeSystemProcedureCodeMyCore
52.01,Drainage of pancreatic cyst by catheter,Drainage of pancreatic cyst by catheter,http://fhir.hie.moh.gov.my/CodeSystem/procedure-code-my-core,CodeSystemProcedureCodeMyCore
52.09,Other pancreatotomy,Other pancreatotomy,http://fhir.hie.moh.gov.my/CodeSystem/procedure-code-my-core,CodeSystemProcedureCodeMyCore
52.11,Closed [aspiration] [needle] [percutaneous] biopsy of pancreas,Closed [aspiration] [needle] [percutaneous] biopsy of pancreas,http://fhir.hie.moh.gov.my/CodeSystem/procedure-code-my-core,CodeSystemProcedureCodeMyCore
52.12,Open biopsy of pancreas,Open biopsy of pancreas,http://fhir.hie.moh.gov.my/CodeSystem/procedure-code-my-core,CodeSystemProcedureCodeMyCore
52.13,Endoscopic retrograde pancreatography [ERP],Endoscopic retrograde pancreatography [ERP],http://fhir.hie.moh.gov.my/CodeSystem/procedure-code-my-core,CodeSystemProcedureCodeMyCore
52.14,Closed [endoscopic] biopsy of pancreatic duct,Closed [endoscopic] biopsy of pancreatic duct,http://fhir.hie.moh.gov.my/CodeSystem/procedure-code-my-core,CodeSystemProcedureCodeMyCore
52.19,Other diagnostic procedures on pancreas,Other diagnostic procedures on pancreas,http://fhir.hie.moh.gov.my/CodeSystem/procedure-code-my-core,CodeSystemProcedureCodeMyCore
52.21,Endoscopic excision or destruction of lesion or tissue of pancreatic duct,Endoscopic excision or destruction of lesion or tissue of pancreatic duct,http://fhir.hie.moh.gov.my/CodeSystem/procedure-code-my-core,CodeSystemProcedureCodeMyCore
52.22,Other excision or destruction of lesion or tissue of pancreas or pancreatic duct,Other excision or destruction of lesion or tissue of pancreas or pancreatic duct,http://fhir.hie.moh.gov.my/CodeSystem/procedure-code-my-core,CodeSystemProcedureCodeMyCore
52.51,Proximal pancreatectomy,Proximal pancreatectomy,http://fhir.hie.moh.gov.my/CodeSystem/procedure-code-my-core,CodeSystemProcedureCodeMyCore
52.52,Distal pancreatectomy,Distal pancreatectomy,http://fhir.hie.moh.gov.my/CodeSystem/procedure-code-my-core,CodeSystemProcedureCodeMyCore
52.53,Radical subtotal pancreatectomy,Radical subtotal pancreatectomy,http://fhir.hie.moh.gov.my/CodeSystem/procedure-code-my-core,CodeSystemProcedureCodeMyCore
52.59,Other partial pancreatectomy,Other partial pancreatectomy,http://fhir.hie.moh.gov.my/CodeSystem/procedure-code-my-core,CodeSystemProcedureCodeMyCore
52.81,Reimplantation of pancreatic tissue,Reimplantation of pancreatic tissue,http://fhir.hie.moh.gov.my/CodeSystem/procedure-code-my-core,CodeSystemProcedureCodeMyCore
52.82,Homotransplant of pancreas,Homotransplant of pancreas,http://fhir.hie.moh.gov.my/CodeSystem/procedure-code-my-core,CodeSystemProcedureCodeMyCore
52.83,Heterotransplant of pancreas,Heterotransplant of pancreas,http://fhir.hie.moh.gov.my/CodeSystem/procedure-code-my-core,CodeSystemProcedureCodeMyCore
52.84,Autotransplantation of cells of Islets of Langerhans,Autotransplantation of cells of Islets of Langerhans,http://fhir.hie.moh.gov.my/CodeSystem/procedure-code-my-core,CodeSystemProcedureCodeMyCore
52.85,Allotransplantation of cells of Islets of Langerhans,Allotransplantation of cells of Islets of Langerhans,http://fhir.hie.moh.gov.my/CodeSystem/procedure-code-my-core,CodeSystemProcedureCodeMyCore
52.86,"Transplantation of cells of Islets of Langerhans, not otherwise specified","Transplantation of cells of Islets of Langerhans, not otherwise specified",http://fhir.hie.moh.gov.my/CodeSystem/procedure-code-my-core,CodeSystemProcedureCodeMyCore
52.92,Cannulation of pancreatic duct,Cannulation of pancreatic duct,http://fhir.hie.moh.gov.my/CodeSystem/procedure-code-my-core,CodeSystemProcedureCodeMyCore
52.93,Endoscopic insertion of stent (tube) into pancreatic duct,Endoscopic insertion of stent (tube) into pancreatic duct,http://fhir.hie.moh.gov.my/CodeSystem/procedure-code-my-core,CodeSystemProcedureCodeMyCore
52.94,Endoscopic removal of stone(s) from pancreatic duct,Endoscopic removal of stone(s) from pancreatic duct,http://fhir.hie.moh.gov.my/CodeSystem/procedure-code-my-core,CodeSystemProcedureCodeMyCore
52.95,Other repair of pancreas,Other repair of pancreas,http://fhir.hie.moh.gov.my/CodeSystem/procedure-code-my-core,CodeSystemProcedureCodeMyCore
52.96,Anastomosis of pancreas,Anastomosis of pancreas,http://fhir.hie.moh.gov.my/CodeSystem/procedure-code-my-core,CodeSystemProcedureCodeMyCore
52.97,Endoscopic insertion of nasopancreatic drainage tube,Endoscopic insertion of nasopancreatic drainage tube,http://fhir.hie.moh.gov.my/CodeSystem/procedure-code-my-core,CodeSystemProcedureCodeMyCore
52.98,Endoscopic dilation of pancreatic duct,Endoscopic dilation of pancreatic duct,http://fhir.hie.moh.gov.my/CodeSystem/procedure-code-my-core,CodeSystemProcedureCodeMyCore
52.99,Other operations on pancreas,Other operations on pancreas,http://fhir.hie.moh.gov.my/CodeSystem/procedure-code-my-core,CodeSystemProcedureCodeMyCore
53.01,Other and open repair of direct inguinal hernia,Other and open repair of direct inguinal hernia,http://fhir.hie.moh.gov.my/CodeSystem/procedure-code-my-core,CodeSystemProcedureCodeMyCore
53.02,Other and open repair of indirect inguinal hernia,Other and open repair of indirect inguinal hernia,http://fhir.hie.moh.gov.my/CodeSystem/procedure-code-my-core,CodeSystemProcedureCodeMyCore
53.03,Other and open repair of direct inguinal hernia with graft or prosthesis,Other and open repair of direct inguinal hernia with graft or prosthesis,http://fhir.hie.moh.gov.my/CodeSystem/procedure-code-my-core,CodeSystemProcedureCodeMyCore
53.04,Other and open repair of indirect inguinal hernia with graft or prosthesis,Other and open repair of indirect inguinal hernia with graft or prosthesis,http://fhir.hie.moh.gov.my/CodeSystem/procedure-code-my-core,CodeSystemProcedureCodeMyCore
53.05,"Repair of inguinal hernia with graft or prosthesis, not otherwise specified","Repair of inguinal hernia with graft or prosthesis, not otherwise specified",http://fhir.hie.moh.gov.my/CodeSystem/procedure-code-my-core,CodeSystemProcedureCodeMyCore
53.11,Other and open bilateral repair of direct inguinal hernia,Other and open bilateral repair of direct inguinal hernia,http://fhir.hie.moh.gov.my/CodeSystem/procedure-code-my-core,CodeSystemProcedureCodeMyCore
53.12,Other and open bilateral repair of indirect inguinal hernia,Other and open bilateral repair of indirect inguinal hernia,http://fhir.hie.moh.gov.my/CodeSystem/procedure-code-my-core,CodeSystemProcedureCodeMyCore
53.13,"Other and open bilateral repair of inguinal hernia, one direct and one indirect","Other and open bilateral repair of inguinal hernia, one direct and one indirect",http://fhir.hie.moh.gov.my/CodeSystem/procedure-code-my-core,CodeSystemProcedureCodeMyCore
53.14,Other and open bilateral repair of direct inguinal hernia with graft or prosthesis,Other and open bilateral repair of direct inguinal hernia with graft or prosthesis,http://fhir.hie.moh.gov.my/CodeSystem/procedure-code-my-core,CodeSystemProcedureCodeMyCore
53.15,Other and open bilateral repair of indirect inguinal hernia with graft or prosthesis,Other and open bilateral repair of indirect inguinal hernia with graft or prosthesis,http://fhir.hie.moh.gov.my/CodeSystem/procedure-code-my-core,CodeSystemProcedureCodeMyCore
53.16,"Other and open bilateral repair of inguinal hernia, one direct and one indirect, with graft or prosthesis","Other and open bilateral repair of inguinal hernia, one direct and one indirect, with graft or prosthesis",http://fhir.hie.moh.gov.my/CodeSystem/procedure-code-my-core,CodeSystemProcedureCodeMyCore
53.17,"Bilateral inguinal hernia repair with graft or prosthesis, not otherwise specified","Bilateral inguinal hernia repair with graft or prosthesis, not otherwise specified",http://fhir.hie.moh.gov.my/CodeSystem/procedure-code-my-core,CodeSystemProcedureCodeMyCore
53.21,Unilateral repair of femoral hernia with graft or prosthesis,Unilateral repair of femoral hernia with graft or prosthesis,http://fhir.hie.moh.gov.my/CodeSystem/procedure-code-my-core,CodeSystemProcedureCodeMyCore
53.29,Other unilateral femoral herniorrhaphy,Other unilateral femoral herniorrhaphy,http://fhir.hie.moh.gov.my/CodeSystem/procedure-code-my-core,CodeSystemProcedureCodeMyCore
53.31,Bilateral repair of femoral hernia with graft or prosthesis,Bilateral repair of femoral hernia with graft or prosthesis,http://fhir.hie.moh.gov.my/CodeSystem/procedure-code-my-core,CodeSystemProcedureCodeMyCore
53.39,Other bilateral femoral herniorrhaphy,Other bilateral femoral herniorrhaphy,http://fhir.hie.moh.gov.my/CodeSystem/procedure-code-my-core,CodeSystemProcedureCodeMyCore
53.41,Other and open repair of umbilical hernia with graft or prosthesis,Other and open repair of umbilical hernia with graft or prosthesis,http://fhir.hie.moh.gov.my/CodeSystem/procedure-code-my-core,CodeSystemProcedureCodeMyCore
53.42,Laparoscopic repair of umbilical hernia with graft or prosthesis,Laparoscopic repair of umbilical hernia with graft or prosthesis,http://fhir.hie.moh.gov.my/CodeSystem/procedure-code-my-core,CodeSystemProcedureCodeMyCore
53.43,Other laparoscopic umbilical herniorrhaphy,Other laparoscopic umbilical herniorrhaphy,http://fhir.hie.moh.gov.my/CodeSystem/procedure-code-my-core,CodeSystemProcedureCodeMyCore
53.49,Other open umbilical herniorrhaphy,Other open umbilical herniorrhaphy,http://fhir.hie.moh.gov.my/CodeSystem/procedure-code-my-core,CodeSystemProcedureCodeMyCore
53.51,Incisional hernia repair,Incisional hernia repair,http://fhir.hie.moh.gov.my/CodeSystem/procedure-code-my-core,CodeSystemProcedureCodeMyCore
53.59,Repair of other hernia of anterior abdominal wall,Repair of other hernia of anterior abdominal wall,http://fhir.hie.moh.gov.my/CodeSystem/procedure-code-my-core,CodeSystemProcedureCodeMyCore
53.61,Other open incisional hernia repair with graft or prosthesis,Other open incisional hernia repair with graft or prosthesis,http://fhir.hie.moh.gov.my/CodeSystem/procedure-code-my-core,CodeSystemProcedureCodeMyCore
53.62,Laparoscopic incisional hernia repair with graft or prosthesis,Laparoscopic incisional hernia repair with graft or prosthesis,http://fhir.hie.moh.gov.my/CodeSystem/procedure-code-my-core,CodeSystemProcedureCodeMyCore
53.63,Other laparoscopic repair of other hernia of anterior abdominal wall with graft or prosthesis,Other laparoscopic repair of other hernia of anterior abdominal wall with graft or prosthesis,http://fhir.hie.moh.gov.my/CodeSystem/procedure-code-my-core,CodeSystemProcedureCodeMyCore
53.69,Other and open repair of other hernia of anterior abdominal wall with graft or prosthesis,Other and open repair of other hernia of anterior abdominal wall with graft or prosthesis,http://fhir.hie.moh.gov.my/CodeSystem/procedure-code-my-core,CodeSystemProcedureCodeMyCore
53.71,"Laparoscopic repair of diaphragmatic hernia, abdominal approach","Laparoscopic repair of diaphragmatic hernia, abdominal approach",http://fhir.hie.moh.gov.my/CodeSystem/procedure-code-my-core,CodeSystemProcedureCodeMyCore
53.72,"Other and open repair of diaphragmatic hernia, abdominal approach","Other and open repair of diaphragmatic hernia, abdominal approach",http://fhir.hie.moh.gov.my/CodeSystem/procedure-code-my-core,CodeSystemProcedureCodeMyCore
53.75,"Repair of diaphragmatic hernia, abdominal approach, not otherwise specified","Repair of diaphragmatic hernia, abdominal approach, not otherwise specified",http://fhir.hie.moh.gov.my/CodeSystem/procedure-code-my-core,CodeSystemProcedureCodeMyCore
53.81,Plication of the diaphragm,Plication of the diaphragm,http://fhir.hie.moh.gov.my/CodeSystem/procedure-code-my-core,CodeSystemProcedureCodeMyCore
53.82,Repair of parasternal hernia,Repair of parasternal hernia,http://fhir.hie.moh.gov.my/CodeSystem/procedure-code-my-core,CodeSystemProcedureCodeMyCore
53.83,"Laparoscopic repair of diaphragmatic hernia, thoracic approach","Laparoscopic repair of diaphragmatic hernia, thoracic approach",http://fhir.hie.moh.gov.my/CodeSystem/procedure-code-my-core,CodeSystemProcedureCodeMyCore
53.84,"Other and open repair of diaphragmatic hernia, with thoracic approach","Other and open repair of diaphragmatic hernia, with thoracic approach",http://fhir.hie.moh.gov.my/CodeSystem/procedure-code-my-core,CodeSystemProcedureCodeMyCore
54.11,Exploratory laparotomy,Exploratory laparotomy,http://fhir.hie.moh.gov.my/CodeSystem/procedure-code-my-core,CodeSystemProcedureCodeMyCore
54.12,Reopening of recent laparotomy site,Reopening of recent laparotomy site,http://fhir.hie.moh.gov.my/CodeSystem/procedure-code-my-core,CodeSystemProcedureCodeMyCore
54.19,Other laparotomy,Other laparotomy,http://fhir.hie.moh.gov.my/CodeSystem/procedure-code-my-core,CodeSystemProcedureCodeMyCore
54.21,Laparoscopy,Laparoscopy,http://fhir.hie.moh.gov.my/CodeSystem/procedure-code-my-core,CodeSystemProcedureCodeMyCore
54.22,Biopsy of abdominal wall or umbilicus,Biopsy of abdominal wall or umbilicus,http://fhir.hie.moh.gov.my/CodeSystem/procedure-code-my-core,CodeSystemProcedureCodeMyCore
54.23,Biopsy of peritoneum,Biopsy of peritoneum,http://fhir.hie.moh.gov.my/CodeSystem/procedure-code-my-core,CodeSystemProcedureCodeMyCore
54.24,Closed [percutaneous] [needle] biopsy of intra-abdominal mass,Closed [percutaneous] [needle] biopsy of intra-abdominal mass,http://fhir.hie.moh.gov.my/CodeSystem/procedure-code-my-core,CodeSystemProcedureCodeMyCore
54.25,Peritoneal lavage,Peritoneal lavage,http://fhir.hie.moh.gov.my/CodeSystem/procedure-code-my-core,CodeSystemProcedureCodeMyCore
54.29,Other diagnostic procedures on abdominal region,Other diagnostic procedures on abdominal region,http://fhir.hie.moh.gov.my/CodeSystem/procedure-code-my-core,CodeSystemProcedureCodeMyCore
54.51,Laparoscopic lysis of peritoneal adhesions,Laparoscopic lysis of peritoneal adhesions,http://fhir.hie.moh.gov.my/CodeSystem/procedure-code-my-core,CodeSystemProcedureCodeMyCore
54.59,Other lysis of peritoneal adhesions,Other lysis of peritoneal adhesions,http://fhir.hie.moh.gov.my/CodeSystem/procedure-code-my-core,CodeSystemProcedureCodeMyCore
54.61,Reclosure of postoperative disruption of abdominal wall,Reclosure of postoperative disruption of abdominal wall,http://fhir.hie.moh.gov.my/CodeSystem/procedure-code-my-core,CodeSystemProcedureCodeMyCore
54.62,Delayed closure of granulating abdominal wound,Delayed closure of granulating abdominal wound,http://fhir.hie.moh.gov.my/CodeSystem/procedure-code-my-core,CodeSystemProcedureCodeMyCore
54.63,Other suture of abdominal wall,Other suture of abdominal wall,http://fhir.hie.moh.gov.my/CodeSystem/procedure-code-my-core,CodeSystemProcedureCodeMyCore
54.64,Suture of peritoneum,Suture of peritoneum,http://fhir.hie.moh.gov.my/CodeSystem/procedure-code-my-core,CodeSystemProcedureCodeMyCore
54.71,Repair of gastroschisis,Repair of gastroschisis,http://fhir.hie.moh.gov.my/CodeSystem/procedure-code-my-core,CodeSystemProcedureCodeMyCore
54.72,Other repair of abdominal wall,Other repair of abdominal wall,http://fhir.hie.moh.gov.my/CodeSystem/procedure-code-my-core,CodeSystemProcedureCodeMyCore
54.73,Other repair of peritoneum,Other repair of peritoneum,http://fhir.hie.moh.gov.my/CodeSystem/procedure-code-my-core,CodeSystemProcedureCodeMyCore
54.74,Other repair of omentum,Other repair of omentum,http://fhir.hie.moh.gov.my/CodeSystem/procedure-code-my-core,CodeSystemProcedureCodeMyCore
54.75,Other repair of mesentery,Other repair of mesentery,http://fhir.hie.moh.gov.my/CodeSystem/procedure-code-my-core,CodeSystemProcedureCodeMyCore
54.91,Percutaneous abdominal drainage,Percutaneous abdominal drainage,http://fhir.hie.moh.gov.my/CodeSystem/procedure-code-my-core,CodeSystemProcedureCodeMyCore
54.92,Removal of foreign body from peritoneal cavity,Removal of foreign body from peritoneal cavity,http://fhir.hie.moh.gov.my/CodeSystem/procedure-code-my-core,CodeSystemProcedureCodeMyCore
54.93,Creation of cutaneoperitoneal fistula,Creation of cutaneoperitoneal fistula,http://fhir.hie.moh.gov.my/CodeSystem/procedure-code-my-core,CodeSystemProcedureCodeMyCore
54.94,Creation of peritoneovascular shunt,Creation of peritoneovascular shunt,http://fhir.hie.moh.gov.my/CodeSystem/procedure-code-my-core,CodeSystemProcedureCodeMyCore
54.95,Incision of peritoneum,Incision of peritoneum,http://fhir.hie.moh.gov.my/CodeSystem/procedure-code-my-core,CodeSystemProcedureCodeMyCore
54.96,injection of air into peritoneal cavity,injection of air into peritoneal cavity,http://fhir.hie.moh.gov.my/CodeSystem/procedure-code-my-core,CodeSystemProcedureCodeMyCore
54.97,Injection of locally-acting therapeutic substance into peritoneal cavity,Injection of locally-acting therapeutic substance into peritoneal cavity,http://fhir.hie.moh.gov.my/CodeSystem/procedure-code-my-core,CodeSystemProcedureCodeMyCore
54.98,Peritoneal dialysis,Peritoneal dialysis,http://fhir.hie.moh.gov.my/CodeSystem/procedure-code-my-core,CodeSystemProcedureCodeMyCore
54.99,Other operations of abdominal region,Other operations of abdominal region,http://fhir.hie.moh.gov.my/CodeSystem/procedure-code-my-core,CodeSystemProcedureCodeMyCore
55.01,Nephrotomy,Nephrotomy,http://fhir.hie.moh.gov.my/CodeSystem/procedure-code-my-core,CodeSystemProcedureCodeMyCore
55.02,Nephrostomy,Nephrostomy,http://fhir.hie.moh.gov.my/CodeSystem/procedure-code-my-core,CodeSystemProcedureCodeMyCore
55.03,Percutaneous nephrostomy without fragmentation,Percutaneous nephrostomy without fragmentation,http://fhir.hie.moh.gov.my/CodeSystem/procedure-code-my-core,CodeSystemProcedureCodeMyCore
55.04,Percutaneous nephrostomy with fragmentation,Percutaneous nephrostomy with fragmentation,http://fhir.hie.moh.gov.my/CodeSystem/procedure-code-my-core,CodeSystemProcedureCodeMyCore
55.11,Pyelotomy,Pyelotomy,http://fhir.hie.moh.gov.my/CodeSystem/procedure-code-my-core,CodeSystemProcedureCodeMyCore
55.12,Pyelostomy,Pyelostomy,http://fhir.hie.moh.gov.my/CodeSystem/procedure-code-my-core,CodeSystemProcedureCodeMyCore
55.21,Nephroscopy,Nephroscopy,http://fhir.hie.moh.gov.my/CodeSystem/procedure-code-my-core,CodeSystemProcedureCodeMyCore
55.22,Pyeloscopy,Pyeloscopy,http://fhir.hie.moh.gov.my/CodeSystem/procedure-code-my-core,CodeSystemProcedureCodeMyCore
55.23,Closed [percutaneous] [needle] biopsy of kidney,Closed [percutaneous] [needle] biopsy of kidney,http://fhir.hie.moh.gov.my/CodeSystem/procedure-code-my-core,CodeSystemProcedureCodeMyCore
55.24,Open biopsy of kidney,Open biopsy of kidney,http://fhir.hie.moh.gov.my/CodeSystem/procedure-code-my-core,CodeSystemProcedureCodeMyCore
55.29,Other diagnostic procedures on kidney,Other diagnostic procedures on kidney,http://fhir.hie.moh.gov.my/CodeSystem/procedure-code-my-core,CodeSystemProcedureCodeMyCore
55.31,Marsupialization of kidney lesion,Marsupialization of kidney lesion,http://fhir.hie.moh.gov.my/CodeSystem/procedure-code-my-core,CodeSystemProcedureCodeMyCore
55.32,Open ablation of renal lesion or tissue,Open ablation of renal lesion or tissue,http://fhir.hie.moh.gov.my/CodeSystem/procedure-code-my-core,CodeSystemProcedureCodeMyCore
55.33,Percutaneous ablation of renal lesion or tissue,Percutaneous ablation of renal lesion or tissue,http://fhir.hie.moh.gov.my/CodeSystem/procedure-code-my-core,CodeSystemProcedureCodeMyCore
55.34,Laparoscopic ablation of renal lesion or tissue,Laparoscopic ablation of renal lesion or tissue,http://fhir.hie.moh.gov.my/CodeSystem/procedure-code-my-core,CodeSystemProcedureCodeMyCore
55.35,Other and unspecified ablation of renal lesion or tissue,Other and unspecified ablation of renal lesion or tissue,http://fhir.hie.moh.gov.my/CodeSystem/procedure-code-my-core,CodeSystemProcedureCodeMyCore
55.39,Other local destruction or excision of renal lesion or tissue,Other local destruction or excision of renal lesion or tissue,http://fhir.hie.moh.gov.my/CodeSystem/procedure-code-my-core,CodeSystemProcedureCodeMyCore
55.51,Nephroureterectomy,Nephroureterectomy,http://fhir.hie.moh.gov.my/CodeSystem/procedure-code-my-core,CodeSystemProcedureCodeMyCore
55.52,Nephrectomy of remaining kidney,Nephrectomy of remaining kidney,http://fhir.hie.moh.gov.my/CodeSystem/procedure-code-my-core,CodeSystemProcedureCodeMyCore
55.53,Removal of transplanted or rejected kidney,Removal of transplanted or rejected kidney,http://fhir.hie.moh.gov.my/CodeSystem/procedure-code-my-core,CodeSystemProcedureCodeMyCore
55.54,Bilateral nephrectomy,Bilateral nephrectomy,http://fhir.hie.moh.gov.my/CodeSystem/procedure-code-my-core,CodeSystemProcedureCodeMyCore
55.61,Renal autotransplantation,Renal autotransplantation,http://fhir.hie.moh.gov.my/CodeSystem/procedure-code-my-core,CodeSystemProcedureCodeMyCore
55.69,Other kidney transplantation,Other kidney transplantation,http://fhir.hie.moh.gov.my/CodeSystem/procedure-code-my-core,CodeSystemProcedureCodeMyCore
55.81,Suture of laceration of kidney,Suture of laceration of kidney,http://fhir.hie.moh.gov.my/CodeSystem/procedure-code-my-core,CodeSystemProcedureCodeMyCore
55.82,Closure of nephrostomy and pyelostomy,Closure of nephrostomy and pyelostomy,http://fhir.hie.moh.gov.my/CodeSystem/procedure-code-my-core,CodeSystemProcedureCodeMyCore
55.83,Closure of other fistula of kidney,Closure of other fistula of kidney,http://fhir.hie.moh.gov.my/CodeSystem/procedure-code-my-core,CodeSystemProcedureCodeMyCore
55.84,Reduction of torsion of renal pedicle,Reduction of torsion of renal pedicle,http://fhir.hie.moh.gov.my/CodeSystem/procedure-code-my-core,CodeSystemProcedureCodeMyCore
55.85,Symphysiotomy for horseshoe kidney,Symphysiotomy for horseshoe kidney,http://fhir.hie.moh.gov.my/CodeSystem/procedure-code-my-core,CodeSystemProcedureCodeMyCore
55.86,Anastomosis of kidney,Anastomosis of kidney,http://fhir.hie.moh.gov.my/CodeSystem/procedure-code-my-core,CodeSystemProcedureCodeMyCore
55.87,Correction of ureteropelvic junction,Correction of ureteropelvic junction,http://fhir.hie.moh.gov.my/CodeSystem/procedure-code-my-core,CodeSystemProcedureCodeMyCore
55.89,Other repair of kidney,Other repair of kidney,http://fhir.hie.moh.gov.my/CodeSystem/procedure-code-my-core,CodeSystemProcedureCodeMyCore
55.91,Decapsulation of kidney,Decapsulation of kidney,http://fhir.hie.moh.gov.my/CodeSystem/procedure-code-my-core,CodeSystemProcedureCodeMyCore
55.92,Percutaneous aspiration of kidney (pelvis),Percutaneous aspiration of kidney (pelvis),http://fhir.hie.moh.gov.my/CodeSystem/procedure-code-my-core,CodeSystemProcedureCodeMyCore
55.93,Replacement of nephrostomy tube,Replacement of nephrostomy tube,http://fhir.hie.moh.gov.my/CodeSystem/procedure-code-my-core,CodeSystemProcedureCodeMyCore
55.94,Replacement of pyelostomy tube,Replacement of pyelostomy tube,http://fhir.hie.moh.gov.my/CodeSystem/procedure-code-my-core,CodeSystemProcedureCodeMyCore
55.95,Local perfusion of kidney,Local perfusion of kidney,http://fhir.hie.moh.gov.my/CodeSystem/procedure-code-my-core,CodeSystemProcedureCodeMyCore
55.96,Other injection of therapeutic substance into kidney,Other injection of therapeutic substance into kidney,http://fhir.hie.moh.gov.my/CodeSystem/procedure-code-my-core,CodeSystemProcedureCodeMyCore
55.97,Implantation or replacement of mechanical kidney,Implantation or replacement of mechanical kidney,http://fhir.hie.moh.gov.my/CodeSystem/procedure-code-my-core,CodeSystemProcedureCodeMyCore
55.98,Removal of mechanical kidney,Removal of mechanical kidney,http://fhir.hie.moh.gov.my/CodeSystem/procedure-code-my-core,CodeSystemProcedureCodeMyCore
55.99,Other operations on kidney,Other operations on kidney,http://fhir.hie.moh.gov.my/CodeSystem/procedure-code-my-core,CodeSystemProcedureCodeMyCore
56.31,Ureteroscopy,Ureteroscopy,http://fhir.hie.moh.gov.my/CodeSystem/procedure-code-my-core,CodeSystemProcedureCodeMyCore
56.32,Closed percutaneous biopsy of ureter,Closed percutaneous biopsy of ureter,http://fhir.hie.moh.gov.my/CodeSystem/procedure-code-my-core,CodeSystemProcedureCodeMyCore
56.33,Closed endoscopic biopsy of ureter,Closed endoscopic biopsy of ureter,http://fhir.hie.moh.gov.my/CodeSystem/procedure-code-my-core,CodeSystemProcedureCodeMyCore
56.34,Open biopsy of ureter,Open biopsy of ureter,http://fhir.hie.moh.gov.my/CodeSystem/procedure-code-my-core,CodeSystemProcedureCodeMyCore
56.35,Endoscopy (cystoscopy) (looposcopy) of ileal conduit,Endoscopy (cystoscopy) (looposcopy) of ileal conduit,http://fhir.hie.moh.gov.my/CodeSystem/procedure-code-my-core,CodeSystemProcedureCodeMyCore
56.39,Other diagnostic procedures on ureter,Other diagnostic procedures on ureter,http://fhir.hie.moh.gov.my/CodeSystem/procedure-code-my-core,CodeSystemProcedureCodeMyCore
56.41,Partial ureterectomy,Partial ureterectomy,http://fhir.hie.moh.gov.my/CodeSystem/procedure-code-my-core,CodeSystemProcedureCodeMyCore
56.42,Total ureterectomy,Total ureterectomy,http://fhir.hie.moh.gov.my/CodeSystem/procedure-code-my-core,CodeSystemProcedureCodeMyCore
56.51,Formation of cutaneous uretero-ileostomy,Formation of cutaneous uretero-ileostomy,http://fhir.hie.moh.gov.my/CodeSystem/procedure-code-my-core,CodeSystemProcedureCodeMyCore
56.52,Revision of cutaneous uretero-ileostomy,Revision of cutaneous uretero-ileostomy,http://fhir.hie.moh.gov.my/CodeSystem/procedure-code-my-core,CodeSystemProcedureCodeMyCore
56.61,Formation of other cutaneous ureterostomy,Formation of other cutaneous ureterostomy,http://fhir.hie.moh.gov.my/CodeSystem/procedure-code-my-core,CodeSystemProcedureCodeMyCore
56.62,Revision of other cutaneous ureterostomy,Revision of other cutaneous ureterostomy,http://fhir.hie.moh.gov.my/CodeSystem/procedure-code-my-core,CodeSystemProcedureCodeMyCore
56.71,Urinary diversion to intestine,Urinary diversion to intestine,http://fhir.hie.moh.gov.my/CodeSystem/procedure-code-my-core,CodeSystemProcedureCodeMyCore
56.72,Revision of ureterointestinal anastomosis,Revision of ureterointestinal anastomosis,http://fhir.hie.moh.gov.my/CodeSystem/procedure-code-my-core,CodeSystemProcedureCodeMyCore
56.73,"Nephrocystanastomosis, not otherwise specified","Nephrocystanastomosis, not otherwise specified",http://fhir.hie.moh.gov.my/CodeSystem/procedure-code-my-core,CodeSystemProcedureCodeMyCore
56.74,Ureteroneocystostomy,Ureteroneocystostomy,http://fhir.hie.moh.gov.my/CodeSystem/procedure-code-my-core,CodeSystemProcedureCodeMyCore
56.75,Transureteroureterostomy,Transureteroureterostomy,http://fhir.hie.moh.gov.my/CodeSystem/procedure-code-my-core,CodeSystemProcedureCodeMyCore
56.79,Other anastomosis or bypass of ureter,Other anastomosis or bypass of ureter,http://fhir.hie.moh.gov.my/CodeSystem/procedure-code-my-core,CodeSystemProcedureCodeMyCore
56.81,Lysis of intraluminal adhesions of ureter,Lysis of intraluminal adhesions of ureter,http://fhir.hie.moh.gov.my/CodeSystem/procedure-code-my-core,CodeSystemProcedureCodeMyCore
56.82,Suture of laceration of ureter,Suture of laceration of ureter,http://fhir.hie.moh.gov.my/CodeSystem/procedure-code-my-core,CodeSystemProcedureCodeMyCore
56.83,Closure of ureterostomy,Closure of ureterostomy,http://fhir.hie.moh.gov.my/CodeSystem/procedure-code-my-core,CodeSystemProcedureCodeMyCore
56.84,Closure of other fistula of ureter,Closure of other fistula of ureter,http://fhir.hie.moh.gov.my/CodeSystem/procedure-code-my-core,CodeSystemProcedureCodeMyCore
56.85,Ureteropexy,Ureteropexy,http://fhir.hie.moh.gov.my/CodeSystem/procedure-code-my-core,CodeSystemProcedureCodeMyCore
56.86,Removal of ligature from ureter,Removal of ligature from ureter,http://fhir.hie.moh.gov.my/CodeSystem/procedure-code-my-core,CodeSystemProcedureCodeMyCore
56.89,Other repair of ureter,Other repair of ureter,http://fhir.hie.moh.gov.my/CodeSystem/procedure-code-my-core,CodeSystemProcedureCodeMyCore
56.91,Dilation ureteral meatus,Dilation ureteral meatus,http://fhir.hie.moh.gov.my/CodeSystem/procedure-code-my-core,CodeSystemProcedureCodeMyCore
56.92,Implantation of electronic ureteral stimulator,Implantation of electronic ureteral stimulator,http://fhir.hie.moh.gov.my/CodeSystem/procedure-code-my-core,CodeSystemProcedureCodeMyCore
56.93,Replacement of electronic ureteral stimulator,Replacement of electronic ureteral stimulator,http://fhir.hie.moh.gov.my/CodeSystem/procedure-code-my-core,CodeSystemProcedureCodeMyCore
56.94,Removal of electronic ureteral stimulator,Removal of electronic ureteral stimulator,http://fhir.hie.moh.gov.my/CodeSystem/procedure-code-my-core,CodeSystemProcedureCodeMyCore
56.95,Ligation of ureter,Ligation of ureter,http://fhir.hie.moh.gov.my/CodeSystem/procedure-code-my-core,CodeSystemProcedureCodeMyCore
56.99,Other operations on ureter,Other operations on ureter,http://fhir.hie.moh.gov.my/CodeSystem/procedure-code-my-core,CodeSystemProcedureCodeMyCore
57.11,Percutaneous aspiration of bladder,Percutaneous aspiration of bladder,http://fhir.hie.moh.gov.my/CodeSystem/procedure-code-my-core,CodeSystemProcedureCodeMyCore
57.12,Lysis of intraluminal adhesions with incision into bladder,Lysis of intraluminal adhesions with incision into bladder,http://fhir.hie.moh.gov.my/CodeSystem/procedure-code-my-core,CodeSystemProcedureCodeMyCore
57.17,Percutaneous cystostomy,Percutaneous cystostomy,http://fhir.hie.moh.gov.my/CodeSystem/procedure-code-my-core,CodeSystemProcedureCodeMyCore
57.18,Other suprapubic cystostomy,Other suprapubic cystostomy,http://fhir.hie.moh.gov.my/CodeSystem/procedure-code-my-core,CodeSystemProcedureCodeMyCore
57.19,Other cystotomy,Other cystotomy,http://fhir.hie.moh.gov.my/CodeSystem/procedure-code-my-core,CodeSystemProcedureCodeMyCore
57.21,Vesicostomy,Vesicostomy,http://fhir.hie.moh.gov.my/CodeSystem/procedure-code-my-core,CodeSystemProcedureCodeMyCore
57.22,Revision or closure of vesicostomy,Revision or closure of vesicostomy,http://fhir.hie.moh.gov.my/CodeSystem/procedure-code-my-core,CodeSystemProcedureCodeMyCore
57.31,Cystoscopy through artificial stoma,Cystoscopy through artificial stoma,http://fhir.hie.moh.gov.my/CodeSystem/procedure-code-my-core,CodeSystemProcedureCodeMyCore
57.32,Other cystoscopy,Other cystoscopy,http://fhir.hie.moh.gov.my/CodeSystem/procedure-code-my-core,CodeSystemProcedureCodeMyCore
57.33,Closed [transurethral] biopsy of bladder,Closed [transurethral] biopsy of bladder,http://fhir.hie.moh.gov.my/CodeSystem/procedure-code-my-core,CodeSystemProcedureCodeMyCore
57.34,Open biopsy of bladder,Open biopsy of bladder,http://fhir.hie.moh.gov.my/CodeSystem/procedure-code-my-core,CodeSystemProcedureCodeMyCore
57.39,Other diagnostic procedures on bladder,Other diagnostic procedures on bladder,http://fhir.hie.moh.gov.my/CodeSystem/procedure-code-my-core,CodeSystemProcedureCodeMyCore
57.41,Transurethral lysis of intraluminal adhesions,Transurethral lysis of intraluminal adhesions,http://fhir.hie.moh.gov.my/CodeSystem/procedure-code-my-core,CodeSystemProcedureCodeMyCore
57.49,Other transurethral excision or destruction of lesion or tissue of bladder,Other transurethral excision or destruction of lesion or tissue of bladder,http://fhir.hie.moh.gov.my/CodeSystem/procedure-code-my-core,CodeSystemProcedureCodeMyCore
57.51,Excision of urachus,Excision of urachus,http://fhir.hie.moh.gov.my/CodeSystem/procedure-code-my-core,CodeSystemProcedureCodeMyCore
57.59,Open excision or destruction of other lesion or tissue of bladder,Open excision or destruction of other lesion or tissue of bladder,http://fhir.hie.moh.gov.my/CodeSystem/procedure-code-my-core,CodeSystemProcedureCodeMyCore
57.71,Radical cystectomy,Radical cystectomy,http://fhir.hie.moh.gov.my/CodeSystem/procedure-code-my-core,CodeSystemProcedureCodeMyCore
57.79,Other total cystectomy,Other total cystectomy,http://fhir.hie.moh.gov.my/CodeSystem/procedure-code-my-core,CodeSystemProcedureCodeMyCore
57.81,Suture of laceration of bladder,Suture of laceration of bladder,http://fhir.hie.moh.gov.my/CodeSystem/procedure-code-my-core,CodeSystemProcedureCodeMyCore
57.82,Closure of cystostomy,Closure of cystostomy,http://fhir.hie.moh.gov.my/CodeSystem/procedure-code-my-core,CodeSystemProcedureCodeMyCore
57.83,Repair of fistula involving bladder and intestine,Repair of fistula involving bladder and intestine,http://fhir.hie.moh.gov.my/CodeSystem/procedure-code-my-core,CodeSystemProcedureCodeMyCore
57.84,Repair of other fistula of bladder,Repair of other fistula of bladder,http://fhir.hie.moh.gov.my/CodeSystem/procedure-code-my-core,CodeSystemProcedureCodeMyCore
57.85,Cystourethroplasty and plastic repair of bladder neck,Cystourethroplasty and plastic repair of bladder neck,http://fhir.hie.moh.gov.my/CodeSystem/procedure-code-my-core,CodeSystemProcedureCodeMyCore
57.86,Repair of bladder exstrophy,Repair of bladder exstrophy,http://fhir.hie.moh.gov.my/CodeSystem/procedure-code-my-core,CodeSystemProcedureCodeMyCore
57.87,Reconstruction of urinary bladder,Reconstruction of urinary bladder,http://fhir.hie.moh.gov.my/CodeSystem/procedure-code-my-core,CodeSystemProcedureCodeMyCore
57.88,Other anastomosis of bladder,Other anastomosis of bladder,http://fhir.hie.moh.gov.my/CodeSystem/procedure-code-my-core,CodeSystemProcedureCodeMyCore
57.89,Other repair of bladder,Other repair of bladder,http://fhir.hie.moh.gov.my/CodeSystem/procedure-code-my-core,CodeSystemProcedureCodeMyCore
57.91,Sphincterotomy of bladder,Sphincterotomy of bladder,http://fhir.hie.moh.gov.my/CodeSystem/procedure-code-my-core,CodeSystemProcedureCodeMyCore
57.92,Dilation of bladder neck,Dilation of bladder neck,http://fhir.hie.moh.gov.my/CodeSystem/procedure-code-my-core,CodeSystemProcedureCodeMyCore
57.93,Control of (postoperative) hemorrhage of bladder,Control of (postoperative) hemorrhage of bladder,http://fhir.hie.moh.gov.my/CodeSystem/procedure-code-my-core,CodeSystemProcedureCodeMyCore
57.94,Insertion of indwelling urinary catheter,Insertion of indwelling urinary catheter,http://fhir.hie.moh.gov.my/CodeSystem/procedure-code-my-core,CodeSystemProcedureCodeMyCore
57.95,Replacement of indwelling urinary catheter,Replacement of indwelling urinary catheter,http://fhir.hie.moh.gov.my/CodeSystem/procedure-code-my-core,CodeSystemProcedureCodeMyCore
57.96,Implantation of electronic bladder stimulator,Implantation of electronic bladder stimulator,http://fhir.hie.moh.gov.my/CodeSystem/procedure-code-my-core,CodeSystemProcedureCodeMyCore
57.97,Replacement of electronic bladder stimulator,Replacement of electronic bladder stimulator,http://fhir.hie.moh.gov.my/CodeSystem/procedure-code-my-core,CodeSystemProcedureCodeMyCore
57.98,Removal of electronic bladder stimulator,Removal of electronic bladder stimulator,http://fhir.hie.moh.gov.my/CodeSystem/procedure-code-my-core,CodeSystemProcedureCodeMyCore
57.99,Other operations on bladder,Other operations on bladder,http://fhir.hie.moh.gov.my/CodeSystem/procedure-code-my-core,CodeSystemProcedureCodeMyCore
58.21,Perineal urethroscopy,Perineal urethroscopy,http://fhir.hie.moh.gov.my/CodeSystem/procedure-code-my-core,CodeSystemProcedureCodeMyCore
58.22,Other urethroscopy,Other urethroscopy,http://fhir.hie.moh.gov.my/CodeSystem/procedure-code-my-core,CodeSystemProcedureCodeMyCore
58.23,Biopsy of urethra,Biopsy of urethra,http://fhir.hie.moh.gov.my/CodeSystem/procedure-code-my-core,CodeSystemProcedureCodeMyCore
58.24,Biopsy of periurethral tissue,Biopsy of periurethral tissue,http://fhir.hie.moh.gov.my/CodeSystem/procedure-code-my-core,CodeSystemProcedureCodeMyCore
58.29,Other diagnostic procedures on urethra and periurethral tissue,Other diagnostic procedures on urethra and periurethral tissue,http://fhir.hie.moh.gov.my/CodeSystem/procedure-code-my-core,CodeSystemProcedureCodeMyCore
58.31,Endoscopic excision or destruction of lesion or tissue of urethra,Endoscopic excision or destruction of lesion or tissue of urethra,http://fhir.hie.moh.gov.my/CodeSystem/procedure-code-my-core,CodeSystemProcedureCodeMyCore
58.39,Other local excision or destruction of lesion or tissue of urethra,Other local excision or destruction of lesion or tissue of urethra,http://fhir.hie.moh.gov.my/CodeSystem/procedure-code-my-core,CodeSystemProcedureCodeMyCore
58.41,Suture of laceration of urethra,Suture of laceration of urethra,http://fhir.hie.moh.gov.my/CodeSystem/procedure-code-my-core,CodeSystemProcedureCodeMyCore
58.42,Closure of urethrostomy,Closure of urethrostomy,http://fhir.hie.moh.gov.my/CodeSystem/procedure-code-my-core,CodeSystemProcedureCodeMyCore
58.43,Closure of other fistula of urethra,Closure of other fistula of urethra,http://fhir.hie.moh.gov.my/CodeSystem/procedure-code-my-core,CodeSystemProcedureCodeMyCore
58.44,Reanastomosis of urethra,Reanastomosis of urethra,http://fhir.hie.moh.gov.my/CodeSystem/procedure-code-my-core,CodeSystemProcedureCodeMyCore
58.45,Repair of hypospadias or epispadias,Repair of hypospadias or epispadias,http://fhir.hie.moh.gov.my/CodeSystem/procedure-code-my-core,CodeSystemProcedureCodeMyCore
58.46,Other reconstruction of urethra,Other reconstruction of urethra,http://fhir.hie.moh.gov.my/CodeSystem/procedure-code-my-core,CodeSystemProcedureCodeMyCore
58.47,Urethral meatoplasty,Urethral meatoplasty,http://fhir.hie.moh.gov.my/CodeSystem/procedure-code-my-core,CodeSystemProcedureCodeMyCore
58.49,Other repair of urethra,Other repair of urethra,http://fhir.hie.moh.gov.my/CodeSystem/procedure-code-my-core,CodeSystemProcedureCodeMyCore
58.91,Incision of periurethral tissue,Incision of periurethral tissue,http://fhir.hie.moh.gov.my/CodeSystem/procedure-code-my-core,CodeSystemProcedureCodeMyCore
58.92,Excision of periurethral tissue,Excision of periurethral tissue,http://fhir.hie.moh.gov.my/CodeSystem/procedure-code-my-core,CodeSystemProcedureCodeMyCore
58.93,Implantation of artificial urinary sphincter [AUS],Implantation of artificial urinary sphincter [AUS],http://fhir.hie.moh.gov.my/CodeSystem/procedure-code-my-core,CodeSystemProcedureCodeMyCore
58.99,Other operations on urethra and periurethral tissue,Other operations on urethra and periurethral tissue,http://fhir.hie.moh.gov.my/CodeSystem/procedure-code-my-core,CodeSystemProcedureCodeMyCore
59.02,Other lysis of perirenal or periureteral adhesions,Other lysis of perirenal or periureteral adhesions,http://fhir.hie.moh.gov.my/CodeSystem/procedure-code-my-core,CodeSystemProcedureCodeMyCore
59.03,Laparoscopic lysis of perirenal or periureteral adhesions,Laparoscopic lysis of perirenal or periureteral adhesions,http://fhir.hie.moh.gov.my/CodeSystem/procedure-code-my-core,CodeSystemProcedureCodeMyCore
59.09,Other incision of perirenal or periureteral tissue,Other incision of perirenal or periureteral tissue,http://fhir.hie.moh.gov.my/CodeSystem/procedure-code-my-core,CodeSystemProcedureCodeMyCore
59.11,Other lysis of perivesical adhesions,Other lysis of perivesical adhesions,http://fhir.hie.moh.gov.my/CodeSystem/procedure-code-my-core,CodeSystemProcedureCodeMyCore
59.12,Laparoscopic lysis of perivesical adhesions,Laparoscopic lysis of perivesical adhesions,http://fhir.hie.moh.gov.my/CodeSystem/procedure-code-my-core,CodeSystemProcedureCodeMyCore
59.19,Other incision of perivesical tissue,Other incision of perivesical tissue,http://fhir.hie.moh.gov.my/CodeSystem/procedure-code-my-core,CodeSystemProcedureCodeMyCore
59.21,Biopsy of perirenal or perivesical tissue,Biopsy of perirenal or perivesical tissue,http://fhir.hie.moh.gov.my/CodeSystem/procedure-code-my-core,CodeSystemProcedureCodeMyCore
59.29,"Other diagnostic procedures on perirenal tissue, perivesical tissue, and retroperitoneum","Other diagnostic procedures on perirenal tissue, perivesical tissue, and retroperitoneum",http://fhir.hie.moh.gov.my/CodeSystem/procedure-code-my-core,CodeSystemProcedureCodeMyCore
59.71,Levator muscle operation for urethrovesical suspension,Levator muscle operation for urethrovesical suspension,http://fhir.hie.moh.gov.my/CodeSystem/procedure-code-my-core,CodeSystemProcedureCodeMyCore
59.72,Injection of implant into urethra and/or bladder neck,Injection of implant into urethra and/or bladder neck,http://fhir.hie.moh.gov.my/CodeSystem/procedure-code-my-core,CodeSystemProcedureCodeMyCore
59.79,Other repair of urinary stress incontinence,Other repair of urinary stress incontinence,http://fhir.hie.moh.gov.my/CodeSystem/procedure-code-my-core,CodeSystemProcedureCodeMyCore
59.91,Excision of perirenal or perivesical tissue,Excision of perirenal or perivesical tissue,http://fhir.hie.moh.gov.my/CodeSystem/procedure-code-my-core,CodeSystemProcedureCodeMyCore
59.92,Other operations on perirenal or perivesical tissue,Other operations on perirenal or perivesical tissue,http://fhir.hie.moh.gov.my/CodeSystem/procedure-code-my-core,CodeSystemProcedureCodeMyCore
59.93,Replacement of ureterostomy tube,Replacement of ureterostomy tube,http://fhir.hie.moh.gov.my/CodeSystem/procedure-code-my-core,CodeSystemProcedureCodeMyCore
59.94,Replacement of cystostomy tube,Replacement of cystostomy tube,http://fhir.hie.moh.gov.my/CodeSystem/procedure-code-my-core,CodeSystemProcedureCodeMyCore
59.95,Ultrasonic fragmentation of urinary stones,Ultrasonic fragmentation of urinary stones,http://fhir.hie.moh.gov.my/CodeSystem/procedure-code-my-core,CodeSystemProcedureCodeMyCore
59.99,Other operations on urinary system,Other operations on urinary system,http://fhir.hie.moh.gov.my/CodeSystem/procedure-code-my-core,CodeSystemProcedureCodeMyCore
60.62,Perineal prostatectomy,Perineal prostatectomy,http://fhir.hie.moh.gov.my/CodeSystem/procedure-code-my-core,CodeSystemProcedureCodeMyCore
76.01,Sequestrectomy of facial bone,Sequestrectomy of facial bone,http://fhir.hie.moh.gov.my/CodeSystem/procedure-code-my-core,CodeSystemProcedureCodeMyCore
76.09,Other incision of facial bone,Other incision of facial bone,http://fhir.hie.moh.gov.my/CodeSystem/procedure-code-my-core,CodeSystemProcedureCodeMyCore
76.11,Biopsy of facial bone,Biopsy of facial bone,http://fhir.hie.moh.gov.my/CodeSystem/procedure-code-my-core,CodeSystemProcedureCodeMyCore
76.19,Other diagnostic procedures on facial bones and joints,Other diagnostic procedures on facial bones and joints,http://fhir.hie.moh.gov.my/CodeSystem/procedure-code-my-core,CodeSystemProcedureCodeMyCore
76.31,Partial mandibulectomy,Partial mandibulectomy,http://fhir.hie.moh.gov.my/CodeSystem/procedure-code-my-core,CodeSystemProcedureCodeMyCore
76.39,Partial ostectomy of other facial bones,Partial ostectomy of other facial bones,http://fhir.hie.moh.gov.my/CodeSystem/procedure-code-my-core,CodeSystemProcedureCodeMyCore
76.41,Total mandibulectomy with synchronous reconstruction,Total mandibulectomy with synchronous reconstruction,http://fhir.hie.moh.gov.my/CodeSystem/procedure-code-my-core,CodeSystemProcedureCodeMyCore
76.42,Other total mandibulectomy,Other total mandibulectomy,http://fhir.hie.moh.gov.my/CodeSystem/procedure-code-my-core,CodeSystemProcedureCodeMyCore
76.43,Other reconstruction of mandible,Other reconstruction of mandible,http://fhir.hie.moh.gov.my/CodeSystem/procedure-code-my-core,CodeSystemProcedureCodeMyCore
76.44,Total ostectomy of other facial bone with synchronous reconstruction,Total ostectomy of other facial bone with synchronous reconstruction,http://fhir.hie.moh.gov.my/CodeSystem/procedure-code-my-core,CodeSystemProcedureCodeMyCore
76.45,Other total ostectomy of other facial bone,Other total ostectomy of other facial bone,http://fhir.hie.moh.gov.my/CodeSystem/procedure-code-my-core,CodeSystemProcedureCodeMyCore
76.46,Other reconstruction of other facial bone,Other reconstruction of other facial bone,http://fhir.hie.moh.gov.my/CodeSystem/procedure-code-my-core,CodeSystemProcedureCodeMyCore
76.61,Closed osteoplasty [osteotomy] of mandibular ramus,Closed osteoplasty [osteotomy] of mandibular ramus,http://fhir.hie.moh.gov.my/CodeSystem/procedure-code-my-core,CodeSystemProcedureCodeMyCore
76.62,Open osteoplasty [osteotomy] of mandibular ramus,Open osteoplasty [osteotomy] of mandibular ramus,http://fhir.hie.moh.gov.my/CodeSystem/procedure-code-my-core,CodeSystemProcedureCodeMyCore
76.63,Osteoplasty [osteotomy] of body of mandible,Osteoplasty [osteotomy] of body of mandible,http://fhir.hie.moh.gov.my/CodeSystem/procedure-code-my-core,CodeSystemProcedureCodeMyCore
76.64,Other orthognathic surgery on mandible,Other orthognathic surgery on mandible,http://fhir.hie.moh.gov.my/CodeSystem/procedure-code-my-core,CodeSystemProcedureCodeMyCore
76.65,Segmental osteoplasty [osteotomy] of maxilla,Segmental osteoplasty [osteotomy] of maxilla,http://fhir.hie.moh.gov.my/CodeSystem/procedure-code-my-core,CodeSystemProcedureCodeMyCore
76.66,Total osteoplasty [osteotomy] of maxilla,Total osteoplasty [osteotomy] of maxilla,http://fhir.hie.moh.gov.my/CodeSystem/procedure-code-my-core,CodeSystemProcedureCodeMyCore
76.67,Reduction genioplasty,Reduction genioplasty,http://fhir.hie.moh.gov.my/CodeSystem/procedure-code-my-core,CodeSystemProcedureCodeMyCore
76.68,Augmentation genioplasty,Augmentation genioplasty,http://fhir.hie.moh.gov.my/CodeSystem/procedure-code-my-core,CodeSystemProcedureCodeMyCore
76.69,Other facial bone repair,Other facial bone repair,http://fhir.hie.moh.gov.my/CodeSystem/procedure-code-my-core,CodeSystemProcedureCodeMyCore
76.71,Closed reduction of malar and zygomatic fracture,Closed reduction of malar and zygomatic fracture,http://fhir.hie.moh.gov.my/CodeSystem/procedure-code-my-core,CodeSystemProcedureCodeMyCore
76.72,Open reduction of malar and zygomatic fracture,Open reduction of malar and zygomatic fracture,http://fhir.hie.moh.gov.my/CodeSystem/procedure-code-my-core,CodeSystemProcedureCodeMyCore
76.73,Closed reduction of maxillary fracture,Closed reduction of maxillary fracture,http://fhir.hie.moh.gov.my/CodeSystem/procedure-code-my-core,CodeSystemProcedureCodeMyCore
76.74,Open reduction of maxillary fracture,Open reduction of maxillary fracture,http://fhir.hie.moh.gov.my/CodeSystem/procedure-code-my-core,CodeSystemProcedureCodeMyCore
76.75,Closed reduction of mandibular fracture,Closed reduction of mandibular fracture,http://fhir.hie.moh.gov.my/CodeSystem/procedure-code-my-core,CodeSystemProcedureCodeMyCore
76.76,Open reduction of mandibular fracture,Open reduction of mandibular fracture,http://fhir.hie.moh.gov.my/CodeSystem/procedure-code-my-core,CodeSystemProcedureCodeMyCore
76.77,Open reduction of alveolar fracture,Open reduction of alveolar fracture,http://fhir.hie.moh.gov.my/CodeSystem/procedure-code-my-core,CodeSystemProcedureCodeMyCore
76.78,Other closed reduction of facial fracture,Other closed reduction of facial fracture,http://fhir.hie.moh.gov.my/CodeSystem/procedure-code-my-core,CodeSystemProcedureCodeMyCore
76.79,Other open reduction of facial fracture,Other open reduction of facial fracture,http://fhir.hie.moh.gov.my/CodeSystem/procedure-code-my-core,CodeSystemProcedureCodeMyCore
76.91,Bone graft to facial bone,Bone graft to facial bone,http://fhir.hie.moh.gov.my/CodeSystem/procedure-code-my-core,CodeSystemProcedureCodeMyCore
76.92,Insertion of synthetic implant in facial bone,Insertion of synthetic implant in facial bone,http://fhir.hie.moh.gov.my/CodeSystem/procedure-code-my-core,CodeSystemProcedureCodeMyCore
76.93,Closed reduction of temporomandibular dislocation,Closed reduction of temporomandibular dislocation,http://fhir.hie.moh.gov.my/CodeSystem/procedure-code-my-core,CodeSystemProcedureCodeMyCore
76.94,Open reduction of temporomandibular dislocation,Open reduction of temporomandibular dislocation,http://fhir.hie.moh.gov.my/CodeSystem/procedure-code-my-core,CodeSystemProcedureCodeMyCore
76.95,Other manipulation of temporomandibular joint,Other manipulation of temporomandibular joint,http://fhir.hie.moh.gov.my/CodeSystem/procedure-code-my-core,CodeSystemProcedureCodeMyCore
76.96,Injection of therapeutic substance into temporomandibular joint,Injection of therapeutic substance into temporomandibular joint,http://fhir.hie.moh.gov.my/CodeSystem/procedure-code-my-core,CodeSystemProcedureCodeMyCore
76.97,Removal of internal fixation device from facial bone,Removal of internal fixation device from facial bone,http://fhir.hie.moh.gov.my/CodeSystem/procedure-code-my-core,CodeSystemProcedureCodeMyCore
76.99,Other operations on facial bones and joints,Other operations on facial bones and joints,http://fhir.hie.moh.gov.my/CodeSystem/procedure-code-my-core,CodeSystemProcedureCodeMyCore
77.01,"Sequestrectomy, scapula, clavicle, and thorax [ribs and sternum]","Sequestrectomy, scapula, clavicle, and thorax [ribs and sternum]",http://fhir.hie.moh.gov.my/CodeSystem/procedure-code-my-core,CodeSystemProcedureCodeMyCore
77.02,"Sequestrectomy, humerus","Sequestrectomy, humerus",http://fhir.hie.moh.gov.my/CodeSystem/procedure-code-my-core,CodeSystemProcedureCodeMyCore
77.03,"Sequestrectomy, radius and ulna","Sequestrectomy, radius and ulna",http://fhir.hie.moh.gov.my/CodeSystem/procedure-code-my-core,CodeSystemProcedureCodeMyCore
77.04,"Sequestrectomy, carpals and metacarpals","Sequestrectomy, carpals and metacarpals",http://fhir.hie.moh.gov.my/CodeSystem/procedure-code-my-core,CodeSystemProcedureCodeMyCore
77.05,"Sequestrectomy, femur","Sequestrectomy, femur",http://fhir.hie.moh.gov.my/CodeSystem/procedure-code-my-core,CodeSystemProcedureCodeMyCore
77.06,"Sequestrectomy, patella","Sequestrectomy, patella",http://fhir.hie.moh.gov.my/CodeSystem/procedure-code-my-core,CodeSystemProcedureCodeMyCore
77.07,"Sequestrectomy, tibia and fibula","Sequestrectomy, tibia and fibula",http://fhir.hie.moh.gov.my/CodeSystem/procedure-code-my-core,CodeSystemProcedureCodeMyCore
77.08,"Sequestrectomy, tarsals and metatarsals","Sequestrectomy, tarsals and metatarsals",http://fhir.hie.moh.gov.my/CodeSystem/procedure-code-my-core,CodeSystemProcedureCodeMyCore
77.09,"Sequestrectomy, other","Sequestrectomy, other",http://fhir.hie.moh.gov.my/CodeSystem/procedure-code-my-core,CodeSystemProcedureCodeMyCore
77.11,"Other incision of bone without division, scapula, clavicle, and thorax [ribs and sternum]","Other incision of bone without division, scapula, clavicle, and thorax [ribs and sternum]",http://fhir.hie.moh.gov.my/CodeSystem/procedure-code-my-core,CodeSystemProcedureCodeMyCore
77.12,"Other incision of bone without division, humerus","Other incision of bone without division, humerus",http://fhir.hie.moh.gov.my/CodeSystem/procedure-code-my-core,CodeSystemProcedureCodeMyCore
77.13,"Other incision of bone without division, radius and ulna","Other incision of bone without division, radius and ulna",http://fhir.hie.moh.gov.my/CodeSystem/procedure-code-my-core,CodeSystemProcedureCodeMyCore
77.14,"Other incision of bone without division, carpals and metacarpals","Other incision of bone without division, carpals and metacarpals",http://fhir.hie.moh.gov.my/CodeSystem/procedure-code-my-core,CodeSystemProcedureCodeMyCore
77.15,"Other incision of bone without division, femur","Other incision of bone without division, femur",http://fhir.hie.moh.gov.my/CodeSystem/procedure-code-my-core,CodeSystemProcedureCodeMyCore
77.16,"Other incision of bone without division, patella","Other incision of bone without division, patella",http://fhir.hie.moh.gov.my/CodeSystem/procedure-code-my-core,CodeSystemProcedureCodeMyCore
77.17,"Other incision of bone without division, tibia and fibula","Other incision of bone without division, tibia and fibula",http://fhir.hie.moh.gov.my/CodeSystem/procedure-code-my-core,CodeSystemProcedureCodeMyCore
77.18,"Other incision of bone without division, tarsals and metatarsals","Other incision of bone without division, tarsals and metatarsals",http://fhir.hie.moh.gov.my/CodeSystem/procedure-code-my-core,CodeSystemProcedureCodeMyCore
77.19,"Other incision of bone without division, other","Other incision of bone without division, other",http://fhir.hie.moh.gov.my/CodeSystem/procedure-code-my-core,CodeSystemProcedureCodeMyCore
77.21,"Wedge osteotomy, scapula, clavicle, and thorax [ribs and sternum]","Wedge osteotomy, scapula, clavicle, and thorax [ribs and sternum]",http://fhir.hie.moh.gov.my/CodeSystem/procedure-code-my-core,CodeSystemProcedureCodeMyCore
77.22,"Wedge osteotomy, humerus","Wedge osteotomy, humerus",http://fhir.hie.moh.gov.my/CodeSystem/procedure-code-my-core,CodeSystemProcedureCodeMyCore
77.23,"Wedge osteotomy, radius and ulna","Wedge osteotomy, radius and ulna",http://fhir.hie.moh.gov.my/CodeSystem/procedure-code-my-core,CodeSystemProcedureCodeMyCore
77.24,"Wedge osteotomy, carpals and metacarpals","Wedge osteotomy, carpals and metacarpals",http://fhir.hie.moh.gov.my/CodeSystem/procedure-code-my-core,CodeSystemProcedureCodeMyCore
77.25,"Wedge osteotomy, femur","Wedge osteotomy, femur",http://fhir.hie.moh.gov.my/CodeSystem/procedure-code-my-core,CodeSystemProcedureCodeMyCore
77.26,"Wedge osteotomy, patella","Wedge osteotomy, patella",http://fhir.hie.moh.gov.my/CodeSystem/procedure-code-my-core,CodeSystemProcedureCodeMyCore
77.27,"Wedge osteotomy, tibia and fibula","Wedge osteotomy, tibia and fibula",http://fhir.hie.moh.gov.my/CodeSystem/procedure-code-my-core,CodeSystemProcedureCodeMyCore
77.28,"Wedge osteotomy, tarsals and metatarsals","Wedge osteotomy, tarsals and metatarsals",http://fhir.hie.moh.gov.my/CodeSystem/procedure-code-my-core,CodeSystemProcedureCodeMyCore
77.29,"Wedge osteotomy, other","Wedge osteotomy, other",http://fhir.hie.moh.gov.my/CodeSystem/procedure-code-my-core,CodeSystemProcedureCodeMyCore
77.31,"Other division of bone, scapula, clavicle, and thorax [ribs and sternum]","Other division of bone, scapula, clavicle, and thorax [ribs and sternum]",http://fhir.hie.moh.gov.my/CodeSystem/procedure-code-my-core,CodeSystemProcedureCodeMyCore
77.32,"Other division of bone, humerus","Other division of bone, humerus",http://fhir.hie.moh.gov.my/CodeSystem/procedure-code-my-core,CodeSystemProcedureCodeMyCore
77.33,"Other division of bone, radius and ulna","Other division of bone, radius and ulna",http://fhir.hie.moh.gov.my/CodeSystem/procedure-code-my-core,CodeSystemProcedureCodeMyCore
77.34,"Other division of bone, carpals and metacarpals","Other division of bone, carpals and metacarpals",http://fhir.hie.moh.gov.my/CodeSystem/procedure-code-my-core,CodeSystemProcedureCodeMyCore
77.35,"Other division of bone, femur","Other division of bone, femur",http://fhir.hie.moh.gov.my/CodeSystem/procedure-code-my-core,CodeSystemProcedureCodeMyCore
77.36,"Other division of bone, patella","Other division of bone, patella",http://fhir.hie.moh.gov.my/CodeSystem/procedure-code-my-core,CodeSystemProcedureCodeMyCore
77.37,"Other division of bone, tibia and fibula","Other division of bone, tibia and fibula",http://fhir.hie.moh.gov.my/CodeSystem/procedure-code-my-core,CodeSystemProcedureCodeMyCore
77.38,"Other division of bone, tarsals and metatarsals","Other division of bone, tarsals and metatarsals",http://fhir.hie.moh.gov.my/CodeSystem/procedure-code-my-core,CodeSystemProcedureCodeMyCore
77.39,"Other division of bone, other","Other division of bone, other",http://fhir.hie.moh.gov.my/CodeSystem/procedure-code-my-core,CodeSystemProcedureCodeMyCore
77.41,"Biopsy of bone, scapula, clavicle, and thorax [ribs and sternum]","Biopsy of bone, scapula, clavicle, and thorax [ribs and sternum]",http://fhir.hie.moh.gov.my/CodeSystem/procedure-code-my-core,CodeSystemProcedureCodeMyCore
77.42,"Biopsy of bone, humerus","Biopsy of bone, humerus",http://fhir.hie.moh.gov.my/CodeSystem/procedure-code-my-core,CodeSystemProcedureCodeMyCore
77.43,"Biopsy of bone, radius and ulna","Biopsy of bone, radius and ulna",http://fhir.hie.moh.gov.my/CodeSystem/procedure-code-my-core,CodeSystemProcedureCodeMyCore
77.44,"Biopsy of bone, carpals and metacarpals","Biopsy of bone, carpals and metacarpals",http://fhir.hie.moh.gov.my/CodeSystem/procedure-code-my-core,CodeSystemProcedureCodeMyCore
77.45,"Biopsy of bone, femur","Biopsy of bone, femur",http://fhir.hie.moh.gov.my/CodeSystem/procedure-code-my-core,CodeSystemProcedureCodeMyCore
77.46,"Biopsy of bone, patella","Biopsy of bone, patella",http://fhir.hie.moh.gov.my/CodeSystem/procedure-code-my-core,CodeSystemProcedureCodeMyCore
77.47,"Biopsy of bone, tibia and fibula","Biopsy of bone, tibia and fibula",http://fhir.hie.moh.gov.my/CodeSystem/procedure-code-my-core,CodeSystemProcedureCodeMyCore
77.48,"Biopsy of bone, tarsals and metatarsals","Biopsy of bone, tarsals and metatarsals",http://fhir.hie.moh.gov.my/CodeSystem/procedure-code-my-core,CodeSystemProcedureCodeMyCore
77.49,"Biopsy of bone, other","Biopsy of bone, other",http://fhir.hie.moh.gov.my/CodeSystem/procedure-code-my-core,CodeSystemProcedureCodeMyCore
77.51,Bunionectomy with soft tissue correction and osteotomy of the first metatarsal,Bunionectomy with soft tissue correction and osteotomy of the first metatarsal,http://fhir.hie.moh.gov.my/CodeSystem/procedure-code-my-core,CodeSystemProcedureCodeMyCore
77.52,Bunionectomy with soft tissue correction and arthrodesis,Bunionectomy with soft tissue correction and arthrodesis,http://fhir.hie.moh.gov.my/CodeSystem/procedure-code-my-core,CodeSystemProcedureCodeMyCore
77.53,Other bunionectomy with soft tissue correction,Other bunionectomy with soft tissue correction,http://fhir.hie.moh.gov.my/CodeSystem/procedure-code-my-core,CodeSystemProcedureCodeMyCore
77.54,Excision or correction of bunionette,Excision or correction of bunionette,http://fhir.hie.moh.gov.my/CodeSystem/procedure-code-my-core,CodeSystemProcedureCodeMyCore
77.56,Repair of hammer toe,Repair of hammer toe,http://fhir.hie.moh.gov.my/CodeSystem/procedure-code-my-core,CodeSystemProcedureCodeMyCore
77.57,Repair of claw toe,Repair of claw toe,http://fhir.hie.moh.gov.my/CodeSystem/procedure-code-my-core,CodeSystemProcedureCodeMyCore
77.58,"Other excision, fusion, and repair of toes","Other excision, fusion, and repair of toes",http://fhir.hie.moh.gov.my/CodeSystem/procedure-code-my-core,CodeSystemProcedureCodeMyCore
77.59,Other bunionectomy,Other bunionectomy,http://fhir.hie.moh.gov.my/CodeSystem/procedure-code-my-core,CodeSystemProcedureCodeMyCore
77.61,"Local excision of lesion or tissue of bone, scapula, clavicle, and thorax [ribs and sternum]","Local excision of lesion or tissue of bone, scapula, clavicle, and thorax [ribs and sternum]",http://fhir.hie.moh.gov.my/CodeSystem/procedure-code-my-core,CodeSystemProcedureCodeMyCore
77.62,"Local excision of lesion or tissue of bone, humerus","Local excision of lesion or tissue of bone, humerus",http://fhir.hie.moh.gov.my/CodeSystem/procedure-code-my-core,CodeSystemProcedureCodeMyCore
77.63,"Local excision of lesion or tissue of bone, radius and ulna","Local excision of lesion or tissue of bone, radius and ulna",http://fhir.hie.moh.gov.my/CodeSystem/procedure-code-my-core,CodeSystemProcedureCodeMyCore
77.64,"Local excision of lesion or tissue of bone, carpals and metacarpals","Local excision of lesion or tissue of bone, carpals and metacarpals",http://fhir.hie.moh.gov.my/CodeSystem/procedure-code-my-core,CodeSystemProcedureCodeMyCore
77.65,"Local excision of lesion or tissue of bone, femur","Local excision of lesion or tissue of bone, femur",http://fhir.hie.moh.gov.my/CodeSystem/procedure-code-my-core,CodeSystemProcedureCodeMyCore
77.66,"Local excision of lesion or tissue of bone, patella","Local excision of lesion or tissue of bone, patella",http://fhir.hie.moh.gov.my/CodeSystem/procedure-code-my-core,CodeSystemProcedureCodeMyCore
77.67,"Local excision of lesion or tissue of bone, tibia and fibula","Local excision of lesion or tissue of bone, tibia and fibula",http://fhir.hie.moh.gov.my/CodeSystem/procedure-code-my-core,CodeSystemProcedureCodeMyCore
77.68,"Local excision of lesion or tissue of bone, tarsals and metatarsals","Local excision of lesion or tissue of bone, tarsals and metatarsals",http://fhir.hie.moh.gov.my/CodeSystem/procedure-code-my-core,CodeSystemProcedureCodeMyCore
77.69,"Local excision of lesion or tissue of bone, other","Local excision of lesion or tissue of bone, other",http://fhir.hie.moh.gov.my/CodeSystem/procedure-code-my-core,CodeSystemProcedureCodeMyCore
77.71,"Excision of bone for graft, scapula, clavicle, and thorax [ribs and sternum]","Excision of bone for graft, scapula, clavicle, and thorax [ribs and sternum]",http://fhir.hie.moh.gov.my/CodeSystem/procedure-code-my-core,CodeSystemProcedureCodeMyCore
77.72,"Excision of bone for graft, humerus","Excision of bone for graft, humerus",http://fhir.hie.moh.gov.my/CodeSystem/procedure-code-my-core,CodeSystemProcedureCodeMyCore
77.73,"Excision of bone for graft, radius and ulna","Excision of bone for graft, radius and ulna",http://fhir.hie.moh.gov.my/CodeSystem/procedure-code-my-core,CodeSystemProcedureCodeMyCore
77.74,"Excision of bone for graft, carpals and metacarpals","Excision of bone for graft, carpals and metacarpals",http://fhir.hie.moh.gov.my/CodeSystem/procedure-code-my-core,CodeSystemProcedureCodeMyCore
77.75,"Excision of bone for graft, femur","Excision of bone for graft, femur",http://fhir.hie.moh.gov.my/CodeSystem/procedure-code-my-core,CodeSystemProcedureCodeMyCore
77.76,"Excision of bone for graft, patella","Excision of bone for graft, patella",http://fhir.hie.moh.gov.my/CodeSystem/procedure-code-my-core,CodeSystemProcedureCodeMyCore
77.77,"Excision of bone for graft, tibia and fibula","Excision of bone for graft, tibia and fibula",http://fhir.hie.moh.gov.my/CodeSystem/procedure-code-my-core,CodeSystemProcedureCodeMyCore
77.78,"Excision of bone for graft, tarsals and metatarsals","Excision of bone for graft, tarsals and metatarsals",http://fhir.hie.moh.gov.my/CodeSystem/procedure-code-my-core,CodeSystemProcedureCodeMyCore
77.79,"Excision of bone for graft, other","Excision of bone for graft, other",http://fhir.hie.moh.gov.my/CodeSystem/procedure-code-my-core,CodeSystemProcedureCodeMyCore
77.81,"Other partial ostectomy, scapula, clavicle, and thorax [ribs and sternum]","Other partial ostectomy, scapula, clavicle, and thorax [ribs and sternum]",http://fhir.hie.moh.gov.my/CodeSystem/procedure-code-my-core,CodeSystemProcedureCodeMyCore
77.82,"Other partial ostectomy, humerus","Other partial ostectomy, humerus",http://fhir.hie.moh.gov.my/CodeSystem/procedure-code-my-core,CodeSystemProcedureCodeMyCore
77.83,"Other partial ostectomy, radius and ulna","Other partial ostectomy, radius and ulna",http://fhir.hie.moh.gov.my/CodeSystem/procedure-code-my-core,CodeSystemProcedureCodeMyCore
77.84,"Other partial ostectomy, carpals and metacarpals","Other partial ostectomy, carpals and metacarpals",http://fhir.hie.moh.gov.my/CodeSystem/procedure-code-my-core,CodeSystemProcedureCodeMyCore
77.85,"Other partial ostectomy, femur","Other partial ostectomy, femur",http://fhir.hie.moh.gov.my/CodeSystem/procedure-code-my-core,CodeSystemProcedureCodeMyCore
77.86,"Other partial ostectomy, patella","Other partial ostectomy, patella",http://fhir.hie.moh.gov.my/CodeSystem/procedure-code-my-core,CodeSystemProcedureCodeMyCore
77.87,"Other partial ostectomy, tibia and fibula","Other partial ostectomy, tibia and fibula",http://fhir.hie.moh.gov.my/CodeSystem/procedure-code-my-core,CodeSystemProcedureCodeMyCore
77.88,"Other partial ostectomy, tarsals and metatarsals","Other partial ostectomy, tarsals and metatarsals",http://fhir.hie.moh.gov.my/CodeSystem/procedure-code-my-core,CodeSystemProcedureCodeMyCore
77.89,"Other partial ostectomy, other","Other partial ostectomy, other",http://fhir.hie.moh.gov.my/CodeSystem/procedure-code-my-core,CodeSystemProcedureCodeMyCore
77.91,"Total ostectomy, scapula, clavicle, and thorax [ribs and sternum]","Total ostectomy, scapula, clavicle, and thorax [ribs and sternum]",http://fhir.hie.moh.gov.my/CodeSystem/procedure-code-my-core,CodeSystemProcedureCodeMyCore
77.92,"Total ostectomy, humerus","Total ostectomy, humerus",http://fhir.hie.moh.gov.my/CodeSystem/procedure-code-my-core,CodeSystemProcedureCodeMyCore
77.93,"Total ostectomy, radius and ulna","Total ostectomy, radius and ulna",http://fhir.hie.moh.gov.my/CodeSystem/procedure-code-my-core,CodeSystemProcedureCodeMyCore
77.94,"Total ostectomy, carpals and metacarpals","Total ostectomy, carpals and metacarpals",http://fhir.hie.moh.gov.my/CodeSystem/procedure-code-my-core,CodeSystemProcedureCodeMyCore
77.95,"Total ostectomy, femur","Total ostectomy, femur",http://fhir.hie.moh.gov.my/CodeSystem/procedure-code-my-core,CodeSystemProcedureCodeMyCore
77.96,"Total ostectomy, patella","Total ostectomy, patella",http://fhir.hie.moh.gov.my/CodeSystem/procedure-code-my-core,CodeSystemProcedureCodeMyCore
77.97,"Total ostectomy, tibia and fibula","Total ostectomy, tibia and fibula",http://fhir.hie.moh.gov.my/CodeSystem/procedure-code-my-core,CodeSystemProcedureCodeMyCore
77.98,"Total ostectomy, tarsals and metatarsals","Total ostectomy, tarsals and metatarsals",http://fhir.hie.moh.gov.my/CodeSystem/procedure-code-my-core,CodeSystemProcedureCodeMyCore
77.99,"Total ostectomy, other","Total ostectomy, other",http://fhir.hie.moh.gov.my/CodeSystem/procedure-code-my-core,CodeSystemProcedureCodeMyCore
78.01,"Bone graft, scapula, clavicle, and thorax [ribs and sternum]","Bone graft, scapula, clavicle, and thorax [ribs and sternum]",http://fhir.hie.moh.gov.my/CodeSystem/procedure-code-my-core,CodeSystemProcedureCodeMyCore
78.02,"Bone graft, humerus","Bone graft, humerus",http://fhir.hie.moh.gov.my/CodeSystem/procedure-code-my-core,CodeSystemProcedureCodeMyCore
78.03,"Bone graft, radius and ulna","Bone graft, radius and ulna",http://fhir.hie.moh.gov.my/CodeSystem/procedure-code-my-core,CodeSystemProcedureCodeMyCore
78.04,"Bone graft, carpals and metacarpals","Bone graft, carpals and metacarpals",http://fhir.hie.moh.gov.my/CodeSystem/procedure-code-my-core,CodeSystemProcedureCodeMyCore
78.05,"Bone graft, femur","Bone graft, femur",http://fhir.hie.moh.gov.my/CodeSystem/procedure-code-my-core,CodeSystemProcedureCodeMyCore
78.06,"Bone graft, patella","Bone graft, patella",http://fhir.hie.moh.gov.my/CodeSystem/procedure-code-my-core,CodeSystemProcedureCodeMyCore
78.07,"Bone graft, tibia and fibula","Bone graft, tibia and fibula",http://fhir.hie.moh.gov.my/CodeSystem/procedure-code-my-core,CodeSystemProcedureCodeMyCore
78.08,"Bone graft, tarsals and metatarsals","Bone graft, tarsals and metatarsals",http://fhir.hie.moh.gov.my/CodeSystem/procedure-code-my-core,CodeSystemProcedureCodeMyCore
78.09,"Bone graft, other","Bone graft, other",http://fhir.hie.moh.gov.my/CodeSystem/procedure-code-my-core,CodeSystemProcedureCodeMyCore
78.11,"Application of external fixator device, scapula, clavicle, and thorax [ribs and sternum]","Application of external fixator device, scapula, clavicle, and thorax [ribs and sternum]",http://fhir.hie.moh.gov.my/CodeSystem/procedure-code-my-core,CodeSystemProcedureCodeMyCore
78.12,"Application of external fixator device, humerus","Application of external fixator device, humerus",http://fhir.hie.moh.gov.my/CodeSystem/procedure-code-my-core,CodeSystemProcedureCodeMyCore
78.13,"Application of external fixator device, radius and ulna","Application of external fixator device, radius and ulna",http://fhir.hie.moh.gov.my/CodeSystem/procedure-code-my-core,CodeSystemProcedureCodeMyCore
78.14,"Application of external fixator device, carpals and metacarpals","Application of external fixator device, carpals and metacarpals",http://fhir.hie.moh.gov.my/CodeSystem/procedure-code-my-core,CodeSystemProcedureCodeMyCore
78.15,"Application of external fixator device, femur","Application of external fixator device, femur",http://fhir.hie.moh.gov.my/CodeSystem/procedure-code-my-core,CodeSystemProcedureCodeMyCore
78.16,"Application of external fixator device, patella","Application of external fixator device, patella",http://fhir.hie.moh.gov.my/CodeSystem/procedure-code-my-core,CodeSystemProcedureCodeMyCore
78.17,"Application of external fixator device, tibia and fibula","Application of external fixator device, tibia and fibula",http://fhir.hie.moh.gov.my/CodeSystem/procedure-code-my-core,CodeSystemProcedureCodeMyCore
78.18,"Application of external fixator device, tarsals and metatarsals","Application of external fixator device, tarsals and metatarsals",http://fhir.hie.moh.gov.my/CodeSystem/procedure-code-my-core,CodeSystemProcedureCodeMyCore
78.19,"Application of external fixator device, other","Application of external fixator device, other",http://fhir.hie.moh.gov.my/CodeSystem/procedure-code-my-core,CodeSystemProcedureCodeMyCore
78.22,"Limb shortening procedures, humerus","Limb shortening procedures, humerus",http://fhir.hie.moh.gov.my/CodeSystem/procedure-code-my-core,CodeSystemProcedureCodeMyCore
78.23,"Limb shortening procedures, radius and ulna","Limb shortening procedures, radius and ulna",http://fhir.hie.moh.gov.my/CodeSystem/procedure-code-my-core,CodeSystemProcedureCodeMyCore
78.24,"Limb shortening procedures, carpals and metacarpals","Limb shortening procedures, carpals and metacarpals",http://fhir.hie.moh.gov.my/CodeSystem/procedure-code-my-core,CodeSystemProcedureCodeMyCore
78.25,"Limb shortening procedures, femur","Limb shortening procedures, femur",http://fhir.hie.moh.gov.my/CodeSystem/procedure-code-my-core,CodeSystemProcedureCodeMyCore
78.27,"Limb shortening procedures, tibia and fibula","Limb shortening procedures, tibia and fibula",http://fhir.hie.moh.gov.my/CodeSystem/procedure-code-my-core,CodeSystemProcedureCodeMyCore
78.28,"Limb shortening procedures, tarsals and metatarsals","Limb shortening procedures, tarsals and metatarsals",http://fhir.hie.moh.gov.my/CodeSystem/procedure-code-my-core,CodeSystemProcedureCodeMyCore
78.29,"Limb shortening procedures, other","Limb shortening procedures, other",http://fhir.hie.moh.gov.my/CodeSystem/procedure-code-my-core,CodeSystemProcedureCodeMyCore
78.32,"Limb lengthening procedures, humerus","Limb lengthening procedures, humerus",http://fhir.hie.moh.gov.my/CodeSystem/procedure-code-my-core,CodeSystemProcedureCodeMyCore
78.33,"Limb lengthening procedures, radius and ulna","Limb lengthening procedures, radius and ulna",http://fhir.hie.moh.gov.my/CodeSystem/procedure-code-my-core,CodeSystemProcedureCodeMyCore
78.34,"Limb lengthening procedures, carpals and metacarpals","Limb lengthening procedures, carpals and metacarpals",http://fhir.hie.moh.gov.my/CodeSystem/procedure-code-my-core,CodeSystemProcedureCodeMyCore
78.35,"Limb lengthening procedures, femur","Limb lengthening procedures, femur",http://fhir.hie.moh.gov.my/CodeSystem/procedure-code-my-core,CodeSystemProcedureCodeMyCore
78.37,"Limb lengthening procedures, tibia and fibula","Limb lengthening procedures, tibia and fibula",http://fhir.hie.moh.gov.my/CodeSystem/procedure-code-my-core,CodeSystemProcedureCodeMyCore
78.38,"Limb lengthening procedures, tarsals and metatarsals","Limb lengthening procedures, tarsals and metatarsals",http://fhir.hie.moh.gov.my/CodeSystem/procedure-code-my-core,CodeSystemProcedureCodeMyCore
78.39,"Limb lengthening procedures, other","Limb lengthening procedures, other",http://fhir.hie.moh.gov.my/CodeSystem/procedure-code-my-core,CodeSystemProcedureCodeMyCore
79.81,Open reduction of dislocation of shoulder,Open reduction of dislocation of shoulder,http://fhir.hie.moh.gov.my/CodeSystem/procedure-code-my-core,CodeSystemProcedureCodeMyCore
78.41,"Other repair or plastic operations on bone, scapula, clavicle, and thorax [ribs and sternum]","Other repair or plastic operations on bone, scapula, clavicle, and thorax [ribs and sternum]",http://fhir.hie.moh.gov.my/CodeSystem/procedure-code-my-core,CodeSystemProcedureCodeMyCore
78.42,"Other repair or plastic operations on bone, humerus","Other repair or plastic operations on bone, humerus",http://fhir.hie.moh.gov.my/CodeSystem/procedure-code-my-core,CodeSystemProcedureCodeMyCore
78.43,"Other repair or plastic operations on bone, radius and ulna","Other repair or plastic operations on bone, radius and ulna",http://fhir.hie.moh.gov.my/CodeSystem/procedure-code-my-core,CodeSystemProcedureCodeMyCore
78.44,"Other repair or plastic operations on bone, carpals and metacarpals","Other repair or plastic operations on bone, carpals and metacarpals",http://fhir.hie.moh.gov.my/CodeSystem/procedure-code-my-core,CodeSystemProcedureCodeMyCore
78.45,"Other repair or plastic operations on bone, femur","Other repair or plastic operations on bone, femur",http://fhir.hie.moh.gov.my/CodeSystem/procedure-code-my-core,CodeSystemProcedureCodeMyCore
78.46,"Other repair or plastic operations on bone, patella","Other repair or plastic operations on bone, patella",http://fhir.hie.moh.gov.my/CodeSystem/procedure-code-my-core,CodeSystemProcedureCodeMyCore
78.47,"Other repair or plastic operations on bone, tibia and fibula","Other repair or plastic operations on bone, tibia and fibula",http://fhir.hie.moh.gov.my/CodeSystem/procedure-code-my-core,CodeSystemProcedureCodeMyCore
78.48,"Other repair or plastic operations on bone, tarsals and metatarsals","Other repair or plastic operations on bone, tarsals and metatarsals",http://fhir.hie.moh.gov.my/CodeSystem/procedure-code-my-core,CodeSystemProcedureCodeMyCore
78.49,"Other repair or plastic operations on bone, other","Other repair or plastic operations on bone, other",http://fhir.hie.moh.gov.my/CodeSystem/procedure-code-my-core,CodeSystemProcedureCodeMyCore
78.51,"Internal fixation of bone without fracture reduction, scapula, clavicle, and thorax [ribs and sternum]","Internal fixation of bone without fracture reduction, scapula, clavicle, and thorax [ribs and sternum]",http://fhir.hie.moh.gov.my/CodeSystem/procedure-code-my-core,CodeSystemProcedureCodeMyCore
78.52,"Internal fixation of bone without fracture reduction, humerus","Internal fixation of bone without fracture reduction, humerus",http://fhir.hie.moh.gov.my/CodeSystem/procedure-code-my-core,CodeSystemProcedureCodeMyCore
78.53,"Internal fixation of bone without fracture reduction, radius and ulna","Internal fixation of bone without fracture reduction, radius and ulna",http://fhir.hie.moh.gov.my/CodeSystem/procedure-code-my-core,CodeSystemProcedureCodeMyCore
78.54,"Internal fixation of bone without fracture reduction, carpals and metacarpals","Internal fixation of bone without fracture reduction, carpals and metacarpals",http://fhir.hie.moh.gov.my/CodeSystem/procedure-code-my-core,CodeSystemProcedureCodeMyCore
78.55,"Internal fixation of bone without fracture reduction, femur","Internal fixation of bone without fracture reduction, femur",http://fhir.hie.moh.gov.my/CodeSystem/procedure-code-my-core,CodeSystemProcedureCodeMyCore
78.56,"Internal fixation of bone without fracture reduction, patella","Internal fixation of bone without fracture reduction, patella",http://fhir.hie.moh.gov.my/CodeSystem/procedure-code-my-core,CodeSystemProcedureCodeMyCore
78.57,"Internal fixation of bone without fracture reduction, tibia and fibula","Internal fixation of bone without fracture reduction, tibia and fibula",http://fhir.hie.moh.gov.my/CodeSystem/procedure-code-my-core,CodeSystemProcedureCodeMyCore
78.58,"Internal fixation of bone without fracture reduction, tarsals and metatarsals","Internal fixation of bone without fracture reduction, tarsals and metatarsals",http://fhir.hie.moh.gov.my/CodeSystem/procedure-code-my-core,CodeSystemProcedureCodeMyCore
78.59,"Internal fixation of bone without fracture reduction, other","Internal fixation of bone without fracture reduction, other",http://fhir.hie.moh.gov.my/CodeSystem/procedure-code-my-core,CodeSystemProcedureCodeMyCore
78.61,"Removal of implanted devices from bone, scapula, clavicle, and thorax [ribs and sternum]","Removal of implanted devices from bone, scapula, clavicle, and thorax [ribs and sternum]",http://fhir.hie.moh.gov.my/CodeSystem/procedure-code-my-core,CodeSystemProcedureCodeMyCore
78.62,"Removal of implanted devices from bone, humerus","Removal of implanted devices from bone, humerus",http://fhir.hie.moh.gov.my/CodeSystem/procedure-code-my-core,CodeSystemProcedureCodeMyCore
78.63,"Removal of implanted devices from bone, radius and ulna","Removal of implanted devices from bone, radius and ulna",http://fhir.hie.moh.gov.my/CodeSystem/procedure-code-my-core,CodeSystemProcedureCodeMyCore
78.64,"Removal of implanted devices from bone, carpals and metacarpals","Removal of implanted devices from bone, carpals and metacarpals",http://fhir.hie.moh.gov.my/CodeSystem/procedure-code-my-core,CodeSystemProcedureCodeMyCore
78.65,"Removal of implanted devices from bone, femur","Removal of implanted devices from bone, femur",http://fhir.hie.moh.gov.my/CodeSystem/procedure-code-my-core,CodeSystemProcedureCodeMyCore
78.66,"Removal of implanted devices from bone, patella","Removal of implanted devices from bone, patella",http://fhir.hie.moh.gov.my/CodeSystem/procedure-code-my-core,CodeSystemProcedureCodeMyCore
78.67,"Removal of implanted devices from bone, tibia and fibula","Removal of implanted devices from bone, tibia and fibula",http://fhir.hie.moh.gov.my/CodeSystem/procedure-code-my-core,CodeSystemProcedureCodeMyCore
78.68,"Removal of implanted devices from bone, tarsals and metatarsals","Removal of implanted devices from bone, tarsals and metatarsals",http://fhir.hie.moh.gov.my/CodeSystem/procedure-code-my-core,CodeSystemProcedureCodeMyCore
78.69,"Removal of implanted devices from bone, other","Removal of implanted devices from bone, other",http://fhir.hie.moh.gov.my/CodeSystem/procedure-code-my-core,CodeSystemProcedureCodeMyCore
78.71,"Osteoclasis, scapula, clavicle, and thorax [ribs and sternum]","Osteoclasis, scapula, clavicle, and thorax [ribs and sternum]",http://fhir.hie.moh.gov.my/CodeSystem/procedure-code-my-core,CodeSystemProcedureCodeMyCore
78.72,"Osteoclasis, humerus","Osteoclasis, humerus",http://fhir.hie.moh.gov.my/CodeSystem/procedure-code-my-core,CodeSystemProcedureCodeMyCore
78.73,"Osteoclasis, radius and ulna","Osteoclasis, radius and ulna",http://fhir.hie.moh.gov.my/CodeSystem/procedure-code-my-core,CodeSystemProcedureCodeMyCore
78.74,"Osteoclasis, carpals and metacarpals","Osteoclasis, carpals and metacarpals",http://fhir.hie.moh.gov.my/CodeSystem/procedure-code-my-core,CodeSystemProcedureCodeMyCore
78.75,"Osteoclasis, femur","Osteoclasis, femur",http://fhir.hie.moh.gov.my/CodeSystem/procedure-code-my-core,CodeSystemProcedureCodeMyCore
78.76,"Osteoclasis, patella","Osteoclasis, patella",http://fhir.hie.moh.gov.my/CodeSystem/procedure-code-my-core,CodeSystemProcedureCodeMyCore
78.77,"Osteoclasis, tibia and fibula","Osteoclasis, tibia and fibula",http://fhir.hie.moh.gov.my/CodeSystem/procedure-code-my-core,CodeSystemProcedureCodeMyCore
78.78,"Osteoclasis, tarsals and metatarsals","Osteoclasis, tarsals and metatarsals",http://fhir.hie.moh.gov.my/CodeSystem/procedure-code-my-core,CodeSystemProcedureCodeMyCore
78.79,"Osteoclasis, other","Osteoclasis, other",http://fhir.hie.moh.gov.my/CodeSystem/procedure-code-my-core,CodeSystemProcedureCodeMyCore
78.81,"Diagnostic procedures on bone, not elsewhere classified, scapula, clavicle, and thorax [ribs and sternum]","Diagnostic procedures on bone, not elsewhere classified, scapula, clavicle, and thorax [ribs and sternum]",http://fhir.hie.moh.gov.my/CodeSystem/procedure-code-my-core,CodeSystemProcedureCodeMyCore
78.82,"Diagnostic procedures on bone, not elsewhere classified, humerus","Diagnostic procedures on bone, not elsewhere classified, humerus",http://fhir.hie.moh.gov.my/CodeSystem/procedure-code-my-core,CodeSystemProcedureCodeMyCore
78.83,"Diagnostic procedures on bone, not elsewhere classified, radius and ulna","Diagnostic procedures on bone, not elsewhere classified, radius and ulna",http://fhir.hie.moh.gov.my/CodeSystem/procedure-code-my-core,CodeSystemProcedureCodeMyCore
78.84,"Diagnostic procedures on bone, not elsewhere classified, carpals and metacarpals","Diagnostic procedures on bone, not elsewhere classified, carpals and metacarpals",http://fhir.hie.moh.gov.my/CodeSystem/procedure-code-my-core,CodeSystemProcedureCodeMyCore
78.85,"Diagnostic procedures on bone, not elsewhere classified, femur","Diagnostic procedures on bone, not elsewhere classified, femur",http://fhir.hie.moh.gov.my/CodeSystem/procedure-code-my-core,CodeSystemProcedureCodeMyCore
78.86,"Diagnostic procedures on bone, not elsewhere classified, patella","Diagnostic procedures on bone, not elsewhere classified, patella",http://fhir.hie.moh.gov.my/CodeSystem/procedure-code-my-core,CodeSystemProcedureCodeMyCore
78.87,"Diagnostic procedures on bone, not elsewhere classified, tibia and fibula","Diagnostic procedures on bone, not elsewhere classified, tibia and fibula",http://fhir.hie.moh.gov.my/CodeSystem/procedure-code-my-core,CodeSystemProcedureCodeMyCore
78.88,"Diagnostic procedures on bone, not elsewhere classified, tarsals and metatarsals","Diagnostic procedures on bone, not elsewhere classified, tarsals and metatarsals",http://fhir.hie.moh.gov.my/CodeSystem/procedure-code-my-core,CodeSystemProcedureCodeMyCore
78.89,"Diagnostic procedures on bone, not elsewhere classified, other","Diagnostic procedures on bone, not elsewhere classified, other",http://fhir.hie.moh.gov.my/CodeSystem/procedure-code-my-core,CodeSystemProcedureCodeMyCore
78.91,"Insertion of bone growth stimulator, scapula, clavicle, and thorax [ribs and sternum]","Insertion of bone growth stimulator, scapula, clavicle, and thorax [ribs and sternum]",http://fhir.hie.moh.gov.my/CodeSystem/procedure-code-my-core,CodeSystemProcedureCodeMyCore
78.92,"Insertion of bone growth stimulator, humerus","Insertion of bone growth stimulator, humerus",http://fhir.hie.moh.gov.my/CodeSystem/procedure-code-my-core,CodeSystemProcedureCodeMyCore
78.93,"Insertion of bone growth stimulator, radius and ulna","Insertion of bone growth stimulator, radius and ulna",http://fhir.hie.moh.gov.my/CodeSystem/procedure-code-my-core,CodeSystemProcedureCodeMyCore
78.94,"Insertion of bone growth stimulator, carpals and metacarpals","Insertion of bone growth stimulator, carpals and metacarpals",http://fhir.hie.moh.gov.my/CodeSystem/procedure-code-my-core,CodeSystemProcedureCodeMyCore
78.95,"Insertion of bone growth stimulator, femur","Insertion of bone growth stimulator, femur",http://fhir.hie.moh.gov.my/CodeSystem/procedure-code-my-core,CodeSystemProcedureCodeMyCore
78.96,"Insertion of bone growth stimulator, patella","Insertion of bone growth stimulator, patella",http://fhir.hie.moh.gov.my/CodeSystem/procedure-code-my-core,CodeSystemProcedureCodeMyCore
78.97,"Insertion of bone growth stimulator, tibia and fibula","Insertion of bone growth stimulator, tibia and fibula",http://fhir.hie.moh.gov.my/CodeSystem/procedure-code-my-core,CodeSystemProcedureCodeMyCore
78.98,"Insertion of bone growth stimulator, tarsals and metatarsals","Insertion of bone growth stimulator, tarsals and metatarsals",http://fhir.hie.moh.gov.my/CodeSystem/procedure-code-my-core,CodeSystemProcedureCodeMyCore
78.99,"Insertion of bone growth stimulator, other","Insertion of bone growth stimulator, other",http://fhir.hie.moh.gov.my/CodeSystem/procedure-code-my-core,CodeSystemProcedureCodeMyCore
79.01,"Closed reduction of fracture without internal fixation, humerus","Closed reduction of fracture without internal fixation, humerus",http://fhir.hie.moh.gov.my/CodeSystem/procedure-code-my-core,CodeSystemProcedureCodeMyCore
79.02,"Closed reduction of fracture without internal fixation, radius and ulna","Closed reduction of fracture without internal fixation, radius and ulna",http://fhir.hie.moh.gov.my/CodeSystem/procedure-code-my-core,CodeSystemProcedureCodeMyCore
79.03,"Closed reduction of fracture without internal fixation, carpals and metacarpals","Closed reduction of fracture without internal fixation, carpals and metacarpals",http://fhir.hie.moh.gov.my/CodeSystem/procedure-code-my-core,CodeSystemProcedureCodeMyCore
79.04,"Closed reduction of fracture without internal fixation, phalanges of hand","Closed reduction of fracture without internal fixation, phalanges of hand",http://fhir.hie.moh.gov.my/CodeSystem/procedure-code-my-core,CodeSystemProcedureCodeMyCore
79.05,"Closed reduction of fracture without internal fixation, femur","Closed reduction of fracture without internal fixation, femur",http://fhir.hie.moh.gov.my/CodeSystem/procedure-code-my-core,CodeSystemProcedureCodeMyCore
79.06,"Closed reduction of fracture without internal fixation, tibia and fibula","Closed reduction of fracture without internal fixation, tibia and fibula",http://fhir.hie.moh.gov.my/CodeSystem/procedure-code-my-core,CodeSystemProcedureCodeMyCore
79.82,Open reduction of dislocation of elbow,Open reduction of dislocation of elbow,http://fhir.hie.moh.gov.my/CodeSystem/procedure-code-my-core,CodeSystemProcedureCodeMyCore
79.07,"Closed reduction of fracture without internal fixation, tarsals and metatarsals","Closed reduction of fracture without internal fixation, tarsals and metatarsals",http://fhir.hie.moh.gov.my/CodeSystem/procedure-code-my-core,CodeSystemProcedureCodeMyCore
79.08,"Closed reduction of fracture without internal fixation, phalanges of foot","Closed reduction of fracture without internal fixation, phalanges of foot",http://fhir.hie.moh.gov.my/CodeSystem/procedure-code-my-core,CodeSystemProcedureCodeMyCore
79.09,"Closed reduction of fracture without internal fixation, other specified bone","Closed reduction of fracture without internal fixation, other specified bone",http://fhir.hie.moh.gov.my/CodeSystem/procedure-code-my-core,CodeSystemProcedureCodeMyCore
79.11,"Closed reduction of fracture with internal fixation, humerus","Closed reduction of fracture with internal fixation, humerus",http://fhir.hie.moh.gov.my/CodeSystem/procedure-code-my-core,CodeSystemProcedureCodeMyCore
79.12,"Closed reduction of fracture with internal fixation, radius and ulna","Closed reduction of fracture with internal fixation, radius and ulna",http://fhir.hie.moh.gov.my/CodeSystem/procedure-code-my-core,CodeSystemProcedureCodeMyCore
79.13,"Closed reduction of fracture with internal fixation, carpals and metacarpals","Closed reduction of fracture with internal fixation, carpals and metacarpals",http://fhir.hie.moh.gov.my/CodeSystem/procedure-code-my-core,CodeSystemProcedureCodeMyCore
79.14,"Closed reduction of fracture with internal fixation, phalanges of hand","Closed reduction of fracture with internal fixation, phalanges of hand",http://fhir.hie.moh.gov.my/CodeSystem/procedure-code-my-core,CodeSystemProcedureCodeMyCore
79.15,"Closed reduction of fracture with internal fixation, femur","Closed reduction of fracture with internal fixation, femur",http://fhir.hie.moh.gov.my/CodeSystem/procedure-code-my-core,CodeSystemProcedureCodeMyCore
79.16,"Closed reduction of fracture with internal fixation, tibia and fibula","Closed reduction of fracture with internal fixation, tibia and fibula",http://fhir.hie.moh.gov.my/CodeSystem/procedure-code-my-core,CodeSystemProcedureCodeMyCore
79.17,"Closed reduction of fracture with internal fixation, tarsals and metatarsals","Closed reduction of fracture with internal fixation, tarsals and metatarsals",http://fhir.hie.moh.gov.my/CodeSystem/procedure-code-my-core,CodeSystemProcedureCodeMyCore
79.18,"Closed reduction of fracture with internal fixation, phalanges of foot","Closed reduction of fracture with internal fixation, phalanges of foot",http://fhir.hie.moh.gov.my/CodeSystem/procedure-code-my-core,CodeSystemProcedureCodeMyCore
79.19,"Closed reduction of fracture with internal fixation, other specified bone","Closed reduction of fracture with internal fixation, other specified bone",http://fhir.hie.moh.gov.my/CodeSystem/procedure-code-my-core,CodeSystemProcedureCodeMyCore
79.21,"Open reduction of fracture without internal fixation, humerus","Open reduction of fracture without internal fixation, humerus",http://fhir.hie.moh.gov.my/CodeSystem/procedure-code-my-core,CodeSystemProcedureCodeMyCore
79.22,"Open reduction of fracture without internal fixation, radius and ulna","Open reduction of fracture without internal fixation, radius and ulna",http://fhir.hie.moh.gov.my/CodeSystem/procedure-code-my-core,CodeSystemProcedureCodeMyCore
79.23,"Open reduction of fracture without internal fixation, carpals and metacarpals","Open reduction of fracture without internal fixation, carpals and metacarpals",http://fhir.hie.moh.gov.my/CodeSystem/procedure-code-my-core,CodeSystemProcedureCodeMyCore
79.24,"Open reduction of fracture without internal fixation, phalanges of hand","Open reduction of fracture without internal fixation, phalanges of hand",http://fhir.hie.moh.gov.my/CodeSystem/procedure-code-my-core,CodeSystemProcedureCodeMyCore
79.25,"Open reduction of fracture without internal fixation, femur","Open reduction of fracture without internal fixation, femur",http://fhir.hie.moh.gov.my/CodeSystem/procedure-code-my-core,CodeSystemProcedureCodeMyCore
79.26,"Open reduction of fracture without internal fixation, tibia and fibula","Open reduction of fracture without internal fixation, tibia and fibula",http://fhir.hie.moh.gov.my/CodeSystem/procedure-code-my-core,CodeSystemProcedureCodeMyCore
79.27,"Open reduction of fracture without internal fixation, tarsals and metatarsals","Open reduction of fracture without internal fixation, tarsals and metatarsals",http://fhir.hie.moh.gov.my/CodeSystem/procedure-code-my-core,CodeSystemProcedureCodeMyCore
79.28,"Open reduction of fracture without internal fixation, phalanges of foot","Open reduction of fracture without internal fixation, phalanges of foot",http://fhir.hie.moh.gov.my/CodeSystem/procedure-code-my-core,CodeSystemProcedureCodeMyCore
79.29,"Open reduction of fracture without internal fixation, other specified bone","Open reduction of fracture without internal fixation, other specified bone",http://fhir.hie.moh.gov.my/CodeSystem/procedure-code-my-core,CodeSystemProcedureCodeMyCore
79.31,"Open reduction of fracture with internal fixation, humerus","Open reduction of fracture with internal fixation, humerus",http://fhir.hie.moh.gov.my/CodeSystem/procedure-code-my-core,CodeSystemProcedureCodeMyCore
79.32,"Open reduction of fracture with internal fixation, radius and ulna","Open reduction of fracture with internal fixation, radius and ulna",http://fhir.hie.moh.gov.my/CodeSystem/procedure-code-my-core,CodeSystemProcedureCodeMyCore
79.33,"Open reduction of fracture with internal fixation, carpals and metacarpals","Open reduction of fracture with internal fixation, carpals and metacarpals",http://fhir.hie.moh.gov.my/CodeSystem/procedure-code-my-core,CodeSystemProcedureCodeMyCore
79.34,"Open reduction of fracture with internal fixation, phalanges of hand","Open reduction of fracture with internal fixation, phalanges of hand",http://fhir.hie.moh.gov.my/CodeSystem/procedure-code-my-core,CodeSystemProcedureCodeMyCore
79.35,"Open reduction of fracture with internal fixation, femur","Open reduction of fracture with internal fixation, femur",http://fhir.hie.moh.gov.my/CodeSystem/procedure-code-my-core,CodeSystemProcedureCodeMyCore
79.36,"Open reduction of fracture with internal fixation, tibia and fibula","Open reduction of fracture with internal fixation, tibia and fibula",http://fhir.hie.moh.gov.my/CodeSystem/procedure-code-my-core,CodeSystemProcedureCodeMyCore
79.37,"Open reduction of fracture with internal fixation, tarsals and metatarsals","Open reduction of fracture with internal fixation, tarsals and metatarsals",http://fhir.hie.moh.gov.my/CodeSystem/procedure-code-my-core,CodeSystemProcedureCodeMyCore
79.38,"Open reduction of fracture with internal fixation, phalanges of foot","Open reduction of fracture with internal fixation, phalanges of foot",http://fhir.hie.moh.gov.my/CodeSystem/procedure-code-my-core,CodeSystemProcedureCodeMyCore
79.39,"Open reduction of fracture with internal fixation, other specified bone","Open reduction of fracture with internal fixation, other specified bone",http://fhir.hie.moh.gov.my/CodeSystem/procedure-code-my-core,CodeSystemProcedureCodeMyCore
79.41,"Closed reduction of separated epiphysis, humerus","Closed reduction of separated epiphysis, humerus",http://fhir.hie.moh.gov.my/CodeSystem/procedure-code-my-core,CodeSystemProcedureCodeMyCore
79.42,"Closed reduction of separated epiphysis, radius and ulna","Closed reduction of separated epiphysis, radius and ulna",http://fhir.hie.moh.gov.my/CodeSystem/procedure-code-my-core,CodeSystemProcedureCodeMyCore
79.45,"Closed reduction of separated epiphysis, femur","Closed reduction of separated epiphysis, femur",http://fhir.hie.moh.gov.my/CodeSystem/procedure-code-my-core,CodeSystemProcedureCodeMyCore
79.46,"Closed reduction of separated epiphysis, tibia and fibula","Closed reduction of separated epiphysis, tibia and fibula",http://fhir.hie.moh.gov.my/CodeSystem/procedure-code-my-core,CodeSystemProcedureCodeMyCore
79.49,"Closed reduction of separated epiphysis, other specified bone","Closed reduction of separated epiphysis, other specified bone",http://fhir.hie.moh.gov.my/CodeSystem/procedure-code-my-core,CodeSystemProcedureCodeMyCore
79.51,"Open reduction of separated epiphysis, humerus","Open reduction of separated epiphysis, humerus",http://fhir.hie.moh.gov.my/CodeSystem/procedure-code-my-core,CodeSystemProcedureCodeMyCore
79.52,"Open reduction of separated epiphysis, radius and ulna","Open reduction of separated epiphysis, radius and ulna",http://fhir.hie.moh.gov.my/CodeSystem/procedure-code-my-core,CodeSystemProcedureCodeMyCore
79.55,"Open reduction of separated epiphysis, femur","Open reduction of separated epiphysis, femur",http://fhir.hie.moh.gov.my/CodeSystem/procedure-code-my-core,CodeSystemProcedureCodeMyCore
79.56,"Open reduction of separated epiphysis, tibia and fibula","Open reduction of separated epiphysis, tibia and fibula",http://fhir.hie.moh.gov.my/CodeSystem/procedure-code-my-core,CodeSystemProcedureCodeMyCore
79.59,"Open reduction of separated epiphysis, other specified bone","Open reduction of separated epiphysis, other specified bone",http://fhir.hie.moh.gov.my/CodeSystem/procedure-code-my-core,CodeSystemProcedureCodeMyCore
79.61,"Debridement of open fracture site, humerus","Debridement of open fracture site, humerus",http://fhir.hie.moh.gov.my/CodeSystem/procedure-code-my-core,CodeSystemProcedureCodeMyCore
79.62,"Debridement of open fracture site, radius and ulna","Debridement of open fracture site, radius and ulna",http://fhir.hie.moh.gov.my/CodeSystem/procedure-code-my-core,CodeSystemProcedureCodeMyCore
79.63,"Debridement of open fracture site, carpals and metacarpals","Debridement of open fracture site, carpals and metacarpals",http://fhir.hie.moh.gov.my/CodeSystem/procedure-code-my-core,CodeSystemProcedureCodeMyCore
79.64,"Debridement of open fracture site, phalanges of hand","Debridement of open fracture site, phalanges of hand",http://fhir.hie.moh.gov.my/CodeSystem/procedure-code-my-core,CodeSystemProcedureCodeMyCore
79.65,"Debridement of open fracture site, femur","Debridement of open fracture site, femur",http://fhir.hie.moh.gov.my/CodeSystem/procedure-code-my-core,CodeSystemProcedureCodeMyCore
79.66,"Debridement of open fracture site, tibia and fibula","Debridement of open fracture site, tibia and fibula",http://fhir.hie.moh.gov.my/CodeSystem/procedure-code-my-core,CodeSystemProcedureCodeMyCore
79.67,"Debridement of open fracture site, tarsals and metatarsals","Debridement of open fracture site, tarsals and metatarsals",http://fhir.hie.moh.gov.my/CodeSystem/procedure-code-my-core,CodeSystemProcedureCodeMyCore
79.68,"Debridement of open fracture site, phalanges of foot","Debridement of open fracture site, phalanges of foot",http://fhir.hie.moh.gov.my/CodeSystem/procedure-code-my-core,CodeSystemProcedureCodeMyCore
79.69,"Debridement of open fracture site, other specified bone","Debridement of open fracture site, other specified bone",http://fhir.hie.moh.gov.my/CodeSystem/procedure-code-my-core,CodeSystemProcedureCodeMyCore
79.71,Closed reduction of dislocation of shoulder,Closed reduction of dislocation of shoulder,http://fhir.hie.moh.gov.my/CodeSystem/procedure-code-my-core,CodeSystemProcedureCodeMyCore
79.72,Closed reduction of dislocation of elbow,Closed reduction of dislocation of elbow,http://fhir.hie.moh.gov.my/CodeSystem/procedure-code-my-core,CodeSystemProcedureCodeMyCore
79.73,Closed reduction of dislocation of wrist,Closed reduction of dislocation of wrist,http://fhir.hie.moh.gov.my/CodeSystem/procedure-code-my-core,CodeSystemProcedureCodeMyCore
79.74,Closed reduction of dislocation of hand and finger,Closed reduction of dislocation of hand and finger,http://fhir.hie.moh.gov.my/CodeSystem/procedure-code-my-core,CodeSystemProcedureCodeMyCore
79.75,Closed reduction of dislocation of hip,Closed reduction of dislocation of hip,http://fhir.hie.moh.gov.my/CodeSystem/procedure-code-my-core,CodeSystemProcedureCodeMyCore
79.76,Closed reduction of dislocation of knee,Closed reduction of dislocation of knee,http://fhir.hie.moh.gov.my/CodeSystem/procedure-code-my-core,CodeSystemProcedureCodeMyCore
79.77,Closed reduction of dislocation of ankle,Closed reduction of dislocation of ankle,http://fhir.hie.moh.gov.my/CodeSystem/procedure-code-my-core,CodeSystemProcedureCodeMyCore
79.78,Closed reduction of dislocation of foot and toe,Closed reduction of dislocation of foot and toe,http://fhir.hie.moh.gov.my/CodeSystem/procedure-code-my-core,CodeSystemProcedureCodeMyCore
79.79,Closed reduction of dislocation of other specified site,Closed reduction of dislocation of other specified site,http://fhir.hie.moh.gov.my/CodeSystem/procedure-code-my-core,CodeSystemProcedureCodeMyCore
79.83,Open reduction of dislocation of wrist,Open reduction of dislocation of wrist,http://fhir.hie.moh.gov.my/CodeSystem/procedure-code-my-core,CodeSystemProcedureCodeMyCore
79.84,Open reduction of dislocation of hand and finger,Open reduction of dislocation of hand and finger,http://fhir.hie.moh.gov.my/CodeSystem/procedure-code-my-core,CodeSystemProcedureCodeMyCore
79.85,Open reduction of dislocation of hip,Open reduction of dislocation of hip,http://fhir.hie.moh.gov.my/CodeSystem/procedure-code-my-core,CodeSystemProcedureCodeMyCore
79.86,Open reduction of dislocation of knee,Open reduction of dislocation of knee,http://fhir.hie.moh.gov.my/CodeSystem/procedure-code-my-core,CodeSystemProcedureCodeMyCore
79.87,Open reduction of dislocation of ankle,Open reduction of dislocation of ankle,http://fhir.hie.moh.gov.my/CodeSystem/procedure-code-my-core,CodeSystemProcedureCodeMyCore
79.88,Open reduction of dislocation of foot and toe,Open reduction of dislocation of foot and toe,http://fhir.hie.moh.gov.my/CodeSystem/procedure-code-my-core,CodeSystemProcedureCodeMyCore
79.89,Open reduction of dislocation of other specified site,Open reduction of dislocation of other specified site,http://fhir.hie.moh.gov.my/CodeSystem/procedure-code-my-core,CodeSystemProcedureCodeMyCore
79.91,"Unspecified operation on bone injury, humerus","Unspecified operation on bone injury, humerus",http://fhir.hie.moh.gov.my/CodeSystem/procedure-code-my-core,CodeSystemProcedureCodeMyCore
79.92,"Unspecified operation on bone injury, radius and ulna","Unspecified operation on bone injury, radius and ulna",http://fhir.hie.moh.gov.my/CodeSystem/procedure-code-my-core,CodeSystemProcedureCodeMyCore
79.93,"Unspecified operation on bone injury, carpals and metacarpals","Unspecified operation on bone injury, carpals and metacarpals",http://fhir.hie.moh.gov.my/CodeSystem/procedure-code-my-core,CodeSystemProcedureCodeMyCore
79.94,"Unspecified operation on bone injury, phalanges of hand","Unspecified operation on bone injury, phalanges of hand",http://fhir.hie.moh.gov.my/CodeSystem/procedure-code-my-core,CodeSystemProcedureCodeMyCore
79.95,"Unspecified operation on bone injury, femur","Unspecified operation on bone injury, femur",http://fhir.hie.moh.gov.my/CodeSystem/procedure-code-my-core,CodeSystemProcedureCodeMyCore
79.96,"Unspecified operation on bone injury, tibia and fibula","Unspecified operation on bone injury, tibia and fibula",http://fhir.hie.moh.gov.my/CodeSystem/procedure-code-my-core,CodeSystemProcedureCodeMyCore
79.97,"Unspecified operation on bone injury, tarsals and metatarsals","Unspecified operation on bone injury, tarsals and metatarsals",http://fhir.hie.moh.gov.my/CodeSystem/procedure-code-my-core,CodeSystemProcedureCodeMyCore
79.98,"Unspecified operation on bone injury, phalanges of foot","Unspecified operation on bone injury, phalanges of foot",http://fhir.hie.moh.gov.my/CodeSystem/procedure-code-my-core,CodeSystemProcedureCodeMyCore
79.99,"Unspecified operation on bone injury, other specified bone","Unspecified operation on bone injury, other specified bone",http://fhir.hie.moh.gov.my/CodeSystem/procedure-code-my-core,CodeSystemProcedureCodeMyCore
80.01,"Arthrotomy for removal of prosthesis without replacement, shoulder","Arthrotomy for removal of prosthesis without replacement, shoulder",http://fhir.hie.moh.gov.my/CodeSystem/procedure-code-my-core,CodeSystemProcedureCodeMyCore
80.02,"Arthrotomy for removal of prosthesis without replacement, elbow","Arthrotomy for removal of prosthesis without replacement, elbow",http://fhir.hie.moh.gov.my/CodeSystem/procedure-code-my-core,CodeSystemProcedureCodeMyCore
80.03,"Arthrotomy for removal of prosthesis without replacement, wrist","Arthrotomy for removal of prosthesis without replacement, wrist",http://fhir.hie.moh.gov.my/CodeSystem/procedure-code-my-core,CodeSystemProcedureCodeMyCore
80.04,"Arthrotomy for removal of prosthesis without replacement, hand and finger","Arthrotomy for removal of prosthesis without replacement, hand and finger",http://fhir.hie.moh.gov.my/CodeSystem/procedure-code-my-core,CodeSystemProcedureCodeMyCore
80.05,"Arthrotomy for removal of prosthesis without replacement, hip","Arthrotomy for removal of prosthesis without replacement, hip",http://fhir.hie.moh.gov.my/CodeSystem/procedure-code-my-core,CodeSystemProcedureCodeMyCore
80.06,"Arthrotomy for removal of prosthesis without replacement, knee","Arthrotomy for removal of prosthesis without replacement, knee",http://fhir.hie.moh.gov.my/CodeSystem/procedure-code-my-core,CodeSystemProcedureCodeMyCore
80.07,"Arthrotomy for removal of prosthesis without replacement, ankle","Arthrotomy for removal of prosthesis without replacement, ankle",http://fhir.hie.moh.gov.my/CodeSystem/procedure-code-my-core,CodeSystemProcedureCodeMyCore
80.08,"Arthrotomy for removal of prosthesis without replacement, foot and toe","Arthrotomy for removal of prosthesis without replacement, foot and toe",http://fhir.hie.moh.gov.my/CodeSystem/procedure-code-my-core,CodeSystemProcedureCodeMyCore
80.09,"Arthrotomy for removal of prosthesis without replacement, other specified sites","Arthrotomy for removal of prosthesis without replacement, other specified sites",http://fhir.hie.moh.gov.my/CodeSystem/procedure-code-my-core,CodeSystemProcedureCodeMyCore
80.11,"Other arthrotomy, shoulder","Other arthrotomy, shoulder",http://fhir.hie.moh.gov.my/CodeSystem/procedure-code-my-core,CodeSystemProcedureCodeMyCore
80.12,"Other arthrotomy, elbow","Other arthrotomy, elbow",http://fhir.hie.moh.gov.my/CodeSystem/procedure-code-my-core,CodeSystemProcedureCodeMyCore
80.13,"Other arthrotomy, wrist","Other arthrotomy, wrist",http://fhir.hie.moh.gov.my/CodeSystem/procedure-code-my-core,CodeSystemProcedureCodeMyCore
80.14,"Other arthrotomy, hand and finger","Other arthrotomy, hand and finger",http://fhir.hie.moh.gov.my/CodeSystem/procedure-code-my-core,CodeSystemProcedureCodeMyCore
80.15,"Other arthrotomy, hip","Other arthrotomy, hip",http://fhir.hie.moh.gov.my/CodeSystem/procedure-code-my-core,CodeSystemProcedureCodeMyCore
80.16,"Other arthrotomy, knee","Other arthrotomy, knee",http://fhir.hie.moh.gov.my/CodeSystem/procedure-code-my-core,CodeSystemProcedureCodeMyCore
80.17,"Other arthrotomy, ankle","Other arthrotomy, ankle",http://fhir.hie.moh.gov.my/CodeSystem/procedure-code-my-core,CodeSystemProcedureCodeMyCore
80.18,"Other arthrotomy, foot and toe","Other arthrotomy, foot and toe",http://fhir.hie.moh.gov.my/CodeSystem/procedure-code-my-core,CodeSystemProcedureCodeMyCore
80.19,"Other arthrotomy, other specified sites","Other arthrotomy, other specified sites",http://fhir.hie.moh.gov.my/CodeSystem/procedure-code-my-core,CodeSystemProcedureCodeMyCore
80.21,"Arthroscopy, shoulder","Arthroscopy, shoulder",http://fhir.hie.moh.gov.my/CodeSystem/procedure-code-my-core,CodeSystemProcedureCodeMyCore
80.22,"Arthroscopy, elbow","Arthroscopy, elbow",http://fhir.hie.moh.gov.my/CodeSystem/procedure-code-my-core,CodeSystemProcedureCodeMyCore
80.23,"Arthroscopy, wrist","Arthroscopy, wrist",http://fhir.hie.moh.gov.my/CodeSystem/procedure-code-my-core,CodeSystemProcedureCodeMyCore
80.24,"Arthroscopy, hand and finger","Arthroscopy, hand and finger",http://fhir.hie.moh.gov.my/CodeSystem/procedure-code-my-core,CodeSystemProcedureCodeMyCore
80.25,"Arthroscopy, hip","Arthroscopy, hip",http://fhir.hie.moh.gov.my/CodeSystem/procedure-code-my-core,CodeSystemProcedureCodeMyCore
80.26,"Arthroscopy, knee","Arthroscopy, knee",http://fhir.hie.moh.gov.my/CodeSystem/procedure-code-my-core,CodeSystemProcedureCodeMyCore
80.27,"Arthroscopy, ankle","Arthroscopy, ankle",http://fhir.hie.moh.gov.my/CodeSystem/procedure-code-my-core,CodeSystemProcedureCodeMyCore
80.28,"Arthroscopy, foot and toe","Arthroscopy, foot and toe",http://fhir.hie.moh.gov.my/CodeSystem/procedure-code-my-core,CodeSystemProcedureCodeMyCore
80.29,"Arthroscopy, other specified sites","Arthroscopy, other specified sites",http://fhir.hie.moh.gov.my/CodeSystem/procedure-code-my-core,CodeSystemProcedureCodeMyCore
80.31,"Biopsy of joint structure, shoulder","Biopsy of joint structure, shoulder",http://fhir.hie.moh.gov.my/CodeSystem/procedure-code-my-core,CodeSystemProcedureCodeMyCore
80.32,"Biopsy of joint structure, elbow","Biopsy of joint structure, elbow",http://fhir.hie.moh.gov.my/CodeSystem/procedure-code-my-core,CodeSystemProcedureCodeMyCore
80.33,"Biopsy of joint structure, wrist","Biopsy of joint structure, wrist",http://fhir.hie.moh.gov.my/CodeSystem/procedure-code-my-core,CodeSystemProcedureCodeMyCore
80.34,"Biopsy of joint structure, hand and finger","Biopsy of joint structure, hand and finger",http://fhir.hie.moh.gov.my/CodeSystem/procedure-code-my-core,CodeSystemProcedureCodeMyCore
80.35,"Biopsy of joint structure, hip","Biopsy of joint structure, hip",http://fhir.hie.moh.gov.my/CodeSystem/procedure-code-my-core,CodeSystemProcedureCodeMyCore
80.36,"Biopsy of joint structure, knee","Biopsy of joint structure, knee",http://fhir.hie.moh.gov.my/CodeSystem/procedure-code-my-core,CodeSystemProcedureCodeMyCore
80.37,"Biopsy of joint structure, ankle","Biopsy of joint structure, ankle",http://fhir.hie.moh.gov.my/CodeSystem/procedure-code-my-core,CodeSystemProcedureCodeMyCore
80.38,"Biopsy of joint structure, foot and toe","Biopsy of joint structure, foot and toe",http://fhir.hie.moh.gov.my/CodeSystem/procedure-code-my-core,CodeSystemProcedureCodeMyCore
80.39,"Biopsy of joint structure, other specified sites","Biopsy of joint structure, other specified sites",http://fhir.hie.moh.gov.my/CodeSystem/procedure-code-my-core,CodeSystemProcedureCodeMyCore
80.41,"Division of joint capsule, ligament, or cartilage, shoulder","Division of joint capsule, ligament, or cartilage, shoulder",http://fhir.hie.moh.gov.my/CodeSystem/procedure-code-my-core,CodeSystemProcedureCodeMyCore
80.42,"Division of joint capsule, ligament, or cartilage, elbow","Division of joint capsule, ligament, or cartilage, elbow",http://fhir.hie.moh.gov.my/CodeSystem/procedure-code-my-core,CodeSystemProcedureCodeMyCore
80.43,"Division of joint capsule, ligament, or cartilage, wrist","Division of joint capsule, ligament, or cartilage, wrist",http://fhir.hie.moh.gov.my/CodeSystem/procedure-code-my-core,CodeSystemProcedureCodeMyCore
80.44,"Division of joint capsule, ligament, or cartilage, hand and finger","Division of joint capsule, ligament, or cartilage, hand and finger",http://fhir.hie.moh.gov.my/CodeSystem/procedure-code-my-core,CodeSystemProcedureCodeMyCore
80.45,"Division of joint capsule, ligament, or cartilage, hip","Division of joint capsule, ligament, or cartilage, hip",http://fhir.hie.moh.gov.my/CodeSystem/procedure-code-my-core,CodeSystemProcedureCodeMyCore
80.46,"Division of joint capsule, ligament, or cartilage, knee","Division of joint capsule, ligament, or cartilage, knee",http://fhir.hie.moh.gov.my/CodeSystem/procedure-code-my-core,CodeSystemProcedureCodeMyCore
80.47,"Division of joint capsule, ligament, or cartilage, ankle","Division of joint capsule, ligament, or cartilage, ankle",http://fhir.hie.moh.gov.my/CodeSystem/procedure-code-my-core,CodeSystemProcedureCodeMyCore
80.48,"Division of joint capsule, ligament, or cartilage, foot and toe","Division of joint capsule, ligament, or cartilage, foot and toe",http://fhir.hie.moh.gov.my/CodeSystem/procedure-code-my-core,CodeSystemProcedureCodeMyCore
80.49,"Division of joint capsule, ligament, or cartilage, other specified sites","Division of joint capsule, ligament, or cartilage, other specified sites",http://fhir.hie.moh.gov.my/CodeSystem/procedure-code-my-core,CodeSystemProcedureCodeMyCore
80.51,Excision of intervertebral disc,Excision of intervertebral disc,http://fhir.hie.moh.gov.my/CodeSystem/procedure-code-my-core,CodeSystemProcedureCodeMyCore
80.52,Intervertebral chemonucleolysis,Intervertebral chemonucleolysis,http://fhir.hie.moh.gov.my/CodeSystem/procedure-code-my-core,CodeSystemProcedureCodeMyCore
80.53,Repair of the anulus fibrosus with graft or prosthesis,Repair of the anulus fibrosus with graft or prosthesis,http://fhir.hie.moh.gov.my/CodeSystem/procedure-code-my-core,CodeSystemProcedureCodeMyCore
80.54,Other and unspecified repair of the anulus fibrosus,Other and unspecified repair of the anulus fibrosus,http://fhir.hie.moh.gov.my/CodeSystem/procedure-code-my-core,CodeSystemProcedureCodeMyCore
80.59,Other destruction of intervertebral disc,Other destruction of intervertebral disc,http://fhir.hie.moh.gov.my/CodeSystem/procedure-code-my-core,CodeSystemProcedureCodeMyCore
80.71,"Synovectomy, shoulder","Synovectomy, shoulder",http://fhir.hie.moh.gov.my/CodeSystem/procedure-code-my-core,CodeSystemProcedureCodeMyCore
80.72,"Synovectomy, elbow","Synovectomy, elbow",http://fhir.hie.moh.gov.my/CodeSystem/procedure-code-my-core,CodeSystemProcedureCodeMyCore
80.73,"Synovectomy, wrist","Synovectomy, wrist",http://fhir.hie.moh.gov.my/CodeSystem/procedure-code-my-core,CodeSystemProcedureCodeMyCore
80.74,"Synovectomy, hand and finger","Synovectomy, hand and finger",http://fhir.hie.moh.gov.my/CodeSystem/procedure-code-my-core,CodeSystemProcedureCodeMyCore
80.75,"Synovectomy, hip","Synovectomy, hip",http://fhir.hie.moh.gov.my/CodeSystem/procedure-code-my-core,CodeSystemProcedureCodeMyCore
80.76,"Synovectomy, knee","Synovectomy, knee",http://fhir.hie.moh.gov.my/CodeSystem/procedure-code-my-core,CodeSystemProcedureCodeMyCore
80.77,"Synovectomy, ankle","Synovectomy, ankle",http://fhir.hie.moh.gov.my/CodeSystem/procedure-code-my-core,CodeSystemProcedureCodeMyCore
80.78,"Synovectomy, foot and toe","Synovectomy, foot and toe",http://fhir.hie.moh.gov.my/CodeSystem/procedure-code-my-core,CodeSystemProcedureCodeMyCore
80.79,"Synovectomy, other specified sites","Synovectomy, other specified sites",http://fhir.hie.moh.gov.my/CodeSystem/procedure-code-my-core,CodeSystemProcedureCodeMyCore
80.81,"Other local excision or destruction of lesion of joint, shoulder","Other local excision or destruction of lesion of joint, shoulder",http://fhir.hie.moh.gov.my/CodeSystem/procedure-code-my-core,CodeSystemProcedureCodeMyCore
80.82,"Other local excision or destruction of lesion of joint, elbow","Other local excision or destruction of lesion of joint, elbow",http://fhir.hie.moh.gov.my/CodeSystem/procedure-code-my-core,CodeSystemProcedureCodeMyCore
80.83,"Other local excision or destruction of lesion of joint, wrist","Other local excision or destruction of lesion of joint, wrist",http://fhir.hie.moh.gov.my/CodeSystem/procedure-code-my-core,CodeSystemProcedureCodeMyCore
80.84,"Other local excision or destruction of lesion of joint, hand and finger","Other local excision or destruction of lesion of joint, hand and finger",http://fhir.hie.moh.gov.my/CodeSystem/procedure-code-my-core,CodeSystemProcedureCodeMyCore
80.85,"Other local excision or destruction of lesion of joint, hip","Other local excision or destruction of lesion of joint, hip",http://fhir.hie.moh.gov.my/CodeSystem/procedure-code-my-core,CodeSystemProcedureCodeMyCore
80.86,"Other local excision or destruction of lesion of joint, knee","Other local excision or destruction of lesion of joint, knee",http://fhir.hie.moh.gov.my/CodeSystem/procedure-code-my-core,CodeSystemProcedureCodeMyCore
80.87,"Other local excision or destruction of lesion of joint, ankle","Other local excision or destruction of lesion of joint, ankle",http://fhir.hie.moh.gov.my/CodeSystem/procedure-code-my-core,CodeSystemProcedureCodeMyCore
80.88,"Other local excision or destruction of lesion of joint, foot and toe","Other local excision or destruction of lesion of joint, foot and toe",http://fhir.hie.moh.gov.my/CodeSystem/procedure-code-my-core,CodeSystemProcedureCodeMyCore
80.89,"Other local excision or destruction of lesion of joint, other specified sites","Other local excision or destruction of lesion of joint, other specified sites",http://fhir.hie.moh.gov.my/CodeSystem/procedure-code-my-core,CodeSystemProcedureCodeMyCore
80.91,"Other excision of joint, shoulder","Other excision of joint, shoulder",http://fhir.hie.moh.gov.my/CodeSystem/procedure-code-my-core,CodeSystemProcedureCodeMyCore
80.92,"Other excision of joint, elbow","Other excision of joint, elbow",http://fhir.hie.moh.gov.my/CodeSystem/procedure-code-my-core,CodeSystemProcedureCodeMyCore
80.93,"Other excision of joint, wrist","Other excision of joint, wrist",http://fhir.hie.moh.gov.my/CodeSystem/procedure-code-my-core,CodeSystemProcedureCodeMyCore
80.94,"Other excision of joint, hand and finger","Other excision of joint, hand and finger",http://fhir.hie.moh.gov.my/CodeSystem/procedure-code-my-core,CodeSystemProcedureCodeMyCore
80.95,"Other excision of joint, hip","Other excision of joint, hip",http://fhir.hie.moh.gov.my/CodeSystem/procedure-code-my-core,CodeSystemProcedureCodeMyCore
80.96,"Other excision of joint, knee","Other excision of joint, knee",http://fhir.hie.moh.gov.my/CodeSystem/procedure-code-my-core,CodeSystemProcedureCodeMyCore
80.97,"Other excision of joint, ankle","Other excision of joint, ankle",http://fhir.hie.moh.gov.my/CodeSystem/procedure-code-my-core,CodeSystemProcedureCodeMyCore
80.98,"Other excision of joint, foot and toe","Other excision of joint, foot and toe",http://fhir.hie.moh.gov.my/CodeSystem/procedure-code-my-core,CodeSystemProcedureCodeMyCore
80.99,"Other excision of joint, other specified sites","Other excision of joint, other specified sites",http://fhir.hie.moh.gov.my/CodeSystem/procedure-code-my-core,CodeSystemProcedureCodeMyCore
81.01,Atlas-axial spinal fusion,Atlas-axial spinal fusion,http://fhir.hie.moh.gov.my/CodeSystem/procedure-code-my-core,CodeSystemProcedureCodeMyCore
81.02,"Other cervical fusion of the anterior column, anterior technique","Other cervical fusion of the anterior column, anterior technique",http://fhir.hie.moh.gov.my/CodeSystem/procedure-code-my-core,CodeSystemProcedureCodeMyCore
81.03,"Other cercvical fusion of the psoterior column, posterior technique","Other cercvical fusion of the psoterior column, posterior technique",http://fhir.hie.moh.gov.my/CodeSystem/procedure-code-my-core,CodeSystemProcedureCodeMyCore
81.04,"Dorsal and dorsolumbar fusion of the anterior column, anterior technique","Dorsal and dorsolumbar fusion of the anterior column, anterior technique",http://fhir.hie.moh.gov.my/CodeSystem/procedure-code-my-core,CodeSystemProcedureCodeMyCore
81.05,"Dorsal and dorsolumbar fusion of the posterior column, posterior technique","Dorsal and dorsolumbar fusion of the posterior column, posterior technique",http://fhir.hie.moh.gov.my/CodeSystem/procedure-code-my-core,CodeSystemProcedureCodeMyCore
81.06,"Lumbar and lumbosacral fusion of the anterior column, anterior technique","Lumbar and lumbosacral fusion of the anterior column, anterior technique",http://fhir.hie.moh.gov.my/CodeSystem/procedure-code-my-core,CodeSystemProcedureCodeMyCore
81.07,"Lumbar and lumbosacral fusion of the posterior column, posterior technique","Lumbar and lumbosacral fusion of the posterior column, posterior technique",http://fhir.hie.moh.gov.my/CodeSystem/procedure-code-my-core,CodeSystemProcedureCodeMyCore
81.08,"Lumbar and lumbosacral fusion of the anterior column, posterior technique","Lumbar and lumbosacral fusion of the anterior column, posterior technique",http://fhir.hie.moh.gov.my/CodeSystem/procedure-code-my-core,CodeSystemProcedureCodeMyCore
81.11,Ankle fusion,Ankle fusion,http://fhir.hie.moh.gov.my/CodeSystem/procedure-code-my-core,CodeSystemProcedureCodeMyCore
81.12,Triple arthrodesis,Triple arthrodesis,http://fhir.hie.moh.gov.my/CodeSystem/procedure-code-my-core,CodeSystemProcedureCodeMyCore
81.13,Subtalar fusion,Subtalar fusion,http://fhir.hie.moh.gov.my/CodeSystem/procedure-code-my-core,CodeSystemProcedureCodeMyCore
81.14,Midtarsal fusion,Midtarsal fusion,http://fhir.hie.moh.gov.my/CodeSystem/procedure-code-my-core,CodeSystemProcedureCodeMyCore
81.15,Tarsometatarsal fusion,Tarsometatarsal fusion,http://fhir.hie.moh.gov.my/CodeSystem/procedure-code-my-core,CodeSystemProcedureCodeMyCore
81.16,Metatarsophalangeal fusion,Metatarsophalangeal fusion,http://fhir.hie.moh.gov.my/CodeSystem/procedure-code-my-core,CodeSystemProcedureCodeMyCore
81.17,Other fusion of foot,Other fusion of foot,http://fhir.hie.moh.gov.my/CodeSystem/procedure-code-my-core,CodeSystemProcedureCodeMyCore
81.18,Subtalar joint arthroereisis,Subtalar joint arthroereisis,http://fhir.hie.moh.gov.my/CodeSystem/procedure-code-my-core,CodeSystemProcedureCodeMyCore
81.21,Arthrodesis of hip,Arthrodesis of hip,http://fhir.hie.moh.gov.my/CodeSystem/procedure-code-my-core,CodeSystemProcedureCodeMyCore
81.22,Arthrodesis of knee,Arthrodesis of knee,http://fhir.hie.moh.gov.my/CodeSystem/procedure-code-my-core,CodeSystemProcedureCodeMyCore
81.23,Arthrodesis of shoulder,Arthrodesis of shoulder,http://fhir.hie.moh.gov.my/CodeSystem/procedure-code-my-core,CodeSystemProcedureCodeMyCore
81.24,Arthrodesis of elbow,Arthrodesis of elbow,http://fhir.hie.moh.gov.my/CodeSystem/procedure-code-my-core,CodeSystemProcedureCodeMyCore
81.25,Carporadial fusion,Carporadial fusion,http://fhir.hie.moh.gov.my/CodeSystem/procedure-code-my-core,CodeSystemProcedureCodeMyCore
81.26,Metacarpocarpal fusion,Metacarpocarpal fusion,http://fhir.hie.moh.gov.my/CodeSystem/procedure-code-my-core,CodeSystemProcedureCodeMyCore
81.27,Metacarpophalangeal fusion,Metacarpophalangeal fusion,http://fhir.hie.moh.gov.my/CodeSystem/procedure-code-my-core,CodeSystemProcedureCodeMyCore
81.28,Interphalangeal fusion,Interphalangeal fusion,http://fhir.hie.moh.gov.my/CodeSystem/procedure-code-my-core,CodeSystemProcedureCodeMyCore
81.29,Arthrodesis of other specified joints,Arthrodesis of other specified joints,http://fhir.hie.moh.gov.my/CodeSystem/procedure-code-my-core,CodeSystemProcedureCodeMyCore
81.31,Refusion of atlas-axis spine,Refusion of atlas-axis spine,http://fhir.hie.moh.gov.my/CodeSystem/procedure-code-my-core,CodeSystemProcedureCodeMyCore
81.32,"Refusion of other cervical spine, anterior column, anterior technique","Refusion of other cervical spine, anterior column, anterior technique",http://fhir.hie.moh.gov.my/CodeSystem/procedure-code-my-core,CodeSystemProcedureCodeMyCore
81.33,"Refusion of other cervical spine, posterior column, posterior technique","Refusion of other cervical spine, posterior column, posterior technique",http://fhir.hie.moh.gov.my/CodeSystem/procedure-code-my-core,CodeSystemProcedureCodeMyCore
81.34,"Refusion of dorsal and dorsolumbar spine, anterior column, anterior technique","Refusion of dorsal and dorsolumbar spine, anterior column, anterior technique",http://fhir.hie.moh.gov.my/CodeSystem/procedure-code-my-core,CodeSystemProcedureCodeMyCore
81.35,"Refusion of dorsal and dorsolumbar spine, posterior column, posterior technique","Refusion of dorsal and dorsolumbar spine, posterior column, posterior technique",http://fhir.hie.moh.gov.my/CodeSystem/procedure-code-my-core,CodeSystemProcedureCodeMyCore
81.36,"Refusion of lumbar and lumbosacral spine, anterior column, anterior technique","Refusion of lumbar and lumbosacral spine, anterior column, anterior technique",http://fhir.hie.moh.gov.my/CodeSystem/procedure-code-my-core,CodeSystemProcedureCodeMyCore
81.37,"Refusion of lumbar and lumbosacral spine, posterior column, posterior technique","Refusion of lumbar and lumbosacral spine, posterior column, posterior technique",http://fhir.hie.moh.gov.my/CodeSystem/procedure-code-my-core,CodeSystemProcedureCodeMyCore
81.38,"Refusion of lumbar and lumbosacral spine, anterior column, posterior technique","Refusion of lumbar and lumbosacral spine, anterior column, posterior technique",http://fhir.hie.moh.gov.my/CodeSystem/procedure-code-my-core,CodeSystemProcedureCodeMyCore
81.39,"Refusion of spine, not elsewhere classified","Refusion of spine, not elsewhere classified",http://fhir.hie.moh.gov.my/CodeSystem/procedure-code-my-core,CodeSystemProcedureCodeMyCore
81.42,Five-in-one repair of knee,Five-in-one repair of knee,http://fhir.hie.moh.gov.my/CodeSystem/procedure-code-my-core,CodeSystemProcedureCodeMyCore
81.43,Triad knee repair,Triad knee repair,http://fhir.hie.moh.gov.my/CodeSystem/procedure-code-my-core,CodeSystemProcedureCodeMyCore
81.44,Patellar stabilization,Patellar stabilization,http://fhir.hie.moh.gov.my/CodeSystem/procedure-code-my-core,CodeSystemProcedureCodeMyCore
81.45,Other repair of the cruciate ligaments,Other repair of the cruciate ligaments,http://fhir.hie.moh.gov.my/CodeSystem/procedure-code-my-core,CodeSystemProcedureCodeMyCore
81.46,Other repair of the collateral ligaments,Other repair of the collateral ligaments,http://fhir.hie.moh.gov.my/CodeSystem/procedure-code-my-core,CodeSystemProcedureCodeMyCore
81.47,Other repair of knee,Other repair of knee,http://fhir.hie.moh.gov.my/CodeSystem/procedure-code-my-core,CodeSystemProcedureCodeMyCore
81.49,Other repair of ankle,Other repair of ankle,http://fhir.hie.moh.gov.my/CodeSystem/procedure-code-my-core,CodeSystemProcedureCodeMyCore
81.51,Total hip replacement,Total hip replacement,http://fhir.hie.moh.gov.my/CodeSystem/procedure-code-my-core,CodeSystemProcedureCodeMyCore
81.52,Partial hip replacement,Partial hip replacement,http://fhir.hie.moh.gov.my/CodeSystem/procedure-code-my-core,CodeSystemProcedureCodeMyCore
81.53,"Revision of hip replacement, not otherwise specified","Revision of hip replacement, not otherwise specified",http://fhir.hie.moh.gov.my/CodeSystem/procedure-code-my-core,CodeSystemProcedureCodeMyCore
81.54,Total knee replacement,Total knee replacement,http://fhir.hie.moh.gov.my/CodeSystem/procedure-code-my-core,CodeSystemProcedureCodeMyCore
81.55,"Revision of knee replacement, not otherwise specified","Revision of knee replacement, not otherwise specified",http://fhir.hie.moh.gov.my/CodeSystem/procedure-code-my-core,CodeSystemProcedureCodeMyCore
81.56,Total ankle replacement,Total ankle replacement,http://fhir.hie.moh.gov.my/CodeSystem/procedure-code-my-core,CodeSystemProcedureCodeMyCore
81.57,Replacement of joint of foot and toe,Replacement of joint of foot and toe,http://fhir.hie.moh.gov.my/CodeSystem/procedure-code-my-core,CodeSystemProcedureCodeMyCore
81.59,"Revision of joint replacement of lower extremity, not elsewhere classified","Revision of joint replacement of lower extremity, not elsewhere classified",http://fhir.hie.moh.gov.my/CodeSystem/procedure-code-my-core,CodeSystemProcedureCodeMyCore
81.62,Fusion or refusion of 2-3 vertebrae,Fusion or refusion of 2-3 vertebrae,http://fhir.hie.moh.gov.my/CodeSystem/procedure-code-my-core,CodeSystemProcedureCodeMyCore
81.63,Fusion or refusion of 4-8 vertebrae,Fusion or refusion of 4-8 vertebrae,http://fhir.hie.moh.gov.my/CodeSystem/procedure-code-my-core,CodeSystemProcedureCodeMyCore
81.64,Fusion or refusion of 9 or more vertebrae,Fusion or refusion of 9 or more vertebrae,http://fhir.hie.moh.gov.my/CodeSystem/procedure-code-my-core,CodeSystemProcedureCodeMyCore
81.65,Percutaneous vertebroplasty,Percutaneous vertebroplasty,http://fhir.hie.moh.gov.my/CodeSystem/procedure-code-my-core,CodeSystemProcedureCodeMyCore
81.66,Percutaneous vertebral augmentation,Percutaneous vertebral augmentation,http://fhir.hie.moh.gov.my/CodeSystem/procedure-code-my-core,CodeSystemProcedureCodeMyCore
81.71,Arthroplasty of metacarpophalangeal and interphalangeal joint with implant,Arthroplasty of metacarpophalangeal and interphalangeal joint with implant,http://fhir.hie.moh.gov.my/CodeSystem/procedure-code-my-core,CodeSystemProcedureCodeMyCore
81.72,Arthroplasty of metacarpophalangeal and interphalangeal joint without implant,Arthroplasty of metacarpophalangeal and interphalangeal joint without implant,http://fhir.hie.moh.gov.my/CodeSystem/procedure-code-my-core,CodeSystemProcedureCodeMyCore
81.73,Total wrist replacement,Total wrist replacement,http://fhir.hie.moh.gov.my/CodeSystem/procedure-code-my-core,CodeSystemProcedureCodeMyCore
81.74,Arthroplasty of carpocarpal or carpometacarpal joint with implant,Arthroplasty of carpocarpal or carpometacarpal joint with implant,http://fhir.hie.moh.gov.my/CodeSystem/procedure-code-my-core,CodeSystemProcedureCodeMyCore
81.75,Arthroplasty of carpocarpal or carpometacarpal joint without implant,Arthroplasty of carpocarpal or carpometacarpal joint without implant,http://fhir.hie.moh.gov.my/CodeSystem/procedure-code-my-core,CodeSystemProcedureCodeMyCore
81.79,"Other repair of hand, fingers and wrist","Other repair of hand, fingers and wrist",http://fhir.hie.moh.gov.my/CodeSystem/procedure-code-my-core,CodeSystemProcedureCodeMyCore
81.81,Partial shoulder replacement,Partial shoulder replacement,http://fhir.hie.moh.gov.my/CodeSystem/procedure-code-my-core,CodeSystemProcedureCodeMyCore
81.82,Repair of recurrent dislocation of shoulder,Repair of recurrent dislocation of shoulder,http://fhir.hie.moh.gov.my/CodeSystem/procedure-code-my-core,CodeSystemProcedureCodeMyCore
81.83,Other repair of shoulder,Other repair of shoulder,http://fhir.hie.moh.gov.my/CodeSystem/procedure-code-my-core,CodeSystemProcedureCodeMyCore
81.84,Total elbow replacement,Total elbow replacement,http://fhir.hie.moh.gov.my/CodeSystem/procedure-code-my-core,CodeSystemProcedureCodeMyCore
81.85,Other repair of elbow,Other repair of elbow,http://fhir.hie.moh.gov.my/CodeSystem/procedure-code-my-core,CodeSystemProcedureCodeMyCore
81.88,Reverse total shoulder replacement,Reverse total shoulder replacement,http://fhir.hie.moh.gov.my/CodeSystem/procedure-code-my-core,CodeSystemProcedureCodeMyCore
81.91,Arthrocentesis,Arthrocentesis,http://fhir.hie.moh.gov.my/CodeSystem/procedure-code-my-core,CodeSystemProcedureCodeMyCore
81.92,Injection of therapeutic substance into joint or ligament,Injection of therapeutic substance into joint or ligament,http://fhir.hie.moh.gov.my/CodeSystem/procedure-code-my-core,CodeSystemProcedureCodeMyCore
81.93,Suture of capsule or ligament of upper extremity,Suture of capsule or ligament of upper extremity,http://fhir.hie.moh.gov.my/CodeSystem/procedure-code-my-core,CodeSystemProcedureCodeMyCore
81.94,Suture of capsule or ligament of ankle and foot,Suture of capsule or ligament of ankle and foot,http://fhir.hie.moh.gov.my/CodeSystem/procedure-code-my-core,CodeSystemProcedureCodeMyCore
81.95,Suture of capsule or ligament of other lower extremity,Suture of capsule or ligament of other lower extremity,http://fhir.hie.moh.gov.my/CodeSystem/procedure-code-my-core,CodeSystemProcedureCodeMyCore
81.96,Other repair of joint,Other repair of joint,http://fhir.hie.moh.gov.my/CodeSystem/procedure-code-my-core,CodeSystemProcedureCodeMyCore
81.97,Revision of joint replacement of upper extremity,Revision of joint replacement of upper extremity,http://fhir.hie.moh.gov.my/CodeSystem/procedure-code-my-core,CodeSystemProcedureCodeMyCore
81.98,Other diagnostic procedures on joint structures,Other diagnostic procedures on joint structures,http://fhir.hie.moh.gov.my/CodeSystem/procedure-code-my-core,CodeSystemProcedureCodeMyCore
81.99,Other operations on joint structures,Other operations on joint structures,http://fhir.hie.moh.gov.my/CodeSystem/procedure-code-my-core,CodeSystemProcedureCodeMyCore
82.01,Exploration of tendon sheath of hand,Exploration of tendon sheath of hand,http://fhir.hie.moh.gov.my/CodeSystem/procedure-code-my-core,CodeSystemProcedureCodeMyCore
82.02,Myotomy of hand,Myotomy of hand,http://fhir.hie.moh.gov.my/CodeSystem/procedure-code-my-core,CodeSystemProcedureCodeMyCore
82.03,Bursotomy of hand,Bursotomy of hand,http://fhir.hie.moh.gov.my/CodeSystem/procedure-code-my-core,CodeSystemProcedureCodeMyCore
82.04,Incision and drainage of palmar or thenar space,Incision and drainage of palmar or thenar space,http://fhir.hie.moh.gov.my/CodeSystem/procedure-code-my-core,CodeSystemProcedureCodeMyCore
82.09,Other incision of soft tissue of hand,Other incision of soft tissue of hand,http://fhir.hie.moh.gov.my/CodeSystem/procedure-code-my-core,CodeSystemProcedureCodeMyCore
82.11,Tenotomy of hand,Tenotomy of hand,http://fhir.hie.moh.gov.my/CodeSystem/procedure-code-my-core,CodeSystemProcedureCodeMyCore
82.12,Fasciotomy of hand,Fasciotomy of hand,http://fhir.hie.moh.gov.my/CodeSystem/procedure-code-my-core,CodeSystemProcedureCodeMyCore
82.19,Other division of soft tissue of hand,Other division of soft tissue of hand,http://fhir.hie.moh.gov.my/CodeSystem/procedure-code-my-core,CodeSystemProcedureCodeMyCore
82.21,Excision of lesion of tendon sheath of hand,Excision of lesion of tendon sheath of hand,http://fhir.hie.moh.gov.my/CodeSystem/procedure-code-my-core,CodeSystemProcedureCodeMyCore
82.22,Excision of lesion of muscle of hand,Excision of lesion of muscle of hand,http://fhir.hie.moh.gov.my/CodeSystem/procedure-code-my-core,CodeSystemProcedureCodeMyCore
82.29,Excision of other lesion of soft tissue of hand,Excision of other lesion of soft tissue of hand,http://fhir.hie.moh.gov.my/CodeSystem/procedure-code-my-core,CodeSystemProcedureCodeMyCore
82.31,Bursectomy of hand,Bursectomy of hand,http://fhir.hie.moh.gov.my/CodeSystem/procedure-code-my-core,CodeSystemProcedureCodeMyCore
82.32,Excision of tendon of hand for graft,Excision of tendon of hand for graft,http://fhir.hie.moh.gov.my/CodeSystem/procedure-code-my-core,CodeSystemProcedureCodeMyCore
82.33,Other tenonectomy of hand,Other tenonectomy of hand,http://fhir.hie.moh.gov.my/CodeSystem/procedure-code-my-core,CodeSystemProcedureCodeMyCore
82.34,Excision of muscle or fascia of hand for graft,Excision of muscle or fascia of hand for graft,http://fhir.hie.moh.gov.my/CodeSystem/procedure-code-my-core,CodeSystemProcedureCodeMyCore
82.35,Other fasciectomy of hand,Other fasciectomy of hand,http://fhir.hie.moh.gov.my/CodeSystem/procedure-code-my-core,CodeSystemProcedureCodeMyCore
82.36,Other myectomy of hand,Other myectomy of hand,http://fhir.hie.moh.gov.my/CodeSystem/procedure-code-my-core,CodeSystemProcedureCodeMyCore
82.39,Other excision of soft tissue of hand,Other excision of soft tissue of hand,http://fhir.hie.moh.gov.my/CodeSystem/procedure-code-my-core,CodeSystemProcedureCodeMyCore
82.41,Suture of tendon sheath of hand,Suture of tendon sheath of hand,http://fhir.hie.moh.gov.my/CodeSystem/procedure-code-my-core,CodeSystemProcedureCodeMyCore
82.42,Delayed suture of flexor tendon of hand,Delayed suture of flexor tendon of hand,http://fhir.hie.moh.gov.my/CodeSystem/procedure-code-my-core,CodeSystemProcedureCodeMyCore
82.43,Delayed suture of other tendon of hand,Delayed suture of other tendon of hand,http://fhir.hie.moh.gov.my/CodeSystem/procedure-code-my-core,CodeSystemProcedureCodeMyCore
82.44,Other suture of flexor tendon of hand,Other suture of flexor tendon of hand,http://fhir.hie.moh.gov.my/CodeSystem/procedure-code-my-core,CodeSystemProcedureCodeMyCore
82.45,Other suture of other tendon of hand,Other suture of other tendon of hand,http://fhir.hie.moh.gov.my/CodeSystem/procedure-code-my-core,CodeSystemProcedureCodeMyCore
82.46,Suture of muscle or fascia of hand,Suture of muscle or fascia of hand,http://fhir.hie.moh.gov.my/CodeSystem/procedure-code-my-core,CodeSystemProcedureCodeMyCore
82.51,Advancement of tendon of hand,Advancement of tendon of hand,http://fhir.hie.moh.gov.my/CodeSystem/procedure-code-my-core,CodeSystemProcedureCodeMyCore
82.52,Recession of tendon of hand,Recession of tendon of hand,http://fhir.hie.moh.gov.my/CodeSystem/procedure-code-my-core,CodeSystemProcedureCodeMyCore
82.53,Reattachment of tendon of hand,Reattachment of tendon of hand,http://fhir.hie.moh.gov.my/CodeSystem/procedure-code-my-core,CodeSystemProcedureCodeMyCore
82.54,Reattachment of muscle of hand,Reattachment of muscle of hand,http://fhir.hie.moh.gov.my/CodeSystem/procedure-code-my-core,CodeSystemProcedureCodeMyCore
82.55,Other change in hand muscle or tendon length,Other change in hand muscle or tendon length,http://fhir.hie.moh.gov.my/CodeSystem/procedure-code-my-core,CodeSystemProcedureCodeMyCore
82.56,Other hand tendon transfer or transplantation,Other hand tendon transfer or transplantation,http://fhir.hie.moh.gov.my/CodeSystem/procedure-code-my-core,CodeSystemProcedureCodeMyCore
82.57,Other hand tendon transposition,Other hand tendon transposition,http://fhir.hie.moh.gov.my/CodeSystem/procedure-code-my-core,CodeSystemProcedureCodeMyCore
82.58,Other hand muscle transfer or transplantation,Other hand muscle transfer or transplantation,http://fhir.hie.moh.gov.my/CodeSystem/procedure-code-my-core,CodeSystemProcedureCodeMyCore
82.59,Other hand muscle transposition,Other hand muscle transposition,http://fhir.hie.moh.gov.my/CodeSystem/procedure-code-my-core,CodeSystemProcedureCodeMyCore
82.61,Pollicization operation carrying over nerves and blood supply,Pollicization operation carrying over nerves and blood supply,http://fhir.hie.moh.gov.my/CodeSystem/procedure-code-my-core,CodeSystemProcedureCodeMyCore
82.69,Other reconstruction of thumb,Other reconstruction of thumb,http://fhir.hie.moh.gov.my/CodeSystem/procedure-code-my-core,CodeSystemProcedureCodeMyCore
82.71,Tendon pulley reconstruction,Tendon pulley reconstruction,http://fhir.hie.moh.gov.my/CodeSystem/procedure-code-my-core,CodeSystemProcedureCodeMyCore
82.72,Plastic operation on hand with graft of muscle or fascia,Plastic operation on hand with graft of muscle or fascia,http://fhir.hie.moh.gov.my/CodeSystem/procedure-code-my-core,CodeSystemProcedureCodeMyCore
82.79,Plastic operation on hand with other graft or implant,Plastic operation on hand with other graft or implant,http://fhir.hie.moh.gov.my/CodeSystem/procedure-code-my-core,CodeSystemProcedureCodeMyCore
82.81,"Transfer of finger, except thumb","Transfer of finger, except thumb",http://fhir.hie.moh.gov.my/CodeSystem/procedure-code-my-core,CodeSystemProcedureCodeMyCore
82.82,Repair of cleft hand,Repair of cleft hand,http://fhir.hie.moh.gov.my/CodeSystem/procedure-code-my-core,CodeSystemProcedureCodeMyCore
82.83,Repair of macrodactyly,Repair of macrodactyly,http://fhir.hie.moh.gov.my/CodeSystem/procedure-code-my-core,CodeSystemProcedureCodeMyCore
82.84,Repair of mallet finger,Repair of mallet finger,http://fhir.hie.moh.gov.my/CodeSystem/procedure-code-my-core,CodeSystemProcedureCodeMyCore
82.85,Other tenodesis of hand,Other tenodesis of hand,http://fhir.hie.moh.gov.my/CodeSystem/procedure-code-my-core,CodeSystemProcedureCodeMyCore
82.86,Other tenoplasty of hand,Other tenoplasty of hand,http://fhir.hie.moh.gov.my/CodeSystem/procedure-code-my-core,CodeSystemProcedureCodeMyCore
82.89,Other plastic operations on hand,Other plastic operations on hand,http://fhir.hie.moh.gov.my/CodeSystem/procedure-code-my-core,CodeSystemProcedureCodeMyCore
82.91,Lysis of adhesions of hand,Lysis of adhesions of hand,http://fhir.hie.moh.gov.my/CodeSystem/procedure-code-my-core,CodeSystemProcedureCodeMyCore
82.92,Aspiration of bursa of hand,Aspiration of bursa of hand,http://fhir.hie.moh.gov.my/CodeSystem/procedure-code-my-core,CodeSystemProcedureCodeMyCore
82.93,Aspiration of other soft tissue of hand,Aspiration of other soft tissue of hand,http://fhir.hie.moh.gov.my/CodeSystem/procedure-code-my-core,CodeSystemProcedureCodeMyCore
82.94,Injection of therapeutic substance into bursa of hand,Injection of therapeutic substance into bursa of hand,http://fhir.hie.moh.gov.my/CodeSystem/procedure-code-my-core,CodeSystemProcedureCodeMyCore
82.95,Injection of therapeutic substance into tendon of hand,Injection of therapeutic substance into tendon of hand,http://fhir.hie.moh.gov.my/CodeSystem/procedure-code-my-core,CodeSystemProcedureCodeMyCore
82.96,Other injection of locally-acting therapeutic substance into soft tissue of hand,Other injection of locally-acting therapeutic substance into soft tissue of hand,http://fhir.hie.moh.gov.my/CodeSystem/procedure-code-my-core,CodeSystemProcedureCodeMyCore
82.99,"Other operations on muscle, tendon, and fascia of hand","Other operations on muscle, tendon, and fascia of hand",http://fhir.hie.moh.gov.my/CodeSystem/procedure-code-my-core,CodeSystemProcedureCodeMyCore
83.01,Exploration of tendon sheath,Exploration of tendon sheath,http://fhir.hie.moh.gov.my/CodeSystem/procedure-code-my-core,CodeSystemProcedureCodeMyCore
83.02,Myotomy,Myotomy,http://fhir.hie.moh.gov.my/CodeSystem/procedure-code-my-core,CodeSystemProcedureCodeMyCore
83.03,Bursotomy,Bursotomy,http://fhir.hie.moh.gov.my/CodeSystem/procedure-code-my-core,CodeSystemProcedureCodeMyCore
83.09,Other incision of soft tissue,Other incision of soft tissue,http://fhir.hie.moh.gov.my/CodeSystem/procedure-code-my-core,CodeSystemProcedureCodeMyCore
83.11,Achillotenotomy,Achillotenotomy,http://fhir.hie.moh.gov.my/CodeSystem/procedure-code-my-core,CodeSystemProcedureCodeMyCore
83.12,Adductor tenotomy of hip,Adductor tenotomy of hip,http://fhir.hie.moh.gov.my/CodeSystem/procedure-code-my-core,CodeSystemProcedureCodeMyCore
83.13,Other tenotomy,Other tenotomy,http://fhir.hie.moh.gov.my/CodeSystem/procedure-code-my-core,CodeSystemProcedureCodeMyCore
83.14,Fasciotomy,Fasciotomy,http://fhir.hie.moh.gov.my/CodeSystem/procedure-code-my-core,CodeSystemProcedureCodeMyCore
83.19,Other division of soft tissue,Other division of soft tissue,http://fhir.hie.moh.gov.my/CodeSystem/procedure-code-my-core,CodeSystemProcedureCodeMyCore
83.21,Open biopsy of soft tissue,Open biopsy of soft tissue,http://fhir.hie.moh.gov.my/CodeSystem/procedure-code-my-core,CodeSystemProcedureCodeMyCore
83.29,"Other diagnostic procedures on muscle, tendon, fascia, and bursa, including that of hand","Other diagnostic procedures on muscle, tendon, fascia, and bursa, including that of hand",http://fhir.hie.moh.gov.my/CodeSystem/procedure-code-my-core,CodeSystemProcedureCodeMyCore
83.31,Excision of lesion of tendon sheath,Excision of lesion of tendon sheath,http://fhir.hie.moh.gov.my/CodeSystem/procedure-code-my-core,CodeSystemProcedureCodeMyCore
83.32,Excision of lesion of muscle,Excision of lesion of muscle,http://fhir.hie.moh.gov.my/CodeSystem/procedure-code-my-core,CodeSystemProcedureCodeMyCore
83.39,Excision of lesion of other soft tissue,Excision of lesion of other soft tissue,http://fhir.hie.moh.gov.my/CodeSystem/procedure-code-my-core,CodeSystemProcedureCodeMyCore
83.41,Excision of tendon for graft,Excision of tendon for graft,http://fhir.hie.moh.gov.my/CodeSystem/procedure-code-my-core,CodeSystemProcedureCodeMyCore
83.42,Other tenonectomy,Other tenonectomy,http://fhir.hie.moh.gov.my/CodeSystem/procedure-code-my-core,CodeSystemProcedureCodeMyCore
83.43,"Excision of muscle, or fascia for graft","Excision of muscle, or fascia for graft",http://fhir.hie.moh.gov.my/CodeSystem/procedure-code-my-core,CodeSystemProcedureCodeMyCore
83.44,Other fasciectomy,Other fasciectomy,http://fhir.hie.moh.gov.my/CodeSystem/procedure-code-my-core,CodeSystemProcedureCodeMyCore
83.45,Other myectomy,Other myectomy,http://fhir.hie.moh.gov.my/CodeSystem/procedure-code-my-core,CodeSystemProcedureCodeMyCore
83.49,Other excision of soft tissue,Other excision of soft tissue,http://fhir.hie.moh.gov.my/CodeSystem/procedure-code-my-core,CodeSystemProcedureCodeMyCore
83.61,Suture of tendon sheath,Suture of tendon sheath,http://fhir.hie.moh.gov.my/CodeSystem/procedure-code-my-core,CodeSystemProcedureCodeMyCore
83.62,Delayed suture of tendon,Delayed suture of tendon,http://fhir.hie.moh.gov.my/CodeSystem/procedure-code-my-core,CodeSystemProcedureCodeMyCore
83.63,Rotator cuff repair,Rotator cuff repair,http://fhir.hie.moh.gov.my/CodeSystem/procedure-code-my-core,CodeSystemProcedureCodeMyCore
83.64,Other suture of tendon,Other suture of tendon,http://fhir.hie.moh.gov.my/CodeSystem/procedure-code-my-core,CodeSystemProcedureCodeMyCore
83.65,Other suture of muscle or fascia,Other suture of muscle or fascia,http://fhir.hie.moh.gov.my/CodeSystem/procedure-code-my-core,CodeSystemProcedureCodeMyCore
83.71,Advancement of tendon,Advancement of tendon,http://fhir.hie.moh.gov.my/CodeSystem/procedure-code-my-core,CodeSystemProcedureCodeMyCore
83.72,Recession of tendon,Recession of tendon,http://fhir.hie.moh.gov.my/CodeSystem/procedure-code-my-core,CodeSystemProcedureCodeMyCore
83.73,Reattachment of tendon,Reattachment of tendon,http://fhir.hie.moh.gov.my/CodeSystem/procedure-code-my-core,CodeSystemProcedureCodeMyCore
83.74,Reattachment of muscle,Reattachment of muscle,http://fhir.hie.moh.gov.my/CodeSystem/procedure-code-my-core,CodeSystemProcedureCodeMyCore
83.75,Tendon transfer or transplantation,Tendon transfer or transplantation,http://fhir.hie.moh.gov.my/CodeSystem/procedure-code-my-core,CodeSystemProcedureCodeMyCore
83.76,Other tendon transposition,Other tendon transposition,http://fhir.hie.moh.gov.my/CodeSystem/procedure-code-my-core,CodeSystemProcedureCodeMyCore
83.77,Muscle transfer or transplantation,Muscle transfer or transplantation,http://fhir.hie.moh.gov.my/CodeSystem/procedure-code-my-core,CodeSystemProcedureCodeMyCore
83.79,Other muscle transposition,Other muscle transposition,http://fhir.hie.moh.gov.my/CodeSystem/procedure-code-my-core,CodeSystemProcedureCodeMyCore
83.81,Tendon graft,Tendon graft,http://fhir.hie.moh.gov.my/CodeSystem/procedure-code-my-core,CodeSystemProcedureCodeMyCore
83.82,Graft of muscle or fascia,Graft of muscle or fascia,http://fhir.hie.moh.gov.my/CodeSystem/procedure-code-my-core,CodeSystemProcedureCodeMyCore
83.83,Tendon pulley reconstruction,Tendon pulley reconstruction,http://fhir.hie.moh.gov.my/CodeSystem/procedure-code-my-core,CodeSystemProcedureCodeMyCore
83.84,"Release of clubfoot, not elsewhere classified","Release of clubfoot, not elsewhere classified",http://fhir.hie.moh.gov.my/CodeSystem/procedure-code-my-core,CodeSystemProcedureCodeMyCore
83.85,Other change in muscle or tendon length,Other change in muscle or tendon length,http://fhir.hie.moh.gov.my/CodeSystem/procedure-code-my-core,CodeSystemProcedureCodeMyCore
83.86,Quadricepsplasty,Quadricepsplasty,http://fhir.hie.moh.gov.my/CodeSystem/procedure-code-my-core,CodeSystemProcedureCodeMyCore
83.87,Other plastic operations on muscle,Other plastic operations on muscle,http://fhir.hie.moh.gov.my/CodeSystem/procedure-code-my-core,CodeSystemProcedureCodeMyCore
83.88,Other plastic operations on tendon,Other plastic operations on tendon,http://fhir.hie.moh.gov.my/CodeSystem/procedure-code-my-core,CodeSystemProcedureCodeMyCore
83.89,Other plastic operations on fascia,Other plastic operations on fascia,http://fhir.hie.moh.gov.my/CodeSystem/procedure-code-my-core,CodeSystemProcedureCodeMyCore
83.91,"Lysis of adhesions of muscle, tendon, fascia, and bursa","Lysis of adhesions of muscle, tendon, fascia, and bursa",http://fhir.hie.moh.gov.my/CodeSystem/procedure-code-my-core,CodeSystemProcedureCodeMyCore
83.92,Insertion or replacement of skeletal muscle stimulator,Insertion or replacement of skeletal muscle stimulator,http://fhir.hie.moh.gov.my/CodeSystem/procedure-code-my-core,CodeSystemProcedureCodeMyCore
83.93,Removal of skeletal muscle stimulator,Removal of skeletal muscle stimulator,http://fhir.hie.moh.gov.my/CodeSystem/procedure-code-my-core,CodeSystemProcedureCodeMyCore
83.94,Aspiration of bursa,Aspiration of bursa,http://fhir.hie.moh.gov.my/CodeSystem/procedure-code-my-core,CodeSystemProcedureCodeMyCore
83.95,Aspiration of other soft tissue,Aspiration of other soft tissue,http://fhir.hie.moh.gov.my/CodeSystem/procedure-code-my-core,CodeSystemProcedureCodeMyCore
83.96,Injection of therapeutic substance into bursa,Injection of therapeutic substance into bursa,http://fhir.hie.moh.gov.my/CodeSystem/procedure-code-my-core,CodeSystemProcedureCodeMyCore
83.97,Injection of therapeutic substance into tendon,Injection of therapeutic substance into tendon,http://fhir.hie.moh.gov.my/CodeSystem/procedure-code-my-core,CodeSystemProcedureCodeMyCore
83.98,Injection of locally-acting therapeutic substance into other soft tissue,Injection of locally-acting therapeutic substance into other soft tissue,http://fhir.hie.moh.gov.my/CodeSystem/procedure-code-my-core,CodeSystemProcedureCodeMyCore
83.99,"Other operations on muscle, tendon, fascia, and bursa","Other operations on muscle, tendon, fascia, and bursa",http://fhir.hie.moh.gov.my/CodeSystem/procedure-code-my-core,CodeSystemProcedureCodeMyCore
84.01,Amputation and disarticulation of finger,Amputation and disarticulation of finger,http://fhir.hie.moh.gov.my/CodeSystem/procedure-code-my-core,CodeSystemProcedureCodeMyCore
84.02,Amputation and disarticulation of thumb,Amputation and disarticulation of thumb,http://fhir.hie.moh.gov.my/CodeSystem/procedure-code-my-core,CodeSystemProcedureCodeMyCore
84.03,Amputation through hand,Amputation through hand,http://fhir.hie.moh.gov.my/CodeSystem/procedure-code-my-core,CodeSystemProcedureCodeMyCore
84.04,Disarticulation of wrist,Disarticulation of wrist,http://fhir.hie.moh.gov.my/CodeSystem/procedure-code-my-core,CodeSystemProcedureCodeMyCore
84.05,Amputation through forearm,Amputation through forearm,http://fhir.hie.moh.gov.my/CodeSystem/procedure-code-my-core,CodeSystemProcedureCodeMyCore
84.06,Disarticulation of elbow,Disarticulation of elbow,http://fhir.hie.moh.gov.my/CodeSystem/procedure-code-my-core,CodeSystemProcedureCodeMyCore
84.07,Amputation through humerus,Amputation through humerus,http://fhir.hie.moh.gov.my/CodeSystem/procedure-code-my-core,CodeSystemProcedureCodeMyCore
84.08,Disarticulation of shoulder,Disarticulation of shoulder,http://fhir.hie.moh.gov.my/CodeSystem/procedure-code-my-core,CodeSystemProcedureCodeMyCore
84.09,Interthoracoscapular amputation,Interthoracoscapular amputation,http://fhir.hie.moh.gov.my/CodeSystem/procedure-code-my-core,CodeSystemProcedureCodeMyCore
84.11,Amputation of toe,Amputation of toe,http://fhir.hie.moh.gov.my/CodeSystem/procedure-code-my-core,CodeSystemProcedureCodeMyCore
84.12,Amputation through foot,Amputation through foot,http://fhir.hie.moh.gov.my/CodeSystem/procedure-code-my-core,CodeSystemProcedureCodeMyCore
84.13,Disarticulation of ankle,Disarticulation of ankle,http://fhir.hie.moh.gov.my/CodeSystem/procedure-code-my-core,CodeSystemProcedureCodeMyCore
84.14,Amputation of ankle through malleoli of tibia and fibula,Amputation of ankle through malleoli of tibia and fibula,http://fhir.hie.moh.gov.my/CodeSystem/procedure-code-my-core,CodeSystemProcedureCodeMyCore
84.15,Other amputation below knee,Other amputation below knee,http://fhir.hie.moh.gov.my/CodeSystem/procedure-code-my-core,CodeSystemProcedureCodeMyCore
84.16,Disarticulation of knee,Disarticulation of knee,http://fhir.hie.moh.gov.my/CodeSystem/procedure-code-my-core,CodeSystemProcedureCodeMyCore
84.17,Amputation above knee,Amputation above knee,http://fhir.hie.moh.gov.my/CodeSystem/procedure-code-my-core,CodeSystemProcedureCodeMyCore
84.18,Disarticulation of hip,Disarticulation of hip,http://fhir.hie.moh.gov.my/CodeSystem/procedure-code-my-core,CodeSystemProcedureCodeMyCore
84.19,Abdominopelvic amputation,Abdominopelvic amputation,http://fhir.hie.moh.gov.my/CodeSystem/procedure-code-my-core,CodeSystemProcedureCodeMyCore
84.21,Thumb reattachment,Thumb reattachment,http://fhir.hie.moh.gov.my/CodeSystem/procedure-code-my-core,CodeSystemProcedureCodeMyCore
84.22,Finger reattachment,Finger reattachment,http://fhir.hie.moh.gov.my/CodeSystem/procedure-code-my-core,CodeSystemProcedureCodeMyCore
84.23,"Forearm, wrist, or hand reattachment","Forearm, wrist, or hand reattachment",http://fhir.hie.moh.gov.my/CodeSystem/procedure-code-my-core,CodeSystemProcedureCodeMyCore
84.24,Upper arm reattachment,Upper arm reattachment,http://fhir.hie.moh.gov.my/CodeSystem/procedure-code-my-core,CodeSystemProcedureCodeMyCore
84.25,Toe reattachment,Toe reattachment,http://fhir.hie.moh.gov.my/CodeSystem/procedure-code-my-core,CodeSystemProcedureCodeMyCore
84.26,Foot reattachment,Foot reattachment,http://fhir.hie.moh.gov.my/CodeSystem/procedure-code-my-core,CodeSystemProcedureCodeMyCore
84.27,Lower leg or ankle reattachment,Lower leg or ankle reattachment,http://fhir.hie.moh.gov.my/CodeSystem/procedure-code-my-core,CodeSystemProcedureCodeMyCore
84.28,Thigh reattachment,Thigh reattachment,http://fhir.hie.moh.gov.my/CodeSystem/procedure-code-my-core,CodeSystemProcedureCodeMyCore
84.29,Other reattachment,Other reattachment,http://fhir.hie.moh.gov.my/CodeSystem/procedure-code-my-core,CodeSystemProcedureCodeMyCore
84.41,Fitting of prosthesis of upper arm and shoulder,Fitting of prosthesis of upper arm and shoulder,http://fhir.hie.moh.gov.my/CodeSystem/procedure-code-my-core,CodeSystemProcedureCodeMyCore
84.42,Fitting of prosthesis of lower arm and hand,Fitting of prosthesis of lower arm and hand,http://fhir.hie.moh.gov.my/CodeSystem/procedure-code-my-core,CodeSystemProcedureCodeMyCore
84.43,"Fitting of prosthesis of arm, not otherwise specified","Fitting of prosthesis of arm, not otherwise specified",http://fhir.hie.moh.gov.my/CodeSystem/procedure-code-my-core,CodeSystemProcedureCodeMyCore
84.44,Implantation of prosthetic device of arm,Implantation of prosthetic device of arm,http://fhir.hie.moh.gov.my/CodeSystem/procedure-code-my-core,CodeSystemProcedureCodeMyCore
84.45,Fitting of prosthesis above knee,Fitting of prosthesis above knee,http://fhir.hie.moh.gov.my/CodeSystem/procedure-code-my-core,CodeSystemProcedureCodeMyCore
84.46,Fitting of prosthesis below knee,Fitting of prosthesis below knee,http://fhir.hie.moh.gov.my/CodeSystem/procedure-code-my-core,CodeSystemProcedureCodeMyCore
84.47,"Fitting of prosthesis of leg, not otherwise specified","Fitting of prosthesis of leg, not otherwise specified",http://fhir.hie.moh.gov.my/CodeSystem/procedure-code-my-core,CodeSystemProcedureCodeMyCore
84.48,Implantation of prosthetic device of leg,Implantation of prosthetic device of leg,http://fhir.hie.moh.gov.my/CodeSystem/procedure-code-my-core,CodeSystemProcedureCodeMyCore
84.51,Insertion of interbody spinal fusion device,Insertion of interbody spinal fusion device,http://fhir.hie.moh.gov.my/CodeSystem/procedure-code-my-core,CodeSystemProcedureCodeMyCore
84.52,Insertion of recombinant bone morphogenetic protein rhBMP,Insertion of recombinant bone morphogenetic protein rhBMP,http://fhir.hie.moh.gov.my/CodeSystem/procedure-code-my-core,CodeSystemProcedureCodeMyCore
84.53,Implantation of internal limb lengthening device with kinetic distraction,Implantation of internal limb lengthening device with kinetic distraction,http://fhir.hie.moh.gov.my/CodeSystem/procedure-code-my-core,CodeSystemProcedureCodeMyCore
84.54,Implantation of other internal limb lengthening device,Implantation of other internal limb lengthening device,http://fhir.hie.moh.gov.my/CodeSystem/procedure-code-my-core,CodeSystemProcedureCodeMyCore
84.55,Insertion of bone void filler,Insertion of bone void filler,http://fhir.hie.moh.gov.my/CodeSystem/procedure-code-my-core,CodeSystemProcedureCodeMyCore
84.56,Insertion or replacement of (cement) spacer,Insertion or replacement of (cement) spacer,http://fhir.hie.moh.gov.my/CodeSystem/procedure-code-my-core,CodeSystemProcedureCodeMyCore
84.57,Removal of (cement) spacer,Removal of (cement) spacer,http://fhir.hie.moh.gov.my/CodeSystem/procedure-code-my-core,CodeSystemProcedureCodeMyCore
84.59,Insertion of other spinal devices,Insertion of other spinal devices,http://fhir.hie.moh.gov.my/CodeSystem/procedure-code-my-core,CodeSystemProcedureCodeMyCore
84.61,"Insertion of partial spinal disc prosthesis, cervical","Insertion of partial spinal disc prosthesis, cervical",http://fhir.hie.moh.gov.my/CodeSystem/procedure-code-my-core,CodeSystemProcedureCodeMyCore
84.62,"Insertion of total spinal disc prosthesis, cervical","Insertion of total spinal disc prosthesis, cervical",http://fhir.hie.moh.gov.my/CodeSystem/procedure-code-my-core,CodeSystemProcedureCodeMyCore
84.63,"Insertion of spinal disc prosthesis, thoracic","Insertion of spinal disc prosthesis, thoracic",http://fhir.hie.moh.gov.my/CodeSystem/procedure-code-my-core,CodeSystemProcedureCodeMyCore
84.64,"Insertion of partial spinal disc prosthesis, lumbosacral","Insertion of partial spinal disc prosthesis, lumbosacral",http://fhir.hie.moh.gov.my/CodeSystem/procedure-code-my-core,CodeSystemProcedureCodeMyCore
84.65,"Insertion of total spinal disc prosthesis, lumbosacral","Insertion of total spinal disc prosthesis, lumbosacral",http://fhir.hie.moh.gov.my/CodeSystem/procedure-code-my-core,CodeSystemProcedureCodeMyCore
84.66,"Revision or replacement of artificial spinal disc prosthesis, cervical","Revision or replacement of artificial spinal disc prosthesis, cervical",http://fhir.hie.moh.gov.my/CodeSystem/procedure-code-my-core,CodeSystemProcedureCodeMyCore
84.67,"Revision or replacement of artificial spinal disc prosthesis, thoracic","Revision or replacement of artificial spinal disc prosthesis, thoracic",http://fhir.hie.moh.gov.my/CodeSystem/procedure-code-my-core,CodeSystemProcedureCodeMyCore
84.68,"Revision or replacement of artificial spinal disc prosthesis, lumbosacral","Revision or replacement of artificial spinal disc prosthesis, lumbosacral",http://fhir.hie.moh.gov.my/CodeSystem/procedure-code-my-core,CodeSystemProcedureCodeMyCore
84.69,"Revision or replacement of artificial spinal disc prosthesis, not otherwise specified","Revision or replacement of artificial spinal disc prosthesis, not otherwise specified",http://fhir.hie.moh.gov.my/CodeSystem/procedure-code-my-core,CodeSystemProcedureCodeMyCore
84.71,"Application of external fixator device, monoplanar system","Application of external fixator device, monoplanar system",http://fhir.hie.moh.gov.my/CodeSystem/procedure-code-my-core,CodeSystemProcedureCodeMyCore
84.72,"Application of external fixator device, ring system","Application of external fixator device, ring system",http://fhir.hie.moh.gov.my/CodeSystem/procedure-code-my-core,CodeSystemProcedureCodeMyCore
84.73,Application of hybrid external fixator device,Application of hybrid external fixator device,http://fhir.hie.moh.gov.my/CodeSystem/procedure-code-my-core,CodeSystemProcedureCodeMyCore
84.81,Revision of interspinous process device(s),Revision of interspinous process device(s),http://fhir.hie.moh.gov.my/CodeSystem/procedure-code-my-core,CodeSystemProcedureCodeMyCore
84.82,Insertion or replacement of pedicle-based dynamic stabilization device(s),Insertion or replacement of pedicle-based dynamic stabilization device(s),http://fhir.hie.moh.gov.my/CodeSystem/procedure-code-my-core,CodeSystemProcedureCodeMyCore
84.83,Revision of pedicle-based dynamic stabilization device(s),Revision of pedicle-based dynamic stabilization device(s),http://fhir.hie.moh.gov.my/CodeSystem/procedure-code-my-core,CodeSystemProcedureCodeMyCore
84.84,Insertion or replacement of facet replacement device(s),Insertion or replacement of facet replacement device(s),http://fhir.hie.moh.gov.my/CodeSystem/procedure-code-my-core,CodeSystemProcedureCodeMyCore
84.85,Revision of facet replacement device(s),Revision of facet replacement device(s),http://fhir.hie.moh.gov.my/CodeSystem/procedure-code-my-core,CodeSystemProcedureCodeMyCore
84.91,"Amputation, not otherwise specified","Amputation, not otherwise specified",http://fhir.hie.moh.gov.my/CodeSystem/procedure-code-my-core,CodeSystemProcedureCodeMyCore
84.92,Separation of equal conjoined twins,Separation of equal conjoined twins,http://fhir.hie.moh.gov.my/CodeSystem/procedure-code-my-core,CodeSystemProcedureCodeMyCore
84.93,Separation of unequal conjoined twins,Separation of unequal conjoined twins,http://fhir.hie.moh.gov.my/CodeSystem/procedure-code-my-core,CodeSystemProcedureCodeMyCore
84.94,Insertion of sternal fixation device with rigid plates,Insertion of sternal fixation device with rigid plates,http://fhir.hie.moh.gov.my/CodeSystem/procedure-code-my-core,CodeSystemProcedureCodeMyCore
84.99,Other operations on musculoskeletal system,Other operations on musculoskeletal system,http://fhir.hie.moh.gov.my/CodeSystem/procedure-code-my-core,CodeSystemProcedureCodeMyCore
85.11,Closed [percutaneous] [needle] biopsy of breast,Closed [percutaneous] [needle] biopsy of breast,http://fhir.hie.moh.gov.my/CodeSystem/procedure-code-my-core,CodeSystemProcedureCodeMyCore
85.12,Open biopsy of breast,Open biopsy of breast,http://fhir.hie.moh.gov.my/CodeSystem/procedure-code-my-core,CodeSystemProcedureCodeMyCore
85.19,Other diagnostic procedures on breast,Other diagnostic procedures on breast,http://fhir.hie.moh.gov.my/CodeSystem/procedure-code-my-core,CodeSystemProcedureCodeMyCore
85.21,Local excision of lesion of breast,Local excision of lesion of breast,http://fhir.hie.moh.gov.my/CodeSystem/procedure-code-my-core,CodeSystemProcedureCodeMyCore
85.22,Resection of quadrant of breast,Resection of quadrant of breast,http://fhir.hie.moh.gov.my/CodeSystem/procedure-code-my-core,CodeSystemProcedureCodeMyCore
85.23,Subtotal mastectomy,Subtotal mastectomy,http://fhir.hie.moh.gov.my/CodeSystem/procedure-code-my-core,CodeSystemProcedureCodeMyCore
85.24,Excision of ectopic breast tissue,Excision of ectopic breast tissue,http://fhir.hie.moh.gov.my/CodeSystem/procedure-code-my-core,CodeSystemProcedureCodeMyCore
85.25,Excision of nipple,Excision of nipple,http://fhir.hie.moh.gov.my/CodeSystem/procedure-code-my-core,CodeSystemProcedureCodeMyCore
85.31,Unilateral reduction mammoplasty,Unilateral reduction mammoplasty,http://fhir.hie.moh.gov.my/CodeSystem/procedure-code-my-core,CodeSystemProcedureCodeMyCore
85.32,Bilateral reduction mammoplasty,Bilateral reduction mammoplasty,http://fhir.hie.moh.gov.my/CodeSystem/procedure-code-my-core,CodeSystemProcedureCodeMyCore
85.33,Unilateral subcutaneous mammectomy with synchronous implant,Unilateral subcutaneous mammectomy with synchronous implant,http://fhir.hie.moh.gov.my/CodeSystem/procedure-code-my-core,CodeSystemProcedureCodeMyCore
85.34,Other unilateral subcutaneous mammectomy,Other unilateral subcutaneous mammectomy,http://fhir.hie.moh.gov.my/CodeSystem/procedure-code-my-core,CodeSystemProcedureCodeMyCore
85.35,Bilateral subcutaneous mammectomy with synchronous implant,Bilateral subcutaneous mammectomy with synchronous implant,http://fhir.hie.moh.gov.my/CodeSystem/procedure-code-my-core,CodeSystemProcedureCodeMyCore
85.36,Other bilateral subcutaneous mammectomy,Other bilateral subcutaneous mammectomy,http://fhir.hie.moh.gov.my/CodeSystem/procedure-code-my-core,CodeSystemProcedureCodeMyCore
85.41,Unilateral simple mastectomy,Unilateral simple mastectomy,http://fhir.hie.moh.gov.my/CodeSystem/procedure-code-my-core,CodeSystemProcedureCodeMyCore
85.42,Bilateral simple mastectomy,Bilateral simple mastectomy,http://fhir.hie.moh.gov.my/CodeSystem/procedure-code-my-core,CodeSystemProcedureCodeMyCore
85.43,Unilateral extended simple mastectomy,Unilateral extended simple mastectomy,http://fhir.hie.moh.gov.my/CodeSystem/procedure-code-my-core,CodeSystemProcedureCodeMyCore
85.44,Bilateral extended simple mastectomy,Bilateral extended simple mastectomy,http://fhir.hie.moh.gov.my/CodeSystem/procedure-code-my-core,CodeSystemProcedureCodeMyCore
85.45,Unilateral radical mastectomy,Unilateral radical mastectomy,http://fhir.hie.moh.gov.my/CodeSystem/procedure-code-my-core,CodeSystemProcedureCodeMyCore
85.46,Bilateral radical mastectomy,Bilateral radical mastectomy,http://fhir.hie.moh.gov.my/CodeSystem/procedure-code-my-core,CodeSystemProcedureCodeMyCore
85.47,Unilateral extended radical mastectomy,Unilateral extended radical mastectomy,http://fhir.hie.moh.gov.my/CodeSystem/procedure-code-my-core,CodeSystemProcedureCodeMyCore
85.48,Bilateral extended radical mastectomy,Bilateral extended radical mastectomy,http://fhir.hie.moh.gov.my/CodeSystem/procedure-code-my-core,CodeSystemProcedureCodeMyCore
85.51,Unilateral injection into breast for augmentation,Unilateral injection into breast for augmentation,http://fhir.hie.moh.gov.my/CodeSystem/procedure-code-my-core,CodeSystemProcedureCodeMyCore
85.52,Bilateral injection into breast for augmentation,Bilateral injection into breast for augmentation,http://fhir.hie.moh.gov.my/CodeSystem/procedure-code-my-core,CodeSystemProcedureCodeMyCore
85.53,Unilateral breast implant,Unilateral breast implant,http://fhir.hie.moh.gov.my/CodeSystem/procedure-code-my-core,CodeSystemProcedureCodeMyCore
85.54,Bialteral breast implant,Bialteral breast implant,http://fhir.hie.moh.gov.my/CodeSystem/procedure-code-my-core,CodeSystemProcedureCodeMyCore
85.55,Fat graft to breast,Fat graft to breast,http://fhir.hie.moh.gov.my/CodeSystem/procedure-code-my-core,CodeSystemProcedureCodeMyCore
85.71,Latissimus dorsi myocutaneous flap,Latissimus dorsi myocutaneous flap,http://fhir.hie.moh.gov.my/CodeSystem/procedure-code-my-core,CodeSystemProcedureCodeMyCore
85.72,"Transverse rectus abdominis myocutaneous (TRAM) flap, pedicled","Transverse rectus abdominis myocutaneous (TRAM) flap, pedicled",http://fhir.hie.moh.gov.my/CodeSystem/procedure-code-my-core,CodeSystemProcedureCodeMyCore
85.73,"Transverse rectus abdominis myocutaneous (TRAM) flap, free","Transverse rectus abdominis myocutaneous (TRAM) flap, free",http://fhir.hie.moh.gov.my/CodeSystem/procedure-code-my-core,CodeSystemProcedureCodeMyCore
85.74,"Deep inferior epigastric artery perforator (DIEP) flap, free","Deep inferior epigastric artery perforator (DIEP) flap, free",http://fhir.hie.moh.gov.my/CodeSystem/procedure-code-my-core,CodeSystemProcedureCodeMyCore
85.75,"Superficial inferior epigastric artery (SIEA) flap, free","Superficial inferior epigastric artery (SIEA) flap, free",http://fhir.hie.moh.gov.my/CodeSystem/procedure-code-my-core,CodeSystemProcedureCodeMyCore
85.76,"Gluteal artery perforator (GAP) flap, free","Gluteal artery perforator (GAP) flap, free",http://fhir.hie.moh.gov.my/CodeSystem/procedure-code-my-core,CodeSystemProcedureCodeMyCore
85.79,Other total reconstruction of breast,Other total reconstruction of breast,http://fhir.hie.moh.gov.my/CodeSystem/procedure-code-my-core,CodeSystemProcedureCodeMyCore
85.81,Suture of laceration of breast,Suture of laceration of breast,http://fhir.hie.moh.gov.my/CodeSystem/procedure-code-my-core,CodeSystemProcedureCodeMyCore
85.82,Split-thickness graft to breast,Split-thickness graft to breast,http://fhir.hie.moh.gov.my/CodeSystem/procedure-code-my-core,CodeSystemProcedureCodeMyCore
85.83,Full-thickness graft to breast,Full-thickness graft to breast,http://fhir.hie.moh.gov.my/CodeSystem/procedure-code-my-core,CodeSystemProcedureCodeMyCore
85.84,Pedicle graft to breast,Pedicle graft to breast,http://fhir.hie.moh.gov.my/CodeSystem/procedure-code-my-core,CodeSystemProcedureCodeMyCore
85.85,Muscle flap graft to breast,Muscle flap graft to breast,http://fhir.hie.moh.gov.my/CodeSystem/procedure-code-my-core,CodeSystemProcedureCodeMyCore
85.86,Transposition of nipple,Transposition of nipple,http://fhir.hie.moh.gov.my/CodeSystem/procedure-code-my-core,CodeSystemProcedureCodeMyCore
85.87,Other repair or reconstruction of nipple,Other repair or reconstruction of nipple,http://fhir.hie.moh.gov.my/CodeSystem/procedure-code-my-core,CodeSystemProcedureCodeMyCore
85.89,Other mammoplasty,Other mammoplasty,http://fhir.hie.moh.gov.my/CodeSystem/procedure-code-my-core,CodeSystemProcedureCodeMyCore
85.91,Aspiration of breast,Aspiration of breast,http://fhir.hie.moh.gov.my/CodeSystem/procedure-code-my-core,CodeSystemProcedureCodeMyCore
85.92,Injection of therapeutic agent into breast,Injection of therapeutic agent into breast,http://fhir.hie.moh.gov.my/CodeSystem/procedure-code-my-core,CodeSystemProcedureCodeMyCore
85.93,Revision of implant of breast,Revision of implant of breast,http://fhir.hie.moh.gov.my/CodeSystem/procedure-code-my-core,CodeSystemProcedureCodeMyCore
85.94,Removal of implant of breast,Removal of implant of breast,http://fhir.hie.moh.gov.my/CodeSystem/procedure-code-my-core,CodeSystemProcedureCodeMyCore
85.95,Insertion of breast tissue expander,Insertion of breast tissue expander,http://fhir.hie.moh.gov.my/CodeSystem/procedure-code-my-core,CodeSystemProcedureCodeMyCore
85.96,Removal of breast tissue expander,Removal of breast tissue expander,http://fhir.hie.moh.gov.my/CodeSystem/procedure-code-my-core,CodeSystemProcedureCodeMyCore
85.99,Other operations on the breast,Other operations on the breast,http://fhir.hie.moh.gov.my/CodeSystem/procedure-code-my-core,CodeSystemProcedureCodeMyCore
86.01,Aspiration of skin and subcutaneous tissue,Aspiration of skin and subcutaneous tissue,http://fhir.hie.moh.gov.my/CodeSystem/procedure-code-my-core,CodeSystemProcedureCodeMyCore
86.02,Injection or tattooing of skin lesion or defect,Injection or tattooing of skin lesion or defect,http://fhir.hie.moh.gov.my/CodeSystem/procedure-code-my-core,CodeSystemProcedureCodeMyCore
86.03,Incision of pilonidal sinus or cyst,Incision of pilonidal sinus or cyst,http://fhir.hie.moh.gov.my/CodeSystem/procedure-code-my-core,CodeSystemProcedureCodeMyCore
86.04,Other incision with drainage of skin and subcutaneous tissue,Other incision with drainage of skin and subcutaneous tissue,http://fhir.hie.moh.gov.my/CodeSystem/procedure-code-my-core,CodeSystemProcedureCodeMyCore
86.05,Incision with removal of foreign body or device from skin and subcutaneous tissue,Incision with removal of foreign body or device from skin and subcutaneous tissue,http://fhir.hie.moh.gov.my/CodeSystem/procedure-code-my-core,CodeSystemProcedureCodeMyCore
86.06,Insertion of totally implantable infusion pump,Insertion of totally implantable infusion pump,http://fhir.hie.moh.gov.my/CodeSystem/procedure-code-my-core,CodeSystemProcedureCodeMyCore
86.07,Insertion of totally implantable vascular access device [VAD],Insertion of totally implantable vascular access device [VAD],http://fhir.hie.moh.gov.my/CodeSystem/procedure-code-my-core,CodeSystemProcedureCodeMyCore
86.09,Other incision of skin and subcutaneous tissue,Other incision of skin and subcutaneous tissue,http://fhir.hie.moh.gov.my/CodeSystem/procedure-code-my-core,CodeSystemProcedureCodeMyCore
86.11,Closed biopsy of skin and subcutaneous tissue,Closed biopsy of skin and subcutaneous tissue,http://fhir.hie.moh.gov.my/CodeSystem/procedure-code-my-core,CodeSystemProcedureCodeMyCore
86.19,Other diagnostic procedures on skin and subcutaneous tissue,Other diagnostic procedures on skin and subcutaneous tissue,http://fhir.hie.moh.gov.my/CodeSystem/procedure-code-my-core,CodeSystemProcedureCodeMyCore
86.21,Excision of pilonidal cyst or sinus,Excision of pilonidal cyst or sinus,http://fhir.hie.moh.gov.my/CodeSystem/procedure-code-my-core,CodeSystemProcedureCodeMyCore
86.22,"Excisional debridement of wound, infection, or burn","Excisional debridement of wound, infection, or burn",http://fhir.hie.moh.gov.my/CodeSystem/procedure-code-my-core,CodeSystemProcedureCodeMyCore
86.23,"Removal of nail, nail bed, or nail fold","Removal of nail, nail bed, or nail fold",http://fhir.hie.moh.gov.my/CodeSystem/procedure-code-my-core,CodeSystemProcedureCodeMyCore
86.24,Chemosurgery of skin,Chemosurgery of skin,http://fhir.hie.moh.gov.my/CodeSystem/procedure-code-my-core,CodeSystemProcedureCodeMyCore
86.25,Dermabrasion,Dermabrasion,http://fhir.hie.moh.gov.my/CodeSystem/procedure-code-my-core,CodeSystemProcedureCodeMyCore
86.26,Ligation of dermal appendage,Ligation of dermal appendage,http://fhir.hie.moh.gov.my/CodeSystem/procedure-code-my-core,CodeSystemProcedureCodeMyCore
86.27,"Debridement of nail, nail bed, or nail fold","Debridement of nail, nail bed, or nail fold",http://fhir.hie.moh.gov.my/CodeSystem/procedure-code-my-core,CodeSystemProcedureCodeMyCore
86.28,"Nonexcisional debridement of wound, infection or burn","Nonexcisional debridement of wound, infection or burn",http://fhir.hie.moh.gov.my/CodeSystem/procedure-code-my-core,CodeSystemProcedureCodeMyCore
86.51,Replantation of scalp,Replantation of scalp,http://fhir.hie.moh.gov.my/CodeSystem/procedure-code-my-core,CodeSystemProcedureCodeMyCore
86.59,Closure of skin and subcutaneous tissue of other sites,Closure of skin and subcutaneous tissue of other sites,http://fhir.hie.moh.gov.my/CodeSystem/procedure-code-my-core,CodeSystemProcedureCodeMyCore
86.61,Full-thickness skin graft to hand,Full-thickness skin graft to hand,http://fhir.hie.moh.gov.my/CodeSystem/procedure-code-my-core,CodeSystemProcedureCodeMyCore
86.62,Other skin graft to hand,Other skin graft to hand,http://fhir.hie.moh.gov.my/CodeSystem/procedure-code-my-core,CodeSystemProcedureCodeMyCore
86.63,Full-thickness skin graft to other sites,Full-thickness skin graft to other sites,http://fhir.hie.moh.gov.my/CodeSystem/procedure-code-my-core,CodeSystemProcedureCodeMyCore
86.64,Hair transplant,Hair transplant,http://fhir.hie.moh.gov.my/CodeSystem/procedure-code-my-core,CodeSystemProcedureCodeMyCore
86.65,Heterograft to skin,Heterograft to skin,http://fhir.hie.moh.gov.my/CodeSystem/procedure-code-my-core,CodeSystemProcedureCodeMyCore
86.66,Homograft to skin,Homograft to skin,http://fhir.hie.moh.gov.my/CodeSystem/procedure-code-my-core,CodeSystemProcedureCodeMyCore
86.67,Dermal regenerative graft,Dermal regenerative graft,http://fhir.hie.moh.gov.my/CodeSystem/procedure-code-my-core,CodeSystemProcedureCodeMyCore
86.69,Other skin graft to other sites,Other skin graft to other sites,http://fhir.hie.moh.gov.my/CodeSystem/procedure-code-my-core,CodeSystemProcedureCodeMyCore
86.71,Cutting and preparation of pedicle grafts or flaps,Cutting and preparation of pedicle grafts or flaps,http://fhir.hie.moh.gov.my/CodeSystem/procedure-code-my-core,CodeSystemProcedureCodeMyCore
86.72,Advancement of pedicle graft,Advancement of pedicle graft,http://fhir.hie.moh.gov.my/CodeSystem/procedure-code-my-core,CodeSystemProcedureCodeMyCore
86.73,Attachment of pedicle or flap graft to hand,Attachment of pedicle or flap graft to hand,http://fhir.hie.moh.gov.my/CodeSystem/procedure-code-my-core,CodeSystemProcedureCodeMyCore
86.74,Attachment of pedicle or flap graft to other sites,Attachment of pedicle or flap graft to other sites,http://fhir.hie.moh.gov.my/CodeSystem/procedure-code-my-core,CodeSystemProcedureCodeMyCore
86.75,Revision of pedicle or flap graft,Revision of pedicle or flap graft,http://fhir.hie.moh.gov.my/CodeSystem/procedure-code-my-core,CodeSystemProcedureCodeMyCore
86.81,Repair for facial weakness,Repair for facial weakness,http://fhir.hie.moh.gov.my/CodeSystem/procedure-code-my-core,CodeSystemProcedureCodeMyCore
86.82,Facial rhytidectomy,Facial rhytidectomy,http://fhir.hie.moh.gov.my/CodeSystem/procedure-code-my-core,CodeSystemProcedureCodeMyCore
86.83,Size reduction plastic operation,Size reduction plastic operation,http://fhir.hie.moh.gov.my/CodeSystem/procedure-code-my-core,CodeSystemProcedureCodeMyCore
86.84,Relaxation of scar or web contracture of skin,Relaxation of scar or web contracture of skin,http://fhir.hie.moh.gov.my/CodeSystem/procedure-code-my-core,CodeSystemProcedureCodeMyCore
86.85,Correction of syndactyly,Correction of syndactyly,http://fhir.hie.moh.gov.my/CodeSystem/procedure-code-my-core,CodeSystemProcedureCodeMyCore
86.86,Onychoplasty,Onychoplasty,http://fhir.hie.moh.gov.my/CodeSystem/procedure-code-my-core,CodeSystemProcedureCodeMyCore
86.87,Fat graft of skin and subcutaneous tissue,Fat graft of skin and subcutaneous tissue,http://fhir.hie.moh.gov.my/CodeSystem/procedure-code-my-core,CodeSystemProcedureCodeMyCore
86.89,Other repair and reconstruction of skin and subcutaneous tissue,Other repair and reconstruction of skin and subcutaneous tissue,http://fhir.hie.moh.gov.my/CodeSystem/procedure-code-my-core,CodeSystemProcedureCodeMyCore
86.91,Excision of skin for graft,Excision of skin for graft,http://fhir.hie.moh.gov.my/CodeSystem/procedure-code-my-core,CodeSystemProcedureCodeMyCore
86.92,Electrolysis and other epilation of skin,Electrolysis and other epilation of skin,http://fhir.hie.moh.gov.my/CodeSystem/procedure-code-my-core,CodeSystemProcedureCodeMyCore
86.93,Insertion of tissue expander,Insertion of tissue expander,http://fhir.hie.moh.gov.my/CodeSystem/procedure-code-my-core,CodeSystemProcedureCodeMyCore
86.94,"Insertion or replacement of single array neurostimulator pulse generator, not specified as rechargeable","Insertion or replacement of single array neurostimulator pulse generator, not specified as rechargeable",http://fhir.hie.moh.gov.my/CodeSystem/procedure-code-my-core,CodeSystemProcedureCodeMyCore
86.95,"Insertion or replacement of multiple array neurostimulator pulse generator, not specified as rechargeable","Insertion or replacement of multiple array neurostimulator pulse generator, not specified as rechargeable",http://fhir.hie.moh.gov.my/CodeSystem/procedure-code-my-core,CodeSystemProcedureCodeMyCore
86.96,Insertion or replacement of other neurostimulator pulse generator,Insertion or replacement of other neurostimulator pulse generator,http://fhir.hie.moh.gov.my/CodeSystem/procedure-code-my-core,CodeSystemProcedureCodeMyCore
86.97,Insertion or replacement of single array rechargeable neurostimulator pulse generator,Insertion or replacement of single array rechargeable neurostimulator pulse generator,http://fhir.hie.moh.gov.my/CodeSystem/procedure-code-my-core,CodeSystemProcedureCodeMyCore
86.98,Insertion or replacement of multiple array (two or more) rechargeable neurostimulator pulse generator,Insertion or replacement of multiple array (two or more) rechargeable neurostimulator pulse generator,http://fhir.hie.moh.gov.my/CodeSystem/procedure-code-my-core,CodeSystemProcedureCodeMyCore
86.99,Other operations on skin and subcutaneous tissue,Other operations on skin and subcutaneous tissue,http://fhir.hie.moh.gov.my/CodeSystem/procedure-code-my-core,CodeSystemProcedureCodeMyCore
87.01,Pneumoencephalogram,Pneumoencephalogram,http://fhir.hie.moh.gov.my/CodeSystem/procedure-code-my-core,CodeSystemProcedureCodeMyCore
87.02,Other contrast radiogram of brain and skull,Other contrast radiogram of brain and skull,http://fhir.hie.moh.gov.my/CodeSystem/procedure-code-my-core,CodeSystemProcedureCodeMyCore
87.03,Computerized axial tomography of head,Computerized axial tomography of head,http://fhir.hie.moh.gov.my/CodeSystem/procedure-code-my-core,CodeSystemProcedureCodeMyCore
87.04,Other tomography of head,Other tomography of head,http://fhir.hie.moh.gov.my/CodeSystem/procedure-code-my-core,CodeSystemProcedureCodeMyCore
87.05,Contrast dacryocystogram,Contrast dacryocystogram,http://fhir.hie.moh.gov.my/CodeSystem/procedure-code-my-core,CodeSystemProcedureCodeMyCore
87.06,Contrast radiogram of nasopharynx,Contrast radiogram of nasopharynx,http://fhir.hie.moh.gov.my/CodeSystem/procedure-code-my-core,CodeSystemProcedureCodeMyCore
87.07,Contrast laryngogram,Contrast laryngogram,http://fhir.hie.moh.gov.my/CodeSystem/procedure-code-my-core,CodeSystemProcedureCodeMyCore
87.08,Cervical lymphangiogram,Cervical lymphangiogram,http://fhir.hie.moh.gov.my/CodeSystem/procedure-code-my-core,CodeSystemProcedureCodeMyCore
87.09,"Other soft tissue x-ray of face, head, and neck","Other soft tissue x-ray of face, head, and neck",http://fhir.hie.moh.gov.my/CodeSystem/procedure-code-my-core,CodeSystemProcedureCodeMyCore
87.11,Full-mouth x-ray of teeth,Full-mouth x-ray of teeth,http://fhir.hie.moh.gov.my/CodeSystem/procedure-code-my-core,CodeSystemProcedureCodeMyCore
87.12,Other dental x-ray,Other dental x-ray,http://fhir.hie.moh.gov.my/CodeSystem/procedure-code-my-core,CodeSystemProcedureCodeMyCore
87.13,Temporomandibular contrast arthrogram,Temporomandibular contrast arthrogram,http://fhir.hie.moh.gov.my/CodeSystem/procedure-code-my-core,CodeSystemProcedureCodeMyCore
87.14,Contrast radiogram of orbit,Contrast radiogram of orbit,http://fhir.hie.moh.gov.my/CodeSystem/procedure-code-my-core,CodeSystemProcedureCodeMyCore
87.15,Contrast radiogram of sinus,Contrast radiogram of sinus,http://fhir.hie.moh.gov.my/CodeSystem/procedure-code-my-core,CodeSystemProcedureCodeMyCore
87.16,Other x-ray of facial bones,Other x-ray of facial bones,http://fhir.hie.moh.gov.my/CodeSystem/procedure-code-my-core,CodeSystemProcedureCodeMyCore
87.17,Other x-ray of skull,Other x-ray of skull,http://fhir.hie.moh.gov.my/CodeSystem/procedure-code-my-core,CodeSystemProcedureCodeMyCore
87.21,Contrast myelogram,Contrast myelogram,http://fhir.hie.moh.gov.my/CodeSystem/procedure-code-my-core,CodeSystemProcedureCodeMyCore
87.22,Other x-ray of cervical spine,Other x-ray of cervical spine,http://fhir.hie.moh.gov.my/CodeSystem/procedure-code-my-core,CodeSystemProcedureCodeMyCore
87.23,Other x-ray of thoracic spine,Other x-ray of thoracic spine,http://fhir.hie.moh.gov.my/CodeSystem/procedure-code-my-core,CodeSystemProcedureCodeMyCore
87.24,Other x-ray of lumbosacral spine,Other x-ray of lumbosacral spine,http://fhir.hie.moh.gov.my/CodeSystem/procedure-code-my-core,CodeSystemProcedureCodeMyCore
87.29,Other x-ray of spine,Other x-ray of spine,http://fhir.hie.moh.gov.my/CodeSystem/procedure-code-my-core,CodeSystemProcedureCodeMyCore
87.31,Endotracheal bronchogram,Endotracheal bronchogram,http://fhir.hie.moh.gov.my/CodeSystem/procedure-code-my-core,CodeSystemProcedureCodeMyCore
87.32,Other contrast bronchogram,Other contrast bronchogram,http://fhir.hie.moh.gov.my/CodeSystem/procedure-code-my-core,CodeSystemProcedureCodeMyCore
87.33,Mediastinal pneumogram,Mediastinal pneumogram,http://fhir.hie.moh.gov.my/CodeSystem/procedure-code-my-core,CodeSystemProcedureCodeMyCore
87.34,Intrathoracic lymphangiogram,Intrathoracic lymphangiogram,http://fhir.hie.moh.gov.my/CodeSystem/procedure-code-my-core,CodeSystemProcedureCodeMyCore
87.35,Contrast radiogram of mammary ducts,Contrast radiogram of mammary ducts,http://fhir.hie.moh.gov.my/CodeSystem/procedure-code-my-core,CodeSystemProcedureCodeMyCore
87.36,Xerography of breast,Xerography of breast,http://fhir.hie.moh.gov.my/CodeSystem/procedure-code-my-core,CodeSystemProcedureCodeMyCore
87.37,Other mammography,Other mammography,http://fhir.hie.moh.gov.my/CodeSystem/procedure-code-my-core,CodeSystemProcedureCodeMyCore
87.38,Sinogram of chest wall,Sinogram of chest wall,http://fhir.hie.moh.gov.my/CodeSystem/procedure-code-my-core,CodeSystemProcedureCodeMyCore
87.39,Other soft tissue x-ray of chest wall,Other soft tissue x-ray of chest wall,http://fhir.hie.moh.gov.my/CodeSystem/procedure-code-my-core,CodeSystemProcedureCodeMyCore
87.41,Computerized axial tomography of thorax,Computerized axial tomography of thorax,http://fhir.hie.moh.gov.my/CodeSystem/procedure-code-my-core,CodeSystemProcedureCodeMyCore
87.42,Other tomography of thorax,Other tomography of thorax,http://fhir.hie.moh.gov.my/CodeSystem/procedure-code-my-core,CodeSystemProcedureCodeMyCore
87.43,"X-ray of ribs, sternum, and clavicle","X-ray of ribs, sternum, and clavicle",http://fhir.hie.moh.gov.my/CodeSystem/procedure-code-my-core,CodeSystemProcedureCodeMyCore
87.44,"Routine chest x-ray, so described","Routine chest x-ray, so described",http://fhir.hie.moh.gov.my/CodeSystem/procedure-code-my-core,CodeSystemProcedureCodeMyCore
87.49,Other chest x-ray,Other chest x-ray,http://fhir.hie.moh.gov.my/CodeSystem/procedure-code-my-core,CodeSystemProcedureCodeMyCore
87.51,Percutaneous hepatic cholangiogram,Percutaneous hepatic cholangiogram,http://fhir.hie.moh.gov.my/CodeSystem/procedure-code-my-core,CodeSystemProcedureCodeMyCore
87.52,Intravenous cholangiogram,Intravenous cholangiogram,http://fhir.hie.moh.gov.my/CodeSystem/procedure-code-my-core,CodeSystemProcedureCodeMyCore
87.53,Intraoperative cholangiogram,Intraoperative cholangiogram,http://fhir.hie.moh.gov.my/CodeSystem/procedure-code-my-core,CodeSystemProcedureCodeMyCore
87.54,Other cholangiogram,Other cholangiogram,http://fhir.hie.moh.gov.my/CodeSystem/procedure-code-my-core,CodeSystemProcedureCodeMyCore
87.59,Other biliary tract x-ray,Other biliary tract x-ray,http://fhir.hie.moh.gov.my/CodeSystem/procedure-code-my-core,CodeSystemProcedureCodeMyCore
87.61,Barium swallow,Barium swallow,http://fhir.hie.moh.gov.my/CodeSystem/procedure-code-my-core,CodeSystemProcedureCodeMyCore
87.62,Upper GI series,Upper GI series,http://fhir.hie.moh.gov.my/CodeSystem/procedure-code-my-core,CodeSystemProcedureCodeMyCore
87.63,Small bowel series,Small bowel series,http://fhir.hie.moh.gov.my/CodeSystem/procedure-code-my-core,CodeSystemProcedureCodeMyCore
87.64,Lower GI series,Lower GI series,http://fhir.hie.moh.gov.my/CodeSystem/procedure-code-my-core,CodeSystemProcedureCodeMyCore
87.65,Other x-ray of intestines,Other x-ray of intestines,http://fhir.hie.moh.gov.my/CodeSystem/procedure-code-my-core,CodeSystemProcedureCodeMyCore
87.66,Contrast pancreatogram,Contrast pancreatogram,http://fhir.hie.moh.gov.my/CodeSystem/procedure-code-my-core,CodeSystemProcedureCodeMyCore
87.69,Other digestive tract x-ray,Other digestive tract x-ray,http://fhir.hie.moh.gov.my/CodeSystem/procedure-code-my-core,CodeSystemProcedureCodeMyCore
87.71,Computerized axial tomography of kidney,Computerized axial tomography of kidney,http://fhir.hie.moh.gov.my/CodeSystem/procedure-code-my-core,CodeSystemProcedureCodeMyCore
87.72,Other nephrotomogram,Other nephrotomogram,http://fhir.hie.moh.gov.my/CodeSystem/procedure-code-my-core,CodeSystemProcedureCodeMyCore
87.73,Intravenous pyelogram,Intravenous pyelogram,http://fhir.hie.moh.gov.my/CodeSystem/procedure-code-my-core,CodeSystemProcedureCodeMyCore
87.74,Retrograde pyelogram,Retrograde pyelogram,http://fhir.hie.moh.gov.my/CodeSystem/procedure-code-my-core,CodeSystemProcedureCodeMyCore
87.75,Percutaneous pyelogram,Percutaneous pyelogram,http://fhir.hie.moh.gov.my/CodeSystem/procedure-code-my-core,CodeSystemProcedureCodeMyCore
87.76,Retrograde cystourethrogram,Retrograde cystourethrogram,http://fhir.hie.moh.gov.my/CodeSystem/procedure-code-my-core,CodeSystemProcedureCodeMyCore
87.77,Other cystogram,Other cystogram,http://fhir.hie.moh.gov.my/CodeSystem/procedure-code-my-core,CodeSystemProcedureCodeMyCore
87.78,Ileal conduitogram,Ileal conduitogram,http://fhir.hie.moh.gov.my/CodeSystem/procedure-code-my-core,CodeSystemProcedureCodeMyCore
87.79,Other x-ray of the urinary system,Other x-ray of the urinary system,http://fhir.hie.moh.gov.my/CodeSystem/procedure-code-my-core,CodeSystemProcedureCodeMyCore
88.01,Computerized axial tomography of abdomen,Computerized axial tomography of abdomen,http://fhir.hie.moh.gov.my/CodeSystem/procedure-code-my-core,CodeSystemProcedureCodeMyCore
88.02,Other abdomen tomography,Other abdomen tomography,http://fhir.hie.moh.gov.my/CodeSystem/procedure-code-my-core,CodeSystemProcedureCodeMyCore
88.03,Sinogram of abdominal wall,Sinogram of abdominal wall,http://fhir.hie.moh.gov.my/CodeSystem/procedure-code-my-core,CodeSystemProcedureCodeMyCore
88.04,Abdominal lymphangiogram,Abdominal lymphangiogram,http://fhir.hie.moh.gov.my/CodeSystem/procedure-code-my-core,CodeSystemProcedureCodeMyCore
88.09,Other soft tissue x-ray of abdominal wall,Other soft tissue x-ray of abdominal wall,http://fhir.hie.moh.gov.my/CodeSystem/procedure-code-my-core,CodeSystemProcedureCodeMyCore
88.11,Pelvic opaque dye contrast radiography,Pelvic opaque dye contrast radiography,http://fhir.hie.moh.gov.my/CodeSystem/procedure-code-my-core,CodeSystemProcedureCodeMyCore
88.12,Pelvic gas contrast radiography,Pelvic gas contrast radiography,http://fhir.hie.moh.gov.my/CodeSystem/procedure-code-my-core,CodeSystemProcedureCodeMyCore
88.13,Other peritoneal pneumogram,Other peritoneal pneumogram,http://fhir.hie.moh.gov.my/CodeSystem/procedure-code-my-core,CodeSystemProcedureCodeMyCore
88.14,Retroperitoneal fistulogram,Retroperitoneal fistulogram,http://fhir.hie.moh.gov.my/CodeSystem/procedure-code-my-core,CodeSystemProcedureCodeMyCore
88.15,Retroperitoneal pneumogram,Retroperitoneal pneumogram,http://fhir.hie.moh.gov.my/CodeSystem/procedure-code-my-core,CodeSystemProcedureCodeMyCore
88.16,Other retroperitoneal x-ray,Other retroperitoneal x-ray,http://fhir.hie.moh.gov.my/CodeSystem/procedure-code-my-core,CodeSystemProcedureCodeMyCore
88.19,Other x-ray of abdomen,Other x-ray of abdomen,http://fhir.hie.moh.gov.my/CodeSystem/procedure-code-my-core,CodeSystemProcedureCodeMyCore
88.21,Skeletal x-ray of shoulder and upper arm,Skeletal x-ray of shoulder and upper arm,http://fhir.hie.moh.gov.my/CodeSystem/procedure-code-my-core,CodeSystemProcedureCodeMyCore
88.22,Skeletal x-ray of elbow and forearm,Skeletal x-ray of elbow and forearm,http://fhir.hie.moh.gov.my/CodeSystem/procedure-code-my-core,CodeSystemProcedureCodeMyCore
88.23,Skeletal x-ray of wrist and hand,Skeletal x-ray of wrist and hand,http://fhir.hie.moh.gov.my/CodeSystem/procedure-code-my-core,CodeSystemProcedureCodeMyCore
88.24,"Skeletal x-ray of of upper limb, not otherwise specified","Skeletal x-ray of of upper limb, not otherwise specified",http://fhir.hie.moh.gov.my/CodeSystem/procedure-code-my-core,CodeSystemProcedureCodeMyCore
88.25,Pelvimetry,Pelvimetry,http://fhir.hie.moh.gov.my/CodeSystem/procedure-code-my-core,CodeSystemProcedureCodeMyCore
88.26,Other skeletal x-ray of pelvis and hip,Other skeletal x-ray of pelvis and hip,http://fhir.hie.moh.gov.my/CodeSystem/procedure-code-my-core,CodeSystemProcedureCodeMyCore
88.27,"Skeletal x-ry of thigh, knee, and lower leg","Skeletal x-ry of thigh, knee, and lower leg",http://fhir.hie.moh.gov.my/CodeSystem/procedure-code-my-core,CodeSystemProcedureCodeMyCore
88.28,Skeletal x-ray of ankle and foot,Skeletal x-ray of ankle and foot,http://fhir.hie.moh.gov.my/CodeSystem/procedure-code-my-core,CodeSystemProcedureCodeMyCore
88.29,"Skeletal x-ray of lower limb, not otherwise specified","Skeletal x-ray of lower limb, not otherwise specified",http://fhir.hie.moh.gov.my/CodeSystem/procedure-code-my-core,CodeSystemProcedureCodeMyCore
88.31,Skeletal series,Skeletal series,http://fhir.hie.moh.gov.my/CodeSystem/procedure-code-my-core,CodeSystemProcedureCodeMyCore
88.32,Contrast arthrogram,Contrast arthrogram,http://fhir.hie.moh.gov.my/CodeSystem/procedure-code-my-core,CodeSystemProcedureCodeMyCore
88.33,Other skeletal x-ray,Other skeletal x-ray,http://fhir.hie.moh.gov.my/CodeSystem/procedure-code-my-core,CodeSystemProcedureCodeMyCore
88.34,Lymphangiogram of upper limb,Lymphangiogram of upper limb,http://fhir.hie.moh.gov.my/CodeSystem/procedure-code-my-core,CodeSystemProcedureCodeMyCore
88.35,Other soft tissue x-ray of upper limb,Other soft tissue x-ray of upper limb,http://fhir.hie.moh.gov.my/CodeSystem/procedure-code-my-core,CodeSystemProcedureCodeMyCore
88.36,Lymphangiogram of lower limb,Lymphangiogram of lower limb,http://fhir.hie.moh.gov.my/CodeSystem/procedure-code-my-core,CodeSystemProcedureCodeMyCore
88.37,Other soft tissue x-ray of lower limb,Other soft tissue x-ray of lower limb,http://fhir.hie.moh.gov.my/CodeSystem/procedure-code-my-core,CodeSystemProcedureCodeMyCore
88.38,Other computerized axial tomography,Other computerized axial tomography,http://fhir.hie.moh.gov.my/CodeSystem/procedure-code-my-core,CodeSystemProcedureCodeMyCore
88.39,"X-ray, other and unspecified","X-ray, other and unspecified",http://fhir.hie.moh.gov.my/CodeSystem/procedure-code-my-core,CodeSystemProcedureCodeMyCore
88.41,Arteriography of cerebral arteries,Arteriography of cerebral arteries,http://fhir.hie.moh.gov.my/CodeSystem/procedure-code-my-core,CodeSystemProcedureCodeMyCore
88.42,Aortography,Aortography,http://fhir.hie.moh.gov.my/CodeSystem/procedure-code-my-core,CodeSystemProcedureCodeMyCore
88.43,Arteriography of pulmonary arteries,Arteriography of pulmonary arteries,http://fhir.hie.moh.gov.my/CodeSystem/procedure-code-my-core,CodeSystemProcedureCodeMyCore
88.44,Arteriography of other intrathoracic vessels,Arteriography of other intrathoracic vessels,http://fhir.hie.moh.gov.my/CodeSystem/procedure-code-my-core,CodeSystemProcedureCodeMyCore
88.45,Arteriography of renal arteries,Arteriography of renal arteries,http://fhir.hie.moh.gov.my/CodeSystem/procedure-code-my-core,CodeSystemProcedureCodeMyCore
88.47,Arteriography of other intra-abdominal arteries,Arteriography of other intra-abdominal arteries,http://fhir.hie.moh.gov.my/CodeSystem/procedure-code-my-core,CodeSystemProcedureCodeMyCore
88.48,Arteriography of femoral and other lower extremity arteries,Arteriography of femoral and other lower extremity arteries,http://fhir.hie.moh.gov.my/CodeSystem/procedure-code-my-core,CodeSystemProcedureCodeMyCore
88.49,Arteriography of other specified sites,Arteriography of other specified sites,http://fhir.hie.moh.gov.my/CodeSystem/procedure-code-my-core,CodeSystemProcedureCodeMyCore
88.51,Angiocardiography of venae cavae,Angiocardiography of venae cavae,http://fhir.hie.moh.gov.my/CodeSystem/procedure-code-my-core,CodeSystemProcedureCodeMyCore
88.52,Angiocardiography of right heart structures,Angiocardiography of right heart structures,http://fhir.hie.moh.gov.my/CodeSystem/procedure-code-my-core,CodeSystemProcedureCodeMyCore
88.53,Angiocardiography of left heart structures,Angiocardiography of left heart structures,http://fhir.hie.moh.gov.my/CodeSystem/procedure-code-my-core,CodeSystemProcedureCodeMyCore
88.54,Combined right and left heart angiocardiography,Combined right and left heart angiocardiography,http://fhir.hie.moh.gov.my/CodeSystem/procedure-code-my-core,CodeSystemProcedureCodeMyCore
88.55,Coronary arteriography using a single catheter,Coronary arteriography using a single catheter,http://fhir.hie.moh.gov.my/CodeSystem/procedure-code-my-core,CodeSystemProcedureCodeMyCore
88.56,Coronary arteriography using two catheters,Coronary arteriography using two catheters,http://fhir.hie.moh.gov.my/CodeSystem/procedure-code-my-core,CodeSystemProcedureCodeMyCore
88.57,Other and unspecified coronary arteriography,Other and unspecified coronary arteriography,http://fhir.hie.moh.gov.my/CodeSystem/procedure-code-my-core,CodeSystemProcedureCodeMyCore
88.58,Negative-contrast cardiac roentgenography,Negative-contrast cardiac roentgenography,http://fhir.hie.moh.gov.my/CodeSystem/procedure-code-my-core,CodeSystemProcedureCodeMyCore
88.59,Intra-operative coronary fluorescence vascular angiography,Intra-operative coronary fluorescence vascular angiography,http://fhir.hie.moh.gov.my/CodeSystem/procedure-code-my-core,CodeSystemProcedureCodeMyCore
88.61,Phlebography of veins of head and neck using contrast materials,Phlebography of veins of head and neck using contrast materials,http://fhir.hie.moh.gov.my/CodeSystem/procedure-code-my-core,CodeSystemProcedureCodeMyCore
88.62,Phlebography of pulmonary veins using contrast materials,Phlebography of pulmonary veins using contrast materials,http://fhir.hie.moh.gov.my/CodeSystem/procedure-code-my-core,CodeSystemProcedureCodeMyCore
88.63,Phlebography of other intrathoracic veins using contrast material,Phlebography of other intrathoracic veins using contrast material,http://fhir.hie.moh.gov.my/CodeSystem/procedure-code-my-core,CodeSystemProcedureCodeMyCore
88.64,Phlebography of the portal venous system using contrast material,Phlebography of the portal venous system using contrast material,http://fhir.hie.moh.gov.my/CodeSystem/procedure-code-my-core,CodeSystemProcedureCodeMyCore
88.65,Phlebography of other intra-abdominal veins using contrast material,Phlebography of other intra-abdominal veins using contrast material,http://fhir.hie.moh.gov.my/CodeSystem/procedure-code-my-core,CodeSystemProcedureCodeMyCore
88.66,Phlebography of femoral and other lower extremity veins using contrast material,Phlebography of femoral and other lower extremity veins using contrast material,http://fhir.hie.moh.gov.my/CodeSystem/procedure-code-my-core,CodeSystemProcedureCodeMyCore
88.67,Phlebography of other specified sites using contrast material,Phlebography of other specified sites using contrast material,http://fhir.hie.moh.gov.my/CodeSystem/procedure-code-my-core,CodeSystemProcedureCodeMyCore
88.68,Impedance phlebography,Impedance phlebography,http://fhir.hie.moh.gov.my/CodeSystem/procedure-code-my-core,CodeSystemProcedureCodeMyCore
88.71,Diagnostic ultrasound of head and neck,Diagnostic ultrasound of head and neck,http://fhir.hie.moh.gov.my/CodeSystem/procedure-code-my-core,CodeSystemProcedureCodeMyCore
88.72,Diagnostic ultrasound of heart,Diagnostic ultrasound of heart,http://fhir.hie.moh.gov.my/CodeSystem/procedure-code-my-core,CodeSystemProcedureCodeMyCore
88.73,Diagnostic ultrasound of other sites of thorax,Diagnostic ultrasound of other sites of thorax,http://fhir.hie.moh.gov.my/CodeSystem/procedure-code-my-core,CodeSystemProcedureCodeMyCore
88.74,Diagnostic ultrasound of digestive system,Diagnostic ultrasound of digestive system,http://fhir.hie.moh.gov.my/CodeSystem/procedure-code-my-core,CodeSystemProcedureCodeMyCore
88.75,Diagnostic ultrasound of urinary system,Diagnostic ultrasound of urinary system,http://fhir.hie.moh.gov.my/CodeSystem/procedure-code-my-core,CodeSystemProcedureCodeMyCore
88.76,Diagnostic ultrasound of abdomen and retroperitoneum,Diagnostic ultrasound of abdomen and retroperitoneum,http://fhir.hie.moh.gov.my/CodeSystem/procedure-code-my-core,CodeSystemProcedureCodeMyCore
88.77,Diagnostic ultrasound of peripheral vascular system,Diagnostic ultrasound of peripheral vascular system,http://fhir.hie.moh.gov.my/CodeSystem/procedure-code-my-core,CodeSystemProcedureCodeMyCore
88.79,Other diagnostic ultrasound,Other diagnostic ultrasound,http://fhir.hie.moh.gov.my/CodeSystem/procedure-code-my-core,CodeSystemProcedureCodeMyCore
88.81,Cerebral thermography,Cerebral thermography,http://fhir.hie.moh.gov.my/CodeSystem/procedure-code-my-core,CodeSystemProcedureCodeMyCore
88.82,Ocular termography,Ocular termography,http://fhir.hie.moh.gov.my/CodeSystem/procedure-code-my-core,CodeSystemProcedureCodeMyCore
88.83,Bone thermography,Bone thermography,http://fhir.hie.moh.gov.my/CodeSystem/procedure-code-my-core,CodeSystemProcedureCodeMyCore
88.84,Muscle thermography,Muscle thermography,http://fhir.hie.moh.gov.my/CodeSystem/procedure-code-my-core,CodeSystemProcedureCodeMyCore
88.85,Breast thermography,Breast thermography,http://fhir.hie.moh.gov.my/CodeSystem/procedure-code-my-core,CodeSystemProcedureCodeMyCore
88.86,Blood vessel thermography,Blood vessel thermography,http://fhir.hie.moh.gov.my/CodeSystem/procedure-code-my-core,CodeSystemProcedureCodeMyCore
88.89,Thermography of other sites,Thermography of other sites,http://fhir.hie.moh.gov.my/CodeSystem/procedure-code-my-core,CodeSystemProcedureCodeMyCore
88.91,Magnetic resonance imaging of brain and brain stem,Magnetic resonance imaging of brain and brain stem,http://fhir.hie.moh.gov.my/CodeSystem/procedure-code-my-core,CodeSystemProcedureCodeMyCore
88.92,Magnetic resonance imaging of chest and myocardium,Magnetic resonance imaging of chest and myocardium,http://fhir.hie.moh.gov.my/CodeSystem/procedure-code-my-core,CodeSystemProcedureCodeMyCore
88.93,Magnetic resonance imaging of spinal canal,Magnetic resonance imaging of spinal canal,http://fhir.hie.moh.gov.my/CodeSystem/procedure-code-my-core,CodeSystemProcedureCodeMyCore
88.94,Magnetic resonance imaging of musculoskeletal,Magnetic resonance imaging of musculoskeletal,http://fhir.hie.moh.gov.my/CodeSystem/procedure-code-my-core,CodeSystemProcedureCodeMyCore
88.95,"Magnetic resonance imaging of pelvis, prostate, and bladder","Magnetic resonance imaging of pelvis, prostate, and bladder",http://fhir.hie.moh.gov.my/CodeSystem/procedure-code-my-core,CodeSystemProcedureCodeMyCore
88.96,Other intraoperative magnetic resonance imaging,Other intraoperative magnetic resonance imaging,http://fhir.hie.moh.gov.my/CodeSystem/procedure-code-my-core,CodeSystemProcedureCodeMyCore
88.97,Magnetic resonance imaging of other and unspecified sites,Magnetic resonance imaging of other and unspecified sites,http://fhir.hie.moh.gov.my/CodeSystem/procedure-code-my-core,CodeSystemProcedureCodeMyCore
88.98,Bone mineral density studies,Bone mineral density studies,http://fhir.hie.moh.gov.my/CodeSystem/procedure-code-my-core,CodeSystemProcedureCodeMyCore
89.01,"Interview and evaluation, described as brief","Interview and evaluation, described as brief",http://fhir.hie.moh.gov.my/CodeSystem/procedure-code-my-core,CodeSystemProcedureCodeMyCore
89.02,"Interview and evaluation, described as limited","Interview and evaluation, described as limited",http://fhir.hie.moh.gov.my/CodeSystem/procedure-code-my-core,CodeSystemProcedureCodeMyCore
89.03,"Interview and evaluation, described as comprehensive","Interview and evaluation, described as comprehensive",http://fhir.hie.moh.gov.my/CodeSystem/procedure-code-my-core,CodeSystemProcedureCodeMyCore
89.04,Other interview and evaluation,Other interview and evaluation,http://fhir.hie.moh.gov.my/CodeSystem/procedure-code-my-core,CodeSystemProcedureCodeMyCore
89.05,"Diagnostic interview and evaluation, not otherwise specified","Diagnostic interview and evaluation, not otherwise specified",http://fhir.hie.moh.gov.my/CodeSystem/procedure-code-my-core,CodeSystemProcedureCodeMyCore
89.06,"Consultation, described as limited","Consultation, described as limited",http://fhir.hie.moh.gov.my/CodeSystem/procedure-code-my-core,CodeSystemProcedureCodeMyCore
89.07,"Consultation, described as comprehensive","Consultation, described as comprehensive",http://fhir.hie.moh.gov.my/CodeSystem/procedure-code-my-core,CodeSystemProcedureCodeMyCore
89.08,Other consultation,Other consultation,http://fhir.hie.moh.gov.my/CodeSystem/procedure-code-my-core,CodeSystemProcedureCodeMyCore
89.09,"Consultation, not otherwise specified","Consultation, not otherwise specified",http://fhir.hie.moh.gov.my/CodeSystem/procedure-code-my-core,CodeSystemProcedureCodeMyCore
89.11,Tonometry,Tonometry,http://fhir.hie.moh.gov.my/CodeSystem/procedure-code-my-core,CodeSystemProcedureCodeMyCore
89.12,Nasal function study,Nasal function study,http://fhir.hie.moh.gov.my/CodeSystem/procedure-code-my-core,CodeSystemProcedureCodeMyCore
89.13,Neurologic examination,Neurologic examination,http://fhir.hie.moh.gov.my/CodeSystem/procedure-code-my-core,CodeSystemProcedureCodeMyCore
89.14,Electroencephalogram,Electroencephalogram,http://fhir.hie.moh.gov.my/CodeSystem/procedure-code-my-core,CodeSystemProcedureCodeMyCore
89.15,Other nonoperative neurologic function tests,Other nonoperative neurologic function tests,http://fhir.hie.moh.gov.my/CodeSystem/procedure-code-my-core,CodeSystemProcedureCodeMyCore
89.16,Transillumination of newborn skull,Transillumination of newborn skull,http://fhir.hie.moh.gov.my/CodeSystem/procedure-code-my-core,CodeSystemProcedureCodeMyCore
89.17,Polysomnogram,Polysomnogram,http://fhir.hie.moh.gov.my/CodeSystem/procedure-code-my-core,CodeSystemProcedureCodeMyCore
89.18,Other sleep disorder function tests,Other sleep disorder function tests,http://fhir.hie.moh.gov.my/CodeSystem/procedure-code-my-core,CodeSystemProcedureCodeMyCore
89.19,Video and radio-telemetered electroencephalographic monitoring,Video and radio-telemetered electroencephalographic monitoring,http://fhir.hie.moh.gov.my/CodeSystem/procedure-code-my-core,CodeSystemProcedureCodeMyCore
89.21,Urinary manometry,Urinary manometry,http://fhir.hie.moh.gov.my/CodeSystem/procedure-code-my-core,CodeSystemProcedureCodeMyCore
89.22,Cystometrogram,Cystometrogram,http://fhir.hie.moh.gov.my/CodeSystem/procedure-code-my-core,CodeSystemProcedureCodeMyCore
89.23,Urethral sphincter electromyogram,Urethral sphincter electromyogram,http://fhir.hie.moh.gov.my/CodeSystem/procedure-code-my-core,CodeSystemProcedureCodeMyCore
89.24,Uroflowmetry [UFR],Uroflowmetry [UFR],http://fhir.hie.moh.gov.my/CodeSystem/procedure-code-my-core,CodeSystemProcedureCodeMyCore
89.25,Urethral pressure profile [UPP],Urethral pressure profile [UPP],http://fhir.hie.moh.gov.my/CodeSystem/procedure-code-my-core,CodeSystemProcedureCodeMyCore
89.29,Other non-operative genitourinary system measurements,Other non-operative genitourinary system measurements,http://fhir.hie.moh.gov.my/CodeSystem/procedure-code-my-core,CodeSystemProcedureCodeMyCore
89.31,Dental examination,Dental examination,http://fhir.hie.moh.gov.my/CodeSystem/procedure-code-my-core,CodeSystemProcedureCodeMyCore
89.32,Esophageal manometry,Esophageal manometry,http://fhir.hie.moh.gov.my/CodeSystem/procedure-code-my-core,CodeSystemProcedureCodeMyCore
89.33,Digital examination of enterostomy stoma,Digital examination of enterostomy stoma,http://fhir.hie.moh.gov.my/CodeSystem/procedure-code-my-core,CodeSystemProcedureCodeMyCore
89.34,Digital examination of rectum,Digital examination of rectum,http://fhir.hie.moh.gov.my/CodeSystem/procedure-code-my-core,CodeSystemProcedureCodeMyCore
89.35,Transillumination of nasal sinuses,Transillumination of nasal sinuses,http://fhir.hie.moh.gov.my/CodeSystem/procedure-code-my-core,CodeSystemProcedureCodeMyCore
89.36,Manual examination of breast,Manual examination of breast,http://fhir.hie.moh.gov.my/CodeSystem/procedure-code-my-core,CodeSystemProcedureCodeMyCore
89.37,Vital capacity determination,Vital capacity determination,http://fhir.hie.moh.gov.my/CodeSystem/procedure-code-my-core,CodeSystemProcedureCodeMyCore
89.38,Other nonoperative respiratory measurements,Other nonoperative respiratory measurements,http://fhir.hie.moh.gov.my/CodeSystem/procedure-code-my-core,CodeSystemProcedureCodeMyCore
89.39,Other nonoperative measurements and examinations,Other nonoperative measurements and examinations,http://fhir.hie.moh.gov.my/CodeSystem/procedure-code-my-core,CodeSystemProcedureCodeMyCore
89.41,Cardiovascular stress tests using treadmill,Cardiovascular stress tests using treadmill,http://fhir.hie.moh.gov.my/CodeSystem/procedure-code-my-core,CodeSystemProcedureCodeMyCore
89.42,Masters two-step stress test,Masters two-step stress test,http://fhir.hie.moh.gov.my/CodeSystem/procedure-code-my-core,CodeSystemProcedureCodeMyCore
89.43,Cardiovascular stress test using bicycle ergometer,Cardiovascular stress test using bicycle ergometer,http://fhir.hie.moh.gov.my/CodeSystem/procedure-code-my-core,CodeSystemProcedureCodeMyCore
89.44,Other cardiovascular stress test,Other cardiovascular stress test,http://fhir.hie.moh.gov.my/CodeSystem/procedure-code-my-core,CodeSystemProcedureCodeMyCore
89.45,Artificial pacemaker rate check,Artificial pacemaker rate check,http://fhir.hie.moh.gov.my/CodeSystem/procedure-code-my-core,CodeSystemProcedureCodeMyCore
89.46,Artificial pacemaker artifact wave form check,Artificial pacemaker artifact wave form check,http://fhir.hie.moh.gov.my/CodeSystem/procedure-code-my-core,CodeSystemProcedureCodeMyCore
89.47,Artificial pacemaker electrode impedance check,Artificial pacemaker electrode impedance check,http://fhir.hie.moh.gov.my/CodeSystem/procedure-code-my-core,CodeSystemProcedureCodeMyCore
89.48,Artificial pacemaker voltage or amperage threshold check,Artificial pacemaker voltage or amperage threshold check,http://fhir.hie.moh.gov.my/CodeSystem/procedure-code-my-core,CodeSystemProcedureCodeMyCore
89.49,Automatic implantable cardioverter/defibrillator (AICD) check,Automatic implantable cardioverter/defibrillator (AICD) check,http://fhir.hie.moh.gov.my/CodeSystem/procedure-code-my-core,CodeSystemProcedureCodeMyCore
89.51,Rhythm electrocardiogram,Rhythm electrocardiogram,http://fhir.hie.moh.gov.my/CodeSystem/procedure-code-my-core,CodeSystemProcedureCodeMyCore
89.52,Electrocardiogram,Electrocardiogram,http://fhir.hie.moh.gov.my/CodeSystem/procedure-code-my-core,CodeSystemProcedureCodeMyCore
89.53,Vectorcardiogram (with ECG),Vectorcardiogram (with ECG),http://fhir.hie.moh.gov.my/CodeSystem/procedure-code-my-core,CodeSystemProcedureCodeMyCore
89.54,Electrographic monitoring,Electrographic monitoring,http://fhir.hie.moh.gov.my/CodeSystem/procedure-code-my-core,CodeSystemProcedureCodeMyCore
89.55,Phonocardiogram with ECG lead,Phonocardiogram with ECG lead,http://fhir.hie.moh.gov.my/CodeSystem/procedure-code-my-core,CodeSystemProcedureCodeMyCore
89.56,Carotid pulse tracing with ECG lead,Carotid pulse tracing with ECG lead,http://fhir.hie.moh.gov.my/CodeSystem/procedure-code-my-core,CodeSystemProcedureCodeMyCore
89.57,Apexcardiogram (with ECG lead),Apexcardiogram (with ECG lead),http://fhir.hie.moh.gov.my/CodeSystem/procedure-code-my-core,CodeSystemProcedureCodeMyCore
89.58,Plethysmogram,Plethysmogram,http://fhir.hie.moh.gov.my/CodeSystem/procedure-code-my-core,CodeSystemProcedureCodeMyCore
89.59,Other nonoperative cardiac and vascular measurements,Other nonoperative cardiac and vascular measurements,http://fhir.hie.moh.gov.my/CodeSystem/procedure-code-my-core,CodeSystemProcedureCodeMyCore
89.61,Systemic arterial pressure monitoring,Systemic arterial pressure monitoring,http://fhir.hie.moh.gov.my/CodeSystem/procedure-code-my-core,CodeSystemProcedureCodeMyCore
89.62,Central venous pressure monitoring,Central venous pressure monitoring,http://fhir.hie.moh.gov.my/CodeSystem/procedure-code-my-core,CodeSystemProcedureCodeMyCore
89.63,Pulmonary artery pressure monitoring,Pulmonary artery pressure monitoring,http://fhir.hie.moh.gov.my/CodeSystem/procedure-code-my-core,CodeSystemProcedureCodeMyCore
89.64,Pulmonary artery wedge monitoring,Pulmonary artery wedge monitoring,http://fhir.hie.moh.gov.my/CodeSystem/procedure-code-my-core,CodeSystemProcedureCodeMyCore
89.65,Measurement of systemic arterial blood gases,Measurement of systemic arterial blood gases,http://fhir.hie.moh.gov.my/CodeSystem/procedure-code-my-core,CodeSystemProcedureCodeMyCore
89.66,Measurement of mixed venous blood gas,Measurement of mixed venous blood gas,http://fhir.hie.moh.gov.my/CodeSystem/procedure-code-my-core,CodeSystemProcedureCodeMyCore
89.67,Monitoring of cardiac output by oxygen consumption technique,Monitoring of cardiac output by oxygen consumption technique,http://fhir.hie.moh.gov.my/CodeSystem/procedure-code-my-core,CodeSystemProcedureCodeMyCore
89.68,Monitoring of cardiac output by other techniques,Monitoring of cardiac output by other techniques,http://fhir.hie.moh.gov.my/CodeSystem/procedure-code-my-core,CodeSystemProcedureCodeMyCore
89.69,Monitoring of coronary blood flow,Monitoring of coronary blood flow,http://fhir.hie.moh.gov.my/CodeSystem/procedure-code-my-core,CodeSystemProcedureCodeMyCore
90.01,"Microscopic examination of specimen from nervous system and of spinal fluid, bacterial smear","Microscopic examination of specimen from nervous system and of spinal fluid, bacterial smear",http://fhir.hie.moh.gov.my/CodeSystem/procedure-code-my-core,CodeSystemProcedureCodeMyCore
90.02,"Microscopic examination of specimen from nervous system and of spinal fluid, culture","Microscopic examination of specimen from nervous system and of spinal fluid, culture",http://fhir.hie.moh.gov.my/CodeSystem/procedure-code-my-core,CodeSystemProcedureCodeMyCore
90.03,"Microscopic examination of specimen from nervous system and of spinal fluid, culture and sensitivity","Microscopic examination of specimen from nervous system and of spinal fluid, culture and sensitivity",http://fhir.hie.moh.gov.my/CodeSystem/procedure-code-my-core,CodeSystemProcedureCodeMyCore
90.04,"Microscopic examination of specimen from nervous system and of spinal fluid, parasitology","Microscopic examination of specimen from nervous system and of spinal fluid, parasitology",http://fhir.hie.moh.gov.my/CodeSystem/procedure-code-my-core,CodeSystemProcedureCodeMyCore
90.05,"Microscopic examination of specimen from nervous system and of spinal fluid, toxicology","Microscopic examination of specimen from nervous system and of spinal fluid, toxicology",http://fhir.hie.moh.gov.my/CodeSystem/procedure-code-my-core,CodeSystemProcedureCodeMyCore
90.06,"Microscopic examination of specimen from nervous system and of spinal fluid, cell block and Papanicolaou smear","Microscopic examination of specimen from nervous system and of spinal fluid, cell block and Papanicolaou smear",http://fhir.hie.moh.gov.my/CodeSystem/procedure-code-my-core,CodeSystemProcedureCodeMyCore
90.09,"Microscopic examination of specimen from nervous system and of spinal fluid via, other microscopic examination","Microscopic examination of specimen from nervous system and of spinal fluid via, other microscopic examination",http://fhir.hie.moh.gov.my/CodeSystem/procedure-code-my-core,CodeSystemProcedureCodeMyCore
90.11,"Microscopic examination of specimen from endocrine gland, not elsewhere classified, bacterial smear","Microscopic examination of specimen from endocrine gland, not elsewhere classified, bacterial smear",http://fhir.hie.moh.gov.my/CodeSystem/procedure-code-my-core,CodeSystemProcedureCodeMyCore
90.12,"Microscopic examination of specimen from endocrine gland, not elsewhere classified, culture","Microscopic examination of specimen from endocrine gland, not elsewhere classified, culture",http://fhir.hie.moh.gov.my/CodeSystem/procedure-code-my-core,CodeSystemProcedureCodeMyCore
90.13,"Microscopic examination of specimen from endocrine gland, not elsewhere classified, culture and sensitivity","Microscopic examination of specimen from endocrine gland, not elsewhere classified, culture and sensitivity",http://fhir.hie.moh.gov.my/CodeSystem/procedure-code-my-core,CodeSystemProcedureCodeMyCore
90.14,"Microscopic examination of specimen from endocrine gland, not elsewhere classified, parasitology","Microscopic examination of specimen from endocrine gland, not elsewhere classified, parasitology",http://fhir.hie.moh.gov.my/CodeSystem/procedure-code-my-core,CodeSystemProcedureCodeMyCore
90.15,"Microscopic examination of specimen from endocrine gland, not elsewhere classified, toxicology","Microscopic examination of specimen from endocrine gland, not elsewhere classified, toxicology",http://fhir.hie.moh.gov.my/CodeSystem/procedure-code-my-core,CodeSystemProcedureCodeMyCore
90.16,"Microscopic examination of specimen from endocrine gland, not elsewhere classified, cell block and Papanicolaou smear","Microscopic examination of specimen from endocrine gland, not elsewhere classified, cell block and Papanicolaou smear",http://fhir.hie.moh.gov.my/CodeSystem/procedure-code-my-core,CodeSystemProcedureCodeMyCore
90.19,"Microscopic examination of specimen from endocrine gland, not elsewhere classified, other microscopic examination","Microscopic examination of specimen from endocrine gland, not elsewhere classified, other microscopic examination",http://fhir.hie.moh.gov.my/CodeSystem/procedure-code-my-core,CodeSystemProcedureCodeMyCore
90.21,"Microscopic examination of specimen from eye, bacterial smear","Microscopic examination of specimen from eye, bacterial smear",http://fhir.hie.moh.gov.my/CodeSystem/procedure-code-my-core,CodeSystemProcedureCodeMyCore
90.22,"Microscopic examination of specimen from eye, culture","Microscopic examination of specimen from eye, culture",http://fhir.hie.moh.gov.my/CodeSystem/procedure-code-my-core,CodeSystemProcedureCodeMyCore
90.23,"Microscopic examination of specimen from eye, culture and sensitivity","Microscopic examination of specimen from eye, culture and sensitivity",http://fhir.hie.moh.gov.my/CodeSystem/procedure-code-my-core,CodeSystemProcedureCodeMyCore
90.24,"Microscopic examination of specimen from eye, parasitology","Microscopic examination of specimen from eye, parasitology",http://fhir.hie.moh.gov.my/CodeSystem/procedure-code-my-core,CodeSystemProcedureCodeMyCore
90.25,"Microscopic examination of specimen from eye, toxicology","Microscopic examination of specimen from eye, toxicology",http://fhir.hie.moh.gov.my/CodeSystem/procedure-code-my-core,CodeSystemProcedureCodeMyCore
90.26,"Microscopic examination of specimen from eye, cell block and Papanicolaou smear","Microscopic examination of specimen from eye, cell block and Papanicolaou smear",http://fhir.hie.moh.gov.my/CodeSystem/procedure-code-my-core,CodeSystemProcedureCodeMyCore
90.29,"Microscopic examination of specimen from eye, other microscopic examination","Microscopic examination of specimen from eye, other microscopic examination",http://fhir.hie.moh.gov.my/CodeSystem/procedure-code-my-core,CodeSystemProcedureCodeMyCore
90.31,"Microscopic examination of specimen from ear, nose, throat, and larynx, bacterial smear","Microscopic examination of specimen from ear, nose, throat, and larynx, bacterial smear",http://fhir.hie.moh.gov.my/CodeSystem/procedure-code-my-core,CodeSystemProcedureCodeMyCore
90.32,"Microscopic examination of specimen from ear, nose, throat, and larynx, culture","Microscopic examination of specimen from ear, nose, throat, and larynx, culture",http://fhir.hie.moh.gov.my/CodeSystem/procedure-code-my-core,CodeSystemProcedureCodeMyCore
90.33,"Microscopic examination of specimen from ear, nose, throat, and larynx, culture and sensitivity","Microscopic examination of specimen from ear, nose, throat, and larynx, culture and sensitivity",http://fhir.hie.moh.gov.my/CodeSystem/procedure-code-my-core,CodeSystemProcedureCodeMyCore
90.34,"Microscopic examination of specimen from ear, nose, throat, and larynx, parasitology","Microscopic examination of specimen from ear, nose, throat, and larynx, parasitology",http://fhir.hie.moh.gov.my/CodeSystem/procedure-code-my-core,CodeSystemProcedureCodeMyCore
90.35,"Microscopic examination of specimen from ear, nose, throat, and larynx, toxicology","Microscopic examination of specimen from ear, nose, throat, and larynx, toxicology",http://fhir.hie.moh.gov.my/CodeSystem/procedure-code-my-core,CodeSystemProcedureCodeMyCore
90.36,"Microscopic examination of specimen from ear, nose, throat, and larynx, cell block and Papanicolaou smear","Microscopic examination of specimen from ear, nose, throat, and larynx, cell block and Papanicolaou smear",http://fhir.hie.moh.gov.my/CodeSystem/procedure-code-my-core,CodeSystemProcedureCodeMyCore
90.39,"Microscopic examination of specimen from ear, nose, throat, and larynx, other microscopic examination","Microscopic examination of specimen from ear, nose, throat, and larynx, other microscopic examination",http://fhir.hie.moh.gov.my/CodeSystem/procedure-code-my-core,CodeSystemProcedureCodeMyCore
90.41,"Microscopic examination of specimen from trachea, bronchus, pleura, lung, and other thoracic specimen, and of sputum, bacterial smear","Microscopic examination of specimen from trachea, bronchus, pleura, lung, and other thoracic specimen, and of sputum, bacterial smear",http://fhir.hie.moh.gov.my/CodeSystem/procedure-code-my-core,CodeSystemProcedureCodeMyCore
90.42,"Microscopic examination of specimen from trachea, bronchus, pleura, lung, and other thoracic specimen, and of sputum, culture","Microscopic examination of specimen from trachea, bronchus, pleura, lung, and other thoracic specimen, and of sputum, culture",http://fhir.hie.moh.gov.my/CodeSystem/procedure-code-my-core,CodeSystemProcedureCodeMyCore
91.16,"Microscopic examination of peritoneal and retroperitoneal specimen, cell block and Papanicolaou smear","Microscopic examination of peritoneal and retroperitoneal specimen, cell block and Papanicolaou smear",http://fhir.hie.moh.gov.my/CodeSystem/procedure-code-my-core,CodeSystemProcedureCodeMyCore
90.43,"Microscopic examination of specimen from trachea, bronchus, pleura, lung, and other thoracic specimen, and of sputum, culture and sensitivity","Microscopic examination of specimen from trachea, bronchus, pleura, lung, and other thoracic specimen, and of sputum, culture and sensitivity",http://fhir.hie.moh.gov.my/CodeSystem/procedure-code-my-core,CodeSystemProcedureCodeMyCore
90.44,"Microscopic examination of specimen from trachea, bronchus, pleura, lung, and other thoracic specimen, and of sputum, parasitology","Microscopic examination of specimen from trachea, bronchus, pleura, lung, and other thoracic specimen, and of sputum, parasitology",http://fhir.hie.moh.gov.my/CodeSystem/procedure-code-my-core,CodeSystemProcedureCodeMyCore
90.45,"Microscopic examination of specimen from trachea, bronchus, pleura, lung, and other thoracic specimen, and of sputum, toxicology","Microscopic examination of specimen from trachea, bronchus, pleura, lung, and other thoracic specimen, and of sputum, toxicology",http://fhir.hie.moh.gov.my/CodeSystem/procedure-code-my-core,CodeSystemProcedureCodeMyCore
90.46,"Microscopic examination of specimen from trachea, bronchus, pleura, lung, and other thoracic specimen, and of sputum, cell block and Papanicolaou smear","Microscopic examination of specimen from trachea, bronchus, pleura, lung, and other thoracic specimen, and of sputum, cell block and Papanicolaou smear",http://fhir.hie.moh.gov.my/CodeSystem/procedure-code-my-core,CodeSystemProcedureCodeMyCore
90.49,"Microscopic examination of specimen from trachea, bronchus, pleura, lung, and other thoracic specimen, and of sputum, other microscopic examination","Microscopic examination of specimen from trachea, bronchus, pleura, lung, and other thoracic specimen, and of sputum, other microscopic examination",http://fhir.hie.moh.gov.my/CodeSystem/procedure-code-my-core,CodeSystemProcedureCodeMyCore
90.51,"Microscopic examination of blood, bacterial smear","Microscopic examination of blood, bacterial smear",http://fhir.hie.moh.gov.my/CodeSystem/procedure-code-my-core,CodeSystemProcedureCodeMyCore
90.52,"Microscopic examination of blood, culture","Microscopic examination of blood, culture",http://fhir.hie.moh.gov.my/CodeSystem/procedure-code-my-core,CodeSystemProcedureCodeMyCore
90.53,"Microscopic examination of blood, culture and sensitivity","Microscopic examination of blood, culture and sensitivity",http://fhir.hie.moh.gov.my/CodeSystem/procedure-code-my-core,CodeSystemProcedureCodeMyCore
90.54,"Microscopic examination of blood, parasitology","Microscopic examination of blood, parasitology",http://fhir.hie.moh.gov.my/CodeSystem/procedure-code-my-core,CodeSystemProcedureCodeMyCore
90.55,"Microscopic examination of blood, toxicology","Microscopic examination of blood, toxicology",http://fhir.hie.moh.gov.my/CodeSystem/procedure-code-my-core,CodeSystemProcedureCodeMyCore
90.56,"Microscopic examination of blood, cell block and Papanicolaou smear","Microscopic examination of blood, cell block and Papanicolaou smear",http://fhir.hie.moh.gov.my/CodeSystem/procedure-code-my-core,CodeSystemProcedureCodeMyCore
90.59,"Microscopic examination of blood, other microscopic examination","Microscopic examination of blood, other microscopic examination",http://fhir.hie.moh.gov.my/CodeSystem/procedure-code-my-core,CodeSystemProcedureCodeMyCore
90.61,"Microscopic examination of specimen from spleen and of bone marrow, bacterial smear","Microscopic examination of specimen from spleen and of bone marrow, bacterial smear",http://fhir.hie.moh.gov.my/CodeSystem/procedure-code-my-core,CodeSystemProcedureCodeMyCore
90.62,"Microscopic examination of specimen from spleen and of bone marrow, culture","Microscopic examination of specimen from spleen and of bone marrow, culture",http://fhir.hie.moh.gov.my/CodeSystem/procedure-code-my-core,CodeSystemProcedureCodeMyCore
90.63,"Microscopic examination of specimen from spleen and of bone marrow, culture and sensitivity","Microscopic examination of specimen from spleen and of bone marrow, culture and sensitivity",http://fhir.hie.moh.gov.my/CodeSystem/procedure-code-my-core,CodeSystemProcedureCodeMyCore
90.64,"Microscopic examination of specimen from spleen and of bone marrow, parasitology","Microscopic examination of specimen from spleen and of bone marrow, parasitology",http://fhir.hie.moh.gov.my/CodeSystem/procedure-code-my-core,CodeSystemProcedureCodeMyCore
90.65,"Microscopic examination of specimen from spleen and of bone marrow, toxicology","Microscopic examination of specimen from spleen and of bone marrow, toxicology",http://fhir.hie.moh.gov.my/CodeSystem/procedure-code-my-core,CodeSystemProcedureCodeMyCore
90.66,"Microscopic examination of specimen from spleen and of bone marrow, cell block and Papanicolaou smear","Microscopic examination of specimen from spleen and of bone marrow, cell block and Papanicolaou smear",http://fhir.hie.moh.gov.my/CodeSystem/procedure-code-my-core,CodeSystemProcedureCodeMyCore
90.69,"Microscopic examination of specimen from spleen and of bone marrow, other microscopic examination","Microscopic examination of specimen from spleen and of bone marrow, other microscopic examination",http://fhir.hie.moh.gov.my/CodeSystem/procedure-code-my-core,CodeSystemProcedureCodeMyCore
90.71,"Microscopic examination of specimen from lymph node and of lymph, bacterial smear","Microscopic examination of specimen from lymph node and of lymph, bacterial smear",http://fhir.hie.moh.gov.my/CodeSystem/procedure-code-my-core,CodeSystemProcedureCodeMyCore
90.72,"Microscopic examination of specimen from lymph node and of lymph, culture","Microscopic examination of specimen from lymph node and of lymph, culture",http://fhir.hie.moh.gov.my/CodeSystem/procedure-code-my-core,CodeSystemProcedureCodeMyCore
90.73,"Microscopic examination of specimen from lymph node and of lymph, culture and sensitivity","Microscopic examination of specimen from lymph node and of lymph, culture and sensitivity",http://fhir.hie.moh.gov.my/CodeSystem/procedure-code-my-core,CodeSystemProcedureCodeMyCore
90.74,"Microscopic examination of specimen from lymph node and of lymph, parasitology","Microscopic examination of specimen from lymph node and of lymph, parasitology",http://fhir.hie.moh.gov.my/CodeSystem/procedure-code-my-core,CodeSystemProcedureCodeMyCore
90.75,"Microscopic examination of specimen from lymph node and of lymph, toxicology","Microscopic examination of specimen from lymph node and of lymph, toxicology",http://fhir.hie.moh.gov.my/CodeSystem/procedure-code-my-core,CodeSystemProcedureCodeMyCore
90.76,"Microscopic examination of specimen from lymph node and of lymph, cell block and Papanicolaou smear","Microscopic examination of specimen from lymph node and of lymph, cell block and Papanicolaou smear",http://fhir.hie.moh.gov.my/CodeSystem/procedure-code-my-core,CodeSystemProcedureCodeMyCore
90.79,"Microscopic examination of specimen from lymph node and of lymph, other microscopic examination","Microscopic examination of specimen from lymph node and of lymph, other microscopic examination",http://fhir.hie.moh.gov.my/CodeSystem/procedure-code-my-core,CodeSystemProcedureCodeMyCore
90.81,"Microscopic examination of specimen from upper gastrointestinal tract and of vomitus, bacterial smear","Microscopic examination of specimen from upper gastrointestinal tract and of vomitus, bacterial smear",http://fhir.hie.moh.gov.my/CodeSystem/procedure-code-my-core,CodeSystemProcedureCodeMyCore
90.82,"Microscopic examination of specimen from upper gastrointestinal tract and of vomitus, culture","Microscopic examination of specimen from upper gastrointestinal tract and of vomitus, culture",http://fhir.hie.moh.gov.my/CodeSystem/procedure-code-my-core,CodeSystemProcedureCodeMyCore
90.83,"Microscopic examination of specimen from upper gastrointestinal tract and of vomitus, culture and sensitivity","Microscopic examination of specimen from upper gastrointestinal tract and of vomitus, culture and sensitivity",http://fhir.hie.moh.gov.my/CodeSystem/procedure-code-my-core,CodeSystemProcedureCodeMyCore
90.84,"Microscopic examination of specimen from upper gastrointestinal tract and of vomitus, parasitology","Microscopic examination of specimen from upper gastrointestinal tract and of vomitus, parasitology",http://fhir.hie.moh.gov.my/CodeSystem/procedure-code-my-core,CodeSystemProcedureCodeMyCore
90.85,"Microscopic examination of specimen from upper gastrointestinal tract and of vomitus, toxicology","Microscopic examination of specimen from upper gastrointestinal tract and of vomitus, toxicology",http://fhir.hie.moh.gov.my/CodeSystem/procedure-code-my-core,CodeSystemProcedureCodeMyCore
90.86,"Microscopic examination of specimen from upper gastrointestinal tract and of vomitus, cell block and Papanicolaou smear","Microscopic examination of specimen from upper gastrointestinal tract and of vomitus, cell block and Papanicolaou smear",http://fhir.hie.moh.gov.my/CodeSystem/procedure-code-my-core,CodeSystemProcedureCodeMyCore
90.89,"Microscopic examination of specimen from upper gastrointestinal tract and of vomitus, other microscopic examination","Microscopic examination of specimen from upper gastrointestinal tract and of vomitus, other microscopic examination",http://fhir.hie.moh.gov.my/CodeSystem/procedure-code-my-core,CodeSystemProcedureCodeMyCore
90.91,"Microscopic examination of specimen from lower gastrointestinal tract and of stool, bacterial smear","Microscopic examination of specimen from lower gastrointestinal tract and of stool, bacterial smear",http://fhir.hie.moh.gov.my/CodeSystem/procedure-code-my-core,CodeSystemProcedureCodeMyCore
90.92,"Microscopic examination of specimen from lower gastrointestinal tract and of stool, culture","Microscopic examination of specimen from lower gastrointestinal tract and of stool, culture",http://fhir.hie.moh.gov.my/CodeSystem/procedure-code-my-core,CodeSystemProcedureCodeMyCore
90.93,"Microscopic examination of specimen from lower gastrointestinal tract and of stool, culture and sensitivity","Microscopic examination of specimen from lower gastrointestinal tract and of stool, culture and sensitivity",http://fhir.hie.moh.gov.my/CodeSystem/procedure-code-my-core,CodeSystemProcedureCodeMyCore
90.94,"Microscopic examination of specimen from lower gastrointestinal tract and of stool, parasitology","Microscopic examination of specimen from lower gastrointestinal tract and of stool, parasitology",http://fhir.hie.moh.gov.my/CodeSystem/procedure-code-my-core,CodeSystemProcedureCodeMyCore
90.95,"Microscopic examination of specimen from lower gastrointestinal tract and of stool, toxicology","Microscopic examination of specimen from lower gastrointestinal tract and of stool, toxicology",http://fhir.hie.moh.gov.my/CodeSystem/procedure-code-my-core,CodeSystemProcedureCodeMyCore
90.96,"Microscopic examination of specimen from lower gastrointestinal tract and of stool, cell block and Papanicolaou smear","Microscopic examination of specimen from lower gastrointestinal tract and of stool, cell block and Papanicolaou smear",http://fhir.hie.moh.gov.my/CodeSystem/procedure-code-my-core,CodeSystemProcedureCodeMyCore
90.99,"Microscopic examination of specimen from lower gastrointestinal tract and of stool, other microscopic examination","Microscopic examination of specimen from lower gastrointestinal tract and of stool, other microscopic examination",http://fhir.hie.moh.gov.my/CodeSystem/procedure-code-my-core,CodeSystemProcedureCodeMyCore
91.01,"Microscopic examination of specimen from liver, biliary tact, and pancreas, bacterial smear","Microscopic examination of specimen from liver, biliary tact, and pancreas, bacterial smear",http://fhir.hie.moh.gov.my/CodeSystem/procedure-code-my-core,CodeSystemProcedureCodeMyCore
91.02,"Microscopic examination of specimen from liver, biliary tact, and pancreas, culture","Microscopic examination of specimen from liver, biliary tact, and pancreas, culture",http://fhir.hie.moh.gov.my/CodeSystem/procedure-code-my-core,CodeSystemProcedureCodeMyCore
91.03,"Microscopic examination of specimen from liver, biliary tact, and pancreas, culture and sensitivity","Microscopic examination of specimen from liver, biliary tact, and pancreas, culture and sensitivity",http://fhir.hie.moh.gov.my/CodeSystem/procedure-code-my-core,CodeSystemProcedureCodeMyCore
91.04,"Microscopic examination of specimen from liver, biliary tact, and pancreas, parasitology","Microscopic examination of specimen from liver, biliary tact, and pancreas, parasitology",http://fhir.hie.moh.gov.my/CodeSystem/procedure-code-my-core,CodeSystemProcedureCodeMyCore
91.05,"Microscopic examination of specimen from liver, biliary tact, and pancreas, toxicology","Microscopic examination of specimen from liver, biliary tact, and pancreas, toxicology",http://fhir.hie.moh.gov.my/CodeSystem/procedure-code-my-core,CodeSystemProcedureCodeMyCore
91.06,"Microscopic examination of specimen from liver, biliary tact, and pancreas, cell block and Papanicolaou smear","Microscopic examination of specimen from liver, biliary tact, and pancreas, cell block and Papanicolaou smear",http://fhir.hie.moh.gov.my/CodeSystem/procedure-code-my-core,CodeSystemProcedureCodeMyCore
91.09,"Microscopic examination of specimen from liver, biliary tact, and pancreas, other microscopic examination","Microscopic examination of specimen from liver, biliary tact, and pancreas, other microscopic examination",http://fhir.hie.moh.gov.my/CodeSystem/procedure-code-my-core,CodeSystemProcedureCodeMyCore
91.11,"Microscopic examination of peritoneal and retroperitoneal specimen, bacterial smear","Microscopic examination of peritoneal and retroperitoneal specimen, bacterial smear",http://fhir.hie.moh.gov.my/CodeSystem/procedure-code-my-core,CodeSystemProcedureCodeMyCore
91.12,"Microscopic examination of peritoneal and retroperitoneal specimen, culture","Microscopic examination of peritoneal and retroperitoneal specimen, culture",http://fhir.hie.moh.gov.my/CodeSystem/procedure-code-my-core,CodeSystemProcedureCodeMyCore
91.13,"Microscopic examination of peritoneal and retroperitoneal specimen, culture and sensitivity","Microscopic examination of peritoneal and retroperitoneal specimen, culture and sensitivity",http://fhir.hie.moh.gov.my/CodeSystem/procedure-code-my-core,CodeSystemProcedureCodeMyCore
91.14,"Microscopic examination of peritoneal and retroperitoneal specimen, parasitology","Microscopic examination of peritoneal and retroperitoneal specimen, parasitology",http://fhir.hie.moh.gov.my/CodeSystem/procedure-code-my-core,CodeSystemProcedureCodeMyCore
91.15,"Microscopic examination of peritoneal and retroperitoneal specimen, toxicology","Microscopic examination of peritoneal and retroperitoneal specimen, toxicology",http://fhir.hie.moh.gov.my/CodeSystem/procedure-code-my-core,CodeSystemProcedureCodeMyCore
91.19,"Microscopic examination of peritoneal and retroperitoneal specimen, other microscopic examination","Microscopic examination of peritoneal and retroperitoneal specimen, other microscopic examination",http://fhir.hie.moh.gov.my/CodeSystem/procedure-code-my-core,CodeSystemProcedureCodeMyCore
91.21,"Microscopic examination of specimen from kidney, ureter, perirenal, and periureteral tissue, bacterial smear","Microscopic examination of specimen from kidney, ureter, perirenal, and periureteral tissue, bacterial smear",http://fhir.hie.moh.gov.my/CodeSystem/procedure-code-my-core,CodeSystemProcedureCodeMyCore
91.22,"Microscopic examination of specimen from kidney, ureter, perirenal, and periureteral tissue, culture","Microscopic examination of specimen from kidney, ureter, perirenal, and periureteral tissue, culture",http://fhir.hie.moh.gov.my/CodeSystem/procedure-code-my-core,CodeSystemProcedureCodeMyCore
91.23,"Microscopic examination of specimen from kidney, ureter, perirenal, and periureteral tissue, culture and sensitivity","Microscopic examination of specimen from kidney, ureter, perirenal, and periureteral tissue, culture and sensitivity",http://fhir.hie.moh.gov.my/CodeSystem/procedure-code-my-core,CodeSystemProcedureCodeMyCore
91.24,"Microscopic examination of specimen from kidney, ureter, perirenal, and periureteral tissue, parasitology","Microscopic examination of specimen from kidney, ureter, perirenal, and periureteral tissue, parasitology",http://fhir.hie.moh.gov.my/CodeSystem/procedure-code-my-core,CodeSystemProcedureCodeMyCore
91.25,"Microscopic examination of specimen from kidney, ureter, perirenal, and periureteral tissue, toxicology","Microscopic examination of specimen from kidney, ureter, perirenal, and periureteral tissue, toxicology",http://fhir.hie.moh.gov.my/CodeSystem/procedure-code-my-core,CodeSystemProcedureCodeMyCore
91.26,"Microscopic examination of specimen from kidney, ureter, perirenal, and periureteral tissue, cell block and Papanicolaou smear","Microscopic examination of specimen from kidney, ureter, perirenal, and periureteral tissue, cell block and Papanicolaou smear",http://fhir.hie.moh.gov.my/CodeSystem/procedure-code-my-core,CodeSystemProcedureCodeMyCore
91.29,"Microscopic examination of specimen from kidney, ureter, perirenal, and periureteral tissue, other microscopic examination","Microscopic examination of specimen from kidney, ureter, perirenal, and periureteral tissue, other microscopic examination",http://fhir.hie.moh.gov.my/CodeSystem/procedure-code-my-core,CodeSystemProcedureCodeMyCore
91.31,"Microscopic examination of specimen from bladder, urethra, prostate, seminal vesicle, perivesical tissue, and of urine and semen, bacterial smear","Microscopic examination of specimen from bladder, urethra, prostate, seminal vesicle, perivesical tissue, and of urine and semen, bacterial smear",http://fhir.hie.moh.gov.my/CodeSystem/procedure-code-my-core,CodeSystemProcedureCodeMyCore
91.32,"Microscopic examination of specimen from bladder, urethra, prostate, seminal vesicle, perivesical tissue, and of urine and semen, culture","Microscopic examination of specimen from bladder, urethra, prostate, seminal vesicle, perivesical tissue, and of urine and semen, culture",http://fhir.hie.moh.gov.my/CodeSystem/procedure-code-my-core,CodeSystemProcedureCodeMyCore
91.33,"Microscopic examination of specimen from bladder, urethra, prostate, seminal vesicle, perivesical tissue, and of urine and semen, culture and sensitivity","Microscopic examination of specimen from bladder, urethra, prostate, seminal vesicle, perivesical tissue, and of urine and semen, culture and sensitivity",http://fhir.hie.moh.gov.my/CodeSystem/procedure-code-my-core,CodeSystemProcedureCodeMyCore
91.34,"Microscopic examination of specimen from bladder, urethra, prostate, seminal vesicle, perivesical tissue, and of urine and semen, parasitology","Microscopic examination of specimen from bladder, urethra, prostate, seminal vesicle, perivesical tissue, and of urine and semen, parasitology",http://fhir.hie.moh.gov.my/CodeSystem/procedure-code-my-core,CodeSystemProcedureCodeMyCore
91.35,"Microscopic examination of specimen from bladder, urethra, prostate, seminal vesicle, perivesical tissue, and of urine and semen, toxicology","Microscopic examination of specimen from bladder, urethra, prostate, seminal vesicle, perivesical tissue, and of urine and semen, toxicology",http://fhir.hie.moh.gov.my/CodeSystem/procedure-code-my-core,CodeSystemProcedureCodeMyCore
91.36,"Microscopic examination of specimen from bladder, urethra, prostate, seminal vesicle, perivesical tissue, and of urine and semen, cell block and Papanicolaou smear","Microscopic examination of specimen from bladder, urethra, prostate, seminal vesicle, perivesical tissue, and of urine and semen, cell block and Papanicolaou smear",http://fhir.hie.moh.gov.my/CodeSystem/procedure-code-my-core,CodeSystemProcedureCodeMyCore
91.39,"Microscopic examination of specimen from bladder, urethra, prostate, seminal vesicle, perivesical tissue, and of urine and semen, other microscopic examination","Microscopic examination of specimen from bladder, urethra, prostate, seminal vesicle, perivesical tissue, and of urine and semen, other microscopic examination",http://fhir.hie.moh.gov.my/CodeSystem/procedure-code-my-core,CodeSystemProcedureCodeMyCore
91.51,"Microscopic examination of specimen from musculoskeletal system and of joint fluid, bacterial smear","Microscopic examination of specimen from musculoskeletal system and of joint fluid, bacterial smear",http://fhir.hie.moh.gov.my/CodeSystem/procedure-code-my-core,CodeSystemProcedureCodeMyCore
91.52,"Microscopic examination of specimen from musculoskeletal system and of joint fluid, culture","Microscopic examination of specimen from musculoskeletal system and of joint fluid, culture",http://fhir.hie.moh.gov.my/CodeSystem/procedure-code-my-core,CodeSystemProcedureCodeMyCore
91.53,"Microscopic examination of specimen from musculoskeletal system and of joint fluid, culture and sensitivity","Microscopic examination of specimen from musculoskeletal system and of joint fluid, culture and sensitivity",http://fhir.hie.moh.gov.my/CodeSystem/procedure-code-my-core,CodeSystemProcedureCodeMyCore
91.54,"Microscopic examination of specimen from musculoskeletal system and of joint fluid, parasitology","Microscopic examination of specimen from musculoskeletal system and of joint fluid, parasitology",http://fhir.hie.moh.gov.my/CodeSystem/procedure-code-my-core,CodeSystemProcedureCodeMyCore
91.55,"Microscopic examination of specimen from musculoskeletal system and of joint fluid, toxicology","Microscopic examination of specimen from musculoskeletal system and of joint fluid, toxicology",http://fhir.hie.moh.gov.my/CodeSystem/procedure-code-my-core,CodeSystemProcedureCodeMyCore
91.56,"Microscopic examination of specimen from musculoskeletal system and of joint fluid, cell block and Papanicolaou smear","Microscopic examination of specimen from musculoskeletal system and of joint fluid, cell block and Papanicolaou smear",http://fhir.hie.moh.gov.my/CodeSystem/procedure-code-my-core,CodeSystemProcedureCodeMyCore
91.59,"Microscopic examination of specimen from musculoskeletal system and of joint fluid, other microscopic examination","Microscopic examination of specimen from musculoskeletal system and of joint fluid, other microscopic examination",http://fhir.hie.moh.gov.my/CodeSystem/procedure-code-my-core,CodeSystemProcedureCodeMyCore
91.61,"Microscopic examination of specimen from skin and other integument, bacterial smear","Microscopic examination of specimen from skin and other integument, bacterial smear",http://fhir.hie.moh.gov.my/CodeSystem/procedure-code-my-core,CodeSystemProcedureCodeMyCore
91.62,"Microscopic examination of specimen from skin and other integument, culture","Microscopic examination of specimen from skin and other integument, culture",http://fhir.hie.moh.gov.my/CodeSystem/procedure-code-my-core,CodeSystemProcedureCodeMyCore
91.63,"Microscopic examination of specimen from skin and other integument, culture and sensitivity","Microscopic examination of specimen from skin and other integument, culture and sensitivity",http://fhir.hie.moh.gov.my/CodeSystem/procedure-code-my-core,CodeSystemProcedureCodeMyCore
91.64,"Microscopic examination of specimen from skin and other integument, parasitology","Microscopic examination of specimen from skin and other integument, parasitology",http://fhir.hie.moh.gov.my/CodeSystem/procedure-code-my-core,CodeSystemProcedureCodeMyCore
91.65,"Microscopic examination of specimen from skin and other integument, toxicology","Microscopic examination of specimen from skin and other integument, toxicology",http://fhir.hie.moh.gov.my/CodeSystem/procedure-code-my-core,CodeSystemProcedureCodeMyCore
91.66,"Microscopic examination of specimen from skin and other integument, cell block and Papanicolaou smear","Microscopic examination of specimen from skin and other integument, cell block and Papanicolaou smear",http://fhir.hie.moh.gov.my/CodeSystem/procedure-code-my-core,CodeSystemProcedureCodeMyCore
91.69,"Microscopic examination of specimen from skin and other integument, other microscopic examination","Microscopic examination of specimen from skin and other integument, other microscopic examination",http://fhir.hie.moh.gov.my/CodeSystem/procedure-code-my-core,CodeSystemProcedureCodeMyCore
91.71,"Microscopic examination of specimen from operative wound, bacterial smear","Microscopic examination of specimen from operative wound, bacterial smear",http://fhir.hie.moh.gov.my/CodeSystem/procedure-code-my-core,CodeSystemProcedureCodeMyCore
91.72,"Microscopic examination of specimen from operative wound, culture","Microscopic examination of specimen from operative wound, culture",http://fhir.hie.moh.gov.my/CodeSystem/procedure-code-my-core,CodeSystemProcedureCodeMyCore
91.73,"Microscopic examination of specimen from operative wound, culture and sensitivity","Microscopic examination of specimen from operative wound, culture and sensitivity",http://fhir.hie.moh.gov.my/CodeSystem/procedure-code-my-core,CodeSystemProcedureCodeMyCore
91.74,"Microscopic examination of specimen from operative wound, parasitology","Microscopic examination of specimen from operative wound, parasitology",http://fhir.hie.moh.gov.my/CodeSystem/procedure-code-my-core,CodeSystemProcedureCodeMyCore
91.75,"Microscopic examination of specimen from operative wound, toxicology","Microscopic examination of specimen from operative wound, toxicology",http://fhir.hie.moh.gov.my/CodeSystem/procedure-code-my-core,CodeSystemProcedureCodeMyCore
91.76,"Microscopic examination of specimen from operative wound, cell block and Papanicolaou smear","Microscopic examination of specimen from operative wound, cell block and Papanicolaou smear",http://fhir.hie.moh.gov.my/CodeSystem/procedure-code-my-core,CodeSystemProcedureCodeMyCore
91.79,"Microscopic examination of specimen from operative wound, other microscopic examination","Microscopic examination of specimen from operative wound, other microscopic examination",http://fhir.hie.moh.gov.my/CodeSystem/procedure-code-my-core,CodeSystemProcedureCodeMyCore
91.81,"Microscopic examination of specimen from other site, bacterial smear","Microscopic examination of specimen from other site, bacterial smear",http://fhir.hie.moh.gov.my/CodeSystem/procedure-code-my-core,CodeSystemProcedureCodeMyCore
91.82,"Microscopic examination of specimen from other site, culture","Microscopic examination of specimen from other site, culture",http://fhir.hie.moh.gov.my/CodeSystem/procedure-code-my-core,CodeSystemProcedureCodeMyCore
91.83,"Microscopic examination of specimen from other site, culture and sensitivity","Microscopic examination of specimen from other site, culture and sensitivity",http://fhir.hie.moh.gov.my/CodeSystem/procedure-code-my-core,CodeSystemProcedureCodeMyCore
91.84,"Microscopic examination of specimen from other site, parasitology","Microscopic examination of specimen from other site, parasitology",http://fhir.hie.moh.gov.my/CodeSystem/procedure-code-my-core,CodeSystemProcedureCodeMyCore
91.85,"Microscopic examination of specimen from other site, toxicology","Microscopic examination of specimen from other site, toxicology",http://fhir.hie.moh.gov.my/CodeSystem/procedure-code-my-core,CodeSystemProcedureCodeMyCore
91.86,"Microscopic examination of specimen from other site, cell block and Papanicolaou smear","Microscopic examination of specimen from other site, cell block and Papanicolaou smear",http://fhir.hie.moh.gov.my/CodeSystem/procedure-code-my-core,CodeSystemProcedureCodeMyCore
91.89,"Microscopic examination of specimen from other site, other microscopic examination","Microscopic examination of specimen from other site, other microscopic examination",http://fhir.hie.moh.gov.my/CodeSystem/procedure-code-my-core,CodeSystemProcedureCodeMyCore
93.56,Application of pressure dressing,Application of pressure dressing,http://fhir.hie.moh.gov.my/CodeSystem/procedure-code-my-core,CodeSystemProcedureCodeMyCore
91.91,"Microscopic examination of specimen from unspecified site, bacterial smear","Microscopic examination of specimen from unspecified site, bacterial smear",http://fhir.hie.moh.gov.my/CodeSystem/procedure-code-my-core,CodeSystemProcedureCodeMyCore
91.92,"Microscopic examination of specimen from unspecified site, culture","Microscopic examination of specimen from unspecified site, culture",http://fhir.hie.moh.gov.my/CodeSystem/procedure-code-my-core,CodeSystemProcedureCodeMyCore
91.93,"Microscopic examination of specimen from unspecified site, culture and sensitivity","Microscopic examination of specimen from unspecified site, culture and sensitivity",http://fhir.hie.moh.gov.my/CodeSystem/procedure-code-my-core,CodeSystemProcedureCodeMyCore
91.94,"Microscopic examination of specimen from unspecified site, parasitology","Microscopic examination of specimen from unspecified site, parasitology",http://fhir.hie.moh.gov.my/CodeSystem/procedure-code-my-core,CodeSystemProcedureCodeMyCore
91.95,"Microscopic examination of specimen from unspecified site, toxicology","Microscopic examination of specimen from unspecified site, toxicology",http://fhir.hie.moh.gov.my/CodeSystem/procedure-code-my-core,CodeSystemProcedureCodeMyCore
91.96,"Microscopic examination of specimen from unspecified site, cell block and Papanicolaou smear","Microscopic examination of specimen from unspecified site, cell block and Papanicolaou smear",http://fhir.hie.moh.gov.my/CodeSystem/procedure-code-my-core,CodeSystemProcedureCodeMyCore
91.99,"Microscopic examination of specimen from unspecified site, other microscopic examination","Microscopic examination of specimen from unspecified site, other microscopic examination",http://fhir.hie.moh.gov.my/CodeSystem/procedure-code-my-core,CodeSystemProcedureCodeMyCore
92.01,Thyroid scan and radioisotope function studies,Thyroid scan and radioisotope function studies,http://fhir.hie.moh.gov.my/CodeSystem/procedure-code-my-core,CodeSystemProcedureCodeMyCore
92.02,Liver scan and radioisotope function study,Liver scan and radioisotope function study,http://fhir.hie.moh.gov.my/CodeSystem/procedure-code-my-core,CodeSystemProcedureCodeMyCore
92.03,Renal scan and radioisotope function study,Renal scan and radioisotope function study,http://fhir.hie.moh.gov.my/CodeSystem/procedure-code-my-core,CodeSystemProcedureCodeMyCore
92.04,Gastrointestinal scan and radioisotope function study,Gastrointestinal scan and radioisotope function study,http://fhir.hie.moh.gov.my/CodeSystem/procedure-code-my-core,CodeSystemProcedureCodeMyCore
92.05,Cardiovascular and hematopoietic scan and radioisotope function study,Cardiovascular and hematopoietic scan and radioisotope function study,http://fhir.hie.moh.gov.my/CodeSystem/procedure-code-my-core,CodeSystemProcedureCodeMyCore
92.09,Other radioisotope function studies,Other radioisotope function studies,http://fhir.hie.moh.gov.my/CodeSystem/procedure-code-my-core,CodeSystemProcedureCodeMyCore
92.11,Cerebral scan,Cerebral scan,http://fhir.hie.moh.gov.my/CodeSystem/procedure-code-my-core,CodeSystemProcedureCodeMyCore
92.12,Scan of other sites of head,Scan of other sites of head,http://fhir.hie.moh.gov.my/CodeSystem/procedure-code-my-core,CodeSystemProcedureCodeMyCore
92.13,Parathyroid scan,Parathyroid scan,http://fhir.hie.moh.gov.my/CodeSystem/procedure-code-my-core,CodeSystemProcedureCodeMyCore
92.14,Bone scan,Bone scan,http://fhir.hie.moh.gov.my/CodeSystem/procedure-code-my-core,CodeSystemProcedureCodeMyCore
92.15,Pulmonary scan,Pulmonary scan,http://fhir.hie.moh.gov.my/CodeSystem/procedure-code-my-core,CodeSystemProcedureCodeMyCore
92.16,Scan of lymphatic system,Scan of lymphatic system,http://fhir.hie.moh.gov.my/CodeSystem/procedure-code-my-core,CodeSystemProcedureCodeMyCore
92.18,Total body scan,Total body scan,http://fhir.hie.moh.gov.my/CodeSystem/procedure-code-my-core,CodeSystemProcedureCodeMyCore
92.19,Scan of other sites,Scan of other sites,http://fhir.hie.moh.gov.my/CodeSystem/procedure-code-my-core,CodeSystemProcedureCodeMyCore
92.21,Superficial radiation,Superficial radiation,http://fhir.hie.moh.gov.my/CodeSystem/procedure-code-my-core,CodeSystemProcedureCodeMyCore
92.22,Orthovoltage radiation,Orthovoltage radiation,http://fhir.hie.moh.gov.my/CodeSystem/procedure-code-my-core,CodeSystemProcedureCodeMyCore
92.23,Radioisotopic teleradiotherapy,Radioisotopic teleradiotherapy,http://fhir.hie.moh.gov.my/CodeSystem/procedure-code-my-core,CodeSystemProcedureCodeMyCore
92.24,Teleradiotherapy using photons,Teleradiotherapy using photons,http://fhir.hie.moh.gov.my/CodeSystem/procedure-code-my-core,CodeSystemProcedureCodeMyCore
92.25,Teleradiotherapy using electrons,Teleradiotherapy using electrons,http://fhir.hie.moh.gov.my/CodeSystem/procedure-code-my-core,CodeSystemProcedureCodeMyCore
92.26,Teleradiotherapy of other particulate radiation,Teleradiotherapy of other particulate radiation,http://fhir.hie.moh.gov.my/CodeSystem/procedure-code-my-core,CodeSystemProcedureCodeMyCore
92.27,Implantation or insertion of radioactive elements,Implantation or insertion of radioactive elements,http://fhir.hie.moh.gov.my/CodeSystem/procedure-code-my-core,CodeSystemProcedureCodeMyCore
92.28,Injection or instillation of radioisotopes,Injection or instillation of radioisotopes,http://fhir.hie.moh.gov.my/CodeSystem/procedure-code-my-core,CodeSystemProcedureCodeMyCore
92.29,Other radiotherapeutic procedure,Other radiotherapeutic procedure,http://fhir.hie.moh.gov.my/CodeSystem/procedure-code-my-core,CodeSystemProcedureCodeMyCore
92.31,Single source photon radiosurgery,Single source photon radiosurgery,http://fhir.hie.moh.gov.my/CodeSystem/procedure-code-my-core,CodeSystemProcedureCodeMyCore
92.32,Multi-source photon radiosurgery,Multi-source photon radiosurgery,http://fhir.hie.moh.gov.my/CodeSystem/procedure-code-my-core,CodeSystemProcedureCodeMyCore
92.33,Particulate radiosurgery,Particulate radiosurgery,http://fhir.hie.moh.gov.my/CodeSystem/procedure-code-my-core,CodeSystemProcedureCodeMyCore
92.39,"Stereotactic radiosurgery, not elsewhere classified","Stereotactic radiosurgery, not elsewhere classified",http://fhir.hie.moh.gov.my/CodeSystem/procedure-code-my-core,CodeSystemProcedureCodeMyCore
93.01,Functional evaluation,Functional evaluation,http://fhir.hie.moh.gov.my/CodeSystem/procedure-code-my-core,CodeSystemProcedureCodeMyCore
93.02,Orthotic evaluation,Orthotic evaluation,http://fhir.hie.moh.gov.my/CodeSystem/procedure-code-my-core,CodeSystemProcedureCodeMyCore
93.03,Prosthetic evaluation,Prosthetic evaluation,http://fhir.hie.moh.gov.my/CodeSystem/procedure-code-my-core,CodeSystemProcedureCodeMyCore
93.04,Manual testing of muscle functions,Manual testing of muscle functions,http://fhir.hie.moh.gov.my/CodeSystem/procedure-code-my-core,CodeSystemProcedureCodeMyCore
93.05,Range of motion testing,Range of motion testing,http://fhir.hie.moh.gov.my/CodeSystem/procedure-code-my-core,CodeSystemProcedureCodeMyCore
93.06,Measurement of limb length,Measurement of limb length,http://fhir.hie.moh.gov.my/CodeSystem/procedure-code-my-core,CodeSystemProcedureCodeMyCore
93.07,Body measurement,Body measurement,http://fhir.hie.moh.gov.my/CodeSystem/procedure-code-my-core,CodeSystemProcedureCodeMyCore
93.08,Electromyography,Electromyography,http://fhir.hie.moh.gov.my/CodeSystem/procedure-code-my-core,CodeSystemProcedureCodeMyCore
93.09,Other diagnostic physical therapy procedure,Other diagnostic physical therapy procedure,http://fhir.hie.moh.gov.my/CodeSystem/procedure-code-my-core,CodeSystemProcedureCodeMyCore
93.11,Assisting exercises,Assisting exercises,http://fhir.hie.moh.gov.my/CodeSystem/procedure-code-my-core,CodeSystemProcedureCodeMyCore
93.12,Other active musculoskeletal exercise,Other active musculoskeletal exercise,http://fhir.hie.moh.gov.my/CodeSystem/procedure-code-my-core,CodeSystemProcedureCodeMyCore
93.13,Resistive exercise,Resistive exercise,http://fhir.hie.moh.gov.my/CodeSystem/procedure-code-my-core,CodeSystemProcedureCodeMyCore
93.14,Training in joint movement,Training in joint movement,http://fhir.hie.moh.gov.my/CodeSystem/procedure-code-my-core,CodeSystemProcedureCodeMyCore
93.15,Mobilization of spine,Mobilization of spine,http://fhir.hie.moh.gov.my/CodeSystem/procedure-code-my-core,CodeSystemProcedureCodeMyCore
93.16,Mobilization of other joints,Mobilization of other joints,http://fhir.hie.moh.gov.my/CodeSystem/procedure-code-my-core,CodeSystemProcedureCodeMyCore
93.17,Other passive musculoskeletal exercises,Other passive musculoskeletal exercises,http://fhir.hie.moh.gov.my/CodeSystem/procedure-code-my-core,CodeSystemProcedureCodeMyCore
93.18,Breathing exercise,Breathing exercise,http://fhir.hie.moh.gov.my/CodeSystem/procedure-code-my-core,CodeSystemProcedureCodeMyCore
93.19,"Exercise, not elsewhere classified","Exercise, not elsewhere classified",http://fhir.hie.moh.gov.my/CodeSystem/procedure-code-my-core,CodeSystemProcedureCodeMyCore
93.21,Manual and mechanical traction,Manual and mechanical traction,http://fhir.hie.moh.gov.my/CodeSystem/procedure-code-my-core,CodeSystemProcedureCodeMyCore
93.22,Ambulation and gait training,Ambulation and gait training,http://fhir.hie.moh.gov.my/CodeSystem/procedure-code-my-core,CodeSystemProcedureCodeMyCore
93.23,Fitting of orthotic device,Fitting of orthotic device,http://fhir.hie.moh.gov.my/CodeSystem/procedure-code-my-core,CodeSystemProcedureCodeMyCore
93.24,Training in use of prosthetic or orthotic device,Training in use of prosthetic or orthotic device,http://fhir.hie.moh.gov.my/CodeSystem/procedure-code-my-core,CodeSystemProcedureCodeMyCore
93.25,Forced extension of limb,Forced extension of limb,http://fhir.hie.moh.gov.my/CodeSystem/procedure-code-my-core,CodeSystemProcedureCodeMyCore
93.26,Manual rupture of joint adhesions,Manual rupture of joint adhesions,http://fhir.hie.moh.gov.my/CodeSystem/procedure-code-my-core,CodeSystemProcedureCodeMyCore
93.27,Stretching of muscle or tendon,Stretching of muscle or tendon,http://fhir.hie.moh.gov.my/CodeSystem/procedure-code-my-core,CodeSystemProcedureCodeMyCore
93.28,Stretching of fascia,Stretching of fascia,http://fhir.hie.moh.gov.my/CodeSystem/procedure-code-my-core,CodeSystemProcedureCodeMyCore
93.29,Other forcible correction of deformity,Other forcible correction of deformity,http://fhir.hie.moh.gov.my/CodeSystem/procedure-code-my-core,CodeSystemProcedureCodeMyCore
93.31,Assisted exercise in pool,Assisted exercise in pool,http://fhir.hie.moh.gov.my/CodeSystem/procedure-code-my-core,CodeSystemProcedureCodeMyCore
93.32,Whirlpool treatment,Whirlpool treatment,http://fhir.hie.moh.gov.my/CodeSystem/procedure-code-my-core,CodeSystemProcedureCodeMyCore
93.33,Other hydrotherapy,Other hydrotherapy,http://fhir.hie.moh.gov.my/CodeSystem/procedure-code-my-core,CodeSystemProcedureCodeMyCore
93.34,Diathermy,Diathermy,http://fhir.hie.moh.gov.my/CodeSystem/procedure-code-my-core,CodeSystemProcedureCodeMyCore
93.35,Other heat therapy,Other heat therapy,http://fhir.hie.moh.gov.my/CodeSystem/procedure-code-my-core,CodeSystemProcedureCodeMyCore
93.36,Cardiac retraining,Cardiac retraining,http://fhir.hie.moh.gov.my/CodeSystem/procedure-code-my-core,CodeSystemProcedureCodeMyCore
93.37,Prenatal training,Prenatal training,http://fhir.hie.moh.gov.my/CodeSystem/procedure-code-my-core,CodeSystemProcedureCodeMyCore
93.38,Combined physical therapy without mention of the components,Combined physical therapy without mention of the components,http://fhir.hie.moh.gov.my/CodeSystem/procedure-code-my-core,CodeSystemProcedureCodeMyCore
93.39,Other physical therapy,Other physical therapy,http://fhir.hie.moh.gov.my/CodeSystem/procedure-code-my-core,CodeSystemProcedureCodeMyCore
93.41,Spinal traction using skull device,Spinal traction using skull device,http://fhir.hie.moh.gov.my/CodeSystem/procedure-code-my-core,CodeSystemProcedureCodeMyCore
93.42,Other spinal traction,Other spinal traction,http://fhir.hie.moh.gov.my/CodeSystem/procedure-code-my-core,CodeSystemProcedureCodeMyCore
93.43,Intermittent skeletal traction,Intermittent skeletal traction,http://fhir.hie.moh.gov.my/CodeSystem/procedure-code-my-core,CodeSystemProcedureCodeMyCore
93.44,Other skeletal traction,Other skeletal traction,http://fhir.hie.moh.gov.my/CodeSystem/procedure-code-my-core,CodeSystemProcedureCodeMyCore
93.45,Thomas splint traction,Thomas splint traction,http://fhir.hie.moh.gov.my/CodeSystem/procedure-code-my-core,CodeSystemProcedureCodeMyCore
93.46,Other skin traction of limbs,Other skin traction of limbs,http://fhir.hie.moh.gov.my/CodeSystem/procedure-code-my-core,CodeSystemProcedureCodeMyCore
93.51,Application of plaster jacket,Application of plaster jacket,http://fhir.hie.moh.gov.my/CodeSystem/procedure-code-my-core,CodeSystemProcedureCodeMyCore
93.52,Application of neck support,Application of neck support,http://fhir.hie.moh.gov.my/CodeSystem/procedure-code-my-core,CodeSystemProcedureCodeMyCore
93.53,Application of other cast,Application of other cast,http://fhir.hie.moh.gov.my/CodeSystem/procedure-code-my-core,CodeSystemProcedureCodeMyCore
93.54,Application of splint,Application of splint,http://fhir.hie.moh.gov.my/CodeSystem/procedure-code-my-core,CodeSystemProcedureCodeMyCore
93.55,Dental wiring,Dental wiring,http://fhir.hie.moh.gov.my/CodeSystem/procedure-code-my-core,CodeSystemProcedureCodeMyCore
92.17,Placental scan,Placental scan,http://fhir.hie.moh.gov.my/CodeSystem/procedure-code-my-core,CodeSystemProcedureCodeMyCore
93.57,Application of other wound dressing,Application of other wound dressing,http://fhir.hie.moh.gov.my/CodeSystem/procedure-code-my-core,CodeSystemProcedureCodeMyCore
93.58,Application of pressure trousers,Application of pressure trousers,http://fhir.hie.moh.gov.my/CodeSystem/procedure-code-my-core,CodeSystemProcedureCodeMyCore
93.59,"Other immobilization, pressure, and attention to wound","Other immobilization, pressure, and attention to wound",http://fhir.hie.moh.gov.my/CodeSystem/procedure-code-my-core,CodeSystemProcedureCodeMyCore
93.61,Osteopathic manipulative treatment for general mobilization,Osteopathic manipulative treatment for general mobilization,http://fhir.hie.moh.gov.my/CodeSystem/procedure-code-my-core,CodeSystemProcedureCodeMyCore
93.62,"Osteopathic manipulative treatment using high-velocity, low-amplitude forces","Osteopathic manipulative treatment using high-velocity, low-amplitude forces",http://fhir.hie.moh.gov.my/CodeSystem/procedure-code-my-core,CodeSystemProcedureCodeMyCore
93.63,"Osteopathic manipulative treatment using low-velocity, high-amplitude forces","Osteopathic manipulative treatment using low-velocity, high-amplitude forces",http://fhir.hie.moh.gov.my/CodeSystem/procedure-code-my-core,CodeSystemProcedureCodeMyCore
93.64,"Osteopathic manipulative treatment using isotonic, isometric forces","Osteopathic manipulative treatment using isotonic, isometric forces",http://fhir.hie.moh.gov.my/CodeSystem/procedure-code-my-core,CodeSystemProcedureCodeMyCore
93.65,Osteopathic manipulative treatment using indirect forces,Osteopathic manipulative treatment using indirect forces,http://fhir.hie.moh.gov.my/CodeSystem/procedure-code-my-core,CodeSystemProcedureCodeMyCore
93.66,Osteopathic manipulative treatment to move tissue fluids,Osteopathic manipulative treatment to move tissue fluids,http://fhir.hie.moh.gov.my/CodeSystem/procedure-code-my-core,CodeSystemProcedureCodeMyCore
93.67,Other specified osteopathic manipulative treatment,Other specified osteopathic manipulative treatment,http://fhir.hie.moh.gov.my/CodeSystem/procedure-code-my-core,CodeSystemProcedureCodeMyCore
93.71,Dyslexia training,Dyslexia training,http://fhir.hie.moh.gov.my/CodeSystem/procedure-code-my-core,CodeSystemProcedureCodeMyCore
93.72,Dysphasia training,Dysphasia training,http://fhir.hie.moh.gov.my/CodeSystem/procedure-code-my-core,CodeSystemProcedureCodeMyCore
93.73,Esophageal speech training,Esophageal speech training,http://fhir.hie.moh.gov.my/CodeSystem/procedure-code-my-core,CodeSystemProcedureCodeMyCore
93.74,Speech defect training,Speech defect training,http://fhir.hie.moh.gov.my/CodeSystem/procedure-code-my-core,CodeSystemProcedureCodeMyCore
93.75,Other speech training and therapy,Other speech training and therapy,http://fhir.hie.moh.gov.my/CodeSystem/procedure-code-my-core,CodeSystemProcedureCodeMyCore
93.76,Training in use of lead dog for the blind,Training in use of lead dog for the blind,http://fhir.hie.moh.gov.my/CodeSystem/procedure-code-my-core,CodeSystemProcedureCodeMyCore
93.77,Training in braille or Moon,Training in braille or Moon,http://fhir.hie.moh.gov.my/CodeSystem/procedure-code-my-core,CodeSystemProcedureCodeMyCore
93.78,Other rehabilitation for the blind,Other rehabilitation for the blind,http://fhir.hie.moh.gov.my/CodeSystem/procedure-code-my-core,CodeSystemProcedureCodeMyCore
93.81,Recreation therapy,Recreation therapy,http://fhir.hie.moh.gov.my/CodeSystem/procedure-code-my-core,CodeSystemProcedureCodeMyCore
93.82,Educational therapy,Educational therapy,http://fhir.hie.moh.gov.my/CodeSystem/procedure-code-my-core,CodeSystemProcedureCodeMyCore
93.83,Occupational therapy,Occupational therapy,http://fhir.hie.moh.gov.my/CodeSystem/procedure-code-my-core,CodeSystemProcedureCodeMyCore
93.84,Music therapy,Music therapy,http://fhir.hie.moh.gov.my/CodeSystem/procedure-code-my-core,CodeSystemProcedureCodeMyCore
93.85,Vocational rehabilitation,Vocational rehabilitation,http://fhir.hie.moh.gov.my/CodeSystem/procedure-code-my-core,CodeSystemProcedureCodeMyCore
93.89,"Rehabilition, not elsewhere classified","Rehabilition, not elsewhere classified",http://fhir.hie.moh.gov.my/CodeSystem/procedure-code-my-core,CodeSystemProcedureCodeMyCore
93.91,Intermittent positive pressure breathing [IPPB],Intermittent positive pressure breathing [IPPB],http://fhir.hie.moh.gov.my/CodeSystem/procedure-code-my-core,CodeSystemProcedureCodeMyCore
93.93,Nonmechanical methods of resuscitation,Nonmechanical methods of resuscitation,http://fhir.hie.moh.gov.my/CodeSystem/procedure-code-my-core,CodeSystemProcedureCodeMyCore
93.94,Respiratory medication administered by nebulizer,Respiratory medication administered by nebulizer,http://fhir.hie.moh.gov.my/CodeSystem/procedure-code-my-core,CodeSystemProcedureCodeMyCore
93.95,Hyperbaric oxygenation,Hyperbaric oxygenation,http://fhir.hie.moh.gov.my/CodeSystem/procedure-code-my-core,CodeSystemProcedureCodeMyCore
93.96,Other oxygen enrichment,Other oxygen enrichment,http://fhir.hie.moh.gov.my/CodeSystem/procedure-code-my-core,CodeSystemProcedureCodeMyCore
93.97,Decompression chamber,Decompression chamber,http://fhir.hie.moh.gov.my/CodeSystem/procedure-code-my-core,CodeSystemProcedureCodeMyCore
93.98,Other control of atmospheric pressure and composition,Other control of atmospheric pressure and composition,http://fhir.hie.moh.gov.my/CodeSystem/procedure-code-my-core,CodeSystemProcedureCodeMyCore
93.99,Oher respiratory procedures,Oher respiratory procedures,http://fhir.hie.moh.gov.my/CodeSystem/procedure-code-my-core,CodeSystemProcedureCodeMyCore
94.01,Administration of intelligence test,Administration of intelligence test,http://fhir.hie.moh.gov.my/CodeSystem/procedure-code-my-core,CodeSystemProcedureCodeMyCore
94.02,Administration of psychologic test,Administration of psychologic test,http://fhir.hie.moh.gov.my/CodeSystem/procedure-code-my-core,CodeSystemProcedureCodeMyCore
94.03,Character analysis,Character analysis,http://fhir.hie.moh.gov.my/CodeSystem/procedure-code-my-core,CodeSystemProcedureCodeMyCore
94.08,Other psychologic evaluation and testing,Other psychologic evaluation and testing,http://fhir.hie.moh.gov.my/CodeSystem/procedure-code-my-core,CodeSystemProcedureCodeMyCore
94.09,"Psychologic mental status determination, not otherwise specified","Psychologic mental status determination, not otherwise specified",http://fhir.hie.moh.gov.my/CodeSystem/procedure-code-my-core,CodeSystemProcedureCodeMyCore
94.11,Psychiatric mental status determination,Psychiatric mental status determination,http://fhir.hie.moh.gov.my/CodeSystem/procedure-code-my-core,CodeSystemProcedureCodeMyCore
94.12,"Routine psychiatric visit, not otherwise specified","Routine psychiatric visit, not otherwise specified",http://fhir.hie.moh.gov.my/CodeSystem/procedure-code-my-core,CodeSystemProcedureCodeMyCore
94.13,Psychiatric commitment evaluation,Psychiatric commitment evaluation,http://fhir.hie.moh.gov.my/CodeSystem/procedure-code-my-core,CodeSystemProcedureCodeMyCore
94.19,Other psychiatric interview and evaluation,Other psychiatric interview and evaluation,http://fhir.hie.moh.gov.my/CodeSystem/procedure-code-my-core,CodeSystemProcedureCodeMyCore
94.21,Narcoanalysis,Narcoanalysis,http://fhir.hie.moh.gov.my/CodeSystem/procedure-code-my-core,CodeSystemProcedureCodeMyCore
94.22,Lithium therapy,Lithium therapy,http://fhir.hie.moh.gov.my/CodeSystem/procedure-code-my-core,CodeSystemProcedureCodeMyCore
94.23,Neuroleptic therapy,Neuroleptic therapy,http://fhir.hie.moh.gov.my/CodeSystem/procedure-code-my-core,CodeSystemProcedureCodeMyCore
94.24,Chemical shock therapy,Chemical shock therapy,http://fhir.hie.moh.gov.my/CodeSystem/procedure-code-my-core,CodeSystemProcedureCodeMyCore
94.25,Other psychiatric drug therapy,Other psychiatric drug therapy,http://fhir.hie.moh.gov.my/CodeSystem/procedure-code-my-core,CodeSystemProcedureCodeMyCore
94.26,Subconvulsive electroshock therapy,Subconvulsive electroshock therapy,http://fhir.hie.moh.gov.my/CodeSystem/procedure-code-my-core,CodeSystemProcedureCodeMyCore
94.27,Other electroshock therapy,Other electroshock therapy,http://fhir.hie.moh.gov.my/CodeSystem/procedure-code-my-core,CodeSystemProcedureCodeMyCore
94.29,Other psychiatric somatotherapy,Other psychiatric somatotherapy,http://fhir.hie.moh.gov.my/CodeSystem/procedure-code-my-core,CodeSystemProcedureCodeMyCore
94.31,Psychoanalysis,Psychoanalysis,http://fhir.hie.moh.gov.my/CodeSystem/procedure-code-my-core,CodeSystemProcedureCodeMyCore
94.32,Hypnotherapy,Hypnotherapy,http://fhir.hie.moh.gov.my/CodeSystem/procedure-code-my-core,CodeSystemProcedureCodeMyCore
94.33,Behavior therapy,Behavior therapy,http://fhir.hie.moh.gov.my/CodeSystem/procedure-code-my-core,CodeSystemProcedureCodeMyCore
94.34,Individual therapy for psychosexual dysfunction,Individual therapy for psychosexual dysfunction,http://fhir.hie.moh.gov.my/CodeSystem/procedure-code-my-core,CodeSystemProcedureCodeMyCore
94.35,Crisis intervention,Crisis intervention,http://fhir.hie.moh.gov.my/CodeSystem/procedure-code-my-core,CodeSystemProcedureCodeMyCore
94.36,Play psychotherapy,Play psychotherapy,http://fhir.hie.moh.gov.my/CodeSystem/procedure-code-my-core,CodeSystemProcedureCodeMyCore
94.37,Exploratory verbal psychotherapy,Exploratory verbal psychotherapy,http://fhir.hie.moh.gov.my/CodeSystem/procedure-code-my-core,CodeSystemProcedureCodeMyCore
94.38,Supportive verbal psychotherapy,Supportive verbal psychotherapy,http://fhir.hie.moh.gov.my/CodeSystem/procedure-code-my-core,CodeSystemProcedureCodeMyCore
94.39,Other individual psychotherapy,Other individual psychotherapy,http://fhir.hie.moh.gov.my/CodeSystem/procedure-code-my-core,CodeSystemProcedureCodeMyCore
94.41,Group therapy for psychosexual dysfunction,Group therapy for psychosexual dysfunction,http://fhir.hie.moh.gov.my/CodeSystem/procedure-code-my-core,CodeSystemProcedureCodeMyCore
94.42,Family therapy,Family therapy,http://fhir.hie.moh.gov.my/CodeSystem/procedure-code-my-core,CodeSystemProcedureCodeMyCore
94.43,Psychodrama,Psychodrama,http://fhir.hie.moh.gov.my/CodeSystem/procedure-code-my-core,CodeSystemProcedureCodeMyCore
94.44,Other group therapy,Other group therapy,http://fhir.hie.moh.gov.my/CodeSystem/procedure-code-my-core,CodeSystemProcedureCodeMyCore
94.45,Drug addiction counseling,Drug addiction counseling,http://fhir.hie.moh.gov.my/CodeSystem/procedure-code-my-core,CodeSystemProcedureCodeMyCore
94.46,Alcoholism counseling,Alcoholism counseling,http://fhir.hie.moh.gov.my/CodeSystem/procedure-code-my-core,CodeSystemProcedureCodeMyCore
94.49,Other counseling,Other counseling,http://fhir.hie.moh.gov.my/CodeSystem/procedure-code-my-core,CodeSystemProcedureCodeMyCore
94.51,Referral for psychotherapy,Referral for psychotherapy,http://fhir.hie.moh.gov.my/CodeSystem/procedure-code-my-core,CodeSystemProcedureCodeMyCore
94.52,Referral for psychiatric aftercare,Referral for psychiatric aftercare,http://fhir.hie.moh.gov.my/CodeSystem/procedure-code-my-core,CodeSystemProcedureCodeMyCore
94.53,Referral for alcoholism rehabilitation,Referral for alcoholism rehabilitation,http://fhir.hie.moh.gov.my/CodeSystem/procedure-code-my-core,CodeSystemProcedureCodeMyCore
94.54,Referral for drug addiction rehabilitation,Referral for drug addiction rehabilitation,http://fhir.hie.moh.gov.my/CodeSystem/procedure-code-my-core,CodeSystemProcedureCodeMyCore
94.55,Referral for vocational rehabilitation,Referral for vocational rehabilitation,http://fhir.hie.moh.gov.my/CodeSystem/procedure-code-my-core,CodeSystemProcedureCodeMyCore
94.59,Referral for other psychologic rehabilitation,Referral for other psychologic rehabilitation,http://fhir.hie.moh.gov.my/CodeSystem/procedure-code-my-core,CodeSystemProcedureCodeMyCore
94.61,Alcohol rehabilitation,Alcohol rehabilitation,http://fhir.hie.moh.gov.my/CodeSystem/procedure-code-my-core,CodeSystemProcedureCodeMyCore
94.62,Alcohol detoxification,Alcohol detoxification,http://fhir.hie.moh.gov.my/CodeSystem/procedure-code-my-core,CodeSystemProcedureCodeMyCore
94.63,Alcohol rehabilitation and detoxification,Alcohol rehabilitation and detoxification,http://fhir.hie.moh.gov.my/CodeSystem/procedure-code-my-core,CodeSystemProcedureCodeMyCore
94.64,Drug rehabilitation,Drug rehabilitation,http://fhir.hie.moh.gov.my/CodeSystem/procedure-code-my-core,CodeSystemProcedureCodeMyCore
94.65,Drug detoxification,Drug detoxification,http://fhir.hie.moh.gov.my/CodeSystem/procedure-code-my-core,CodeSystemProcedureCodeMyCore
94.66,Drug rehabilitation and detoxification,Drug rehabilitation and detoxification,http://fhir.hie.moh.gov.my/CodeSystem/procedure-code-my-core,CodeSystemProcedureCodeMyCore
94.67,Combined alcohol and drug rehabilitation,Combined alcohol and drug rehabilitation,http://fhir.hie.moh.gov.my/CodeSystem/procedure-code-my-core,CodeSystemProcedureCodeMyCore
94.68,Combined alcohol and drug detoxification,Combined alcohol and drug detoxification,http://fhir.hie.moh.gov.my/CodeSystem/procedure-code-my-core,CodeSystemProcedureCodeMyCore
94.69,Combined alcohol and drug rehabilitation and detoxification,Combined alcohol and drug rehabilitation and detoxification,http://fhir.hie.moh.gov.my/CodeSystem/procedure-code-my-core,CodeSystemProcedureCodeMyCore
95.01,Limited eye examination,Limited eye examination,http://fhir.hie.moh.gov.my/CodeSystem/procedure-code-my-core,CodeSystemProcedureCodeMyCore
95.02,Comprehensive eye examination,Comprehensive eye examination,http://fhir.hie.moh.gov.my/CodeSystem/procedure-code-my-core,CodeSystemProcedureCodeMyCore
95.03,Extended ophthalmologic work-up,Extended ophthalmologic work-up,http://fhir.hie.moh.gov.my/CodeSystem/procedure-code-my-core,CodeSystemProcedureCodeMyCore
95.04,Eye examination under anaesthesia,Eye examination under anaesthesia,http://fhir.hie.moh.gov.my/CodeSystem/procedure-code-my-core,CodeSystemProcedureCodeMyCore
95.05,Visual field study,Visual field study,http://fhir.hie.moh.gov.my/CodeSystem/procedure-code-my-core,CodeSystemProcedureCodeMyCore
95.06,Color vision study,Color vision study,http://fhir.hie.moh.gov.my/CodeSystem/procedure-code-my-core,CodeSystemProcedureCodeMyCore
95.07,Dark adaptation study,Dark adaptation study,http://fhir.hie.moh.gov.my/CodeSystem/procedure-code-my-core,CodeSystemProcedureCodeMyCore
95.09,"Eye examination, not otherwise specified","Eye examination, not otherwise specified",http://fhir.hie.moh.gov.my/CodeSystem/procedure-code-my-core,CodeSystemProcedureCodeMyCore
95.11,Fundus photography,Fundus photography,http://fhir.hie.moh.gov.my/CodeSystem/procedure-code-my-core,CodeSystemProcedureCodeMyCore
95.12,Fluorescein angiography or angioscopy of eye,Fluorescein angiography or angioscopy of eye,http://fhir.hie.moh.gov.my/CodeSystem/procedure-code-my-core,CodeSystemProcedureCodeMyCore
95.13,Ultrasound study of eye,Ultrasound study of eye,http://fhir.hie.moh.gov.my/CodeSystem/procedure-code-my-core,CodeSystemProcedureCodeMyCore
95.14,X-ray study of eye,X-ray study of eye,http://fhir.hie.moh.gov.my/CodeSystem/procedure-code-my-core,CodeSystemProcedureCodeMyCore
95.15,Ocular motility study,Ocular motility study,http://fhir.hie.moh.gov.my/CodeSystem/procedure-code-my-core,CodeSystemProcedureCodeMyCore
95.16,P32 and other tracer studies of eye,P32 and other tracer studies of eye,http://fhir.hie.moh.gov.my/CodeSystem/procedure-code-my-core,CodeSystemProcedureCodeMyCore
95.21,Electroretinogram [ERG],Electroretinogram [ERG],http://fhir.hie.moh.gov.my/CodeSystem/procedure-code-my-core,CodeSystemProcedureCodeMyCore
95.22,Electro-oculogram [EOG],Electro-oculogram [EOG],http://fhir.hie.moh.gov.my/CodeSystem/procedure-code-my-core,CodeSystemProcedureCodeMyCore
95.23,Visual evoked potential [VEP],Visual evoked potential [VEP],http://fhir.hie.moh.gov.my/CodeSystem/procedure-code-my-core,CodeSystemProcedureCodeMyCore
95.24,Electronystagmogram [ENG],Electronystagmogram [ENG],http://fhir.hie.moh.gov.my/CodeSystem/procedure-code-my-core,CodeSystemProcedureCodeMyCore
95.25,Electromyogram of eye [EMG],Electromyogram of eye [EMG],http://fhir.hie.moh.gov.my/CodeSystem/procedure-code-my-core,CodeSystemProcedureCodeMyCore
95.26,"Tonography, provocative tests, and other glaucoma testing","Tonography, provocative tests, and other glaucoma testing",http://fhir.hie.moh.gov.my/CodeSystem/procedure-code-my-core,CodeSystemProcedureCodeMyCore
95.31,Fitting and dispensing of spectacles,Fitting and dispensing of spectacles,http://fhir.hie.moh.gov.my/CodeSystem/procedure-code-my-core,CodeSystemProcedureCodeMyCore
95.32,"Prescription, fitting, and dispensing of contact lens","Prescription, fitting, and dispensing of contact lens",http://fhir.hie.moh.gov.my/CodeSystem/procedure-code-my-core,CodeSystemProcedureCodeMyCore
95.33,Dispensing of other low vision aids,Dispensing of other low vision aids,http://fhir.hie.moh.gov.my/CodeSystem/procedure-code-my-core,CodeSystemProcedureCodeMyCore
95.34,Ocular prosthetics,Ocular prosthetics,http://fhir.hie.moh.gov.my/CodeSystem/procedure-code-my-core,CodeSystemProcedureCodeMyCore
95.35,Orthoptic training,Orthoptic training,http://fhir.hie.moh.gov.my/CodeSystem/procedure-code-my-core,CodeSystemProcedureCodeMyCore
95.36,Ophthalmologic counseling and instruction,Ophthalmologic counseling and instruction,http://fhir.hie.moh.gov.my/CodeSystem/procedure-code-my-core,CodeSystemProcedureCodeMyCore
95.41,Audiometry,Audiometry,http://fhir.hie.moh.gov.my/CodeSystem/procedure-code-my-core,CodeSystemProcedureCodeMyCore
95.42,Clinical test of hearing,Clinical test of hearing,http://fhir.hie.moh.gov.my/CodeSystem/procedure-code-my-core,CodeSystemProcedureCodeMyCore
95.43,Audiological evaluation,Audiological evaluation,http://fhir.hie.moh.gov.my/CodeSystem/procedure-code-my-core,CodeSystemProcedureCodeMyCore
95.44,Clinical vestibular function tests,Clinical vestibular function tests,http://fhir.hie.moh.gov.my/CodeSystem/procedure-code-my-core,CodeSystemProcedureCodeMyCore
95.45,Rotation tests,Rotation tests,http://fhir.hie.moh.gov.my/CodeSystem/procedure-code-my-core,CodeSystemProcedureCodeMyCore
95.46,Other auditory and vestibular function tests,Other auditory and vestibular function tests,http://fhir.hie.moh.gov.my/CodeSystem/procedure-code-my-core,CodeSystemProcedureCodeMyCore
95.47,"Hearing examination, not otherwise specified","Hearing examination, not otherwise specified",http://fhir.hie.moh.gov.my/CodeSystem/procedure-code-my-core,CodeSystemProcedureCodeMyCore
95.48,Fitting of hearing aid,Fitting of hearing aid,http://fhir.hie.moh.gov.my/CodeSystem/procedure-code-my-core,CodeSystemProcedureCodeMyCore
95.49,Other nonoperative procedures related to hearing,Other nonoperative procedures related to hearing,http://fhir.hie.moh.gov.my/CodeSystem/procedure-code-my-core,CodeSystemProcedureCodeMyCore
96.01,Insertion of nasopharyngeal airway,Insertion of nasopharyngeal airway,http://fhir.hie.moh.gov.my/CodeSystem/procedure-code-my-core,CodeSystemProcedureCodeMyCore
96.02,Insertion of oropharyngeal airway,Insertion of oropharyngeal airway,http://fhir.hie.moh.gov.my/CodeSystem/procedure-code-my-core,CodeSystemProcedureCodeMyCore
96.03,Insertion of esophageal obturator airway,Insertion of esophageal obturator airway,http://fhir.hie.moh.gov.my/CodeSystem/procedure-code-my-core,CodeSystemProcedureCodeMyCore
96.04,Insertion of endotracheal tube,Insertion of endotracheal tube,http://fhir.hie.moh.gov.my/CodeSystem/procedure-code-my-core,CodeSystemProcedureCodeMyCore
96.05,Other intubation of respiratory tract,Other intubation of respiratory tract,http://fhir.hie.moh.gov.my/CodeSystem/procedure-code-my-core,CodeSystemProcedureCodeMyCore
96.06,Insertion of Sengstaken tube,Insertion of Sengstaken tube,http://fhir.hie.moh.gov.my/CodeSystem/procedure-code-my-core,CodeSystemProcedureCodeMyCore
96.07,Insertion of other (naso-)gastric tube,Insertion of other (naso-)gastric tube,http://fhir.hie.moh.gov.my/CodeSystem/procedure-code-my-core,CodeSystemProcedureCodeMyCore
96.08,Insertion of (naso-)intestinal tube,Insertion of (naso-)intestinal tube,http://fhir.hie.moh.gov.my/CodeSystem/procedure-code-my-core,CodeSystemProcedureCodeMyCore
96.09,Insertion of rectal tube,Insertion of rectal tube,http://fhir.hie.moh.gov.my/CodeSystem/procedure-code-my-core,CodeSystemProcedureCodeMyCore
96.11,Packing of external auditory canal,Packing of external auditory canal,http://fhir.hie.moh.gov.my/CodeSystem/procedure-code-my-core,CodeSystemProcedureCodeMyCore
96.19,Rectal packing,Rectal packing,http://fhir.hie.moh.gov.my/CodeSystem/procedure-code-my-core,CodeSystemProcedureCodeMyCore
96.21,Dilation of frontonasal duct,Dilation of frontonasal duct,http://fhir.hie.moh.gov.my/CodeSystem/procedure-code-my-core,CodeSystemProcedureCodeMyCore
96.22,Dilation of rectum,Dilation of rectum,http://fhir.hie.moh.gov.my/CodeSystem/procedure-code-my-core,CodeSystemProcedureCodeMyCore
96.23,Dilation of anal sphincter,Dilation of anal sphincter,http://fhir.hie.moh.gov.my/CodeSystem/procedure-code-my-core,CodeSystemProcedureCodeMyCore
96.24,Dilation and manipulation of enterostomy stoma,Dilation and manipulation of enterostomy stoma,http://fhir.hie.moh.gov.my/CodeSystem/procedure-code-my-core,CodeSystemProcedureCodeMyCore
96.25,Therapeutic distension of bladder,Therapeutic distension of bladder,http://fhir.hie.moh.gov.my/CodeSystem/procedure-code-my-core,CodeSystemProcedureCodeMyCore
96.26,Manual reduction of rectal prolapse,Manual reduction of rectal prolapse,http://fhir.hie.moh.gov.my/CodeSystem/procedure-code-my-core,CodeSystemProcedureCodeMyCore
96.27,Manual reduction of hernia,Manual reduction of hernia,http://fhir.hie.moh.gov.my/CodeSystem/procedure-code-my-core,CodeSystemProcedureCodeMyCore
96.28,Manual reduction of enterostomy prolapse,Manual reduction of enterostomy prolapse,http://fhir.hie.moh.gov.my/CodeSystem/procedure-code-my-core,CodeSystemProcedureCodeMyCore
96.29,Reduction of intussusception of alimentary tract,Reduction of intussusception of alimentary tract,http://fhir.hie.moh.gov.my/CodeSystem/procedure-code-my-core,CodeSystemProcedureCodeMyCore
96.31,Gastric cooling,Gastric cooling,http://fhir.hie.moh.gov.my/CodeSystem/procedure-code-my-core,CodeSystemProcedureCodeMyCore
96.32,Gastric freezing,Gastric freezing,http://fhir.hie.moh.gov.my/CodeSystem/procedure-code-my-core,CodeSystemProcedureCodeMyCore
96.33,Gastric lavage,Gastric lavage,http://fhir.hie.moh.gov.my/CodeSystem/procedure-code-my-core,CodeSystemProcedureCodeMyCore
96.34,Other irrigation of (naso-)gastric tube,Other irrigation of (naso-)gastric tube,http://fhir.hie.moh.gov.my/CodeSystem/procedure-code-my-core,CodeSystemProcedureCodeMyCore
96.35,Gastric gavage,Gastric gavage,http://fhir.hie.moh.gov.my/CodeSystem/procedure-code-my-core,CodeSystemProcedureCodeMyCore
96.36,Irrigation of gastrostomy or enterostomy,Irrigation of gastrostomy or enterostomy,http://fhir.hie.moh.gov.my/CodeSystem/procedure-code-my-core,CodeSystemProcedureCodeMyCore
96.37,Proctoclysis,Proctoclysis,http://fhir.hie.moh.gov.my/CodeSystem/procedure-code-my-core,CodeSystemProcedureCodeMyCore
96.38,Removal of impacted feces,Removal of impacted feces,http://fhir.hie.moh.gov.my/CodeSystem/procedure-code-my-core,CodeSystemProcedureCodeMyCore
96.39,Other transanal enema,Other transanal enema,http://fhir.hie.moh.gov.my/CodeSystem/procedure-code-my-core,CodeSystemProcedureCodeMyCore
96.41,Irrigation of cholecystostomy and other biliary tube,Irrigation of cholecystostomy and other biliary tube,http://fhir.hie.moh.gov.my/CodeSystem/procedure-code-my-core,CodeSystemProcedureCodeMyCore
96.42,Irrigation of pancreatic tube,Irrigation of pancreatic tube,http://fhir.hie.moh.gov.my/CodeSystem/procedure-code-my-core,CodeSystemProcedureCodeMyCore
96.43,"Digestive tract instillation, except gastric gavage","Digestive tract instillation, except gastric gavage",http://fhir.hie.moh.gov.my/CodeSystem/procedure-code-my-core,CodeSystemProcedureCodeMyCore
96.45,Irrigation of nephrostomy and pyelostomy,Irrigation of nephrostomy and pyelostomy,http://fhir.hie.moh.gov.my/CodeSystem/procedure-code-my-core,CodeSystemProcedureCodeMyCore
96.46,Irrigation of ureterostomy and urethral catheter,Irrigation of ureterostomy and urethral catheter,http://fhir.hie.moh.gov.my/CodeSystem/procedure-code-my-core,CodeSystemProcedureCodeMyCore
96.47,Irrigation of cystostomy,Irrigation of cystostomy,http://fhir.hie.moh.gov.my/CodeSystem/procedure-code-my-core,CodeSystemProcedureCodeMyCore
96.48,Irrigation of other indwelling urinary catheter,Irrigation of other indwelling urinary catheter,http://fhir.hie.moh.gov.my/CodeSystem/procedure-code-my-core,CodeSystemProcedureCodeMyCore
96.49,Other genitourinary instillation,Other genitourinary instillation,http://fhir.hie.moh.gov.my/CodeSystem/procedure-code-my-core,CodeSystemProcedureCodeMyCore
96.51,Irrigation of eye,Irrigation of eye,http://fhir.hie.moh.gov.my/CodeSystem/procedure-code-my-core,CodeSystemProcedureCodeMyCore
96.52,Irrigation of ear,Irrigation of ear,http://fhir.hie.moh.gov.my/CodeSystem/procedure-code-my-core,CodeSystemProcedureCodeMyCore
96.53,Irrigation of nasal passages,Irrigation of nasal passages,http://fhir.hie.moh.gov.my/CodeSystem/procedure-code-my-core,CodeSystemProcedureCodeMyCore
96.54,"Dental scaling, polishing, and debridement","Dental scaling, polishing, and debridement",http://fhir.hie.moh.gov.my/CodeSystem/procedure-code-my-core,CodeSystemProcedureCodeMyCore
96.55,Tracheostomy toilette,Tracheostomy toilette,http://fhir.hie.moh.gov.my/CodeSystem/procedure-code-my-core,CodeSystemProcedureCodeMyCore
96.56,Other lavage of bronchus and trachea,Other lavage of bronchus and trachea,http://fhir.hie.moh.gov.my/CodeSystem/procedure-code-my-core,CodeSystemProcedureCodeMyCore
96.57,Irrigation of vascular catheter,Irrigation of vascular catheter,http://fhir.hie.moh.gov.my/CodeSystem/procedure-code-my-core,CodeSystemProcedureCodeMyCore
96.58,Irrigation of wound catheter,Irrigation of wound catheter,http://fhir.hie.moh.gov.my/CodeSystem/procedure-code-my-core,CodeSystemProcedureCodeMyCore
96.59,Other irrigation of wound,Other irrigation of wound,http://fhir.hie.moh.gov.my/CodeSystem/procedure-code-my-core,CodeSystemProcedureCodeMyCore
96.71,Continuous invasive mechanical ventilation for less than 96 consecutive hours,Continuous invasive mechanical ventilation for less than 96 consecutive hours,http://fhir.hie.moh.gov.my/CodeSystem/procedure-code-my-core,CodeSystemProcedureCodeMyCore
96.72,Continuous invasive mechanical ventilation for 96 consecutive hours or more,Continuous invasive mechanical ventilation for 96 consecutive hours or more,http://fhir.hie.moh.gov.my/CodeSystem/procedure-code-my-core,CodeSystemProcedureCodeMyCore
97.01,Replacement of (naso-)gastric or esophagostomy tube,Replacement of (naso-)gastric or esophagostomy tube,http://fhir.hie.moh.gov.my/CodeSystem/procedure-code-my-core,CodeSystemProcedureCodeMyCore
97.02,Replacement of gastrostomy tube,Replacement of gastrostomy tube,http://fhir.hie.moh.gov.my/CodeSystem/procedure-code-my-core,CodeSystemProcedureCodeMyCore
97.03,Replacement of tube or enterostomy device of small intestine,Replacement of tube or enterostomy device of small intestine,http://fhir.hie.moh.gov.my/CodeSystem/procedure-code-my-core,CodeSystemProcedureCodeMyCore
97.04,Replacement of tube or enterostomy device of large intestine,Replacement of tube or enterostomy device of large intestine,http://fhir.hie.moh.gov.my/CodeSystem/procedure-code-my-core,CodeSystemProcedureCodeMyCore
97.05,Replacement of stent (tube) in biliary or pancreatic duct,Replacement of stent (tube) in biliary or pancreatic duct,http://fhir.hie.moh.gov.my/CodeSystem/procedure-code-my-core,CodeSystemProcedureCodeMyCore
97.11,Replacement of cast on upper limb,Replacement of cast on upper limb,http://fhir.hie.moh.gov.my/CodeSystem/procedure-code-my-core,CodeSystemProcedureCodeMyCore
97.12,Replacement of cast on lower limb,Replacement of cast on lower limb,http://fhir.hie.moh.gov.my/CodeSystem/procedure-code-my-core,CodeSystemProcedureCodeMyCore
97.13,Replacement of other cast,Replacement of other cast,http://fhir.hie.moh.gov.my/CodeSystem/procedure-code-my-core,CodeSystemProcedureCodeMyCore
97.14,Replacement of other device for musculoskeletal immobilization,Replacement of other device for musculoskeletal immobilization,http://fhir.hie.moh.gov.my/CodeSystem/procedure-code-my-core,CodeSystemProcedureCodeMyCore
97.15,Replacement of wound catheter,Replacement of wound catheter,http://fhir.hie.moh.gov.my/CodeSystem/procedure-code-my-core,CodeSystemProcedureCodeMyCore
97.16,Replacement of wound packing or drain,Replacement of wound packing or drain,http://fhir.hie.moh.gov.my/CodeSystem/procedure-code-my-core,CodeSystemProcedureCodeMyCore
97.21,Replacement of nasal packing,Replacement of nasal packing,http://fhir.hie.moh.gov.my/CodeSystem/procedure-code-my-core,CodeSystemProcedureCodeMyCore
97.22,Replacement of dental packing,Replacement of dental packing,http://fhir.hie.moh.gov.my/CodeSystem/procedure-code-my-core,CodeSystemProcedureCodeMyCore
97.23,Replacement of tracheostomy tube,Replacement of tracheostomy tube,http://fhir.hie.moh.gov.my/CodeSystem/procedure-code-my-core,CodeSystemProcedureCodeMyCore
97.29,Other nonoperative replacements,Other nonoperative replacements,http://fhir.hie.moh.gov.my/CodeSystem/procedure-code-my-core,CodeSystemProcedureCodeMyCore
97.31,Removal of eye prosthesis,Removal of eye prosthesis,http://fhir.hie.moh.gov.my/CodeSystem/procedure-code-my-core,CodeSystemProcedureCodeMyCore
97.32,Removal of nasal packing,Removal of nasal packing,http://fhir.hie.moh.gov.my/CodeSystem/procedure-code-my-core,CodeSystemProcedureCodeMyCore
97.33,Removal of dental wiring,Removal of dental wiring,http://fhir.hie.moh.gov.my/CodeSystem/procedure-code-my-core,CodeSystemProcedureCodeMyCore
97.34,Removal of dental packing,Removal of dental packing,http://fhir.hie.moh.gov.my/CodeSystem/procedure-code-my-core,CodeSystemProcedureCodeMyCore
97.35,Removal of dental prosthesis,Removal of dental prosthesis,http://fhir.hie.moh.gov.my/CodeSystem/procedure-code-my-core,CodeSystemProcedureCodeMyCore
97.36,Removal of other external mandibular fixation device,Removal of other external mandibular fixation device,http://fhir.hie.moh.gov.my/CodeSystem/procedure-code-my-core,CodeSystemProcedureCodeMyCore
97.37,Removal of tracheostomy tube,Removal of tracheostomy tube,http://fhir.hie.moh.gov.my/CodeSystem/procedure-code-my-core,CodeSystemProcedureCodeMyCore
97.38,Removal of sutures from head and neck,Removal of sutures from head and neck,http://fhir.hie.moh.gov.my/CodeSystem/procedure-code-my-core,CodeSystemProcedureCodeMyCore
97.39,Removal of other therapeutic device from head and neck,Removal of other therapeutic device from head and neck,http://fhir.hie.moh.gov.my/CodeSystem/procedure-code-my-core,CodeSystemProcedureCodeMyCore
97.41,Removal of thoracotomy tube or pleural cavity drain,Removal of thoracotomy tube or pleural cavity drain,http://fhir.hie.moh.gov.my/CodeSystem/procedure-code-my-core,CodeSystemProcedureCodeMyCore
97.42,Removal of mediastinal drain,Removal of mediastinal drain,http://fhir.hie.moh.gov.my/CodeSystem/procedure-code-my-core,CodeSystemProcedureCodeMyCore
97.43,Removal of sutures from thorax,Removal of sutures from thorax,http://fhir.hie.moh.gov.my/CodeSystem/procedure-code-my-core,CodeSystemProcedureCodeMyCore
97.44,Nonoperative removal of heart assist system,Nonoperative removal of heart assist system,http://fhir.hie.moh.gov.my/CodeSystem/procedure-code-my-core,CodeSystemProcedureCodeMyCore
97.49,Removal of other device from thorax,Removal of other device from thorax,http://fhir.hie.moh.gov.my/CodeSystem/procedure-code-my-core,CodeSystemProcedureCodeMyCore
97.51,Removal of gastrostomy tube,Removal of gastrostomy tube,http://fhir.hie.moh.gov.my/CodeSystem/procedure-code-my-core,CodeSystemProcedureCodeMyCore
97.52,Removal of tube from small intestine,Removal of tube from small intestine,http://fhir.hie.moh.gov.my/CodeSystem/procedure-code-my-core,CodeSystemProcedureCodeMyCore
97.53,Removal of tube from large intestine or appendix,Removal of tube from large intestine or appendix,http://fhir.hie.moh.gov.my/CodeSystem/procedure-code-my-core,CodeSystemProcedureCodeMyCore
97.54,Removal of cholecystostomy tube,Removal of cholecystostomy tube,http://fhir.hie.moh.gov.my/CodeSystem/procedure-code-my-core,CodeSystemProcedureCodeMyCore
97.55,"Removal of T-tube, other bile duct tube, or liver tube","Removal of T-tube, other bile duct tube, or liver tube",http://fhir.hie.moh.gov.my/CodeSystem/procedure-code-my-core,CodeSystemProcedureCodeMyCore
97.56,Removal of pancreatic tube or drain,Removal of pancreatic tube or drain,http://fhir.hie.moh.gov.my/CodeSystem/procedure-code-my-core,CodeSystemProcedureCodeMyCore
97.59,Removal of other device from digestive system,Removal of other device from digestive system,http://fhir.hie.moh.gov.my/CodeSystem/procedure-code-my-core,CodeSystemProcedureCodeMyCore
97.61,Removal of pyelostomy and nephrostomy tube,Removal of pyelostomy and nephrostomy tube,http://fhir.hie.moh.gov.my/CodeSystem/procedure-code-my-core,CodeSystemProcedureCodeMyCore
97.62,Removal of ureterostomy tube and ureteral catheter,Removal of ureterostomy tube and ureteral catheter,http://fhir.hie.moh.gov.my/CodeSystem/procedure-code-my-core,CodeSystemProcedureCodeMyCore
97.63,Removal of cystostomy tube,Removal of cystostomy tube,http://fhir.hie.moh.gov.my/CodeSystem/procedure-code-my-core,CodeSystemProcedureCodeMyCore
97.64,Removal of other urinary drainage device,Removal of other urinary drainage device,http://fhir.hie.moh.gov.my/CodeSystem/procedure-code-my-core,CodeSystemProcedureCodeMyCore
97.65,Removal of urethral stent,Removal of urethral stent,http://fhir.hie.moh.gov.my/CodeSystem/procedure-code-my-core,CodeSystemProcedureCodeMyCore
97.69,Removal of other device from urinary system,Removal of other device from urinary system,http://fhir.hie.moh.gov.my/CodeSystem/procedure-code-my-core,CodeSystemProcedureCodeMyCore
97.79,Removal of other device from genital tract,Removal of other device from genital tract,http://fhir.hie.moh.gov.my/CodeSystem/procedure-code-my-core,CodeSystemProcedureCodeMyCore
97.81,Removal of retroperitoneal drainage device,Removal of retroperitoneal drainage device,http://fhir.hie.moh.gov.my/CodeSystem/procedure-code-my-core,CodeSystemProcedureCodeMyCore
97.82,Removal of peritoneal drainage device,Removal of peritoneal drainage device,http://fhir.hie.moh.gov.my/CodeSystem/procedure-code-my-core,CodeSystemProcedureCodeMyCore
97.83,Removal of abdominal wall sutures,Removal of abdominal wall sutures,http://fhir.hie.moh.gov.my/CodeSystem/procedure-code-my-core,CodeSystemProcedureCodeMyCore
97.84,"Removal of sutures from trunk, not elsewhere classified","Removal of sutures from trunk, not elsewhere classified",http://fhir.hie.moh.gov.my/CodeSystem/procedure-code-my-core,CodeSystemProcedureCodeMyCore
97.85,"Removal of packing from trunk, not elsewhere classified","Removal of packing from trunk, not elsewhere classified",http://fhir.hie.moh.gov.my/CodeSystem/procedure-code-my-core,CodeSystemProcedureCodeMyCore
97.86,Removal of other device from abdomen,Removal of other device from abdomen,http://fhir.hie.moh.gov.my/CodeSystem/procedure-code-my-core,CodeSystemProcedureCodeMyCore
97.87,Removal of other device from trunk,Removal of other device from trunk,http://fhir.hie.moh.gov.my/CodeSystem/procedure-code-my-core,CodeSystemProcedureCodeMyCore
97.88,Removal of external immobilization device,Removal of external immobilization device,http://fhir.hie.moh.gov.my/CodeSystem/procedure-code-my-core,CodeSystemProcedureCodeMyCore
97.89,Removal of other therapeutic device,Removal of other therapeutic device,http://fhir.hie.moh.gov.my/CodeSystem/procedure-code-my-core,CodeSystemProcedureCodeMyCore
98.01,Removal of intraluminal foreign body from mouth without incision,Removal of intraluminal foreign body from mouth without incision,http://fhir.hie.moh.gov.my/CodeSystem/procedure-code-my-core,CodeSystemProcedureCodeMyCore
98.02,Removal of intraluminal foreign body from esophagus without incision,Removal of intraluminal foreign body from esophagus without incision,http://fhir.hie.moh.gov.my/CodeSystem/procedure-code-my-core,CodeSystemProcedureCodeMyCore
98.03,Removal of intraluminal foreign body from stomach and small intestine without incision,Removal of intraluminal foreign body from stomach and small intestine without incision,http://fhir.hie.moh.gov.my/CodeSystem/procedure-code-my-core,CodeSystemProcedureCodeMyCore
98.04,Removal of intraluminal foreign body from large intestine without incision,Removal of intraluminal foreign body from large intestine without incision,http://fhir.hie.moh.gov.my/CodeSystem/procedure-code-my-core,CodeSystemProcedureCodeMyCore
98.05,Removal of intraluminal foreign body from rectum and anus without incision,Removal of intraluminal foreign body from rectum and anus without incision,http://fhir.hie.moh.gov.my/CodeSystem/procedure-code-my-core,CodeSystemProcedureCodeMyCore
98.11,Removal of intraluminal foreign body from ear without incision,Removal of intraluminal foreign body from ear without incision,http://fhir.hie.moh.gov.my/CodeSystem/procedure-code-my-core,CodeSystemProcedureCodeMyCore
98.12,Removal of intraluminal foreign body from nose without incision,Removal of intraluminal foreign body from nose without incision,http://fhir.hie.moh.gov.my/CodeSystem/procedure-code-my-core,CodeSystemProcedureCodeMyCore
98.13,Removal of intraluminal foreign body from pharynx without incision,Removal of intraluminal foreign body from pharynx without incision,http://fhir.hie.moh.gov.my/CodeSystem/procedure-code-my-core,CodeSystemProcedureCodeMyCore
98.14,Removal of intraluminal foreign body from larynx without incision,Removal of intraluminal foreign body from larynx without incision,http://fhir.hie.moh.gov.my/CodeSystem/procedure-code-my-core,CodeSystemProcedureCodeMyCore
98.15,Removal of intraluminal foreign body from trachea and bronchus without incision,Removal of intraluminal foreign body from trachea and bronchus without incision,http://fhir.hie.moh.gov.my/CodeSystem/procedure-code-my-core,CodeSystemProcedureCodeMyCore
98.18,Removal of intraluminal foreign body from artificial stoma without incision,Removal of intraluminal foreign body from artificial stoma without incision,http://fhir.hie.moh.gov.my/CodeSystem/procedure-code-my-core,CodeSystemProcedureCodeMyCore
98.19,Removal of intraluminal foreign body from urethra without incision,Removal of intraluminal foreign body from urethra without incision,http://fhir.hie.moh.gov.my/CodeSystem/procedure-code-my-core,CodeSystemProcedureCodeMyCore
98.21,Removal of superficial foreign body from eye without incision,Removal of superficial foreign body from eye without incision,http://fhir.hie.moh.gov.my/CodeSystem/procedure-code-my-core,CodeSystemProcedureCodeMyCore
98.22,Removal of other foreign body without incision from head and neck,Removal of other foreign body without incision from head and neck,http://fhir.hie.moh.gov.my/CodeSystem/procedure-code-my-core,CodeSystemProcedureCodeMyCore
98.25,"Removal of other foreign body without incision from trunk except scrotum, penis, or vulva","Removal of other foreign body without incision from trunk except scrotum, penis, or vulva",http://fhir.hie.moh.gov.my/CodeSystem/procedure-code-my-core,CodeSystemProcedureCodeMyCore
98.26,Removal of foreign body from hand without incision,Removal of foreign body from hand without incision,http://fhir.hie.moh.gov.my/CodeSystem/procedure-code-my-core,CodeSystemProcedureCodeMyCore
98.27,"Removal of foreign body without incision from upper limb, except hand","Removal of foreign body without incision from upper limb, except hand",http://fhir.hie.moh.gov.my/CodeSystem/procedure-code-my-core,CodeSystemProcedureCodeMyCore
98.28,Removal of foreign body from foot without incision,Removal of foreign body from foot without incision,http://fhir.hie.moh.gov.my/CodeSystem/procedure-code-my-core,CodeSystemProcedureCodeMyCore
98.29,"Removal of foreign body without incision from lower limb, except foot","Removal of foreign body without incision from lower limb, except foot",http://fhir.hie.moh.gov.my/CodeSystem/procedure-code-my-core,CodeSystemProcedureCodeMyCore
98.51,"Extracorporeal shockwave lithotripsy [ESWL] of the kidney, ureter, and/or bladder","Extracorporeal shockwave lithotripsy [ESWL] of the kidney, ureter, and/or bladder",http://fhir.hie.moh.gov.my/CodeSystem/procedure-code-my-core,CodeSystemProcedureCodeMyCore
98.52,Extracorporeal shockwave lithotripsy [ESWL] of the gallbladder and/or bile duct,Extracorporeal shockwave lithotripsy [ESWL] of the gallbladder and/or bile duct,http://fhir.hie.moh.gov.my/CodeSystem/procedure-code-my-core,CodeSystemProcedureCodeMyCore
98.59,Extracorporeal shockwave lithotripsy of other sites,Extracorporeal shockwave lithotripsy of other sites,http://fhir.hie.moh.gov.my/CodeSystem/procedure-code-my-core,CodeSystemProcedureCodeMyCore
99.01,Exchange transfusion,Exchange transfusion,http://fhir.hie.moh.gov.my/CodeSystem/procedure-code-my-core,CodeSystemProcedureCodeMyCore
99.02,Transfusion of previously collected autologous blood,Transfusion of previously collected autologous blood,http://fhir.hie.moh.gov.my/CodeSystem/procedure-code-my-core,CodeSystemProcedureCodeMyCore
99.03,Other transfusion of whole blood,Other transfusion of whole blood,http://fhir.hie.moh.gov.my/CodeSystem/procedure-code-my-core,CodeSystemProcedureCodeMyCore
99.04,Transfusion of packed cells,Transfusion of packed cells,http://fhir.hie.moh.gov.my/CodeSystem/procedure-code-my-core,CodeSystemProcedureCodeMyCore
99.05,Transfusion of platelets,Transfusion of platelets,http://fhir.hie.moh.gov.my/CodeSystem/procedure-code-my-core,CodeSystemProcedureCodeMyCore
99.06,Transfusion of coagulation factors,Transfusion of coagulation factors,http://fhir.hie.moh.gov.my/CodeSystem/procedure-code-my-core,CodeSystemProcedureCodeMyCore
99.07,Trasnfusion of other serum,Trasnfusion of other serum,http://fhir.hie.moh.gov.my/CodeSystem/procedure-code-my-core,CodeSystemProcedureCodeMyCore
99.08,Trasnfusion of blood expander,Trasnfusion of blood expander,http://fhir.hie.moh.gov.my/CodeSystem/procedure-code-my-core,CodeSystemProcedureCodeMyCore
99.09,Transfusion of other substance,Transfusion of other substance,http://fhir.hie.moh.gov.my/CodeSystem/procedure-code-my-core,CodeSystemProcedureCodeMyCore
99.11,Injection of Rh immune globulin,Injection of Rh immune globulin,http://fhir.hie.moh.gov.my/CodeSystem/procedure-code-my-core,CodeSystemProcedureCodeMyCore
99.12,Immunization for allergy,Immunization for allergy,http://fhir.hie.moh.gov.my/CodeSystem/procedure-code-my-core,CodeSystemProcedureCodeMyCore
99.13,Immunization for autoimmune disease,Immunization for autoimmune disease,http://fhir.hie.moh.gov.my/CodeSystem/procedure-code-my-core,CodeSystemProcedureCodeMyCore
99.14,Injection or infusion of immunoglobulin,Injection or infusion of immunoglobulin,http://fhir.hie.moh.gov.my/CodeSystem/procedure-code-my-core,CodeSystemProcedureCodeMyCore
99.15,Parenteral infusion of concentrated nutritional substances,Parenteral infusion of concentrated nutritional substances,http://fhir.hie.moh.gov.my/CodeSystem/procedure-code-my-core,CodeSystemProcedureCodeMyCore
99.16,Injection of antidote,Injection of antidote,http://fhir.hie.moh.gov.my/CodeSystem/procedure-code-my-core,CodeSystemProcedureCodeMyCore
99.17,Injection of insulin,Injection of insulin,http://fhir.hie.moh.gov.my/CodeSystem/procedure-code-my-core,CodeSystemProcedureCodeMyCore
99.18,Injection or infusion of electrolytes,Injection or infusion of electrolytes,http://fhir.hie.moh.gov.my/CodeSystem/procedure-code-my-core,CodeSystemProcedureCodeMyCore
99.19,Injection of anticoagulant,Injection of anticoagulant,http://fhir.hie.moh.gov.my/CodeSystem/procedure-code-my-core,CodeSystemProcedureCodeMyCore
99.21,Injection of antibiotic,Injection of antibiotic,http://fhir.hie.moh.gov.my/CodeSystem/procedure-code-my-core,CodeSystemProcedureCodeMyCore
99.22,Injection of other anti-infective,Injection of other anti-infective,http://fhir.hie.moh.gov.my/CodeSystem/procedure-code-my-core,CodeSystemProcedureCodeMyCore
99.23,Injection of steroid,Injection of steroid,http://fhir.hie.moh.gov.my/CodeSystem/procedure-code-my-core,CodeSystemProcedureCodeMyCore
99.24,Injection of other hormone,Injection of other hormone,http://fhir.hie.moh.gov.my/CodeSystem/procedure-code-my-core,CodeSystemProcedureCodeMyCore
99.25,Injection or infusion of cancer chemotherapeutic substance,Injection or infusion of cancer chemotherapeutic substance,http://fhir.hie.moh.gov.my/CodeSystem/procedure-code-my-core,CodeSystemProcedureCodeMyCore
99.26,Injection of tranquilizer,Injection of tranquilizer,http://fhir.hie.moh.gov.my/CodeSystem/procedure-code-my-core,CodeSystemProcedureCodeMyCore
99.27,Iontophoresis,Iontophoresis,http://fhir.hie.moh.gov.my/CodeSystem/procedure-code-my-core,CodeSystemProcedureCodeMyCore
99.28,Injection or infusion of biological response modifier [BRM] as an antineoplastic agent,Injection or infusion of biological response modifier [BRM] as an antineoplastic agent,http://fhir.hie.moh.gov.my/CodeSystem/procedure-code-my-core,CodeSystemProcedureCodeMyCore
99.29,Injection or infusion of other therapeutic or prophylactic substance,Injection or infusion of other therapeutic or prophylactic substance,http://fhir.hie.moh.gov.my/CodeSystem/procedure-code-my-core,CodeSystemProcedureCodeMyCore
99.31,Vaccination against cholera,Vaccination against cholera,http://fhir.hie.moh.gov.my/CodeSystem/procedure-code-my-core,CodeSystemProcedureCodeMyCore
99.32,Vaccination against typhoid and parathyroid fever,Vaccination against typhoid and parathyroid fever,http://fhir.hie.moh.gov.my/CodeSystem/procedure-code-my-core,CodeSystemProcedureCodeMyCore
99.33,Vaccination against tuberculosis,Vaccination against tuberculosis,http://fhir.hie.moh.gov.my/CodeSystem/procedure-code-my-core,CodeSystemProcedureCodeMyCore
99.34,Vaccination against plague,Vaccination against plague,http://fhir.hie.moh.gov.my/CodeSystem/procedure-code-my-core,CodeSystemProcedureCodeMyCore
99.35,Vaccination against tularemia,Vaccination against tularemia,http://fhir.hie.moh.gov.my/CodeSystem/procedure-code-my-core,CodeSystemProcedureCodeMyCore
99.36,Administration of diphtheria toxoid,Administration of diphtheria toxoid,http://fhir.hie.moh.gov.my/CodeSystem/procedure-code-my-core,CodeSystemProcedureCodeMyCore
99.37,Vaccination against pertussis,Vaccination against pertussis,http://fhir.hie.moh.gov.my/CodeSystem/procedure-code-my-core,CodeSystemProcedureCodeMyCore
99.38,Administration of tetanus toxoid,Administration of tetanus toxoid,http://fhir.hie.moh.gov.my/CodeSystem/procedure-code-my-core,CodeSystemProcedureCodeMyCore
99.39,"Administration of diphtheria-tetanus-pertussis, combined","Administration of diphtheria-tetanus-pertussis, combined",http://fhir.hie.moh.gov.my/CodeSystem/procedure-code-my-core,CodeSystemProcedureCodeMyCore
99.41,Administration of poliomyelitis vaccine,Administration of poliomyelitis vaccine,http://fhir.hie.moh.gov.my/CodeSystem/procedure-code-my-core,CodeSystemProcedureCodeMyCore
99.42,Vaccination against smallpox,Vaccination against smallpox,http://fhir.hie.moh.gov.my/CodeSystem/procedure-code-my-core,CodeSystemProcedureCodeMyCore
99.43,Vaccination against yellow fever,Vaccination against yellow fever,http://fhir.hie.moh.gov.my/CodeSystem/procedure-code-my-core,CodeSystemProcedureCodeMyCore
99.44,Vaccination against rabies,Vaccination against rabies,http://fhir.hie.moh.gov.my/CodeSystem/procedure-code-my-core,CodeSystemProcedureCodeMyCore
99.45,Vaccination against measles,Vaccination against measles,http://fhir.hie.moh.gov.my/CodeSystem/procedure-code-my-core,CodeSystemProcedureCodeMyCore
99.46,Vaccination against mumps,Vaccination against mumps,http://fhir.hie.moh.gov.my/CodeSystem/procedure-code-my-core,CodeSystemProcedureCodeMyCore
99.47,Vaccination against rubella,Vaccination against rubella,http://fhir.hie.moh.gov.my/CodeSystem/procedure-code-my-core,CodeSystemProcedureCodeMyCore
99.48,Administration of measles-mumps-rubella vaccine,Administration of measles-mumps-rubella vaccine,http://fhir.hie.moh.gov.my/CodeSystem/procedure-code-my-core,CodeSystemProcedureCodeMyCore
99.51,Prophylactic vaccination against the common cold,Prophylactic vaccination against the common cold,http://fhir.hie.moh.gov.my/CodeSystem/procedure-code-my-core,CodeSystemProcedureCodeMyCore
99.52,Prophylactic vaccination against influenza,Prophylactic vaccination against influenza,http://fhir.hie.moh.gov.my/CodeSystem/procedure-code-my-core,CodeSystemProcedureCodeMyCore
99.53,Prophylactic vaccination against arthropod-borne viral encephalitis,Prophylactic vaccination against arthropod-borne viral encephalitis,http://fhir.hie.moh.gov.my/CodeSystem/procedure-code-my-core,CodeSystemProcedureCodeMyCore
99.54,Prophylactic vaccination against other arthropod-borne viral diseases,Prophylactic vaccination against other arthropod-borne viral diseases,http://fhir.hie.moh.gov.my/CodeSystem/procedure-code-my-core,CodeSystemProcedureCodeMyCore
99.55,Prophylactic administration of vaccine against other diseases,Prophylactic administration of vaccine against other diseases,http://fhir.hie.moh.gov.my/CodeSystem/procedure-code-my-core,CodeSystemProcedureCodeMyCore
99.56,Administration of tetanus antitoxin,Administration of tetanus antitoxin,http://fhir.hie.moh.gov.my/CodeSystem/procedure-code-my-core,CodeSystemProcedureCodeMyCore
99.57,Administration of botulism antitoxin,Administration of botulism antitoxin,http://fhir.hie.moh.gov.my/CodeSystem/procedure-code-my-core,CodeSystemProcedureCodeMyCore
99.58,Administration of other antitoxins,Administration of other antitoxins,http://fhir.hie.moh.gov.my/CodeSystem/procedure-code-my-core,CodeSystemProcedureCodeMyCore
99.59,Other vaccination and inoculation,Other vaccination and inoculation,http://fhir.hie.moh.gov.my/CodeSystem/procedure-code-my-core,CodeSystemProcedureCodeMyCore
99.61,Atrial cardioversion,Atrial cardioversion,http://fhir.hie.moh.gov.my/CodeSystem/procedure-code-my-core,CodeSystemProcedureCodeMyCore
99.62,Other electric countershock of heart,Other electric countershock of heart,http://fhir.hie.moh.gov.my/CodeSystem/procedure-code-my-core,CodeSystemProcedureCodeMyCore
99.63,Closed chest cardiac massage,Closed chest cardiac massage,http://fhir.hie.moh.gov.my/CodeSystem/procedure-code-my-core,CodeSystemProcedureCodeMyCore
99.64,Carotid sinus stimulation,Carotid sinus stimulation,http://fhir.hie.moh.gov.my/CodeSystem/procedure-code-my-core,CodeSystemProcedureCodeMyCore
99.69,Other conversion of cardiac rhythm,Other conversion of cardiac rhythm,http://fhir.hie.moh.gov.my/CodeSystem/procedure-code-my-core,CodeSystemProcedureCodeMyCore
99.71,Therapeutic plasmapheresis,Therapeutic plasmapheresis,http://fhir.hie.moh.gov.my/CodeSystem/procedure-code-my-core,CodeSystemProcedureCodeMyCore
99.72,Therapeutic leukopheresis,Therapeutic leukopheresis,http://fhir.hie.moh.gov.my/CodeSystem/procedure-code-my-core,CodeSystemProcedureCodeMyCore
99.73,Therapeutic erythrocytapheresis,Therapeutic erythrocytapheresis,http://fhir.hie.moh.gov.my/CodeSystem/procedure-code-my-core,CodeSystemProcedureCodeMyCore
99.74,Therapeutic plateletpheresis,Therapeutic plateletpheresis,http://fhir.hie.moh.gov.my/CodeSystem/procedure-code-my-core,CodeSystemProcedureCodeMyCore
99.75,Administration of neuroprotective agent,Administration of neuroprotective agent,http://fhir.hie.moh.gov.my/CodeSystem/procedure-code-my-core,CodeSystemProcedureCodeMyCore
99.76,Extracorporeal immunoadsorption,Extracorporeal immunoadsorption,http://fhir.hie.moh.gov.my/CodeSystem/procedure-code-my-core,CodeSystemProcedureCodeMyCore
99.77,Application or administration of adhesion barrier substance,Application or administration of adhesion barrier substance,http://fhir.hie.moh.gov.my/CodeSystem/procedure-code-my-core,CodeSystemProcedureCodeMyCore
99.78,Aquapheresis,Aquapheresis,http://fhir.hie.moh.gov.my/CodeSystem/procedure-code-my-core,CodeSystemProcedureCodeMyCore
99.79,"Other therapeutic apheresis or other injection, administration, or infusion of other therapeutic or prophylactic substance","Other therapeutic apheresis or other injection, administration, or infusion of other therapeutic or prophylactic substance",http://fhir.hie.moh.gov.my/CodeSystem/procedure-code-my-core,CodeSystemProcedureCodeMyCore
99.81,Hypothermia (central) (local),Hypothermia (central) (local),http://fhir.hie.moh.gov.my/CodeSystem/procedure-code-my-core,CodeSystemProcedureCodeMyCore
99.82,Ultraviolet light therapy,Ultraviolet light therapy,http://fhir.hie.moh.gov.my/CodeSystem/procedure-code-my-core,CodeSystemProcedureCodeMyCore
99.83,Other phototherapy,Other phototherapy,http://fhir.hie.moh.gov.my/CodeSystem/procedure-code-my-core,CodeSystemProcedureCodeMyCore
99.84,Isolation,Isolation,http://fhir.hie.moh.gov.my/CodeSystem/procedure-code-my-core,CodeSystemProcedureCodeMyCore
99.85,Hyperthermia for treatment of cancer,Hyperthermia for treatment of cancer,http://fhir.hie.moh.gov.my/CodeSystem/procedure-code-my-core,CodeSystemProcedureCodeMyCore
99.86,Non-invasive placement of bone growth stimulator,Non-invasive placement of bone growth stimulator,http://fhir.hie.moh.gov.my/CodeSystem/procedure-code-my-core,CodeSystemProcedureCodeMyCore
99.88,Therapeutic photopheresis,Therapeutic photopheresis,http://fhir.hie.moh.gov.my/CodeSystem/procedure-code-my-core,CodeSystemProcedureCodeMyCore
99.91,Acupuncture for anesthesia,Acupuncture for anesthesia,http://fhir.hie.moh.gov.my/CodeSystem/procedure-code-my-core,CodeSystemProcedureCodeMyCore
99.92,Other acupuncture,Other acupuncture,http://fhir.hie.moh.gov.my/CodeSystem/procedure-code-my-core,CodeSystemProcedureCodeMyCore
99.93,Rectal massage (for levator spasm),Rectal massage (for levator spasm),http://fhir.hie.moh.gov.my/CodeSystem/procedure-code-my-core,CodeSystemProcedureCodeMyCore
99.97,Fitting of denture,Fitting of denture,http://fhir.hie.moh.gov.my/CodeSystem/procedure-code-my-core,CodeSystemProcedureCodeMyCore
99.99,Other miscellaneous procedures,Other miscellaneous procedures,http://fhir.hie.moh.gov.my/CodeSystem/procedure-code-my-core,CodeSystemProcedureCodeMyCore
60.11,Closed [percutaneous] [needle] biopsy of prostate,Closed [percutaneous] [needle] biopsy of prostate,http://fhir.hie.moh.gov.my/CodeSystem/procedure-code-my-core,CodeSystemProcedureCodeMyCore
60.12,Open biopsy of prostate,Open biopsy of prostate,http://fhir.hie.moh.gov.my/CodeSystem/procedure-code-my-core,CodeSystemProcedureCodeMyCore
62.5,Orchiopexy,Orchiopexy,http://fhir.hie.moh.gov.my/CodeSystem/procedure-code-my-core,CodeSystemProcedureCodeMyCore
66.02,Salpingostomy,Salpingostomy,http://fhir.hie.moh.gov.my/CodeSystem/procedure-code-my-core,CodeSystemProcedureCodeMyCore
68.8,Pelvic evisceration,Pelvic evisceration,http://fhir.hie.moh.gov.my/CodeSystem/procedure-code-my-core,CodeSystemProcedureCodeMyCore
60.13,Closed [percutaneous] [needle] biopsy of seminal vesicles,Closed [percutaneous] [needle] biopsy of seminal vesicles,http://fhir.hie.moh.gov.my/CodeSystem/procedure-code-my-core,CodeSystemProcedureCodeMyCore
60.14,Open biopsy of seminal vesicles,Open biopsy of seminal vesicles,http://fhir.hie.moh.gov.my/CodeSystem/procedure-code-my-core,CodeSystemProcedureCodeMyCore
60.15,Biopsy of periprostatic tissue,Biopsy of periprostatic tissue,http://fhir.hie.moh.gov.my/CodeSystem/procedure-code-my-core,CodeSystemProcedureCodeMyCore
60.18,Other diagnostic procedures on prostate and periprostatic tissue,Other diagnostic procedures on prostate and periprostatic tissue,http://fhir.hie.moh.gov.my/CodeSystem/procedure-code-my-core,CodeSystemProcedureCodeMyCore
60.19,Other diagnostic procedures on seminal vesicles,Other diagnostic procedures on seminal vesicles,http://fhir.hie.moh.gov.my/CodeSystem/procedure-code-my-core,CodeSystemProcedureCodeMyCore
60.21,Transurethral (ultrasound) guided laser induced prostatectomy (TULIP),Transurethral (ultrasound) guided laser induced prostatectomy (TULIP),http://fhir.hie.moh.gov.my/CodeSystem/procedure-code-my-core,CodeSystemProcedureCodeMyCore
60.29,Other transurethral prostatectomy,Other transurethral prostatectomy,http://fhir.hie.moh.gov.my/CodeSystem/procedure-code-my-core,CodeSystemProcedureCodeMyCore
60.3,Suprapubic prostatectomy,Suprapubic prostatectomy,http://fhir.hie.moh.gov.my/CodeSystem/procedure-code-my-core,CodeSystemProcedureCodeMyCore
60.4,Retropubic prostatectomy,Retropubic prostatectomy,http://fhir.hie.moh.gov.my/CodeSystem/procedure-code-my-core,CodeSystemProcedureCodeMyCore
60.5,Radical prostatectomy,Radical prostatectomy,http://fhir.hie.moh.gov.my/CodeSystem/procedure-code-my-core,CodeSystemProcedureCodeMyCore
60.61,Local excision of lesion of prostate,Local excision of lesion of prostate,http://fhir.hie.moh.gov.my/CodeSystem/procedure-code-my-core,CodeSystemProcedureCodeMyCore
60.69,Other prostatectomy,Other prostatectomy,http://fhir.hie.moh.gov.my/CodeSystem/procedure-code-my-core,CodeSystemProcedureCodeMyCore
60.71,Percutaneous aspiration of seminal vesicles,Percutaneous aspiration of seminal vesicles,http://fhir.hie.moh.gov.my/CodeSystem/procedure-code-my-core,CodeSystemProcedureCodeMyCore
60.72,Incision of seminal vesicles,Incision of seminal vesicles,http://fhir.hie.moh.gov.my/CodeSystem/procedure-code-my-core,CodeSystemProcedureCodeMyCore
60.73,Excision of seminal vesicles,Excision of seminal vesicles,http://fhir.hie.moh.gov.my/CodeSystem/procedure-code-my-core,CodeSystemProcedureCodeMyCore
60.79,Other operations on seminal vesicles,Other operations on seminal vesicles,http://fhir.hie.moh.gov.my/CodeSystem/procedure-code-my-core,CodeSystemProcedureCodeMyCore
60.81,Incision of periprostatic tissue,Incision of periprostatic tissue,http://fhir.hie.moh.gov.my/CodeSystem/procedure-code-my-core,CodeSystemProcedureCodeMyCore
60.82,Excision of periprostatic tissue,Excision of periprostatic tissue,http://fhir.hie.moh.gov.my/CodeSystem/procedure-code-my-core,CodeSystemProcedureCodeMyCore
60.91,Percutaneous aspiration of prostate,Percutaneous aspiration of prostate,http://fhir.hie.moh.gov.my/CodeSystem/procedure-code-my-core,CodeSystemProcedureCodeMyCore
60.92,Injection into prostate test link,Injection into prostate test link,http://fhir.hie.moh.gov.my/CodeSystem/procedure-code-my-core,CodeSystemProcedureCodeMyCore
60.93,Repair of prostate,Repair of prostate,http://fhir.hie.moh.gov.my/CodeSystem/procedure-code-my-core,CodeSystemProcedureCodeMyCore
60.94,Control of (postoperative) hemorrhage of prostate,Control of (postoperative) hemorrhage of prostate,http://fhir.hie.moh.gov.my/CodeSystem/procedure-code-my-core,CodeSystemProcedureCodeMyCore
60.95,Transurethral balloon dilation of the prostatic urethra,Transurethral balloon dilation of the prostatic urethra,http://fhir.hie.moh.gov.my/CodeSystem/procedure-code-my-core,CodeSystemProcedureCodeMyCore
60.96,Transurethral destruction of prostate tissue by microwave thermotherapy,Transurethral destruction of prostate tissue by microwave thermotherapy,http://fhir.hie.moh.gov.my/CodeSystem/procedure-code-my-core,CodeSystemProcedureCodeMyCore
60.97,Other transurethral destruction of prostate tissue by other thermotherapy,Other transurethral destruction of prostate tissue by other thermotherapy,http://fhir.hie.moh.gov.my/CodeSystem/procedure-code-my-core,CodeSystemProcedureCodeMyCore
60.99,Other operations on prostate,Other operations on prostate,http://fhir.hie.moh.gov.my/CodeSystem/procedure-code-my-core,CodeSystemProcedureCodeMyCore
61.11,Biopsy of scrotum or tunica vaginalis,Biopsy of scrotum or tunica vaginalis,http://fhir.hie.moh.gov.my/CodeSystem/procedure-code-my-core,CodeSystemProcedureCodeMyCore
61.19,Other diagnostic procedures on scrotum and tunica vaginalis,Other diagnostic procedures on scrotum and tunica vaginalis,http://fhir.hie.moh.gov.my/CodeSystem/procedure-code-my-core,CodeSystemProcedureCodeMyCore
61.2,Excision of hydrocele (of tunica vaginalis),Excision of hydrocele (of tunica vaginalis),http://fhir.hie.moh.gov.my/CodeSystem/procedure-code-my-core,CodeSystemProcedureCodeMyCore
61.3,Excision or destruction of lesion or tissue of scrotum,Excision or destruction of lesion or tissue of scrotum,http://fhir.hie.moh.gov.my/CodeSystem/procedure-code-my-core,CodeSystemProcedureCodeMyCore
61.41,Suture of laceration of scrotum and tunica vaginalis,Suture of laceration of scrotum and tunica vaginalis,http://fhir.hie.moh.gov.my/CodeSystem/procedure-code-my-core,CodeSystemProcedureCodeMyCore
61.42,Repair of scrotal fistula,Repair of scrotal fistula,http://fhir.hie.moh.gov.my/CodeSystem/procedure-code-my-core,CodeSystemProcedureCodeMyCore
61.49,Other repair of scrotum and tunica vaginalis,Other repair of scrotum and tunica vaginalis,http://fhir.hie.moh.gov.my/CodeSystem/procedure-code-my-core,CodeSystemProcedureCodeMyCore
61.91,Percutaneous aspiration of tunica vaginalis,Percutaneous aspiration of tunica vaginalis,http://fhir.hie.moh.gov.my/CodeSystem/procedure-code-my-core,CodeSystemProcedureCodeMyCore
61.92,Excision of lesion of tunica vaginalis other than hydrocele,Excision of lesion of tunica vaginalis other than hydrocele,http://fhir.hie.moh.gov.my/CodeSystem/procedure-code-my-core,CodeSystemProcedureCodeMyCore
61.99,Other operations on scrotum and tunica vaginalis,Other operations on scrotum and tunica vaginalis,http://fhir.hie.moh.gov.my/CodeSystem/procedure-code-my-core,CodeSystemProcedureCodeMyCore
62.11,Closed [percutaneous] [needle] biopsy of testis,Closed [percutaneous] [needle] biopsy of testis,http://fhir.hie.moh.gov.my/CodeSystem/procedure-code-my-core,CodeSystemProcedureCodeMyCore
62.12,Open biopsy of testis,Open biopsy of testis,http://fhir.hie.moh.gov.my/CodeSystem/procedure-code-my-core,CodeSystemProcedureCodeMyCore
62.19,Other diagnostic procedures on testes,Other diagnostic procedures on testes,http://fhir.hie.moh.gov.my/CodeSystem/procedure-code-my-core,CodeSystemProcedureCodeMyCore
62.2,Excision or destruction of testicular lesion,Excision or destruction of testicular lesion,http://fhir.hie.moh.gov.my/CodeSystem/procedure-code-my-core,CodeSystemProcedureCodeMyCore
62.3,Unilateral orchiectomy,Unilateral orchiectomy,http://fhir.hie.moh.gov.my/CodeSystem/procedure-code-my-core,CodeSystemProcedureCodeMyCore
62.41,Removal of both testes at same operative episode,Removal of both testes at same operative episode,http://fhir.hie.moh.gov.my/CodeSystem/procedure-code-my-core,CodeSystemProcedureCodeMyCore
62.42,Removal of remaining testis,Removal of remaining testis,http://fhir.hie.moh.gov.my/CodeSystem/procedure-code-my-core,CodeSystemProcedureCodeMyCore
62.61,Suture of laceration of testis,Suture of laceration of testis,http://fhir.hie.moh.gov.my/CodeSystem/procedure-code-my-core,CodeSystemProcedureCodeMyCore
62.69,Other repair of testis,Other repair of testis,http://fhir.hie.moh.gov.my/CodeSystem/procedure-code-my-core,CodeSystemProcedureCodeMyCore
62.7,Insertion of testicular prosthesis,Insertion of testicular prosthesis,http://fhir.hie.moh.gov.my/CodeSystem/procedure-code-my-core,CodeSystemProcedureCodeMyCore
62.91,Aspiration of testis,Aspiration of testis,http://fhir.hie.moh.gov.my/CodeSystem/procedure-code-my-core,CodeSystemProcedureCodeMyCore
62.92,Injection of therapeutic substance into testis,Injection of therapeutic substance into testis,http://fhir.hie.moh.gov.my/CodeSystem/procedure-code-my-core,CodeSystemProcedureCodeMyCore
62.99,Other operations on testes,Other operations on testes,http://fhir.hie.moh.gov.my/CodeSystem/procedure-code-my-core,CodeSystemProcedureCodeMyCore
63.01,"Biopsy of spermatic cord, epididymis, or vas deferens","Biopsy of spermatic cord, epididymis, or vas deferens",http://fhir.hie.moh.gov.my/CodeSystem/procedure-code-my-core,CodeSystemProcedureCodeMyCore
63.09,"Other diagnostic procedures on spermatic cord, epididymis, and vas deferens","Other diagnostic procedures on spermatic cord, epididymis, and vas deferens",http://fhir.hie.moh.gov.my/CodeSystem/procedure-code-my-core,CodeSystemProcedureCodeMyCore
63.1,Excision of varicocele and hydrocele of spermatic cord,Excision of varicocele and hydrocele of spermatic cord,http://fhir.hie.moh.gov.my/CodeSystem/procedure-code-my-core,CodeSystemProcedureCodeMyCore
63.2,Excision of cyst of epididymis,Excision of cyst of epididymis,http://fhir.hie.moh.gov.my/CodeSystem/procedure-code-my-core,CodeSystemProcedureCodeMyCore
63.3,Excision of other lesion or tissue of spermatic cord and epididymis,Excision of other lesion or tissue of spermatic cord and epididymis,http://fhir.hie.moh.gov.my/CodeSystem/procedure-code-my-core,CodeSystemProcedureCodeMyCore
63.4,Epididymectomy,Epididymectomy,http://fhir.hie.moh.gov.my/CodeSystem/procedure-code-my-core,CodeSystemProcedureCodeMyCore
63.51,Suture of laceration of spermatic cord and epididymis,Suture of laceration of spermatic cord and epididymis,http://fhir.hie.moh.gov.my/CodeSystem/procedure-code-my-core,CodeSystemProcedureCodeMyCore
63.52,Reduction of torsion of testis or spermatic cord,Reduction of torsion of testis or spermatic cord,http://fhir.hie.moh.gov.my/CodeSystem/procedure-code-my-core,CodeSystemProcedureCodeMyCore
63.53,Transplantation of spermatic cord,Transplantation of spermatic cord,http://fhir.hie.moh.gov.my/CodeSystem/procedure-code-my-core,CodeSystemProcedureCodeMyCore
63.59,Other repair of spermatic cord and epididymis,Other repair of spermatic cord and epididymis,http://fhir.hie.moh.gov.my/CodeSystem/procedure-code-my-core,CodeSystemProcedureCodeMyCore
63.6,Vasotomy,Vasotomy,http://fhir.hie.moh.gov.my/CodeSystem/procedure-code-my-core,CodeSystemProcedureCodeMyCore
63.71,Ligation of vas deferens,Ligation of vas deferens,http://fhir.hie.moh.gov.my/CodeSystem/procedure-code-my-core,CodeSystemProcedureCodeMyCore
63.72,Ligation of spermatic cord,Ligation of spermatic cord,http://fhir.hie.moh.gov.my/CodeSystem/procedure-code-my-core,CodeSystemProcedureCodeMyCore
63.73,Vasectomy,Vasectomy,http://fhir.hie.moh.gov.my/CodeSystem/procedure-code-my-core,CodeSystemProcedureCodeMyCore
63.81,Suture of laceration of vas deferens and epididymis,Suture of laceration of vas deferens and epididymis,http://fhir.hie.moh.gov.my/CodeSystem/procedure-code-my-core,CodeSystemProcedureCodeMyCore
63.82,Reconstruction of surgically divided vas deferens,Reconstruction of surgically divided vas deferens,http://fhir.hie.moh.gov.my/CodeSystem/procedure-code-my-core,CodeSystemProcedureCodeMyCore
63.83,Epididymovasostomy,Epididymovasostomy,http://fhir.hie.moh.gov.my/CodeSystem/procedure-code-my-core,CodeSystemProcedureCodeMyCore
63.84,Removal of ligature from vas deferens,Removal of ligature from vas deferens,http://fhir.hie.moh.gov.my/CodeSystem/procedure-code-my-core,CodeSystemProcedureCodeMyCore
63.85,Removal of valve from vas deferens,Removal of valve from vas deferens,http://fhir.hie.moh.gov.my/CodeSystem/procedure-code-my-core,CodeSystemProcedureCodeMyCore
63.89,Other repair of vas deferens and epididymis,Other repair of vas deferens and epididymis,http://fhir.hie.moh.gov.my/CodeSystem/procedure-code-my-core,CodeSystemProcedureCodeMyCore
63.91,Aspiration of spermatocele,Aspiration of spermatocele,http://fhir.hie.moh.gov.my/CodeSystem/procedure-code-my-core,CodeSystemProcedureCodeMyCore
63.92,Epididymotomy,Epididymotomy,http://fhir.hie.moh.gov.my/CodeSystem/procedure-code-my-core,CodeSystemProcedureCodeMyCore
63.93,Incision of spermatic cord,Incision of spermatic cord,http://fhir.hie.moh.gov.my/CodeSystem/procedure-code-my-core,CodeSystemProcedureCodeMyCore
63.94,Lysis of adhesions of spermatic cord,Lysis of adhesions of spermatic cord,http://fhir.hie.moh.gov.my/CodeSystem/procedure-code-my-core,CodeSystemProcedureCodeMyCore
63.95,Insertion of valve in vas deferens,Insertion of valve in vas deferens,http://fhir.hie.moh.gov.my/CodeSystem/procedure-code-my-core,CodeSystemProcedureCodeMyCore
63.99,"Other operations on spermatic cord, epididymis, and vas deferens","Other operations on spermatic cord, epididymis, and vas deferens",http://fhir.hie.moh.gov.my/CodeSystem/procedure-code-my-core,CodeSystemProcedureCodeMyCore
64.11,Biopsy of penis,Biopsy of penis,http://fhir.hie.moh.gov.my/CodeSystem/procedure-code-my-core,CodeSystemProcedureCodeMyCore
64.19,Other diagnostic procedures on penis,Other diagnostic procedures on penis,http://fhir.hie.moh.gov.my/CodeSystem/procedure-code-my-core,CodeSystemProcedureCodeMyCore
64.2,Local excision or destruction of lesion of penis,Local excision or destruction of lesion of penis,http://fhir.hie.moh.gov.my/CodeSystem/procedure-code-my-core,CodeSystemProcedureCodeMyCore
64.3,Amputation of penis,Amputation of penis,http://fhir.hie.moh.gov.my/CodeSystem/procedure-code-my-core,CodeSystemProcedureCodeMyCore
64.41,Suture of laceration of penis,Suture of laceration of penis,http://fhir.hie.moh.gov.my/CodeSystem/procedure-code-my-core,CodeSystemProcedureCodeMyCore
64.42,Release of chordee,Release of chordee,http://fhir.hie.moh.gov.my/CodeSystem/procedure-code-my-core,CodeSystemProcedureCodeMyCore
64.43,Construction of penis,Construction of penis,http://fhir.hie.moh.gov.my/CodeSystem/procedure-code-my-core,CodeSystemProcedureCodeMyCore
64.44,Reconstruction of penis,Reconstruction of penis,http://fhir.hie.moh.gov.my/CodeSystem/procedure-code-my-core,CodeSystemProcedureCodeMyCore
64.45,Replantation of penis,Replantation of penis,http://fhir.hie.moh.gov.my/CodeSystem/procedure-code-my-core,CodeSystemProcedureCodeMyCore
64.49,Other repair of penis,Other repair of penis,http://fhir.hie.moh.gov.my/CodeSystem/procedure-code-my-core,CodeSystemProcedureCodeMyCore
64.5,"Operations for sex transformation, not elsewhere classified","Operations for sex transformation, not elsewhere classified",http://fhir.hie.moh.gov.my/CodeSystem/procedure-code-my-core,CodeSystemProcedureCodeMyCore
64.91,Dorsal or lateral slit of prepuce,Dorsal or lateral slit of prepuce,http://fhir.hie.moh.gov.my/CodeSystem/procedure-code-my-core,CodeSystemProcedureCodeMyCore
64.92,Incision of penis,Incision of penis,http://fhir.hie.moh.gov.my/CodeSystem/procedure-code-my-core,CodeSystemProcedureCodeMyCore
64.93,Division of penile adhesions,Division of penile adhesions,http://fhir.hie.moh.gov.my/CodeSystem/procedure-code-my-core,CodeSystemProcedureCodeMyCore
64.94,Fitting of external prosthesis of penis,Fitting of external prosthesis of penis,http://fhir.hie.moh.gov.my/CodeSystem/procedure-code-my-core,CodeSystemProcedureCodeMyCore
64.95,Insertion or replacement of non-inflatable penile prosthesis,Insertion or replacement of non-inflatable penile prosthesis,http://fhir.hie.moh.gov.my/CodeSystem/procedure-code-my-core,CodeSystemProcedureCodeMyCore
64.96,Removal of internal prosthesis of penis,Removal of internal prosthesis of penis,http://fhir.hie.moh.gov.my/CodeSystem/procedure-code-my-core,CodeSystemProcedureCodeMyCore
64.97,Insertion or replacement of inflatable penile prosthesis,Insertion or replacement of inflatable penile prosthesis,http://fhir.hie.moh.gov.my/CodeSystem/procedure-code-my-core,CodeSystemProcedureCodeMyCore
64.98,Other operations on penis,Other operations on penis,http://fhir.hie.moh.gov.my/CodeSystem/procedure-code-my-core,CodeSystemProcedureCodeMyCore
64.99,Other operations on male genital organs,Other operations on male genital organs,http://fhir.hie.moh.gov.my/CodeSystem/procedure-code-my-core,CodeSystemProcedureCodeMyCore
87.91,Contrast seminal vesiculogram,Contrast seminal vesiculogram,http://fhir.hie.moh.gov.my/CodeSystem/procedure-code-my-core,CodeSystemProcedureCodeMyCore
87.92,Other x-ray of prostate and seminal vesicles,Other x-ray of prostate and seminal vesicles,http://fhir.hie.moh.gov.my/CodeSystem/procedure-code-my-core,CodeSystemProcedureCodeMyCore
87.93,Contrast epididymogram,Contrast epididymogram,http://fhir.hie.moh.gov.my/CodeSystem/procedure-code-my-core,CodeSystemProcedureCodeMyCore
87.94,Contrast vasogram,Contrast vasogram,http://fhir.hie.moh.gov.my/CodeSystem/procedure-code-my-core,CodeSystemProcedureCodeMyCore
87.95,Other x-ray of epididymis and vas deferens,Other x-ray of epididymis and vas deferens,http://fhir.hie.moh.gov.my/CodeSystem/procedure-code-my-core,CodeSystemProcedureCodeMyCore
87.99,Other x-ray of male genital organs,Other x-ray of male genital organs,http://fhir.hie.moh.gov.my/CodeSystem/procedure-code-my-core,CodeSystemProcedureCodeMyCore
98.24,Removal of foreign body from scrotum or penis without incisions,Removal of foreign body from scrotum or penis without incisions,http://fhir.hie.moh.gov.my/CodeSystem/procedure-code-my-core,CodeSystemProcedureCodeMyCore
99.94,Prostatic massage,Prostatic massage,http://fhir.hie.moh.gov.my/CodeSystem/procedure-code-my-core,CodeSystemProcedureCodeMyCore
99.95,Stretching of foreskin,Stretching of foreskin,http://fhir.hie.moh.gov.my/CodeSystem/procedure-code-my-core,CodeSystemProcedureCodeMyCore
99.96,Collection of sperm for artificial insemination,Collection of sperm for artificial insemination,http://fhir.hie.moh.gov.my/CodeSystem/procedure-code-my-core,CodeSystemProcedureCodeMyCore
65.01,Laparoscopic oophorotomy,Laparoscopic oophorotomy,http://fhir.hie.moh.gov.my/CodeSystem/procedure-code-my-core,CodeSystemProcedureCodeMyCore
65.09,Other oophorotomy,Other oophorotomy,http://fhir.hie.moh.gov.my/CodeSystem/procedure-code-my-core,CodeSystemProcedureCodeMyCore
65.11,Aspiration biopsy of ovary,Aspiration biopsy of ovary,http://fhir.hie.moh.gov.my/CodeSystem/procedure-code-my-core,CodeSystemProcedureCodeMyCore
65.12,Other biopsy of ovary,Other biopsy of ovary,http://fhir.hie.moh.gov.my/CodeSystem/procedure-code-my-core,CodeSystemProcedureCodeMyCore
65.13,Laparoscopic biopsy of ovary,Laparoscopic biopsy of ovary,http://fhir.hie.moh.gov.my/CodeSystem/procedure-code-my-core,CodeSystemProcedureCodeMyCore
65.14,Other laparoscopic diagnostic procedures on ovaries,Other laparoscopic diagnostic procedures on ovaries,http://fhir.hie.moh.gov.my/CodeSystem/procedure-code-my-core,CodeSystemProcedureCodeMyCore
65.19,Other diagnostic procedures on ovaries,Other diagnostic procedures on ovaries,http://fhir.hie.moh.gov.my/CodeSystem/procedure-code-my-core,CodeSystemProcedureCodeMyCore
65.21,Marsupialization of ovarian cyst,Marsupialization of ovarian cyst,http://fhir.hie.moh.gov.my/CodeSystem/procedure-code-my-core,CodeSystemProcedureCodeMyCore
65.22,Wedge resection of ovary,Wedge resection of ovary,http://fhir.hie.moh.gov.my/CodeSystem/procedure-code-my-core,CodeSystemProcedureCodeMyCore
65.23,Laparoscopic marsupialization of ovarian cyst,Laparoscopic marsupialization of ovarian cyst,http://fhir.hie.moh.gov.my/CodeSystem/procedure-code-my-core,CodeSystemProcedureCodeMyCore
65.24,Laparoscopic wedge resection of ovary,Laparoscopic wedge resection of ovary,http://fhir.hie.moh.gov.my/CodeSystem/procedure-code-my-core,CodeSystemProcedureCodeMyCore
65.25,Other laparoscopic local excision or destruction of ovary,Other laparoscopic local excision or destruction of ovary,http://fhir.hie.moh.gov.my/CodeSystem/procedure-code-my-core,CodeSystemProcedureCodeMyCore
65.29,Other local excision or destruction of ovary,Other local excision or destruction of ovary,http://fhir.hie.moh.gov.my/CodeSystem/procedure-code-my-core,CodeSystemProcedureCodeMyCore
65.31,Laparoscopic unilateral oophorectomy,Laparoscopic unilateral oophorectomy,http://fhir.hie.moh.gov.my/CodeSystem/procedure-code-my-core,CodeSystemProcedureCodeMyCore
65.39,Other unilateral oophorectomy,Other unilateral oophorectomy,http://fhir.hie.moh.gov.my/CodeSystem/procedure-code-my-core,CodeSystemProcedureCodeMyCore
65.41,Laparoscopic unilateral salpingo-oophorectomy,Laparoscopic unilateral salpingo-oophorectomy,http://fhir.hie.moh.gov.my/CodeSystem/procedure-code-my-core,CodeSystemProcedureCodeMyCore
65.49,Other unilateral salpingo-oophorectomy,Other unilateral salpingo-oophorectomy,http://fhir.hie.moh.gov.my/CodeSystem/procedure-code-my-core,CodeSystemProcedureCodeMyCore
65.51,Other removal of both ovaries at same operative episode,Other removal of both ovaries at same operative episode,http://fhir.hie.moh.gov.my/CodeSystem/procedure-code-my-core,CodeSystemProcedureCodeMyCore
65.52,Other removal of remaining ovary,Other removal of remaining ovary,http://fhir.hie.moh.gov.my/CodeSystem/procedure-code-my-core,CodeSystemProcedureCodeMyCore
65.53,Laparoscopic removal of both ovaries at same operative episode,Laparoscopic removal of both ovaries at same operative episode,http://fhir.hie.moh.gov.my/CodeSystem/procedure-code-my-core,CodeSystemProcedureCodeMyCore
65.54,Laparoscopic removal of remaining ovary,Laparoscopic removal of remaining ovary,http://fhir.hie.moh.gov.my/CodeSystem/procedure-code-my-core,CodeSystemProcedureCodeMyCore
65.61,Other removal of both ovaries and tubes at same operative episode,Other removal of both ovaries and tubes at same operative episode,http://fhir.hie.moh.gov.my/CodeSystem/procedure-code-my-core,CodeSystemProcedureCodeMyCore
65.62,Other removal of remaining ovary and tube,Other removal of remaining ovary and tube,http://fhir.hie.moh.gov.my/CodeSystem/procedure-code-my-core,CodeSystemProcedureCodeMyCore
65.63,Laparoscopic removal of both ovaries and tubes at same operative episode,Laparoscopic removal of both ovaries and tubes at same operative episode,http://fhir.hie.moh.gov.my/CodeSystem/procedure-code-my-core,CodeSystemProcedureCodeMyCore
65.64,Laparoscopic removal of remaining ovary and tube,Laparoscopic removal of remaining ovary and tube,http://fhir.hie.moh.gov.my/CodeSystem/procedure-code-my-core,CodeSystemProcedureCodeMyCore
65.71,Other simple suture of ovary,Other simple suture of ovary,http://fhir.hie.moh.gov.my/CodeSystem/procedure-code-my-core,CodeSystemProcedureCodeMyCore
65.72,Other reimplantation of ovary,Other reimplantation of ovary,http://fhir.hie.moh.gov.my/CodeSystem/procedure-code-my-core,CodeSystemProcedureCodeMyCore
65.73,Other salpingo-oophoroplasty,Other salpingo-oophoroplasty,http://fhir.hie.moh.gov.my/CodeSystem/procedure-code-my-core,CodeSystemProcedureCodeMyCore
65.74,Laparoscopic simple suture of ovary,Laparoscopic simple suture of ovary,http://fhir.hie.moh.gov.my/CodeSystem/procedure-code-my-core,CodeSystemProcedureCodeMyCore
65.75,Laparoscopic reimplantation of ovary,Laparoscopic reimplantation of ovary,http://fhir.hie.moh.gov.my/CodeSystem/procedure-code-my-core,CodeSystemProcedureCodeMyCore
65.76,Laparoscopic salpingo-oophoroplasty,Laparoscopic salpingo-oophoroplasty,http://fhir.hie.moh.gov.my/CodeSystem/procedure-code-my-core,CodeSystemProcedureCodeMyCore
65.79,Other repair of ovary,Other repair of ovary,http://fhir.hie.moh.gov.my/CodeSystem/procedure-code-my-core,CodeSystemProcedureCodeMyCore
65.81,Laparoscopic lysis of adhesions of ovary and fallopian tube,Laparoscopic lysis of adhesions of ovary and fallopian tube,http://fhir.hie.moh.gov.my/CodeSystem/procedure-code-my-core,CodeSystemProcedureCodeMyCore
65.89,Other lysis of adhesions of ovary and fallopian tube,Other lysis of adhesions of ovary and fallopian tube,http://fhir.hie.moh.gov.my/CodeSystem/procedure-code-my-core,CodeSystemProcedureCodeMyCore
65.91,Aspiration of ovary,Aspiration of ovary,http://fhir.hie.moh.gov.my/CodeSystem/procedure-code-my-core,CodeSystemProcedureCodeMyCore
65.92,Transplantation of ovary,Transplantation of ovary,http://fhir.hie.moh.gov.my/CodeSystem/procedure-code-my-core,CodeSystemProcedureCodeMyCore
65.93,Manual rupture of ovarian cyst,Manual rupture of ovarian cyst,http://fhir.hie.moh.gov.my/CodeSystem/procedure-code-my-core,CodeSystemProcedureCodeMyCore
65.94,Ovarian denervation,Ovarian denervation,http://fhir.hie.moh.gov.my/CodeSystem/procedure-code-my-core,CodeSystemProcedureCodeMyCore
65.95,Release of torsion of ovary,Release of torsion of ovary,http://fhir.hie.moh.gov.my/CodeSystem/procedure-code-my-core,CodeSystemProcedureCodeMyCore
65.99,Other operations on ovary,Other operations on ovary,http://fhir.hie.moh.gov.my/CodeSystem/procedure-code-my-core,CodeSystemProcedureCodeMyCore
66.01,Salpingotomy,Salpingotomy,http://fhir.hie.moh.gov.my/CodeSystem/procedure-code-my-core,CodeSystemProcedureCodeMyCore
66.11,Biopsy of fallopian tubes,Biopsy of fallopian tubes,http://fhir.hie.moh.gov.my/CodeSystem/procedure-code-my-core,CodeSystemProcedureCodeMyCore
66.19,Other diagnostic procedures on fallopian tubes,Other diagnostic procedures on fallopian tubes,http://fhir.hie.moh.gov.my/CodeSystem/procedure-code-my-core,CodeSystemProcedureCodeMyCore
66.21,Bilateral endoscopic ligation and crushing of fallopian tubes,Bilateral endoscopic ligation and crushing of fallopian tubes,http://fhir.hie.moh.gov.my/CodeSystem/procedure-code-my-core,CodeSystemProcedureCodeMyCore
66.22,Bilateral endoscopic ligation and division of fallopian tubes,Bilateral endoscopic ligation and division of fallopian tubes,http://fhir.hie.moh.gov.my/CodeSystem/procedure-code-my-core,CodeSystemProcedureCodeMyCore
66.29,Other bilateral endoscopic destruction or occlusion of fallopian tubes,Other bilateral endoscopic destruction or occlusion of fallopian tubes,http://fhir.hie.moh.gov.my/CodeSystem/procedure-code-my-core,CodeSystemProcedureCodeMyCore
66.31,Other bilateral ligation and crushing of fallopian tubes,Other bilateral ligation and crushing of fallopian tubes,http://fhir.hie.moh.gov.my/CodeSystem/procedure-code-my-core,CodeSystemProcedureCodeMyCore
66.32,Other bilateral ligation and division of fallopian tubes,Other bilateral ligation and division of fallopian tubes,http://fhir.hie.moh.gov.my/CodeSystem/procedure-code-my-core,CodeSystemProcedureCodeMyCore
66.39,Other bilateral destruction or occlusion of fallopian tubes,Other bilateral destruction or occlusion of fallopian tubes,http://fhir.hie.moh.gov.my/CodeSystem/procedure-code-my-core,CodeSystemProcedureCodeMyCore
66.4,Total unilateral salpingectomy,Total unilateral salpingectomy,http://fhir.hie.moh.gov.my/CodeSystem/procedure-code-my-core,CodeSystemProcedureCodeMyCore
66.51,Removal of both fallopian tubes at same operative episodes,Removal of both fallopian tubes at same operative episodes,http://fhir.hie.moh.gov.my/CodeSystem/procedure-code-my-core,CodeSystemProcedureCodeMyCore
66.52,Removal of remaining fallopian tube,Removal of remaining fallopian tube,http://fhir.hie.moh.gov.my/CodeSystem/procedure-code-my-core,CodeSystemProcedureCodeMyCore
66.61,Excision or destruction of lesion of fallopian tube,Excision or destruction of lesion of fallopian tube,http://fhir.hie.moh.gov.my/CodeSystem/procedure-code-my-core,CodeSystemProcedureCodeMyCore
66.62,Salpingectomy with removal of tubal pregnancy,Salpingectomy with removal of tubal pregnancy,http://fhir.hie.moh.gov.my/CodeSystem/procedure-code-my-core,CodeSystemProcedureCodeMyCore
66.63,"Bilateral partial salpingectomy, not otherwise specified","Bilateral partial salpingectomy, not otherwise specified",http://fhir.hie.moh.gov.my/CodeSystem/procedure-code-my-core,CodeSystemProcedureCodeMyCore
66.69,Other partial salpingectomy,Other partial salpingectomy,http://fhir.hie.moh.gov.my/CodeSystem/procedure-code-my-core,CodeSystemProcedureCodeMyCore
66.71,Simple suture of fallopian tube,Simple suture of fallopian tube,http://fhir.hie.moh.gov.my/CodeSystem/procedure-code-my-core,CodeSystemProcedureCodeMyCore
66.72,Salpingo-oophorostomy,Salpingo-oophorostomy,http://fhir.hie.moh.gov.my/CodeSystem/procedure-code-my-core,CodeSystemProcedureCodeMyCore
66.73,Salpingo-salpingostomy,Salpingo-salpingostomy,http://fhir.hie.moh.gov.my/CodeSystem/procedure-code-my-core,CodeSystemProcedureCodeMyCore
66.74,Salpingo-uterostomy,Salpingo-uterostomy,http://fhir.hie.moh.gov.my/CodeSystem/procedure-code-my-core,CodeSystemProcedureCodeMyCore
66.79,Other repair of fallopian tube,Other repair of fallopian tube,http://fhir.hie.moh.gov.my/CodeSystem/procedure-code-my-core,CodeSystemProcedureCodeMyCore
66.8,Insufflation of fallopian tube,Insufflation of fallopian tube,http://fhir.hie.moh.gov.my/CodeSystem/procedure-code-my-core,CodeSystemProcedureCodeMyCore
66.91,Aspiration of fallopian tube,Aspiration of fallopian tube,http://fhir.hie.moh.gov.my/CodeSystem/procedure-code-my-core,CodeSystemProcedureCodeMyCore
66.92,Unilateral destruction or occlusion of fallopian tube,Unilateral destruction or occlusion of fallopian tube,http://fhir.hie.moh.gov.my/CodeSystem/procedure-code-my-core,CodeSystemProcedureCodeMyCore
66.93,Implantation or replacement of prosthesis of fallopian tube,Implantation or replacement of prosthesis of fallopian tube,http://fhir.hie.moh.gov.my/CodeSystem/procedure-code-my-core,CodeSystemProcedureCodeMyCore
66.94,Removal of prosthesis of fallopian tube,Removal of prosthesis of fallopian tube,http://fhir.hie.moh.gov.my/CodeSystem/procedure-code-my-core,CodeSystemProcedureCodeMyCore
66.95,Insufflation of therapeutic agent into fallopian tubes,Insufflation of therapeutic agent into fallopian tubes,http://fhir.hie.moh.gov.my/CodeSystem/procedure-code-my-core,CodeSystemProcedureCodeMyCore
66.96,Dilation of fallopian tube,Dilation of fallopian tube,http://fhir.hie.moh.gov.my/CodeSystem/procedure-code-my-core,CodeSystemProcedureCodeMyCore
66.97,Burying of fimbriae in uterine wall,Burying of fimbriae in uterine wall,http://fhir.hie.moh.gov.my/CodeSystem/procedure-code-my-core,CodeSystemProcedureCodeMyCore
66.99,Other operations on fallopian tubes,Other operations on fallopian tubes,http://fhir.hie.moh.gov.my/CodeSystem/procedure-code-my-core,CodeSystemProcedureCodeMyCore
67.11,Endocervical biopsy,Endocervical biopsy,http://fhir.hie.moh.gov.my/CodeSystem/procedure-code-my-core,CodeSystemProcedureCodeMyCore
67.12,Other cervical biopsy,Other cervical biopsy,http://fhir.hie.moh.gov.my/CodeSystem/procedure-code-my-core,CodeSystemProcedureCodeMyCore
67.19,Other diagnostic procedures on cervix,Other diagnostic procedures on cervix,http://fhir.hie.moh.gov.my/CodeSystem/procedure-code-my-core,CodeSystemProcedureCodeMyCore
67.2,Conization of cervix,Conization of cervix,http://fhir.hie.moh.gov.my/CodeSystem/procedure-code-my-core,CodeSystemProcedureCodeMyCore
67.31,Marsupialization of cervical cyst,Marsupialization of cervical cyst,http://fhir.hie.moh.gov.my/CodeSystem/procedure-code-my-core,CodeSystemProcedureCodeMyCore
67.32,Destruction of lesion of cervix by cauterization,Destruction of lesion of cervix by cauterization,http://fhir.hie.moh.gov.my/CodeSystem/procedure-code-my-core,CodeSystemProcedureCodeMyCore
67.33,Destruction of lesion of cervix by cryosurgery,Destruction of lesion of cervix by cryosurgery,http://fhir.hie.moh.gov.my/CodeSystem/procedure-code-my-core,CodeSystemProcedureCodeMyCore
67.39,Other excision or destruction of lesion or tissue of cervix,Other excision or destruction of lesion or tissue of cervix,http://fhir.hie.moh.gov.my/CodeSystem/procedure-code-my-core,CodeSystemProcedureCodeMyCore
67.4,Amputation of cervix,Amputation of cervix,http://fhir.hie.moh.gov.my/CodeSystem/procedure-code-my-core,CodeSystemProcedureCodeMyCore
67.51,Transabdominal cerclage of cervix,Transabdominal cerclage of cervix,http://fhir.hie.moh.gov.my/CodeSystem/procedure-code-my-core,CodeSystemProcedureCodeMyCore
67.59,Other repair of internal cervical os,Other repair of internal cervical os,http://fhir.hie.moh.gov.my/CodeSystem/procedure-code-my-core,CodeSystemProcedureCodeMyCore
67.61,Suture of laceration of cervix,Suture of laceration of cervix,http://fhir.hie.moh.gov.my/CodeSystem/procedure-code-my-core,CodeSystemProcedureCodeMyCore
67.62,Repair of fistula of cervix,Repair of fistula of cervix,http://fhir.hie.moh.gov.my/CodeSystem/procedure-code-my-core,CodeSystemProcedureCodeMyCore
67.69,Other repair of cervix,Other repair of cervix,http://fhir.hie.moh.gov.my/CodeSystem/procedure-code-my-core,CodeSystemProcedureCodeMyCore
68.11,Digital examination of uterus,Digital examination of uterus,http://fhir.hie.moh.gov.my/CodeSystem/procedure-code-my-core,CodeSystemProcedureCodeMyCore
68.12,Hysteroscopy,Hysteroscopy,http://fhir.hie.moh.gov.my/CodeSystem/procedure-code-my-core,CodeSystemProcedureCodeMyCore
68.13,Open biopsy of uterus,Open biopsy of uterus,http://fhir.hie.moh.gov.my/CodeSystem/procedure-code-my-core,CodeSystemProcedureCodeMyCore
68.14,Open biopsy of uterine ligaments,Open biopsy of uterine ligaments,http://fhir.hie.moh.gov.my/CodeSystem/procedure-code-my-core,CodeSystemProcedureCodeMyCore
68.15,Closed biopsy of uterine ligaments,Closed biopsy of uterine ligaments,http://fhir.hie.moh.gov.my/CodeSystem/procedure-code-my-core,CodeSystemProcedureCodeMyCore
68.16,Closed biopsy of uterus,Closed biopsy of uterus,http://fhir.hie.moh.gov.my/CodeSystem/procedure-code-my-core,CodeSystemProcedureCodeMyCore
68.19,Other diagnostic procedures on uterus and supporting structures,Other diagnostic procedures on uterus and supporting structures,http://fhir.hie.moh.gov.my/CodeSystem/procedure-code-my-core,CodeSystemProcedureCodeMyCore
68.21,Division of endometrial synechiae,Division of endometrial synechiae,http://fhir.hie.moh.gov.my/CodeSystem/procedure-code-my-core,CodeSystemProcedureCodeMyCore
68.22,Incision or excision of congenital septum of uterus,Incision or excision of congenital septum of uterus,http://fhir.hie.moh.gov.my/CodeSystem/procedure-code-my-core,CodeSystemProcedureCodeMyCore
68.23,Endometrial ablation,Endometrial ablation,http://fhir.hie.moh.gov.my/CodeSystem/procedure-code-my-core,CodeSystemProcedureCodeMyCore
68.24,Uterine artery embolization [UAE] with coils,Uterine artery embolization [UAE] with coils,http://fhir.hie.moh.gov.my/CodeSystem/procedure-code-my-core,CodeSystemProcedureCodeMyCore
68.25,Uterine artery embolization [UAE] without coils,Uterine artery embolization [UAE] without coils,http://fhir.hie.moh.gov.my/CodeSystem/procedure-code-my-core,CodeSystemProcedureCodeMyCore
68.29,Other excision or destruction of lesion of uterus,Other excision or destruction of lesion of uterus,http://fhir.hie.moh.gov.my/CodeSystem/procedure-code-my-core,CodeSystemProcedureCodeMyCore
68.31,Laparoscopic supracervical hysterectomy [LSH],Laparoscopic supracervical hysterectomy [LSH],http://fhir.hie.moh.gov.my/CodeSystem/procedure-code-my-core,CodeSystemProcedureCodeMyCore
68.39,Other and unspecified subtotal abdominal hysterectomy,Other and unspecified subtotal abdominal hysterectomy,http://fhir.hie.moh.gov.my/CodeSystem/procedure-code-my-core,CodeSystemProcedureCodeMyCore
68.41,Laparoscopic total abdominal hysterectomy,Laparoscopic total abdominal hysterectomy,http://fhir.hie.moh.gov.my/CodeSystem/procedure-code-my-core,CodeSystemProcedureCodeMyCore
68.49,Other and unspecified total abdominal hysterectomy,Other and unspecified total abdominal hysterectomy,http://fhir.hie.moh.gov.my/CodeSystem/procedure-code-my-core,CodeSystemProcedureCodeMyCore
68.51,Laparoscopically assisted vaginal hysterectomy (LAVH),Laparoscopically assisted vaginal hysterectomy (LAVH),http://fhir.hie.moh.gov.my/CodeSystem/procedure-code-my-core,CodeSystemProcedureCodeMyCore
68.59,Other and unspecified vaginal hysterectomy,Other and unspecified vaginal hysterectomy,http://fhir.hie.moh.gov.my/CodeSystem/procedure-code-my-core,CodeSystemProcedureCodeMyCore
68.61,Laparoscopic radical abdominal hysterectomy,Laparoscopic radical abdominal hysterectomy,http://fhir.hie.moh.gov.my/CodeSystem/procedure-code-my-core,CodeSystemProcedureCodeMyCore
68.69,Other and unspecified radical abdominal hysterectomy,Other and unspecified radical abdominal hysterectomy,http://fhir.hie.moh.gov.my/CodeSystem/procedure-code-my-core,CodeSystemProcedureCodeMyCore
68.71,Laparoscopic radical vaginal hysterectomy [LRVH],Laparoscopic radical vaginal hysterectomy [LRVH],http://fhir.hie.moh.gov.my/CodeSystem/procedure-code-my-core,CodeSystemProcedureCodeMyCore
68.79,Other and unspecified radical vaginal hysterectomy,Other and unspecified radical vaginal hysterectomy,http://fhir.hie.moh.gov.my/CodeSystem/procedure-code-my-core,CodeSystemProcedureCodeMyCore
68.9,Other and unspecified hysterectomy,Other and unspecified hysterectomy,http://fhir.hie.moh.gov.my/CodeSystem/procedure-code-my-core,CodeSystemProcedureCodeMyCore
69.01,Dilation and curettage for termination of pregnancy,Dilation and curettage for termination of pregnancy,http://fhir.hie.moh.gov.my/CodeSystem/procedure-code-my-core,CodeSystemProcedureCodeMyCore
69.02,Dilation and curettage following delivery or abortion,Dilation and curettage following delivery or abortion,http://fhir.hie.moh.gov.my/CodeSystem/procedure-code-my-core,CodeSystemProcedureCodeMyCore
69.09,Other dilation and curettage,Other dilation and curettage,http://fhir.hie.moh.gov.my/CodeSystem/procedure-code-my-core,CodeSystemProcedureCodeMyCore
69.19,Other excision or destruction of uterus and supporting structures,Other excision or destruction of uterus and supporting structures,http://fhir.hie.moh.gov.my/CodeSystem/procedure-code-my-core,CodeSystemProcedureCodeMyCore
69.21,Interposition operation,Interposition operation,http://fhir.hie.moh.gov.my/CodeSystem/procedure-code-my-core,CodeSystemProcedureCodeMyCore
69.22,Other uterine suspension,Other uterine suspension,http://fhir.hie.moh.gov.my/CodeSystem/procedure-code-my-core,CodeSystemProcedureCodeMyCore
69.23,Vaginal repair of chronic inversion of uterus,Vaginal repair of chronic inversion of uterus,http://fhir.hie.moh.gov.my/CodeSystem/procedure-code-my-core,CodeSystemProcedureCodeMyCore
69.29,Other repair of uterus and supporting structures,Other repair of uterus and supporting structures,http://fhir.hie.moh.gov.my/CodeSystem/procedure-code-my-core,CodeSystemProcedureCodeMyCore
69.3,Paracervical uterine denervation,Paracervical uterine denervation,http://fhir.hie.moh.gov.my/CodeSystem/procedure-code-my-core,CodeSystemProcedureCodeMyCore
69.41,Suture of laceration of uterus,Suture of laceration of uterus,http://fhir.hie.moh.gov.my/CodeSystem/procedure-code-my-core,CodeSystemProcedureCodeMyCore
69.42,Closure of fistula of uterus,Closure of fistula of uterus,http://fhir.hie.moh.gov.my/CodeSystem/procedure-code-my-core,CodeSystemProcedureCodeMyCore
69.49,Other repair of uterus,Other repair of uterus,http://fhir.hie.moh.gov.my/CodeSystem/procedure-code-my-core,CodeSystemProcedureCodeMyCore
69.51,Aspiration curettage of uterus for termination of pregnancy,Aspiration curettage of uterus for termination of pregnancy,http://fhir.hie.moh.gov.my/CodeSystem/procedure-code-my-core,CodeSystemProcedureCodeMyCore
69.52,Aspiration curettage following delivery or abortion,Aspiration curettage following delivery or abortion,http://fhir.hie.moh.gov.my/CodeSystem/procedure-code-my-core,CodeSystemProcedureCodeMyCore
69.59,Other aspiration curettage of uterus,Other aspiration curettage of uterus,http://fhir.hie.moh.gov.my/CodeSystem/procedure-code-my-core,CodeSystemProcedureCodeMyCore
69.6,Menstrual extraction or regulation,Menstrual extraction or regulation,http://fhir.hie.moh.gov.my/CodeSystem/procedure-code-my-core,CodeSystemProcedureCodeMyCore
69.7,Insertion of intrauterine contraceptive device,Insertion of intrauterine contraceptive device,http://fhir.hie.moh.gov.my/CodeSystem/procedure-code-my-core,CodeSystemProcedureCodeMyCore
69.91,Insertion of therapeutic device into uterus,Insertion of therapeutic device into uterus,http://fhir.hie.moh.gov.my/CodeSystem/procedure-code-my-core,CodeSystemProcedureCodeMyCore
69.92,Artificial insemination,Artificial insemination,http://fhir.hie.moh.gov.my/CodeSystem/procedure-code-my-core,CodeSystemProcedureCodeMyCore
69.93,Insertion of laminaria,Insertion of laminaria,http://fhir.hie.moh.gov.my/CodeSystem/procedure-code-my-core,CodeSystemProcedureCodeMyCore
69.94,Manual replacement of inverted uterus,Manual replacement of inverted uterus,http://fhir.hie.moh.gov.my/CodeSystem/procedure-code-my-core,CodeSystemProcedureCodeMyCore
69.95,Incision of cervix,Incision of cervix,http://fhir.hie.moh.gov.my/CodeSystem/procedure-code-my-core,CodeSystemProcedureCodeMyCore
69.96,Removal of cerclage material from cervix,Removal of cerclage material from cervix,http://fhir.hie.moh.gov.my/CodeSystem/procedure-code-my-core,CodeSystemProcedureCodeMyCore
69.97,Removal of other penetrating foreign body from cervix,Removal of other penetrating foreign body from cervix,http://fhir.hie.moh.gov.my/CodeSystem/procedure-code-my-core,CodeSystemProcedureCodeMyCore
69.98,Other operations on supporting structures of uterus,Other operations on supporting structures of uterus,http://fhir.hie.moh.gov.my/CodeSystem/procedure-code-my-core,CodeSystemProcedureCodeMyCore
69.99,Other operations on cervix and uterus,Other operations on cervix and uterus,http://fhir.hie.moh.gov.my/CodeSystem/procedure-code-my-core,CodeSystemProcedureCodeMyCore
70.11,Hymenotomy,Hymenotomy,http://fhir.hie.moh.gov.my/CodeSystem/procedure-code-my-core,CodeSystemProcedureCodeMyCore
70.12,Culdotomy,Culdotomy,http://fhir.hie.moh.gov.my/CodeSystem/procedure-code-my-core,CodeSystemProcedureCodeMyCore
70.13,Lysis of intraluminal adhesions of vagina,Lysis of intraluminal adhesions of vagina,http://fhir.hie.moh.gov.my/CodeSystem/procedure-code-my-core,CodeSystemProcedureCodeMyCore
70.14,Other vaginotomy,Other vaginotomy,http://fhir.hie.moh.gov.my/CodeSystem/procedure-code-my-core,CodeSystemProcedureCodeMyCore
70.21,Vaginoscopy,Vaginoscopy,http://fhir.hie.moh.gov.my/CodeSystem/procedure-code-my-core,CodeSystemProcedureCodeMyCore
70.22,Culdoscopy,Culdoscopy,http://fhir.hie.moh.gov.my/CodeSystem/procedure-code-my-core,CodeSystemProcedureCodeMyCore
70.23,Biopsy of cul-de-sac,Biopsy of cul-de-sac,http://fhir.hie.moh.gov.my/CodeSystem/procedure-code-my-core,CodeSystemProcedureCodeMyCore
70.24,Vaginal biopsy,Vaginal biopsy,http://fhir.hie.moh.gov.my/CodeSystem/procedure-code-my-core,CodeSystemProcedureCodeMyCore
70.29,Other diagnostic procedures on vagina and cul-de-sac,Other diagnostic procedures on vagina and cul-de-sac,http://fhir.hie.moh.gov.my/CodeSystem/procedure-code-my-core,CodeSystemProcedureCodeMyCore
70.31,Hymenectomy,Hymenectomy,http://fhir.hie.moh.gov.my/CodeSystem/procedure-code-my-core,CodeSystemProcedureCodeMyCore
70.32,Excision or destruction of lesion of cul-de-sac,Excision or destruction of lesion of cul-de-sac,http://fhir.hie.moh.gov.my/CodeSystem/procedure-code-my-core,CodeSystemProcedureCodeMyCore
70.33,Excision or destruction of lesion or vagina,Excision or destruction of lesion or vagina,http://fhir.hie.moh.gov.my/CodeSystem/procedure-code-my-core,CodeSystemProcedureCodeMyCore
70.4,Obliteration and total excision of vagina,Obliteration and total excision of vagina,http://fhir.hie.moh.gov.my/CodeSystem/procedure-code-my-core,CodeSystemProcedureCodeMyCore
70.51,Repair of cystocele,Repair of cystocele,http://fhir.hie.moh.gov.my/CodeSystem/procedure-code-my-core,CodeSystemProcedureCodeMyCore
70.52,Repair of rectocele,Repair of rectocele,http://fhir.hie.moh.gov.my/CodeSystem/procedure-code-my-core,CodeSystemProcedureCodeMyCore
70.53,Repair of cystocele and rectocele with graft or prosthesis,Repair of cystocele and rectocele with graft or prosthesis,http://fhir.hie.moh.gov.my/CodeSystem/procedure-code-my-core,CodeSystemProcedureCodeMyCore
70.54,Repair of cystocele with graft or prosthesis,Repair of cystocele with graft or prosthesis,http://fhir.hie.moh.gov.my/CodeSystem/procedure-code-my-core,CodeSystemProcedureCodeMyCore
70.55,Repair of rectocele with graft or prosthesis,Repair of rectocele with graft or prosthesis,http://fhir.hie.moh.gov.my/CodeSystem/procedure-code-my-core,CodeSystemProcedureCodeMyCore
70.61,Vaginal construction,Vaginal construction,http://fhir.hie.moh.gov.my/CodeSystem/procedure-code-my-core,CodeSystemProcedureCodeMyCore
70.62,Vaginal reconstruction,Vaginal reconstruction,http://fhir.hie.moh.gov.my/CodeSystem/procedure-code-my-core,CodeSystemProcedureCodeMyCore
70.63,Vaginal construction with graft or prosthesis,Vaginal construction with graft or prosthesis,http://fhir.hie.moh.gov.my/CodeSystem/procedure-code-my-core,CodeSystemProcedureCodeMyCore
70.64,Vaginal reconstruction with graft or prosthesis,Vaginal reconstruction with graft or prosthesis,http://fhir.hie.moh.gov.my/CodeSystem/procedure-code-my-core,CodeSystemProcedureCodeMyCore
70.71,Suture of laceration of vagina,Suture of laceration of vagina,http://fhir.hie.moh.gov.my/CodeSystem/procedure-code-my-core,CodeSystemProcedureCodeMyCore
70.72,Repair of colovaginal fistula,Repair of colovaginal fistula,http://fhir.hie.moh.gov.my/CodeSystem/procedure-code-my-core,CodeSystemProcedureCodeMyCore
70.73,Repair of rectovaginal fistula,Repair of rectovaginal fistula,http://fhir.hie.moh.gov.my/CodeSystem/procedure-code-my-core,CodeSystemProcedureCodeMyCore
70.74,Repair of other vaginoenteric fistula,Repair of other vaginoenteric fistula,http://fhir.hie.moh.gov.my/CodeSystem/procedure-code-my-core,CodeSystemProcedureCodeMyCore
70.75,Repair of other fistula of vagina,Repair of other fistula of vagina,http://fhir.hie.moh.gov.my/CodeSystem/procedure-code-my-core,CodeSystemProcedureCodeMyCore
70.76,Hymenorrhaphy,Hymenorrhaphy,http://fhir.hie.moh.gov.my/CodeSystem/procedure-code-my-core,CodeSystemProcedureCodeMyCore
70.77,Vaginal suspension and fixation,Vaginal suspension and fixation,http://fhir.hie.moh.gov.my/CodeSystem/procedure-code-my-core,CodeSystemProcedureCodeMyCore
70.78,Vaginal suspension and fixation with graft or prosthesis,Vaginal suspension and fixation with graft or prosthesis,http://fhir.hie.moh.gov.my/CodeSystem/procedure-code-my-core,CodeSystemProcedureCodeMyCore
70.79,Other repair of vagina,Other repair of vagina,http://fhir.hie.moh.gov.my/CodeSystem/procedure-code-my-core,CodeSystemProcedureCodeMyCore
70.8,Obliteration of vaginal vault,Obliteration of vaginal vault,http://fhir.hie.moh.gov.my/CodeSystem/procedure-code-my-core,CodeSystemProcedureCodeMyCore
70.91,Other operations on vagina,Other operations on vagina,http://fhir.hie.moh.gov.my/CodeSystem/procedure-code-my-core,CodeSystemProcedureCodeMyCore
70.92,Other operations on cul-de-sac,Other operations on cul-de-sac,http://fhir.hie.moh.gov.my/CodeSystem/procedure-code-my-core,CodeSystemProcedureCodeMyCore
70.93,Other operations on cul-de-sac with graft or prosthesis,Other operations on cul-de-sac with graft or prosthesis,http://fhir.hie.moh.gov.my/CodeSystem/procedure-code-my-core,CodeSystemProcedureCodeMyCore
70.94,Insertion of biological graft,Insertion of biological graft,http://fhir.hie.moh.gov.my/CodeSystem/procedure-code-my-core,CodeSystemProcedureCodeMyCore
70.95,Insertion of synthetic graft or prosthesis,Insertion of synthetic graft or prosthesis,http://fhir.hie.moh.gov.my/CodeSystem/procedure-code-my-core,CodeSystemProcedureCodeMyCore
71.01,Lysis of vulvar adhesions,Lysis of vulvar adhesions,http://fhir.hie.moh.gov.my/CodeSystem/procedure-code-my-core,CodeSystemProcedureCodeMyCore
71.09,Other incision of vulva and perineum,Other incision of vulva and perineum,http://fhir.hie.moh.gov.my/CodeSystem/procedure-code-my-core,CodeSystemProcedureCodeMyCore
71.11,Biopsy of vulva,Biopsy of vulva,http://fhir.hie.moh.gov.my/CodeSystem/procedure-code-my-core,CodeSystemProcedureCodeMyCore
71.19,Other diagnostic procedures on vulva,Other diagnostic procedures on vulva,http://fhir.hie.moh.gov.my/CodeSystem/procedure-code-my-core,CodeSystemProcedureCodeMyCore
71.21,Percutaneous aspiration of Bartholin's gland (cyst),Percutaneous aspiration of Bartholin's gland (cyst),http://fhir.hie.moh.gov.my/CodeSystem/procedure-code-my-core,CodeSystemProcedureCodeMyCore
71.22,Incision of Bartholin's gland (cyst),Incision of Bartholin's gland (cyst),http://fhir.hie.moh.gov.my/CodeSystem/procedure-code-my-core,CodeSystemProcedureCodeMyCore
71.23,Marsupialization of Bartholin's gland (cyst),Marsupialization of Bartholin's gland (cyst),http://fhir.hie.moh.gov.my/CodeSystem/procedure-code-my-core,CodeSystemProcedureCodeMyCore
71.24,Excision or other destruction of Bartholin's gland (cyst),Excision or other destruction of Bartholin's gland (cyst),http://fhir.hie.moh.gov.my/CodeSystem/procedure-code-my-core,CodeSystemProcedureCodeMyCore
71.29,Other operations on Bartholin's gland,Other operations on Bartholin's gland,http://fhir.hie.moh.gov.my/CodeSystem/procedure-code-my-core,CodeSystemProcedureCodeMyCore
71.3,Other local excision or destruction of vulva and perineum,Other local excision or destruction of vulva and perineum,http://fhir.hie.moh.gov.my/CodeSystem/procedure-code-my-core,CodeSystemProcedureCodeMyCore
71.4,Operations on clitoris,Operations on clitoris,http://fhir.hie.moh.gov.my/CodeSystem/procedure-code-my-core,CodeSystemProcedureCodeMyCore
71.5,Radical vulvectomy,Radical vulvectomy,http://fhir.hie.moh.gov.my/CodeSystem/procedure-code-my-core,CodeSystemProcedureCodeMyCore
71.61,Unilateral vulvectomy,Unilateral vulvectomy,http://fhir.hie.moh.gov.my/CodeSystem/procedure-code-my-core,CodeSystemProcedureCodeMyCore
71.62,Bilateral vulvectomy,Bilateral vulvectomy,http://fhir.hie.moh.gov.my/CodeSystem/procedure-code-my-core,CodeSystemProcedureCodeMyCore
71.71,Suture of laceration of vulva or perineum,Suture of laceration of vulva or perineum,http://fhir.hie.moh.gov.my/CodeSystem/procedure-code-my-core,CodeSystemProcedureCodeMyCore
71.72,Repair of fistula of vulva or perineum,Repair of fistula of vulva or perineum,http://fhir.hie.moh.gov.my/CodeSystem/procedure-code-my-core,CodeSystemProcedureCodeMyCore
71.79,Other repair of vulva and perineum,Other repair of vulva and perineum,http://fhir.hie.moh.gov.my/CodeSystem/procedure-code-my-core,CodeSystemProcedureCodeMyCore
71.8,Other operations on vulva,Other operations on vulva,http://fhir.hie.moh.gov.my/CodeSystem/procedure-code-my-core,CodeSystemProcedureCodeMyCore
71.9,Other operations on female genital organs,Other operations on female genital organs,http://fhir.hie.moh.gov.my/CodeSystem/procedure-code-my-core,CodeSystemProcedureCodeMyCore
72.1,Low forceps operation with episiotomy,Low forceps operation with episiotomy,http://fhir.hie.moh.gov.my/CodeSystem/procedure-code-my-core,CodeSystemProcedureCodeMyCore
72.21,Mid forceps operation with episiotomy,Mid forceps operation with episiotomy,http://fhir.hie.moh.gov.my/CodeSystem/procedure-code-my-core,CodeSystemProcedureCodeMyCore
72.29,Other mid forceps operation,Other mid forceps operation,http://fhir.hie.moh.gov.my/CodeSystem/procedure-code-my-core,CodeSystemProcedureCodeMyCore
72.31,High forceps operation with episiotomy,High forceps operation with episiotomy,http://fhir.hie.moh.gov.my/CodeSystem/procedure-code-my-core,CodeSystemProcedureCodeMyCore
72.39,Other high forceps operation,Other high forceps operation,http://fhir.hie.moh.gov.my/CodeSystem/procedure-code-my-core,CodeSystemProcedureCodeMyCore
72.4,Forceps rotation of fetal head,Forceps rotation of fetal head,http://fhir.hie.moh.gov.my/CodeSystem/procedure-code-my-core,CodeSystemProcedureCodeMyCore
72.51,Partial breech extraction with forceps to aftercoming head,Partial breech extraction with forceps to aftercoming head,http://fhir.hie.moh.gov.my/CodeSystem/procedure-code-my-core,CodeSystemProcedureCodeMyCore
72.52,Other partial breech extraction,Other partial breech extraction,http://fhir.hie.moh.gov.my/CodeSystem/procedure-code-my-core,CodeSystemProcedureCodeMyCore
72.53,Total breech extraction with forceps to aftercoming head,Total breech extraction with forceps to aftercoming head,http://fhir.hie.moh.gov.my/CodeSystem/procedure-code-my-core,CodeSystemProcedureCodeMyCore
72.54,Other total breech extraction,Other total breech extraction,http://fhir.hie.moh.gov.my/CodeSystem/procedure-code-my-core,CodeSystemProcedureCodeMyCore
72.6,Forceps application to aftercoming head,Forceps application to aftercoming head,http://fhir.hie.moh.gov.my/CodeSystem/procedure-code-my-core,CodeSystemProcedureCodeMyCore
72.71,Vacuum extraction with episiotomy,Vacuum extraction with episiotomy,http://fhir.hie.moh.gov.my/CodeSystem/procedure-code-my-core,CodeSystemProcedureCodeMyCore
72.79,Other vacuum extraction,Other vacuum extraction,http://fhir.hie.moh.gov.my/CodeSystem/procedure-code-my-core,CodeSystemProcedureCodeMyCore
72.8,Other specified instrumental delivery,Other specified instrumental delivery,http://fhir.hie.moh.gov.my/CodeSystem/procedure-code-my-core,CodeSystemProcedureCodeMyCore
72.9,Unspecified instrumental delivery,Unspecified instrumental delivery,http://fhir.hie.moh.gov.my/CodeSystem/procedure-code-my-core,CodeSystemProcedureCodeMyCore
73.01,Induction of labor by artificial rupture of membranes,Induction of labor by artificial rupture of membranes,http://fhir.hie.moh.gov.my/CodeSystem/procedure-code-my-core,CodeSystemProcedureCodeMyCore
73.09,Other artificial rupture of membranes,Other artificial rupture of membranes,http://fhir.hie.moh.gov.my/CodeSystem/procedure-code-my-core,CodeSystemProcedureCodeMyCore
73.1,Other surgical induction of labor,Other surgical induction of labor,http://fhir.hie.moh.gov.my/CodeSystem/procedure-code-my-core,CodeSystemProcedureCodeMyCore
73.21,Internal and combined version without extraction,Internal and combined version without extraction,http://fhir.hie.moh.gov.my/CodeSystem/procedure-code-my-core,CodeSystemProcedureCodeMyCore
73.22,Internal and combined version with extraction,Internal and combined version with extraction,http://fhir.hie.moh.gov.my/CodeSystem/procedure-code-my-core,CodeSystemProcedureCodeMyCore
73.3,Failed forceps,Failed forceps,http://fhir.hie.moh.gov.my/CodeSystem/procedure-code-my-core,CodeSystemProcedureCodeMyCore
73.4,Medical induction of labor,Medical induction of labor,http://fhir.hie.moh.gov.my/CodeSystem/procedure-code-my-core,CodeSystemProcedureCodeMyCore
73.51,Manual rotation of fetal head,Manual rotation of fetal head,http://fhir.hie.moh.gov.my/CodeSystem/procedure-code-my-core,CodeSystemProcedureCodeMyCore
73.59,Other manually assisted delivery,Other manually assisted delivery,http://fhir.hie.moh.gov.my/CodeSystem/procedure-code-my-core,CodeSystemProcedureCodeMyCore
73.6,Episiotomy,Episiotomy,http://fhir.hie.moh.gov.my/CodeSystem/procedure-code-my-core,CodeSystemProcedureCodeMyCore
73.8,Operations on fetus to facilitate delivery,Operations on fetus to facilitate delivery,http://fhir.hie.moh.gov.my/CodeSystem/procedure-code-my-core,CodeSystemProcedureCodeMyCore
73.91,External version,External version,http://fhir.hie.moh.gov.my/CodeSystem/procedure-code-my-core,CodeSystemProcedureCodeMyCore
73.92,Replacement of prolapsed umbilical cord,Replacement of prolapsed umbilical cord,http://fhir.hie.moh.gov.my/CodeSystem/procedure-code-my-core,CodeSystemProcedureCodeMyCore
73.93,Incision of cervix to assist delivery,Incision of cervix to assist delivery,http://fhir.hie.moh.gov.my/CodeSystem/procedure-code-my-core,CodeSystemProcedureCodeMyCore
73.94,Pubiotomy to assist delivery,Pubiotomy to assist delivery,http://fhir.hie.moh.gov.my/CodeSystem/procedure-code-my-core,CodeSystemProcedureCodeMyCore
73.99,Other operations assisting delivery,Other operations assisting delivery,http://fhir.hie.moh.gov.my/CodeSystem/procedure-code-my-core,CodeSystemProcedureCodeMyCore
74.1,Low cervical cesarean section,Low cervical cesarean section,http://fhir.hie.moh.gov.my/CodeSystem/procedure-code-my-core,CodeSystemProcedureCodeMyCore
74.2,Extraperitoneal cesarean section,Extraperitoneal cesarean section,http://fhir.hie.moh.gov.my/CodeSystem/procedure-code-my-core,CodeSystemProcedureCodeMyCore
74.3,Removal of extratubal ectopic pregnancy,Removal of extratubal ectopic pregnancy,http://fhir.hie.moh.gov.my/CodeSystem/procedure-code-my-core,CodeSystemProcedureCodeMyCore
74.4,Cesarean section of other specified type,Cesarean section of other specified type,http://fhir.hie.moh.gov.my/CodeSystem/procedure-code-my-core,CodeSystemProcedureCodeMyCore
74.91,Hysterotomy to terminate pregnancy,Hysterotomy to terminate pregnancy,http://fhir.hie.moh.gov.my/CodeSystem/procedure-code-my-core,CodeSystemProcedureCodeMyCore
74.99,Other cesarean section of unspecified type,Other cesarean section of unspecified type,http://fhir.hie.moh.gov.my/CodeSystem/procedure-code-my-core,CodeSystemProcedureCodeMyCore
75.1,Diagnostic amniocentesis,Diagnostic amniocentesis,http://fhir.hie.moh.gov.my/CodeSystem/procedure-code-my-core,CodeSystemProcedureCodeMyCore
75.2,Intrauterine transfusion,Intrauterine transfusion,http://fhir.hie.moh.gov.my/CodeSystem/procedure-code-my-core,CodeSystemProcedureCodeMyCore
75.31,Amnioscopy,Amnioscopy,http://fhir.hie.moh.gov.my/CodeSystem/procedure-code-my-core,CodeSystemProcedureCodeMyCore
75.32,Fetal EKG (scalp),Fetal EKG (scalp),http://fhir.hie.moh.gov.my/CodeSystem/procedure-code-my-core,CodeSystemProcedureCodeMyCore
75.33,Fetal blood sampling and biopsy,Fetal blood sampling and biopsy,http://fhir.hie.moh.gov.my/CodeSystem/procedure-code-my-core,CodeSystemProcedureCodeMyCore
75.34,Other fetal monitoring,Other fetal monitoring,http://fhir.hie.moh.gov.my/CodeSystem/procedure-code-my-core,CodeSystemProcedureCodeMyCore
75.35,Other diagnostic procedures on fetus and amnion,Other diagnostic procedures on fetus and amnion,http://fhir.hie.moh.gov.my/CodeSystem/procedure-code-my-core,CodeSystemProcedureCodeMyCore
75.36,Correction of fetal defect,Correction of fetal defect,http://fhir.hie.moh.gov.my/CodeSystem/procedure-code-my-core,CodeSystemProcedureCodeMyCore
75.37,Amnioinfusion,Amnioinfusion,http://fhir.hie.moh.gov.my/CodeSystem/procedure-code-my-core,CodeSystemProcedureCodeMyCore
75.38,Fetal pulse oximetry,Fetal pulse oximetry,http://fhir.hie.moh.gov.my/CodeSystem/procedure-code-my-core,CodeSystemProcedureCodeMyCore
75.4,Manual removal of retained placenta,Manual removal of retained placenta,http://fhir.hie.moh.gov.my/CodeSystem/procedure-code-my-core,CodeSystemProcedureCodeMyCore
75.51,Repair of current obstetric laceration of cervix,Repair of current obstetric laceration of cervix,http://fhir.hie.moh.gov.my/CodeSystem/procedure-code-my-core,CodeSystemProcedureCodeMyCore
75.52,Repair of current obstetric laceration of corpus uteri,Repair of current obstetric laceration of corpus uteri,http://fhir.hie.moh.gov.my/CodeSystem/procedure-code-my-core,CodeSystemProcedureCodeMyCore
75.61,Repair of current obstetric laceration of bladder and urethra,Repair of current obstetric laceration of bladder and urethra,http://fhir.hie.moh.gov.my/CodeSystem/procedure-code-my-core,CodeSystemProcedureCodeMyCore
75.62,Repair of current obstetric laceration of rectum and sphincter ani,Repair of current obstetric laceration of rectum and sphincter ani,http://fhir.hie.moh.gov.my/CodeSystem/procedure-code-my-core,CodeSystemProcedureCodeMyCore
75.69,Repair of other current obstetric laceration,Repair of other current obstetric laceration,http://fhir.hie.moh.gov.my/CodeSystem/procedure-code-my-core,CodeSystemProcedureCodeMyCore
75.7,"Manual exploration of uterine cavity, postpartum","Manual exploration of uterine cavity, postpartum",http://fhir.hie.moh.gov.my/CodeSystem/procedure-code-my-core,CodeSystemProcedureCodeMyCore
75.8,Obstetrics tamponade of uterus or vagina,Obstetrics tamponade of uterus or vagina,http://fhir.hie.moh.gov.my/CodeSystem/procedure-code-my-core,CodeSystemProcedureCodeMyCore
75.91,Evacuation of obstetrical incisional hematoma of perineum,Evacuation of obstetrical incisional hematoma of perineum,http://fhir.hie.moh.gov.my/CodeSystem/procedure-code-my-core,CodeSystemProcedureCodeMyCore
75.92,Evacuation of other hematoma of vulva or vagina,Evacuation of other hematoma of vulva or vagina,http://fhir.hie.moh.gov.my/CodeSystem/procedure-code-my-core,CodeSystemProcedureCodeMyCore
75.93,Surgical correction of inverted uterus,Surgical correction of inverted uterus,http://fhir.hie.moh.gov.my/CodeSystem/procedure-code-my-core,CodeSystemProcedureCodeMyCore
75.94,Manual replacement of inverted uterus,Manual replacement of inverted uterus,http://fhir.hie.moh.gov.my/CodeSystem/procedure-code-my-core,CodeSystemProcedureCodeMyCore
75.99,Other obstetric operations,Other obstetric operations,http://fhir.hie.moh.gov.my/CodeSystem/procedure-code-my-core,CodeSystemProcedureCodeMyCore
87.81,X-ray of gravid uterus,X-ray of gravid uterus,http://fhir.hie.moh.gov.my/CodeSystem/procedure-code-my-core,CodeSystemProcedureCodeMyCore
87.82,Gas contrast hysterosalpingogram,Gas contrast hysterosalpingogram,http://fhir.hie.moh.gov.my/CodeSystem/procedure-code-my-core,CodeSystemProcedureCodeMyCore
87.83,Opaque dye contrast hysterosalpingogram,Opaque dye contrast hysterosalpingogram,http://fhir.hie.moh.gov.my/CodeSystem/procedure-code-my-core,CodeSystemProcedureCodeMyCore
87.84,Percutaneous hysterogram,Percutaneous hysterogram,http://fhir.hie.moh.gov.my/CodeSystem/procedure-code-my-core,CodeSystemProcedureCodeMyCore
87.85,Other x-ray of fallopian tubes and uterus,Other x-ray of fallopian tubes and uterus,http://fhir.hie.moh.gov.my/CodeSystem/procedure-code-my-core,CodeSystemProcedureCodeMyCore
87.89,Other x-ray of female genital organs,Other x-ray of female genital organs,http://fhir.hie.moh.gov.my/CodeSystem/procedure-code-my-core,CodeSystemProcedureCodeMyCore
88.46,Arteriography of placenta,Arteriography of placenta,http://fhir.hie.moh.gov.my/CodeSystem/procedure-code-my-core,CodeSystemProcedureCodeMyCore
88.78,Diagnostic ultrasound of gravid uterus,Diagnostic ultrasound of gravid uterus,http://fhir.hie.moh.gov.my/CodeSystem/procedure-code-my-core,CodeSystemProcedureCodeMyCore
89.26,Gynecological examination,Gynecological examination,http://fhir.hie.moh.gov.my/CodeSystem/procedure-code-my-core,CodeSystemProcedureCodeMyCore
91.41,"Microscopic examination of specimen from female genital tract, bacterial smear","Microscopic examination of specimen from female genital tract, bacterial smear",http://fhir.hie.moh.gov.my/CodeSystem/procedure-code-my-core,CodeSystemProcedureCodeMyCore
91.42,"Microscopic examination of specimen from female genital tract, culture","Microscopic examination of specimen from female genital tract, culture",http://fhir.hie.moh.gov.my/CodeSystem/procedure-code-my-core,CodeSystemProcedureCodeMyCore
91.43,"Microscopic examination of specimen from female genital tract, culture and sensitivity","Microscopic examination of specimen from female genital tract, culture and sensitivity",http://fhir.hie.moh.gov.my/CodeSystem/procedure-code-my-core,CodeSystemProcedureCodeMyCore
91.44,"Microscopic examination of specimen from female genital tract, parasitology","Microscopic examination of specimen from female genital tract, parasitology",http://fhir.hie.moh.gov.my/CodeSystem/procedure-code-my-core,CodeSystemProcedureCodeMyCore
91.45,"Microscopic examination of specimen from female genital tract, toxicology","Microscopic examination of specimen from female genital tract, toxicology",http://fhir.hie.moh.gov.my/CodeSystem/procedure-code-my-core,CodeSystemProcedureCodeMyCore
91.46,"Microscopic examination of specimen from female genital tract, cell block and Papanicolaou smear","Microscopic examination of specimen from female genital tract, cell block and Papanicolaou smear",http://fhir.hie.moh.gov.my/CodeSystem/procedure-code-my-core,CodeSystemProcedureCodeMyCore
91.49,"Microscopic examination of specimen from female genital tract, other microscopic examination","Microscopic examination of specimen from female genital tract, other microscopic examination",http://fhir.hie.moh.gov.my/CodeSystem/procedure-code-my-core,CodeSystemProcedureCodeMyCore
96.14,Vaginal packing,Vaginal packing,http://fhir.hie.moh.gov.my/CodeSystem/procedure-code-my-core,CodeSystemProcedureCodeMyCore
96.15,Insertion of vaginal mold,Insertion of vaginal mold,http://fhir.hie.moh.gov.my/CodeSystem/procedure-code-my-core,CodeSystemProcedureCodeMyCore
96.16,Other vaginal dilation,Other vaginal dilation,http://fhir.hie.moh.gov.my/CodeSystem/procedure-code-my-core,CodeSystemProcedureCodeMyCore
96.17,Insertion of vaginal diaphragm,Insertion of vaginal diaphragm,http://fhir.hie.moh.gov.my/CodeSystem/procedure-code-my-core,CodeSystemProcedureCodeMyCore
96.18,Insertion of other vaginal pessary,Insertion of other vaginal pessary,http://fhir.hie.moh.gov.my/CodeSystem/procedure-code-my-core,CodeSystemProcedureCodeMyCore
96.44,Vaginal douche,Vaginal douche,http://fhir.hie.moh.gov.my/CodeSystem/procedure-code-my-core,CodeSystemProcedureCodeMyCore
97.24,Replacement and refitting of vaginal diaphragm,Replacement and refitting of vaginal diaphragm,http://fhir.hie.moh.gov.my/CodeSystem/procedure-code-my-core,CodeSystemProcedureCodeMyCore
97.25,Replacement of other vaginal pessary,Replacement of other vaginal pessary,http://fhir.hie.moh.gov.my/CodeSystem/procedure-code-my-core,CodeSystemProcedureCodeMyCore
97.26,Replacement of vaginal or vulvar packing or drain,Replacement of vaginal or vulvar packing or drain,http://fhir.hie.moh.gov.my/CodeSystem/procedure-code-my-core,CodeSystemProcedureCodeMyCore
97.71,Removal of intrauterine contraceptive device,Removal of intrauterine contraceptive device,http://fhir.hie.moh.gov.my/CodeSystem/procedure-code-my-core,CodeSystemProcedureCodeMyCore
97.72,Removal of intrauterine pack,Removal of intrauterine pack,http://fhir.hie.moh.gov.my/CodeSystem/procedure-code-my-core,CodeSystemProcedureCodeMyCore
97.73,Removal of vaginal diaphragm,Removal of vaginal diaphragm,http://fhir.hie.moh.gov.my/CodeSystem/procedure-code-my-core,CodeSystemProcedureCodeMyCore
97.74,Removal of other vaginal pessary,Removal of other vaginal pessary,http://fhir.hie.moh.gov.my/CodeSystem/procedure-code-my-core,CodeSystemProcedureCodeMyCore
97.75,Removal of vaginal or vulvar packing,Removal of vaginal or vulvar packing,http://fhir.hie.moh.gov.my/CodeSystem/procedure-code-my-core,CodeSystemProcedureCodeMyCore
98.16,Removal of intraluminal foreign body from uterus without incision,Removal of intraluminal foreign body from uterus without incision,http://fhir.hie.moh.gov.my/CodeSystem/procedure-code-my-core,CodeSystemProcedureCodeMyCore
98.17,Removal of intraluminal foreign body from vagina without incision,Removal of intraluminal foreign body from vagina without incision,http://fhir.hie.moh.gov.my/CodeSystem/procedure-code-my-core,CodeSystemProcedureCodeMyCore
98.23,Removal of foreign body from vulva without incision,Removal of foreign body from vulva without incision,http://fhir.hie.moh.gov.my/CodeSystem/procedure-code-my-core,CodeSystemProcedureCodeMyCore
99.98,Extraction of milk from lactating breast,Extraction of milk from lactating breast,http://fhir.hie.moh.gov.my/CodeSystem/procedure-code-my-core,CodeSystemProcedureCodeMyCore
