code,display,definition,system_url,system_name
1,Paracetamol and related agents,Paracetamol and related agents,http://fhir.hie.moh.gov.my/CodeSystem/allergy-environment-my-core,CodeSystemAllergyEnvironmentMyCore
2,Penicillins,Penicillins,http://fhir.hie.moh.gov.my/CodeSystem/allergy-environment-my-core,CodeSystemAllergyEnvironmentMyCore
3,Walnut,Walnut,http://fhir.hie.moh.gov.my/CodeSystem/allergy-environment-my-core,CodeSystemAllergyEnvironmentMyCore
4,Carrot,Carrot,http://fhir.hie.moh.gov.my/CodeSystem/allergy-environment-my-core,CodeSystemAllergyEnvironmentMyCore
5,Cystine and derivatives,Cystine and derivatives,http://fhir.hie.moh.gov.my/CodeSystem/allergy-environment-my-core,CodeSystemAllergyEnvironmentMyCore
6,2-aminoethyl dihydrogen phosphate,2-aminoethyl dihydrogen phosphate,http://fhir.hie.moh.gov.my/CodeSystem/allergy-environment-my-core,CodeSystemAllergyEnvironmentMyCore
7,4-Aminoquinoline compounds,4-Aminoquinoline compounds,http://fhir.hie.moh.gov.my/CodeSystem/allergy-environment-my-core,CodeSystemAllergyEnvironmentMyCore
8,5-Alpha-reductase inhibitors,5-Alpha-reductase inhibitors,http://fhir.hie.moh.gov.my/CodeSystem/allergy-environment-my-core,CodeSystemAllergyEnvironmentMyCore
9,5-HT3 receptor antagonists,5-HT3 receptor antagonists,http://fhir.hie.moh.gov.my/CodeSystem/allergy-environment-my-core,CodeSystemAllergyEnvironmentMyCore
10,5-aminosalicylic acid and derivatives,5-aminosalicylic acid and derivatives,http://fhir.hie.moh.gov.my/CodeSystem/allergy-environment-my-core,CodeSystemAllergyEnvironmentMyCore
11,5-hydroxytryptophan,5-hydroxytryptophan,http://fhir.hie.moh.gov.my/CodeSystem/allergy-environment-my-core,CodeSystemAllergyEnvironmentMyCore
12,8-Aminoquinoline compounds,8-Aminoquinoline compounds,http://fhir.hie.moh.gov.my/CodeSystem/allergy-environment-my-core,CodeSystemAllergyEnvironmentMyCore
13,Abalone,Abalone,http://fhir.hie.moh.gov.my/CodeSystem/allergy-environment-my-core,CodeSystemAllergyEnvironmentMyCore
14,Abatacept and derivatives,Abatacept and derivatives,http://fhir.hie.moh.gov.my/CodeSystem/allergy-environment-my-core,CodeSystemAllergyEnvironmentMyCore
15,Abetimus,Abetimus,http://fhir.hie.moh.gov.my/CodeSystem/allergy-environment-my-core,CodeSystemAllergyEnvironmentMyCore
16,Abiraterone,Abiraterone,http://fhir.hie.moh.gov.my/CodeSystem/allergy-environment-my-core,CodeSystemAllergyEnvironmentMyCore
17,Acacia,Acacia,http://fhir.hie.moh.gov.my/CodeSystem/allergy-environment-my-core,CodeSystemAllergyEnvironmentMyCore
18,Acai,Acai,http://fhir.hie.moh.gov.my/CodeSystem/allergy-environment-my-core,CodeSystemAllergyEnvironmentMyCore
19,Acamprosate,Acamprosate,http://fhir.hie.moh.gov.my/CodeSystem/allergy-environment-my-core,CodeSystemAllergyEnvironmentMyCore
20,Aceclidine,Aceclidine,http://fhir.hie.moh.gov.my/CodeSystem/allergy-environment-my-core,CodeSystemAllergyEnvironmentMyCore
21,Aceglutamide,Aceglutamide,http://fhir.hie.moh.gov.my/CodeSystem/allergy-environment-my-core,CodeSystemAllergyEnvironmentMyCore
22,Acesulfame,Acesulfame,http://fhir.hie.moh.gov.my/CodeSystem/allergy-environment-my-core,CodeSystemAllergyEnvironmentMyCore
23,Acetarsol,Acetarsol,http://fhir.hie.moh.gov.my/CodeSystem/allergy-environment-my-core,CodeSystemAllergyEnvironmentMyCore
24,Acetylaspartic acid,Acetylaspartic acid,http://fhir.hie.moh.gov.my/CodeSystem/allergy-environment-my-core,CodeSystemAllergyEnvironmentMyCore
25,Acetylcarnitine,Acetylcarnitine,http://fhir.hie.moh.gov.my/CodeSystem/allergy-environment-my-core,CodeSystemAllergyEnvironmentMyCore
26,Acetyltryptophan,Acetyltryptophan,http://fhir.hie.moh.gov.my/CodeSystem/allergy-environment-my-core,CodeSystemAllergyEnvironmentMyCore
27,Acexamic acid (all salts),Acexamic acid (all salts),http://fhir.hie.moh.gov.my/CodeSystem/allergy-environment-my-core,CodeSystemAllergyEnvironmentMyCore
28,Achyranthes bidentata,Achyranthes bidentata,http://fhir.hie.moh.gov.my/CodeSystem/allergy-environment-my-core,CodeSystemAllergyEnvironmentMyCore
29,Acmella ciliata,Acmella ciliata,http://fhir.hie.moh.gov.my/CodeSystem/allergy-environment-my-core,CodeSystemAllergyEnvironmentMyCore
30,Aconitum napellus,Aconitum napellus,http://fhir.hie.moh.gov.my/CodeSystem/allergy-environment-my-core,CodeSystemAllergyEnvironmentMyCore
31,Aconitum soongoricum,Aconitum soongoricum,http://fhir.hie.moh.gov.my/CodeSystem/allergy-environment-my-core,CodeSystemAllergyEnvironmentMyCore
32,Acorus tatarinowii,Acorus tatarinowii,http://fhir.hie.moh.gov.my/CodeSystem/allergy-environment-my-core,CodeSystemAllergyEnvironmentMyCore
33,Acridine derivatives,Acridine derivatives,http://fhir.hie.moh.gov.my/CodeSystem/allergy-environment-my-core,CodeSystemAllergyEnvironmentMyCore
34,Acrylamide,Acrylamide,http://fhir.hie.moh.gov.my/CodeSystem/allergy-environment-my-core,CodeSystemAllergyEnvironmentMyCore
35,Acrylates,Acrylates,http://fhir.hie.moh.gov.my/CodeSystem/allergy-environment-my-core,CodeSystemAllergyEnvironmentMyCore
36,Actaea simplex,Actaea simplex,http://fhir.hie.moh.gov.my/CodeSystem/allergy-environment-my-core,CodeSystemAllergyEnvironmentMyCore
37,Actinoquinol,Actinoquinol,http://fhir.hie.moh.gov.my/CodeSystem/allergy-environment-my-core,CodeSystemAllergyEnvironmentMyCore
38,Adamantane derivatives,Adamantane derivatives,http://fhir.hie.moh.gov.my/CodeSystem/allergy-environment-my-core,CodeSystemAllergyEnvironmentMyCore
39,Adefovir,Adefovir,http://fhir.hie.moh.gov.my/CodeSystem/allergy-environment-my-core,CodeSystemAllergyEnvironmentMyCore
40,Ademetionine,Ademetionine,http://fhir.hie.moh.gov.my/CodeSystem/allergy-environment-my-core,CodeSystemAllergyEnvironmentMyCore
41,Adenine,Adenine,http://fhir.hie.moh.gov.my/CodeSystem/allergy-environment-my-core,CodeSystemAllergyEnvironmentMyCore
42,Adenosine,Adenosine,http://fhir.hie.moh.gov.my/CodeSystem/allergy-environment-my-core,CodeSystemAllergyEnvironmentMyCore
43,Adiphenine,Adiphenine,http://fhir.hie.moh.gov.my/CodeSystem/allergy-environment-my-core,CodeSystemAllergyEnvironmentMyCore
44,Adipic acid and its esters or salts,Adipic acid and its esters or salts,http://fhir.hie.moh.gov.my/CodeSystem/allergy-environment-my-core,CodeSystemAllergyEnvironmentMyCore
45,Adrenalone,Adrenalone,http://fhir.hie.moh.gov.my/CodeSystem/allergy-environment-my-core,CodeSystemAllergyEnvironmentMyCore
46,Adrenocorticotrophic hormones,Adrenocorticotrophic hormones,http://fhir.hie.moh.gov.my/CodeSystem/allergy-environment-my-core,CodeSystemAllergyEnvironmentMyCore
47,Adrogolide,Adrogolide,http://fhir.hie.moh.gov.my/CodeSystem/allergy-environment-my-core,CodeSystemAllergyEnvironmentMyCore
48,Afovirsen,Afovirsen,http://fhir.hie.moh.gov.my/CodeSystem/allergy-environment-my-core,CodeSystemAllergyEnvironmentMyCore
49,African oil palm,African oil palm,http://fhir.hie.moh.gov.my/CodeSystem/allergy-environment-my-core,CodeSystemAllergyEnvironmentMyCore
50,Agalsidase,Agalsidase,http://fhir.hie.moh.gov.my/CodeSystem/allergy-environment-my-core,CodeSystemAllergyEnvironmentMyCore
51,Agmatine,Agmatine,http://fhir.hie.moh.gov.my/CodeSystem/allergy-environment-my-core,CodeSystemAllergyEnvironmentMyCore
52,Agrimony,Agrimony,http://fhir.hie.moh.gov.my/CodeSystem/allergy-environment-my-core,CodeSystemAllergyEnvironmentMyCore
53,Ajowan caraway,Ajowan caraway,http://fhir.hie.moh.gov.my/CodeSystem/allergy-environment-my-core,CodeSystemAllergyEnvironmentMyCore
54,Albizia,Albizia,http://fhir.hie.moh.gov.my/CodeSystem/allergy-environment-my-core,CodeSystemAllergyEnvironmentMyCore
55,Albumins,Albumins,http://fhir.hie.moh.gov.my/CodeSystem/allergy-environment-my-core,CodeSystemAllergyEnvironmentMyCore
56,Alfalfa,Alfalfa,http://fhir.hie.moh.gov.my/CodeSystem/allergy-environment-my-core,CodeSystemAllergyEnvironmentMyCore
57,Alginic acid and alginates,Alginic acid and alginates,http://fhir.hie.moh.gov.my/CodeSystem/allergy-environment-my-core,CodeSystemAllergyEnvironmentMyCore
58,Aliskiren,Aliskiren,http://fhir.hie.moh.gov.my/CodeSystem/allergy-environment-my-core,CodeSystemAllergyEnvironmentMyCore
59,Alisma orientale,Alisma orientale,http://fhir.hie.moh.gov.my/CodeSystem/allergy-environment-my-core,CodeSystemAllergyEnvironmentMyCore
60,Alisma plantago-aquatica,Alisma plantago-aquatica,http://fhir.hie.moh.gov.my/CodeSystem/allergy-environment-my-core,CodeSystemAllergyEnvironmentMyCore
61,Alizapride,Alizapride,http://fhir.hie.moh.gov.my/CodeSystem/allergy-environment-my-core,CodeSystemAllergyEnvironmentMyCore
62,Alkanet,Alkanet,http://fhir.hie.moh.gov.my/CodeSystem/allergy-environment-my-core,CodeSystemAllergyEnvironmentMyCore
63,Alkyl sulfonates,Alkyl sulfonates,http://fhir.hie.moh.gov.my/CodeSystem/allergy-environment-my-core,CodeSystemAllergyEnvironmentMyCore
64,Allium plants and substances,Allium plants and substances,http://fhir.hie.moh.gov.my/CodeSystem/allergy-environment-my-core,CodeSystemAllergyEnvironmentMyCore
65,Alloclamide,Alloclamide,http://fhir.hie.moh.gov.my/CodeSystem/allergy-environment-my-core,CodeSystemAllergyEnvironmentMyCore
66,Allspice,Allspice,http://fhir.hie.moh.gov.my/CodeSystem/allergy-environment-my-core,CodeSystemAllergyEnvironmentMyCore
67,Almitrine,Almitrine,http://fhir.hie.moh.gov.my/CodeSystem/allergy-environment-my-core,CodeSystemAllergyEnvironmentMyCore
68,Almond,Almond,http://fhir.hie.moh.gov.my/CodeSystem/allergy-environment-my-core,CodeSystemAllergyEnvironmentMyCore
69,Alpha-blockers (benzenesulfonamides),Alpha-blockers (benzenesulfonamides),http://fhir.hie.moh.gov.my/CodeSystem/allergy-environment-my-core,CodeSystemAllergyEnvironmentMyCore
70,Alpha-blockers (quinazoline derivatives),Alpha-blockers (quinazoline derivatives),http://fhir.hie.moh.gov.my/CodeSystem/allergy-environment-my-core,CodeSystemAllergyEnvironmentMyCore
71,Alpha-glucosidase inhibitor,Alpha-glucosidase inhibitor,http://fhir.hie.moh.gov.my/CodeSystem/allergy-environment-my-core,CodeSystemAllergyEnvironmentMyCore
72,Alpinia,Alpinia,http://fhir.hie.moh.gov.my/CodeSystem/allergy-environment-my-core,CodeSystemAllergyEnvironmentMyCore
73,Altinicline,Altinicline,http://fhir.hie.moh.gov.my/CodeSystem/allergy-environment-my-core,CodeSystemAllergyEnvironmentMyCore
74,Aluminium compounds,Aluminium compounds,http://fhir.hie.moh.gov.my/CodeSystem/allergy-environment-my-core,CodeSystemAllergyEnvironmentMyCore
75,Alvameline,Alvameline,http://fhir.hie.moh.gov.my/CodeSystem/allergy-environment-my-core,CodeSystemAllergyEnvironmentMyCore
76,Alverine,Alverine,http://fhir.hie.moh.gov.my/CodeSystem/allergy-environment-my-core,CodeSystemAllergyEnvironmentMyCore
77,Alvimopan,Alvimopan,http://fhir.hie.moh.gov.my/CodeSystem/allergy-environment-my-core,CodeSystemAllergyEnvironmentMyCore
78,Amaranth,Amaranth,http://fhir.hie.moh.gov.my/CodeSystem/allergy-environment-my-core,CodeSystemAllergyEnvironmentMyCore
79,Ambenonium chloride,Ambenonium chloride,http://fhir.hie.moh.gov.my/CodeSystem/allergy-environment-my-core,CodeSystemAllergyEnvironmentMyCore
80,Ambroxol,Ambroxol,http://fhir.hie.moh.gov.my/CodeSystem/allergy-environment-my-core,CodeSystemAllergyEnvironmentMyCore
81,American ginseng,American ginseng,http://fhir.hie.moh.gov.my/CodeSystem/allergy-environment-my-core,CodeSystemAllergyEnvironmentMyCore
82,American lotus,American lotus,http://fhir.hie.moh.gov.my/CodeSystem/allergy-environment-my-core,CodeSystemAllergyEnvironmentMyCore
83,Amfetamines and related agents,Amfetamines and related agents,http://fhir.hie.moh.gov.my/CodeSystem/allergy-environment-my-core,CodeSystemAllergyEnvironmentMyCore
84,Amide type local anaesthetics,Amide type local anaesthetics,http://fhir.hie.moh.gov.my/CodeSystem/allergy-environment-my-core,CodeSystemAllergyEnvironmentMyCore
85,Amiloride,Amiloride,http://fhir.hie.moh.gov.my/CodeSystem/allergy-environment-my-core,CodeSystemAllergyEnvironmentMyCore
86,Aminobenzoic acid (PABA),Aminobenzoic acid (PABA),http://fhir.hie.moh.gov.my/CodeSystem/allergy-environment-my-core,CodeSystemAllergyEnvironmentMyCore
87,Aminocyclitols,Aminocyclitols,http://fhir.hie.moh.gov.my/CodeSystem/allergy-environment-my-core,CodeSystemAllergyEnvironmentMyCore
88,Aminoglycosides,Aminoglycosides,http://fhir.hie.moh.gov.my/CodeSystem/allergy-environment-my-core,CodeSystemAllergyEnvironmentMyCore
89,Aminohippuric acid,Aminohippuric acid,http://fhir.hie.moh.gov.my/CodeSystem/allergy-environment-my-core,CodeSystemAllergyEnvironmentMyCore
90,Aminoketone derivative antidepressants,Aminoketone derivative antidepressants,http://fhir.hie.moh.gov.my/CodeSystem/allergy-environment-my-core,CodeSystemAllergyEnvironmentMyCore
91,Aminolevulinic acid and derivatives,Aminolevulinic acid and derivatives,http://fhir.hie.moh.gov.my/CodeSystem/allergy-environment-my-core,CodeSystemAllergyEnvironmentMyCore
92,Aminomethylbenzoic acid,Aminomethylbenzoic acid,http://fhir.hie.moh.gov.my/CodeSystem/allergy-environment-my-core,CodeSystemAllergyEnvironmentMyCore
93,Aminopromazine,Aminopromazine,http://fhir.hie.moh.gov.my/CodeSystem/allergy-environment-my-core,CodeSystemAllergyEnvironmentMyCore
94,Aminoquinuride,Aminoquinuride,http://fhir.hie.moh.gov.my/CodeSystem/allergy-environment-my-core,CodeSystemAllergyEnvironmentMyCore
95,Amiodarone,Amiodarone,http://fhir.hie.moh.gov.my/CodeSystem/allergy-environment-my-core,CodeSystemAllergyEnvironmentMyCore
96,Amitriptylinoxide,Amitriptylinoxide,http://fhir.hie.moh.gov.my/CodeSystem/allergy-environment-my-core,CodeSystemAllergyEnvironmentMyCore
97,Ammonium (all salts),Ammonium (all salts),http://fhir.hie.moh.gov.my/CodeSystem/allergy-environment-my-core,CodeSystemAllergyEnvironmentMyCore
98,Amorolfine,Amorolfine,http://fhir.hie.moh.gov.my/CodeSystem/allergy-environment-my-core,CodeSystemAllergyEnvironmentMyCore
99,Amotosalen,Amotosalen,http://fhir.hie.moh.gov.my/CodeSystem/allergy-environment-my-core,CodeSystemAllergyEnvironmentMyCore
100,Amur cork tree,Amur cork tree,http://fhir.hie.moh.gov.my/CodeSystem/allergy-environment-my-core,CodeSystemAllergyEnvironmentMyCore
101,Amylene,Amylene,http://fhir.hie.moh.gov.my/CodeSystem/allergy-environment-my-core,CodeSystemAllergyEnvironmentMyCore
102,Anacardium,Anacardium,http://fhir.hie.moh.gov.my/CodeSystem/allergy-environment-my-core,CodeSystemAllergyEnvironmentMyCore
103,Androstenediol,Androstenediol,http://fhir.hie.moh.gov.my/CodeSystem/allergy-environment-my-core,CodeSystemAllergyEnvironmentMyCore
104,Anecortave,Anecortave,http://fhir.hie.moh.gov.my/CodeSystem/allergy-environment-my-core,CodeSystemAllergyEnvironmentMyCore
105,Anethole,Anethole,http://fhir.hie.moh.gov.my/CodeSystem/allergy-environment-my-core,CodeSystemAllergyEnvironmentMyCore
106,Angelica,Angelica,http://fhir.hie.moh.gov.my/CodeSystem/allergy-environment-my-core,CodeSystemAllergyEnvironmentMyCore
107,Angiotensin II receptor antagonists,Angiotensin II receptor antagonists,http://fhir.hie.moh.gov.my/CodeSystem/allergy-environment-my-core,CodeSystemAllergyEnvironmentMyCore
108,Angiotensin converting enzyme (ACE) inhibitors,Angiotensin converting enzyme (ACE) inhibitors,http://fhir.hie.moh.gov.my/CodeSystem/allergy-environment-my-core,CodeSystemAllergyEnvironmentMyCore
109,Aniba rosaeodora,Aniba rosaeodora,http://fhir.hie.moh.gov.my/CodeSystem/allergy-environment-my-core,CodeSystemAllergyEnvironmentMyCore
110,Anise,Anise,http://fhir.hie.moh.gov.my/CodeSystem/allergy-environment-my-core,CodeSystemAllergyEnvironmentMyCore
111,Anisic acid,Anisic acid,http://fhir.hie.moh.gov.my/CodeSystem/allergy-environment-my-core,CodeSystemAllergyEnvironmentMyCore
112,Annatto,Annatto,http://fhir.hie.moh.gov.my/CodeSystem/allergy-environment-my-core,CodeSystemAllergyEnvironmentMyCore
113,Antarctic krill,Antarctic krill,http://fhir.hie.moh.gov.my/CodeSystem/allergy-environment-my-core,CodeSystemAllergyEnvironmentMyCore
114,Anthracyclines,Anthracyclines,http://fhir.hie.moh.gov.my/CodeSystem/allergy-environment-my-core,CodeSystemAllergyEnvironmentMyCore
115,Anthraquinone laxatives,Anthraquinone laxatives,http://fhir.hie.moh.gov.my/CodeSystem/allergy-environment-my-core,CodeSystemAllergyEnvironmentMyCore
116,Anthrax vaccine,Anthrax vaccine,http://fhir.hie.moh.gov.my/CodeSystem/allergy-environment-my-core,CodeSystemAllergyEnvironmentMyCore
117,Anticholinergics,Anticholinergics,http://fhir.hie.moh.gov.my/CodeSystem/allergy-environment-my-core,CodeSystemAllergyEnvironmentMyCore
118,Antihistamines - alkylamine derivatives,Antihistamines - alkylamine derivatives,http://fhir.hie.moh.gov.my/CodeSystem/allergy-environment-my-core,CodeSystemAllergyEnvironmentMyCore
119,Antihistamines - ethanolamine derivatives,Antihistamines - ethanolamine derivatives,http://fhir.hie.moh.gov.my/CodeSystem/allergy-environment-my-core,CodeSystemAllergyEnvironmentMyCore
120,Antihistamines - phthalazinone derivatives,Antihistamines - phthalazinone derivatives,http://fhir.hie.moh.gov.my/CodeSystem/allergy-environment-my-core,CodeSystemAllergyEnvironmentMyCore
121,Antihistamines - piperidine derivatives,Antihistamines - piperidine derivatives,http://fhir.hie.moh.gov.my/CodeSystem/allergy-environment-my-core,CodeSystemAllergyEnvironmentMyCore
122,Antimony compounds,Antimony compounds,http://fhir.hie.moh.gov.my/CodeSystem/allergy-environment-my-core,CodeSystemAllergyEnvironmentMyCore
123,Antimycobacterials - thioamide derivatives,Antimycobacterials - thioamide derivatives,http://fhir.hie.moh.gov.my/CodeSystem/allergy-environment-my-core,CodeSystemAllergyEnvironmentMyCore
124,Antineoplastic antibiotics,Antineoplastic antibiotics,http://fhir.hie.moh.gov.my/CodeSystem/allergy-environment-my-core,CodeSystemAllergyEnvironmentMyCore
125,Antithrombin,Antithrombin,http://fhir.hie.moh.gov.my/CodeSystem/allergy-environment-my-core,CodeSystemAllergyEnvironmentMyCore
126,Apigenin and derivatives,Apigenin and derivatives,http://fhir.hie.moh.gov.my/CodeSystem/allergy-environment-my-core,CodeSystemAllergyEnvironmentMyCore
127,Apple,Apple,http://fhir.hie.moh.gov.my/CodeSystem/allergy-environment-my-core,CodeSystemAllergyEnvironmentMyCore
128,Aprepitant and prodrugs,Aprepitant and prodrugs,http://fhir.hie.moh.gov.my/CodeSystem/allergy-environment-my-core,CodeSystemAllergyEnvironmentMyCore
129,Apricot,Apricot,http://fhir.hie.moh.gov.my/CodeSystem/allergy-environment-my-core,CodeSystemAllergyEnvironmentMyCore
130,Aprindine,Aprindine,http://fhir.hie.moh.gov.my/CodeSystem/allergy-environment-my-core,CodeSystemAllergyEnvironmentMyCore
131,Aptiganel,Aptiganel,http://fhir.hie.moh.gov.my/CodeSystem/allergy-environment-my-core,CodeSystemAllergyEnvironmentMyCore
132,Aptocaine,Aptocaine,http://fhir.hie.moh.gov.my/CodeSystem/allergy-environment-my-core,CodeSystemAllergyEnvironmentMyCore
133,Arabinoxylans,Arabinoxylans,http://fhir.hie.moh.gov.my/CodeSystem/allergy-environment-my-core,CodeSystemAllergyEnvironmentMyCore
134,Aralia mandshurica,Aralia mandshurica,http://fhir.hie.moh.gov.my/CodeSystem/allergy-environment-my-core,CodeSystemAllergyEnvironmentMyCore
135,Arar tree,Arar tree,http://fhir.hie.moh.gov.my/CodeSystem/allergy-environment-my-core,CodeSystemAllergyEnvironmentMyCore
136,Arctic starflower,Arctic starflower,http://fhir.hie.moh.gov.my/CodeSystem/allergy-environment-my-core,CodeSystemAllergyEnvironmentMyCore
137,Arecoline,Arecoline,http://fhir.hie.moh.gov.my/CodeSystem/allergy-environment-my-core,CodeSystemAllergyEnvironmentMyCore
138,Arginine,Arginine,http://fhir.hie.moh.gov.my/CodeSystem/allergy-environment-my-core,CodeSystemAllergyEnvironmentMyCore
139,Arion empiricorum,Arion empiricorum,http://fhir.hie.moh.gov.my/CodeSystem/allergy-environment-my-core,CodeSystemAllergyEnvironmentMyCore
140,Aromatic anticonvulsants,Aromatic anticonvulsants,http://fhir.hie.moh.gov.my/CodeSystem/allergy-environment-my-core,CodeSystemAllergyEnvironmentMyCore
141,Arrow root,Arrow root,http://fhir.hie.moh.gov.my/CodeSystem/allergy-environment-my-core,CodeSystemAllergyEnvironmentMyCore
142,Arsenic compounds,Arsenic compounds,http://fhir.hie.moh.gov.my/CodeSystem/allergy-environment-my-core,CodeSystemAllergyEnvironmentMyCore
143,Artemisia,Artemisia,http://fhir.hie.moh.gov.my/CodeSystem/allergy-environment-my-core,CodeSystemAllergyEnvironmentMyCore
144,Artemisinin derivatives,Artemisinin derivatives,http://fhir.hie.moh.gov.my/CodeSystem/allergy-environment-my-core,CodeSystemAllergyEnvironmentMyCore
145,Arzoxifene,Arzoxifene,http://fhir.hie.moh.gov.my/CodeSystem/allergy-environment-my-core,CodeSystemAllergyEnvironmentMyCore
146,Asarum,Asarum,http://fhir.hie.moh.gov.my/CodeSystem/allergy-environment-my-core,CodeSystemAllergyEnvironmentMyCore
147,Ascorbic acid,Ascorbic acid,http://fhir.hie.moh.gov.my/CodeSystem/allergy-environment-my-core,CodeSystemAllergyEnvironmentMyCore
148,Asenapine,Asenapine,http://fhir.hie.moh.gov.my/CodeSystem/allergy-environment-my-core,CodeSystemAllergyEnvironmentMyCore
149,Ashwagandha,Ashwagandha,http://fhir.hie.moh.gov.my/CodeSystem/allergy-environment-my-core,CodeSystemAllergyEnvironmentMyCore
150,Asparaginase,Asparaginase,http://fhir.hie.moh.gov.my/CodeSystem/allergy-environment-my-core,CodeSystemAllergyEnvironmentMyCore
151,Asparagine,Asparagine,http://fhir.hie.moh.gov.my/CodeSystem/allergy-environment-my-core,CodeSystemAllergyEnvironmentMyCore
152,Asparagus,Asparagus,http://fhir.hie.moh.gov.my/CodeSystem/allergy-environment-my-core,CodeSystemAllergyEnvironmentMyCore
153,Aspartic acid,Aspartic acid,http://fhir.hie.moh.gov.my/CodeSystem/allergy-environment-my-core,CodeSystemAllergyEnvironmentMyCore
154,Aspergillus,Aspergillus,http://fhir.hie.moh.gov.my/CodeSystem/allergy-environment-my-core,CodeSystemAllergyEnvironmentMyCore
155,Asteraceae plants and products,Asteraceae plants and products,http://fhir.hie.moh.gov.my/CodeSystem/allergy-environment-my-core,CodeSystemAllergyEnvironmentMyCore
156,Astragalus excarpus,Astragalus excarpus,http://fhir.hie.moh.gov.my/CodeSystem/allergy-environment-my-core,CodeSystemAllergyEnvironmentMyCore
157,Atazanavir,Atazanavir,http://fhir.hie.moh.gov.my/CodeSystem/allergy-environment-my-core,CodeSystemAllergyEnvironmentMyCore
158,Atlas cedar,Atlas cedar,http://fhir.hie.moh.gov.my/CodeSystem/allergy-environment-my-core,CodeSystemAllergyEnvironmentMyCore
159,Atomoxetine,Atomoxetine,http://fhir.hie.moh.gov.my/CodeSystem/allergy-environment-my-core,CodeSystemAllergyEnvironmentMyCore
160,Atractylodes japonica,Atractylodes japonica,http://fhir.hie.moh.gov.my/CodeSystem/allergy-environment-my-core,CodeSystemAllergyEnvironmentMyCore
161,Atractylodes lancea,Atractylodes lancea,http://fhir.hie.moh.gov.my/CodeSystem/allergy-environment-my-core,CodeSystemAllergyEnvironmentMyCore
162,Atractylodes macrocephala,Atractylodes macrocephala,http://fhir.hie.moh.gov.my/CodeSystem/allergy-environment-my-core,CodeSystemAllergyEnvironmentMyCore
163,Atrasentan,Atrasentan,http://fhir.hie.moh.gov.my/CodeSystem/allergy-environment-my-core,CodeSystemAllergyEnvironmentMyCore
164,Augentrost,Augentrost,http://fhir.hie.moh.gov.my/CodeSystem/allergy-environment-my-core,CodeSystemAllergyEnvironmentMyCore
165,Auramine,Auramine,http://fhir.hie.moh.gov.my/CodeSystem/allergy-environment-my-core,CodeSystemAllergyEnvironmentMyCore
166,Avocado,Avocado,http://fhir.hie.moh.gov.my/CodeSystem/allergy-environment-my-core,CodeSystemAllergyEnvironmentMyCore
167,Azacyclonol,Azacyclonol,http://fhir.hie.moh.gov.my/CodeSystem/allergy-environment-my-core,CodeSystemAllergyEnvironmentMyCore
168,Azapentacene,Azapentacene,http://fhir.hie.moh.gov.my/CodeSystem/allergy-environment-my-core,CodeSystemAllergyEnvironmentMyCore
169,Azapetine,Azapetine,http://fhir.hie.moh.gov.my/CodeSystem/allergy-environment-my-core,CodeSystemAllergyEnvironmentMyCore
170,Azasetron,Azasetron,http://fhir.hie.moh.gov.my/CodeSystem/allergy-environment-my-core,CodeSystemAllergyEnvironmentMyCore
171,Azelaic acid and derivatives,Azelaic acid and derivatives,http://fhir.hie.moh.gov.my/CodeSystem/allergy-environment-my-core,CodeSystemAllergyEnvironmentMyCore
172,Azimilide,Azimilide,http://fhir.hie.moh.gov.my/CodeSystem/allergy-environment-my-core,CodeSystemAllergyEnvironmentMyCore
173,Azolla microphylla,Azolla microphylla,http://fhir.hie.moh.gov.my/CodeSystem/allergy-environment-my-core,CodeSystemAllergyEnvironmentMyCore
174,Aztec marigold,Aztec marigold,http://fhir.hie.moh.gov.my/CodeSystem/allergy-environment-my-core,CodeSystemAllergyEnvironmentMyCore
175,Azulene,Azulene,http://fhir.hie.moh.gov.my/CodeSystem/allergy-environment-my-core,CodeSystemAllergyEnvironmentMyCore
176,BCG preparations,BCG preparations,http://fhir.hie.moh.gov.my/CodeSystem/allergy-environment-my-core,CodeSystemAllergyEnvironmentMyCore
177,Babassu,Babassu,http://fhir.hie.moh.gov.my/CodeSystem/allergy-environment-my-core,CodeSystemAllergyEnvironmentMyCore
178,Baby's breath,Baby's breath,http://fhir.hie.moh.gov.my/CodeSystem/allergy-environment-my-core,CodeSystemAllergyEnvironmentMyCore
179,Bacillus cereus,Bacillus cereus,http://fhir.hie.moh.gov.my/CodeSystem/allergy-environment-my-core,CodeSystemAllergyEnvironmentMyCore
180,Bacillus mesentericus,Bacillus mesentericus,http://fhir.hie.moh.gov.my/CodeSystem/allergy-environment-my-core,CodeSystemAllergyEnvironmentMyCore
181,Bacillus polyfermenticus,Bacillus polyfermenticus,http://fhir.hie.moh.gov.my/CodeSystem/allergy-environment-my-core,CodeSystemAllergyEnvironmentMyCore
182,Bacillus subtilis,Bacillus subtilis,http://fhir.hie.moh.gov.my/CodeSystem/allergy-environment-my-core,CodeSystemAllergyEnvironmentMyCore
183,Bacitracins,Bacitracins,http://fhir.hie.moh.gov.my/CodeSystem/allergy-environment-my-core,CodeSystemAllergyEnvironmentMyCore
184,Baibu stemona,Baibu stemona,http://fhir.hie.moh.gov.my/CodeSystem/allergy-environment-my-core,CodeSystemAllergyEnvironmentMyCore
185,Balloon flower,Balloon flower,http://fhir.hie.moh.gov.my/CodeSystem/allergy-environment-my-core,CodeSystemAllergyEnvironmentMyCore
186,Balsam of Peru,Balsam of Peru,http://fhir.hie.moh.gov.my/CodeSystem/allergy-environment-my-core,CodeSystemAllergyEnvironmentMyCore
187,Bamethan,Bamethan,http://fhir.hie.moh.gov.my/CodeSystem/allergy-environment-my-core,CodeSystemAllergyEnvironmentMyCore
188,Banana,Banana,http://fhir.hie.moh.gov.my/CodeSystem/allergy-environment-my-core,CodeSystemAllergyEnvironmentMyCore
189,Barbados cherry,Barbados cherry,http://fhir.hie.moh.gov.my/CodeSystem/allergy-environment-my-core,CodeSystemAllergyEnvironmentMyCore
190,Barbiturates,Barbiturates,http://fhir.hie.moh.gov.my/CodeSystem/allergy-environment-my-core,CodeSystemAllergyEnvironmentMyCore
191,Barium compounds,Barium compounds,http://fhir.hie.moh.gov.my/CodeSystem/allergy-environment-my-core,CodeSystemAllergyEnvironmentMyCore
192,Barley,Barley,http://fhir.hie.moh.gov.my/CodeSystem/allergy-environment-my-core,CodeSystemAllergyEnvironmentMyCore
193,Bayrumtree,Bayrumtree,http://fhir.hie.moh.gov.my/CodeSystem/allergy-environment-my-core,CodeSystemAllergyEnvironmentMyCore
194,Bearberry,Bearberry,http://fhir.hie.moh.gov.my/CodeSystem/allergy-environment-my-core,CodeSystemAllergyEnvironmentMyCore
195,Bedaquiline,Bedaquiline,http://fhir.hie.moh.gov.my/CodeSystem/allergy-environment-my-core,CodeSystemAllergyEnvironmentMyCore
196,Bee products,Bee products,http://fhir.hie.moh.gov.my/CodeSystem/allergy-environment-my-core,CodeSystemAllergyEnvironmentMyCore
197,Beeswax,Beeswax,http://fhir.hie.moh.gov.my/CodeSystem/allergy-environment-my-core,CodeSystemAllergyEnvironmentMyCore
198,Beet,Beet,http://fhir.hie.moh.gov.my/CodeSystem/allergy-environment-my-core,CodeSystemAllergyEnvironmentMyCore
199,Behenic acid,Behenic acid,http://fhir.hie.moh.gov.my/CodeSystem/allergy-environment-my-core,CodeSystemAllergyEnvironmentMyCore
200,Bellflower,Bellflower,http://fhir.hie.moh.gov.my/CodeSystem/allergy-environment-my-core,CodeSystemAllergyEnvironmentMyCore
201,Bencyclane,Bencyclane,http://fhir.hie.moh.gov.my/CodeSystem/allergy-environment-my-core,CodeSystemAllergyEnvironmentMyCore
202,Benexate,Benexate,http://fhir.hie.moh.gov.my/CodeSystem/allergy-environment-my-core,CodeSystemAllergyEnvironmentMyCore
203,Benproperine,Benproperine,http://fhir.hie.moh.gov.my/CodeSystem/allergy-environment-my-core,CodeSystemAllergyEnvironmentMyCore
204,Benserazide,Benserazide,http://fhir.hie.moh.gov.my/CodeSystem/allergy-environment-my-core,CodeSystemAllergyEnvironmentMyCore
205,Benzacine,Benzacine,http://fhir.hie.moh.gov.my/CodeSystem/allergy-environment-my-core,CodeSystemAllergyEnvironmentMyCore
206,Benzamide derivatives,Benzamide derivatives,http://fhir.hie.moh.gov.my/CodeSystem/allergy-environment-my-core,CodeSystemAllergyEnvironmentMyCore
207,Benzfetamine,Benzfetamine,http://fhir.hie.moh.gov.my/CodeSystem/allergy-environment-my-core,CodeSystemAllergyEnvironmentMyCore
208,Benzimidazole anthelmintics,Benzimidazole anthelmintics,http://fhir.hie.moh.gov.my/CodeSystem/allergy-environment-my-core,CodeSystemAllergyEnvironmentMyCore
209,Benzisothiazolyl piperazine derivatives,Benzisothiazolyl piperazine derivatives,http://fhir.hie.moh.gov.my/CodeSystem/allergy-environment-my-core,CodeSystemAllergyEnvironmentMyCore
210,Benzoates,Benzoates,http://fhir.hie.moh.gov.my/CodeSystem/allergy-environment-my-core,CodeSystemAllergyEnvironmentMyCore
211,Benzocaine,Benzocaine,http://fhir.hie.moh.gov.my/CodeSystem/allergy-environment-my-core,CodeSystemAllergyEnvironmentMyCore
212,Benzocycloheptathiophene derivatives,Benzocycloheptathiophene derivatives,http://fhir.hie.moh.gov.my/CodeSystem/allergy-environment-my-core,CodeSystemAllergyEnvironmentMyCore
213,Benzodiazepine derivatives,Benzodiazepine derivatives,http://fhir.hie.moh.gov.my/CodeSystem/allergy-environment-my-core,CodeSystemAllergyEnvironmentMyCore
214,Benzoin,Benzoin,http://fhir.hie.moh.gov.my/CodeSystem/allergy-environment-my-core,CodeSystemAllergyEnvironmentMyCore
215,Benzoquinone,Benzoquinone,http://fhir.hie.moh.gov.my/CodeSystem/allergy-environment-my-core,CodeSystemAllergyEnvironmentMyCore
216,Benzoxazoles,Benzoxazoles,http://fhir.hie.moh.gov.my/CodeSystem/allergy-environment-my-core,CodeSystemAllergyEnvironmentMyCore
217,Benzoxiquine,Benzoxiquine,http://fhir.hie.moh.gov.my/CodeSystem/allergy-environment-my-core,CodeSystemAllergyEnvironmentMyCore
218,Benzoyl peroxide,Benzoyl peroxide,http://fhir.hie.moh.gov.my/CodeSystem/allergy-environment-my-core,CodeSystemAllergyEnvironmentMyCore
219,Benzquinamide,Benzquinamide,http://fhir.hie.moh.gov.my/CodeSystem/allergy-environment-my-core,CodeSystemAllergyEnvironmentMyCore
220,Bepotastine,Bepotastine,http://fhir.hie.moh.gov.my/CodeSystem/allergy-environment-my-core,CodeSystemAllergyEnvironmentMyCore
221,Beraprost,Beraprost,http://fhir.hie.moh.gov.my/CodeSystem/allergy-environment-my-core,CodeSystemAllergyEnvironmentMyCore
222,Berberine,Berberine,http://fhir.hie.moh.gov.my/CodeSystem/allergy-environment-my-core,CodeSystemAllergyEnvironmentMyCore
223,Beryllium compounds,Beryllium compounds,http://fhir.hie.moh.gov.my/CodeSystem/allergy-environment-my-core,CodeSystemAllergyEnvironmentMyCore
224,Beta-blockers,Beta-blockers,http://fhir.hie.moh.gov.my/CodeSystem/allergy-environment-my-core,CodeSystemAllergyEnvironmentMyCore
225,Beta-glucans,Beta-glucans,http://fhir.hie.moh.gov.my/CodeSystem/allergy-environment-my-core,CodeSystemAllergyEnvironmentMyCore
226,Beta-glucocerebrosidase enzymes,Beta-glucocerebrosidase enzymes,http://fhir.hie.moh.gov.my/CodeSystem/allergy-environment-my-core,CodeSystemAllergyEnvironmentMyCore
227,Beta-lactamase inhibitors,Beta-lactamase inhibitors,http://fhir.hie.moh.gov.my/CodeSystem/allergy-environment-my-core,CodeSystemAllergyEnvironmentMyCore
228,Betaine,Betaine,http://fhir.hie.moh.gov.my/CodeSystem/allergy-environment-my-core,CodeSystemAllergyEnvironmentMyCore
229,Betanidine,Betanidine,http://fhir.hie.moh.gov.my/CodeSystem/allergy-environment-my-core,CodeSystemAllergyEnvironmentMyCore
230,Betazole,Betazole,http://fhir.hie.moh.gov.my/CodeSystem/allergy-environment-my-core,CodeSystemAllergyEnvironmentMyCore
231,Betel palm,Betel palm,http://fhir.hie.moh.gov.my/CodeSystem/allergy-environment-my-core,CodeSystemAllergyEnvironmentMyCore
232,Bibenzonium,Bibenzonium,http://fhir.hie.moh.gov.my/CodeSystem/allergy-environment-my-core,CodeSystemAllergyEnvironmentMyCore
233,Bietamiverine,Bietamiverine,http://fhir.hie.moh.gov.my/CodeSystem/allergy-environment-my-core,CodeSystemAllergyEnvironmentMyCore
234,Bifemelane,Bifemelane,http://fhir.hie.moh.gov.my/CodeSystem/allergy-environment-my-core,CodeSystemAllergyEnvironmentMyCore
235,Bifidobacteria,Bifidobacteria,http://fhir.hie.moh.gov.my/CodeSystem/allergy-environment-my-core,CodeSystemAllergyEnvironmentMyCore
236,Bifidobacterium animalis,Bifidobacterium animalis,http://fhir.hie.moh.gov.my/CodeSystem/allergy-environment-my-core,CodeSystemAllergyEnvironmentMyCore
237,Big blue lilyturf,Big blue lilyturf,http://fhir.hie.moh.gov.my/CodeSystem/allergy-environment-my-core,CodeSystemAllergyEnvironmentMyCore
238,Biguanides,Biguanides,http://fhir.hie.moh.gov.my/CodeSystem/allergy-environment-my-core,CodeSystemAllergyEnvironmentMyCore
239,Bilberry,Bilberry,http://fhir.hie.moh.gov.my/CodeSystem/allergy-environment-my-core,CodeSystemAllergyEnvironmentMyCore
240,Bile acids,Bile acids,http://fhir.hie.moh.gov.my/CodeSystem/allergy-environment-my-core,CodeSystemAllergyEnvironmentMyCore
241,Bimosiamose,Bimosiamose,http://fhir.hie.moh.gov.my/CodeSystem/allergy-environment-my-core,CodeSystemAllergyEnvironmentMyCore
242,Biotin,Biotin,http://fhir.hie.moh.gov.my/CodeSystem/allergy-environment-my-core,CodeSystemAllergyEnvironmentMyCore
243,Biotite,Biotite,http://fhir.hie.moh.gov.my/CodeSystem/allergy-environment-my-core,CodeSystemAllergyEnvironmentMyCore
244,Bipyridine phosphodiesterase inhibitors,Bipyridine phosphodiesterase inhibitors,http://fhir.hie.moh.gov.my/CodeSystem/allergy-environment-my-core,CodeSystemAllergyEnvironmentMyCore
245,Birch,Birch,http://fhir.hie.moh.gov.my/CodeSystem/allergy-environment-my-core,CodeSystemAllergyEnvironmentMyCore
246,Biricodar,Biricodar,http://fhir.hie.moh.gov.my/CodeSystem/allergy-environment-my-core,CodeSystemAllergyEnvironmentMyCore
247,Bismuth compounds,Bismuth compounds,http://fhir.hie.moh.gov.my/CodeSystem/allergy-environment-my-core,CodeSystemAllergyEnvironmentMyCore
248,Bisphosphonates,Bisphosphonates,http://fhir.hie.moh.gov.my/CodeSystem/allergy-environment-my-core,CodeSystemAllergyEnvironmentMyCore
249,Bithionol,Bithionol,http://fhir.hie.moh.gov.my/CodeSystem/allergy-environment-my-core,CodeSystemAllergyEnvironmentMyCore
250,Bitter candytuft,Bitter candytuft,http://fhir.hie.moh.gov.my/CodeSystem/allergy-environment-my-core,CodeSystemAllergyEnvironmentMyCore
251,Bitter oleander,Bitter oleander,http://fhir.hie.moh.gov.my/CodeSystem/allergy-environment-my-core,CodeSystemAllergyEnvironmentMyCore
252,Black bamboo,Black bamboo,http://fhir.hie.moh.gov.my/CodeSystem/allergy-environment-my-core,CodeSystemAllergyEnvironmentMyCore
253,Black cherry,Black cherry,http://fhir.hie.moh.gov.my/CodeSystem/allergy-environment-my-core,CodeSystemAllergyEnvironmentMyCore
254,Black chokeberry,Black chokeberry,http://fhir.hie.moh.gov.my/CodeSystem/allergy-environment-my-core,CodeSystemAllergyEnvironmentMyCore
255,Black cohosh,Black cohosh,http://fhir.hie.moh.gov.my/CodeSystem/allergy-environment-my-core,CodeSystemAllergyEnvironmentMyCore
256,Black currant,Black currant,http://fhir.hie.moh.gov.my/CodeSystem/allergy-environment-my-core,CodeSystemAllergyEnvironmentMyCore
257,Black elderberry,Black elderberry,http://fhir.hie.moh.gov.my/CodeSystem/allergy-environment-my-core,CodeSystemAllergyEnvironmentMyCore
258,Black haw,Black haw,http://fhir.hie.moh.gov.my/CodeSystem/allergy-environment-my-core,CodeSystemAllergyEnvironmentMyCore
259,Black henbane,Black henbane,http://fhir.hie.moh.gov.my/CodeSystem/allergy-environment-my-core,CodeSystemAllergyEnvironmentMyCore
260,Black horehound,Black horehound,http://fhir.hie.moh.gov.my/CodeSystem/allergy-environment-my-core,CodeSystemAllergyEnvironmentMyCore
261,Black salsify,Black salsify,http://fhir.hie.moh.gov.my/CodeSystem/allergy-environment-my-core,CodeSystemAllergyEnvironmentMyCore
262,Blackberry,Blackberry,http://fhir.hie.moh.gov.my/CodeSystem/allergy-environment-my-core,CodeSystemAllergyEnvironmentMyCore
263,Bladderwrack,Bladderwrack,http://fhir.hie.moh.gov.my/CodeSystem/allergy-environment-my-core,CodeSystemAllergyEnvironmentMyCore
264,Bloodroot,Bloodroot,http://fhir.hie.moh.gov.my/CodeSystem/allergy-environment-my-core,CodeSystemAllergyEnvironmentMyCore
265,Blue cohosh,Blue cohosh,http://fhir.hie.moh.gov.my/CodeSystem/allergy-environment-my-core,CodeSystemAllergyEnvironmentMyCore
266,Blue dyes,Blue dyes,http://fhir.hie.moh.gov.my/CodeSystem/allergy-environment-my-core,CodeSystemAllergyEnvironmentMyCore
267,Boldo,Boldo,http://fhir.hie.moh.gov.my/CodeSystem/allergy-environment-my-core,CodeSystemAllergyEnvironmentMyCore
268,Bone morphogenetic proteins,Bone morphogenetic proteins,http://fhir.hie.moh.gov.my/CodeSystem/allergy-environment-my-core,CodeSystemAllergyEnvironmentMyCore
269,Boneset,Boneset,http://fhir.hie.moh.gov.my/CodeSystem/allergy-environment-my-core,CodeSystemAllergyEnvironmentMyCore
270,Boric acid,Boric acid,http://fhir.hie.moh.gov.my/CodeSystem/allergy-environment-my-core,CodeSystemAllergyEnvironmentMyCore
271,Boron,Boron,http://fhir.hie.moh.gov.my/CodeSystem/allergy-environment-my-core,CodeSystemAllergyEnvironmentMyCore
272,Boswellia,Boswellia,http://fhir.hie.moh.gov.my/CodeSystem/allergy-environment-my-core,CodeSystemAllergyEnvironmentMyCore
273,Botulinum antitoxin,Botulinum antitoxin,http://fhir.hie.moh.gov.my/CodeSystem/allergy-environment-my-core,CodeSystemAllergyEnvironmentMyCore
274,Botulinum toxins,Botulinum toxins,http://fhir.hie.moh.gov.my/CodeSystem/allergy-environment-my-core,CodeSystemAllergyEnvironmentMyCore
275,Bouncing bet,Bouncing bet,http://fhir.hie.moh.gov.my/CodeSystem/allergy-environment-my-core,CodeSystemAllergyEnvironmentMyCore
276,Bovine proteins,Bovine proteins,http://fhir.hie.moh.gov.my/CodeSystem/allergy-environment-my-core,CodeSystemAllergyEnvironmentMyCore
277,Brasofensine,Brasofensine,http://fhir.hie.moh.gov.my/CodeSystem/allergy-environment-my-core,CodeSystemAllergyEnvironmentMyCore
278,Brassica,Brassica,http://fhir.hie.moh.gov.my/CodeSystem/allergy-environment-my-core,CodeSystemAllergyEnvironmentMyCore
279,Bretylium,Bretylium,http://fhir.hie.moh.gov.my/CodeSystem/allergy-environment-my-core,CodeSystemAllergyEnvironmentMyCore
280,Brindleberry,Brindleberry,http://fhir.hie.moh.gov.my/CodeSystem/allergy-environment-my-core,CodeSystemAllergyEnvironmentMyCore
281,Brine shrimp,Brine shrimp,http://fhir.hie.moh.gov.my/CodeSystem/allergy-environment-my-core,CodeSystemAllergyEnvironmentMyCore
282,British yellowhead,British yellowhead,http://fhir.hie.moh.gov.my/CodeSystem/allergy-environment-my-core,CodeSystemAllergyEnvironmentMyCore
283,Bromhexine,Bromhexine,http://fhir.hie.moh.gov.my/CodeSystem/allergy-environment-my-core,CodeSystemAllergyEnvironmentMyCore
284,Bromide-containing compounds,Bromide-containing compounds,http://fhir.hie.moh.gov.my/CodeSystem/allergy-environment-my-core,CodeSystemAllergyEnvironmentMyCore
285,Bromopride,Bromopride,http://fhir.hie.moh.gov.my/CodeSystem/allergy-environment-my-core,CodeSystemAllergyEnvironmentMyCore
286,Brovanexine,Brovanexine,http://fhir.hie.moh.gov.my/CodeSystem/allergy-environment-my-core,CodeSystemAllergyEnvironmentMyCore
287,Brovincamine,Brovincamine,http://fhir.hie.moh.gov.my/CodeSystem/allergy-environment-my-core,CodeSystemAllergyEnvironmentMyCore
288,Buchu,Buchu,http://fhir.hie.moh.gov.my/CodeSystem/allergy-environment-my-core,CodeSystemAllergyEnvironmentMyCore
289,Buckbean,Buckbean,http://fhir.hie.moh.gov.my/CodeSystem/allergy-environment-my-core,CodeSystemAllergyEnvironmentMyCore
290,Buckthorn,Buckthorn,http://fhir.hie.moh.gov.my/CodeSystem/allergy-environment-my-core,CodeSystemAllergyEnvironmentMyCore
291,Buckwheat,Buckwheat,http://fhir.hie.moh.gov.my/CodeSystem/allergy-environment-my-core,CodeSystemAllergyEnvironmentMyCore
292,Budipine,Budipine,http://fhir.hie.moh.gov.my/CodeSystem/allergy-environment-my-core,CodeSystemAllergyEnvironmentMyCore
293,Buflomedil,Buflomedil,http://fhir.hie.moh.gov.my/CodeSystem/allergy-environment-my-core,CodeSystemAllergyEnvironmentMyCore
294,Buphenine,Buphenine,http://fhir.hie.moh.gov.my/CodeSystem/allergy-environment-my-core,CodeSystemAllergyEnvironmentMyCore
295,Burdock,Burdock,http://fhir.hie.moh.gov.my/CodeSystem/allergy-environment-my-core,CodeSystemAllergyEnvironmentMyCore
296,Burnet saxifrage,Burnet saxifrage,http://fhir.hie.moh.gov.my/CodeSystem/allergy-environment-my-core,CodeSystemAllergyEnvironmentMyCore
297,Buspirone,Buspirone,http://fhir.hie.moh.gov.my/CodeSystem/allergy-environment-my-core,CodeSystemAllergyEnvironmentMyCore
298,Butalamine,Butalamine,http://fhir.hie.moh.gov.my/CodeSystem/allergy-environment-my-core,CodeSystemAllergyEnvironmentMyCore
299,Butamirate,Butamirate,http://fhir.hie.moh.gov.my/CodeSystem/allergy-environment-my-core,CodeSystemAllergyEnvironmentMyCore
300,Butenafine,Butenafine,http://fhir.hie.moh.gov.my/CodeSystem/allergy-environment-my-core,CodeSystemAllergyEnvironmentMyCore
301,Butetamate,Butetamate,http://fhir.hie.moh.gov.my/CodeSystem/allergy-environment-my-core,CodeSystemAllergyEnvironmentMyCore
302,Butinoline,Butinoline,http://fhir.hie.moh.gov.my/CodeSystem/allergy-environment-my-core,CodeSystemAllergyEnvironmentMyCore
303,Butopiprine,Butopiprine,http://fhir.hie.moh.gov.my/CodeSystem/allergy-environment-my-core,CodeSystemAllergyEnvironmentMyCore
304,Butriptyline,Butriptyline,http://fhir.hie.moh.gov.my/CodeSystem/allergy-environment-my-core,CodeSystemAllergyEnvironmentMyCore
305,Butterbur,Butterbur,http://fhir.hie.moh.gov.my/CodeSystem/allergy-environment-my-core,CodeSystemAllergyEnvironmentMyCore
306,Butterfly milkweed,Butterfly milkweed,http://fhir.hie.moh.gov.my/CodeSystem/allergy-environment-my-core,CodeSystemAllergyEnvironmentMyCore
307,Butternut,Butternut,http://fhir.hie.moh.gov.my/CodeSystem/allergy-environment-my-core,CodeSystemAllergyEnvironmentMyCore
308,Butyrophenone derivatives,Butyrophenone derivatives,http://fhir.hie.moh.gov.my/CodeSystem/allergy-environment-my-core,CodeSystemAllergyEnvironmentMyCore
309,COMT inhibitors,COMT inhibitors,http://fhir.hie.moh.gov.my/CodeSystem/allergy-environment-my-core,CodeSystemAllergyEnvironmentMyCore
310,COX-2 inhibitors (non-sulfonamide),COX-2 inhibitors (non-sulfonamide),http://fhir.hie.moh.gov.my/CodeSystem/allergy-environment-my-core,CodeSystemAllergyEnvironmentMyCore
311,COX-2 inhibitors (sulfonamide),COX-2 inhibitors (sulfonamide),http://fhir.hie.moh.gov.my/CodeSystem/allergy-environment-my-core,CodeSystemAllergyEnvironmentMyCore
312,Cabozantinib,Cabozantinib,http://fhir.hie.moh.gov.my/CodeSystem/allergy-environment-my-core,CodeSystemAllergyEnvironmentMyCore
313,Cadexomer,Cadexomer,http://fhir.hie.moh.gov.my/CodeSystem/allergy-environment-my-core,CodeSystemAllergyEnvironmentMyCore
314,Cadmium (all salts),Cadmium (all salts),http://fhir.hie.moh.gov.my/CodeSystem/allergy-environment-my-core,CodeSystemAllergyEnvironmentMyCore
315,Calamus,Calamus,http://fhir.hie.moh.gov.my/CodeSystem/allergy-environment-my-core,CodeSystemAllergyEnvironmentMyCore
316,Calcineurin inhibitors,Calcineurin inhibitors,http://fhir.hie.moh.gov.my/CodeSystem/allergy-environment-my-core,CodeSystemAllergyEnvironmentMyCore
317,Calcitonin derivatives,Calcitonin derivatives,http://fhir.hie.moh.gov.my/CodeSystem/allergy-environment-my-core,CodeSystemAllergyEnvironmentMyCore
318,Calcium,Calcium,http://fhir.hie.moh.gov.my/CodeSystem/allergy-environment-my-core,CodeSystemAllergyEnvironmentMyCore
319,Calcium channel blocking agents - benzothiazepines,Calcium channel blocking agents - benzothiazepines,http://fhir.hie.moh.gov.my/CodeSystem/allergy-environment-my-core,CodeSystemAllergyEnvironmentMyCore
320,Calcium channel blocking agents - dihydropyridines,Calcium channel blocking agents - dihydropyridines,http://fhir.hie.moh.gov.my/CodeSystem/allergy-environment-my-core,CodeSystemAllergyEnvironmentMyCore
321,Calcium channel blocking agents - phenylalkylamines,Calcium channel blocking agents - phenylalkylamines,http://fhir.hie.moh.gov.my/CodeSystem/allergy-environment-my-core,CodeSystemAllergyEnvironmentMyCore
322,Caldiamide,Caldiamide,http://fhir.hie.moh.gov.my/CodeSystem/allergy-environment-my-core,CodeSystemAllergyEnvironmentMyCore
323,California poppy,California poppy,http://fhir.hie.moh.gov.my/CodeSystem/allergy-environment-my-core,CodeSystemAllergyEnvironmentMyCore
324,Callerya reticulata,Callerya reticulata,http://fhir.hie.moh.gov.my/CodeSystem/allergy-environment-my-core,CodeSystemAllergyEnvironmentMyCore
325,Calumba,Calumba,http://fhir.hie.moh.gov.my/CodeSystem/allergy-environment-my-core,CodeSystemAllergyEnvironmentMyCore
326,Camomile,Camomile,http://fhir.hie.moh.gov.my/CodeSystem/allergy-environment-my-core,CodeSystemAllergyEnvironmentMyCore
327,Camostat,Camostat,http://fhir.hie.moh.gov.my/CodeSystem/allergy-environment-my-core,CodeSystemAllergyEnvironmentMyCore
328,Camphor,Camphor,http://fhir.hie.moh.gov.my/CodeSystem/allergy-environment-my-core,CodeSystemAllergyEnvironmentMyCore
329,Camphor tree,Camphor tree,http://fhir.hie.moh.gov.my/CodeSystem/allergy-environment-my-core,CodeSystemAllergyEnvironmentMyCore
330,Canagliflozin,Canagliflozin,http://fhir.hie.moh.gov.my/CodeSystem/allergy-environment-my-core,CodeSystemAllergyEnvironmentMyCore
331,Candida,Candida,http://fhir.hie.moh.gov.my/CodeSystem/allergy-environment-my-core,CodeSystemAllergyEnvironmentMyCore
332,Cannabis and cannabinoids,Cannabis and cannabinoids,http://fhir.hie.moh.gov.my/CodeSystem/allergy-environment-my-core,CodeSystemAllergyEnvironmentMyCore
333,Cantharidin,Cantharidin,http://fhir.hie.moh.gov.my/CodeSystem/allergy-environment-my-core,CodeSystemAllergyEnvironmentMyCore
334,Cape jasmine,Cape jasmine,http://fhir.hie.moh.gov.my/CodeSystem/allergy-environment-my-core,CodeSystemAllergyEnvironmentMyCore
335,Caper,Caper,http://fhir.hie.moh.gov.my/CodeSystem/allergy-environment-my-core,CodeSystemAllergyEnvironmentMyCore
336,Capreomycin,Capreomycin,http://fhir.hie.moh.gov.my/CodeSystem/allergy-environment-my-core,CodeSystemAllergyEnvironmentMyCore
337,Capromorelin,Capromorelin,http://fhir.hie.moh.gov.my/CodeSystem/allergy-environment-my-core,CodeSystemAllergyEnvironmentMyCore
338,Capsicum,Capsicum,http://fhir.hie.moh.gov.my/CodeSystem/allergy-environment-my-core,CodeSystemAllergyEnvironmentMyCore
339,Captodiame,Captodiame,http://fhir.hie.moh.gov.my/CodeSystem/allergy-environment-my-core,CodeSystemAllergyEnvironmentMyCore
340,Caraway,Caraway,http://fhir.hie.moh.gov.my/CodeSystem/allergy-environment-my-core,CodeSystemAllergyEnvironmentMyCore
341,Carbacephems,Carbacephems,http://fhir.hie.moh.gov.my/CodeSystem/allergy-environment-my-core,CodeSystemAllergyEnvironmentMyCore
342,Carbamates,Carbamates,http://fhir.hie.moh.gov.my/CodeSystem/allergy-environment-my-core,CodeSystemAllergyEnvironmentMyCore
343,Carbamazepine and analogue,Carbamazepine and analogue,http://fhir.hie.moh.gov.my/CodeSystem/allergy-environment-my-core,CodeSystemAllergyEnvironmentMyCore
344,Carbapenems,Carbapenems,http://fhir.hie.moh.gov.my/CodeSystem/allergy-environment-my-core,CodeSystemAllergyEnvironmentMyCore
345,Carbazochrome,Carbazochrome,http://fhir.hie.moh.gov.my/CodeSystem/allergy-environment-my-core,CodeSystemAllergyEnvironmentMyCore
346,Carbenoxolone,Carbenoxolone,http://fhir.hie.moh.gov.my/CodeSystem/allergy-environment-my-core,CodeSystemAllergyEnvironmentMyCore
347,Carbidopa,Carbidopa,http://fhir.hie.moh.gov.my/CodeSystem/allergy-environment-my-core,CodeSystemAllergyEnvironmentMyCore
348,Carbocisteine,Carbocisteine,http://fhir.hie.moh.gov.my/CodeSystem/allergy-environment-my-core,CodeSystemAllergyEnvironmentMyCore
349,Carbocromen,Carbocromen,http://fhir.hie.moh.gov.my/CodeSystem/allergy-environment-my-core,CodeSystemAllergyEnvironmentMyCore
350,Carbomers,Carbomers,http://fhir.hie.moh.gov.my/CodeSystem/allergy-environment-my-core,CodeSystemAllergyEnvironmentMyCore
351,Carbomethoxythiazolidine,Carbomethoxythiazolidine,http://fhir.hie.moh.gov.my/CodeSystem/allergy-environment-my-core,CodeSystemAllergyEnvironmentMyCore
352,Carbonic anhydrase inhibitors,Carbonic anhydrase inhibitors,http://fhir.hie.moh.gov.my/CodeSystem/allergy-environment-my-core,CodeSystemAllergyEnvironmentMyCore
353,Cardamom,Cardamom,http://fhir.hie.moh.gov.my/CodeSystem/allergy-environment-my-core,CodeSystemAllergyEnvironmentMyCore
354,Carfenazine,Carfenazine,http://fhir.hie.moh.gov.my/CodeSystem/allergy-environment-my-core,CodeSystemAllergyEnvironmentMyCore
355,Caricature-plant,Caricature-plant,http://fhir.hie.moh.gov.my/CodeSystem/allergy-environment-my-core,CodeSystemAllergyEnvironmentMyCore
356,Carline thistle,Carline thistle,http://fhir.hie.moh.gov.my/CodeSystem/allergy-environment-my-core,CodeSystemAllergyEnvironmentMyCore
357,Carmine and related agents,Carmine and related agents,http://fhir.hie.moh.gov.my/CodeSystem/allergy-environment-my-core,CodeSystemAllergyEnvironmentMyCore
358,Carnauba,Carnauba,http://fhir.hie.moh.gov.my/CodeSystem/allergy-environment-my-core,CodeSystemAllergyEnvironmentMyCore
359,Carnitine,Carnitine,http://fhir.hie.moh.gov.my/CodeSystem/allergy-environment-my-core,CodeSystemAllergyEnvironmentMyCore
360,Carob,Carob,http://fhir.hie.moh.gov.my/CodeSystem/allergy-environment-my-core,CodeSystemAllergyEnvironmentMyCore
361,Caroverine,Caroverine,http://fhir.hie.moh.gov.my/CodeSystem/allergy-environment-my-core,CodeSystemAllergyEnvironmentMyCore
362,Carpipramine,Carpipramine,http://fhir.hie.moh.gov.my/CodeSystem/allergy-environment-my-core,CodeSystemAllergyEnvironmentMyCore
363,Carrageenan,Carrageenan,http://fhir.hie.moh.gov.my/CodeSystem/allergy-environment-my-core,CodeSystemAllergyEnvironmentMyCore
364,Casein,Casein,http://fhir.hie.moh.gov.my/CodeSystem/allergy-environment-my-core,CodeSystemAllergyEnvironmentMyCore
365,Cassia tora,Cassia tora,http://fhir.hie.moh.gov.my/CodeSystem/allergy-environment-my-core,CodeSystemAllergyEnvironmentMyCore
366,Cassumunar ginger,Cassumunar ginger,http://fhir.hie.moh.gov.my/CodeSystem/allergy-environment-my-core,CodeSystemAllergyEnvironmentMyCore
367,Castor,Castor,http://fhir.hie.moh.gov.my/CodeSystem/allergy-environment-my-core,CodeSystemAllergyEnvironmentMyCore
368,Castor oil,Castor oil,http://fhir.hie.moh.gov.my/CodeSystem/allergy-environment-my-core,CodeSystemAllergyEnvironmentMyCore
369,Cat's claw,Cat's claw,http://fhir.hie.moh.gov.my/CodeSystem/allergy-environment-my-core,CodeSystemAllergyEnvironmentMyCore
370,Cathine,Cathine,http://fhir.hie.moh.gov.my/CodeSystem/allergy-environment-my-core,CodeSystemAllergyEnvironmentMyCore
371,Catmint,Catmint,http://fhir.hie.moh.gov.my/CodeSystem/allergy-environment-my-core,CodeSystemAllergyEnvironmentMyCore
372,Cedar,Cedar,http://fhir.hie.moh.gov.my/CodeSystem/allergy-environment-my-core,CodeSystemAllergyEnvironmentMyCore
373,Celastrus paniculatus,Celastrus paniculatus,http://fhir.hie.moh.gov.my/CodeSystem/allergy-environment-my-core,CodeSystemAllergyEnvironmentMyCore
374,Celery,Celery,http://fhir.hie.moh.gov.my/CodeSystem/allergy-environment-my-core,CodeSystemAllergyEnvironmentMyCore
375,Cellulose and its derivatives,Cellulose and its derivatives,http://fhir.hie.moh.gov.my/CodeSystem/allergy-environment-my-core,CodeSystemAllergyEnvironmentMyCore
376,Centaury,Centaury,http://fhir.hie.moh.gov.my/CodeSystem/allergy-environment-my-core,CodeSystemAllergyEnvironmentMyCore
377,Cephalosporins,Cephalosporins,http://fhir.hie.moh.gov.my/CodeSystem/allergy-environment-my-core,CodeSystemAllergyEnvironmentMyCore
378,Cephamycins,Cephamycins,http://fhir.hie.moh.gov.my/CodeSystem/allergy-environment-my-core,CodeSystemAllergyEnvironmentMyCore
379,Ceramide,Ceramide,http://fhir.hie.moh.gov.my/CodeSystem/allergy-environment-my-core,CodeSystemAllergyEnvironmentMyCore
380,Cerous nitrate,Cerous nitrate,http://fhir.hie.moh.gov.my/CodeSystem/allergy-environment-my-core,CodeSystemAllergyEnvironmentMyCore
381,Ceruletide,Ceruletide,http://fhir.hie.moh.gov.my/CodeSystem/allergy-environment-my-core,CodeSystemAllergyEnvironmentMyCore
382,Cetiedil,Cetiedil,http://fhir.hie.moh.gov.my/CodeSystem/allergy-environment-my-core,CodeSystemAllergyEnvironmentMyCore
383,Cetraxate,Cetraxate,http://fhir.hie.moh.gov.my/CodeSystem/allergy-environment-my-core,CodeSystemAllergyEnvironmentMyCore
384,Cetyl alcohol,Cetyl alcohol,http://fhir.hie.moh.gov.my/CodeSystem/allergy-environment-my-core,CodeSystemAllergyEnvironmentMyCore
385,Cevimeline,Cevimeline,http://fhir.hie.moh.gov.my/CodeSystem/allergy-environment-my-core,CodeSystemAllergyEnvironmentMyCore
386,Chanca stone,Chanca stone,http://fhir.hie.moh.gov.my/CodeSystem/allergy-environment-my-core,CodeSystemAllergyEnvironmentMyCore
387,Charcoal,Charcoal,http://fhir.hie.moh.gov.my/CodeSystem/allergy-environment-my-core,CodeSystemAllergyEnvironmentMyCore
388,Chastetree,Chastetree,http://fhir.hie.moh.gov.my/CodeSystem/allergy-environment-my-core,CodeSystemAllergyEnvironmentMyCore
389,Chenursodeoxycholic acid,Chenursodeoxycholic acid,http://fhir.hie.moh.gov.my/CodeSystem/allergy-environment-my-core,CodeSystemAllergyEnvironmentMyCore
390,Cherokee rose,Cherokee rose,http://fhir.hie.moh.gov.my/CodeSystem/allergy-environment-my-core,CodeSystemAllergyEnvironmentMyCore
391,Chick pea,Chick pea,http://fhir.hie.moh.gov.my/CodeSystem/allergy-environment-my-core,CodeSystemAllergyEnvironmentMyCore
392,Chicken proteins,Chicken proteins,http://fhir.hie.moh.gov.my/CodeSystem/allergy-environment-my-core,CodeSystemAllergyEnvironmentMyCore
393,Chinese cobra,Chinese cobra,http://fhir.hie.moh.gov.my/CodeSystem/allergy-environment-my-core,CodeSystemAllergyEnvironmentMyCore
394,Chinese cucumber,Chinese cucumber,http://fhir.hie.moh.gov.my/CodeSystem/allergy-environment-my-core,CodeSystemAllergyEnvironmentMyCore
395,Chinese foxglove,Chinese foxglove,http://fhir.hie.moh.gov.my/CodeSystem/allergy-environment-my-core,CodeSystemAllergyEnvironmentMyCore
396,Chinese jujube,Chinese jujube,http://fhir.hie.moh.gov.my/CodeSystem/allergy-environment-my-core,CodeSystemAllergyEnvironmentMyCore
397,Chinese magnolia vine,Chinese magnolia vine,http://fhir.hie.moh.gov.my/CodeSystem/allergy-environment-my-core,CodeSystemAllergyEnvironmentMyCore
398,Chinese star-anise,Chinese star-anise,http://fhir.hie.moh.gov.my/CodeSystem/allergy-environment-my-core,CodeSystemAllergyEnvironmentMyCore
399,Chinese thoroughwax,Chinese thoroughwax,http://fhir.hie.moh.gov.my/CodeSystem/allergy-environment-my-core,CodeSystemAllergyEnvironmentMyCore
400,Chinese wolfberry,Chinese wolfberry,http://fhir.hie.moh.gov.my/CodeSystem/allergy-environment-my-core,CodeSystemAllergyEnvironmentMyCore
401,Chloral hydrate,Chloral hydrate,http://fhir.hie.moh.gov.my/CodeSystem/allergy-environment-my-core,CodeSystemAllergyEnvironmentMyCore
402,Chloramine,Chloramine,http://fhir.hie.moh.gov.my/CodeSystem/allergy-environment-my-core,CodeSystemAllergyEnvironmentMyCore
403,Chlorbenzoxamine,Chlorbenzoxamine,http://fhir.hie.moh.gov.my/CodeSystem/allergy-environment-my-core,CodeSystemAllergyEnvironmentMyCore
404,Chlorella,Chlorella,http://fhir.hie.moh.gov.my/CodeSystem/allergy-environment-my-core,CodeSystemAllergyEnvironmentMyCore
405,Chlorhexidine,Chlorhexidine,http://fhir.hie.moh.gov.my/CodeSystem/allergy-environment-my-core,CodeSystemAllergyEnvironmentMyCore
406,Chlormerodrin,Chlormerodrin,http://fhir.hie.moh.gov.my/CodeSystem/allergy-environment-my-core,CodeSystemAllergyEnvironmentMyCore
407,Chlormezanone and derivatives,Chlormezanone and derivatives,http://fhir.hie.moh.gov.my/CodeSystem/allergy-environment-my-core,CodeSystemAllergyEnvironmentMyCore
408,Chloroacetanilide,Chloroacetanilide,http://fhir.hie.moh.gov.my/CodeSystem/allergy-environment-my-core,CodeSystemAllergyEnvironmentMyCore
409,Chlorobutanol,Chlorobutanol,http://fhir.hie.moh.gov.my/CodeSystem/allergy-environment-my-core,CodeSystemAllergyEnvironmentMyCore
410,Chlorometacrine,Chlorometacrine,http://fhir.hie.moh.gov.my/CodeSystem/allergy-environment-my-core,CodeSystemAllergyEnvironmentMyCore
411,Chlorophyllin,Chlorophyllin,http://fhir.hie.moh.gov.my/CodeSystem/allergy-environment-my-core,CodeSystemAllergyEnvironmentMyCore
412,Chlorophytum borivilianum,Chlorophytum borivilianum,http://fhir.hie.moh.gov.my/CodeSystem/allergy-environment-my-core,CodeSystemAllergyEnvironmentMyCore
413,Chlorphenesin,Chlorphenesin,http://fhir.hie.moh.gov.my/CodeSystem/allergy-environment-my-core,CodeSystemAllergyEnvironmentMyCore
414,Chlorphenethazine,Chlorphenethazine,http://fhir.hie.moh.gov.my/CodeSystem/allergy-environment-my-core,CodeSystemAllergyEnvironmentMyCore
415,Chlorphentermine,Chlorphentermine,http://fhir.hie.moh.gov.my/CodeSystem/allergy-environment-my-core,CodeSystemAllergyEnvironmentMyCore
416,Cholera vaccine,Cholera vaccine,http://fhir.hie.moh.gov.my/CodeSystem/allergy-environment-my-core,CodeSystemAllergyEnvironmentMyCore
417,Cholesterol,Cholesterol,http://fhir.hie.moh.gov.my/CodeSystem/allergy-environment-my-core,CodeSystemAllergyEnvironmentMyCore
418,Choline-contatining supplements,Choline-contatining supplements,http://fhir.hie.moh.gov.my/CodeSystem/allergy-environment-my-core,CodeSystemAllergyEnvironmentMyCore
419,Cholinergic agents,Cholinergic agents,http://fhir.hie.moh.gov.my/CodeSystem/allergy-environment-my-core,CodeSystemAllergyEnvironmentMyCore
420,Cholinesterase,Cholinesterase,http://fhir.hie.moh.gov.my/CodeSystem/allergy-environment-my-core,CodeSystemAllergyEnvironmentMyCore
421,Chondroitin,Chondroitin,http://fhir.hie.moh.gov.my/CodeSystem/allergy-environment-my-core,CodeSystemAllergyEnvironmentMyCore
422,Chorionic gonadotrophins,Chorionic gonadotrophins,http://fhir.hie.moh.gov.my/CodeSystem/allergy-environment-my-core,CodeSystemAllergyEnvironmentMyCore
423,Chromium compounds,Chromium compounds,http://fhir.hie.moh.gov.my/CodeSystem/allergy-environment-my-core,CodeSystemAllergyEnvironmentMyCore
424,Chromocarb,Chromocarb,http://fhir.hie.moh.gov.my/CodeSystem/allergy-environment-my-core,CodeSystemAllergyEnvironmentMyCore
425,Chrysanthemum,Chrysanthemum,http://fhir.hie.moh.gov.my/CodeSystem/allergy-environment-my-core,CodeSystemAllergyEnvironmentMyCore
426,Chrysoidine,Chrysoidine,http://fhir.hie.moh.gov.my/CodeSystem/allergy-environment-my-core,CodeSystemAllergyEnvironmentMyCore
427,Chuchuhuasi,Chuchuhuasi,http://fhir.hie.moh.gov.my/CodeSystem/allergy-environment-my-core,CodeSystemAllergyEnvironmentMyCore
428,Cibenzoline,Cibenzoline,http://fhir.hie.moh.gov.my/CodeSystem/allergy-environment-my-core,CodeSystemAllergyEnvironmentMyCore
429,Cicletanine,Cicletanine,http://fhir.hie.moh.gov.my/CodeSystem/allergy-environment-my-core,CodeSystemAllergyEnvironmentMyCore
430,Ciclopirox,Ciclopirox,http://fhir.hie.moh.gov.my/CodeSystem/allergy-environment-my-core,CodeSystemAllergyEnvironmentMyCore
431,Cidofovir,Cidofovir,http://fhir.hie.moh.gov.my/CodeSystem/allergy-environment-my-core,CodeSystemAllergyEnvironmentMyCore
432,Cinacalcet,Cinacalcet,http://fhir.hie.moh.gov.my/CodeSystem/allergy-environment-my-core,CodeSystemAllergyEnvironmentMyCore
433,Cinepazide,Cinepazide,http://fhir.hie.moh.gov.my/CodeSystem/allergy-environment-my-core,CodeSystemAllergyEnvironmentMyCore
434,Cinitapride,Cinitapride,http://fhir.hie.moh.gov.my/CodeSystem/allergy-environment-my-core,CodeSystemAllergyEnvironmentMyCore
435,Cinnamedrine,Cinnamedrine,http://fhir.hie.moh.gov.my/CodeSystem/allergy-environment-my-core,CodeSystemAllergyEnvironmentMyCore
436,Cinnamic acid and its derivatives,Cinnamic acid and its derivatives,http://fhir.hie.moh.gov.my/CodeSystem/allergy-environment-my-core,CodeSystemAllergyEnvironmentMyCore
437,Cinnamon,Cinnamon,http://fhir.hie.moh.gov.my/CodeSystem/allergy-environment-my-core,CodeSystemAllergyEnvironmentMyCore
438,Cipralisant,Cipralisant,http://fhir.hie.moh.gov.my/CodeSystem/allergy-environment-my-core,CodeSystemAllergyEnvironmentMyCore
439,Cistanche,Cistanche,http://fhir.hie.moh.gov.my/CodeSystem/allergy-environment-my-core,CodeSystemAllergyEnvironmentMyCore
440,Citicoline,Citicoline,http://fhir.hie.moh.gov.my/CodeSystem/allergy-environment-my-core,CodeSystemAllergyEnvironmentMyCore
441,Citric acid,Citric acid,http://fhir.hie.moh.gov.my/CodeSystem/allergy-environment-my-core,CodeSystemAllergyEnvironmentMyCore
442,Citronella,Citronella,http://fhir.hie.moh.gov.my/CodeSystem/allergy-environment-my-core,CodeSystemAllergyEnvironmentMyCore
443,Citronella grass,Citronella grass,http://fhir.hie.moh.gov.my/CodeSystem/allergy-environment-my-core,CodeSystemAllergyEnvironmentMyCore
444,Citrulline,Citrulline,http://fhir.hie.moh.gov.my/CodeSystem/allergy-environment-my-core,CodeSystemAllergyEnvironmentMyCore
445,Citrus,Citrus,http://fhir.hie.moh.gov.my/CodeSystem/allergy-environment-my-core,CodeSystemAllergyEnvironmentMyCore
446,Clary sage,Clary sage,http://fhir.hie.moh.gov.my/CodeSystem/allergy-environment-my-core,CodeSystemAllergyEnvironmentMyCore
447,Cleavers,Cleavers,http://fhir.hie.moh.gov.my/CodeSystem/allergy-environment-my-core,CodeSystemAllergyEnvironmentMyCore
448,Clematis,Clematis,http://fhir.hie.moh.gov.my/CodeSystem/allergy-environment-my-core,CodeSystemAllergyEnvironmentMyCore
449,Clematis recta,Clematis recta,http://fhir.hie.moh.gov.my/CodeSystem/allergy-environment-my-core,CodeSystemAllergyEnvironmentMyCore
450,Clemizole,Clemizole,http://fhir.hie.moh.gov.my/CodeSystem/allergy-environment-my-core,CodeSystemAllergyEnvironmentMyCore
451,Clerodendrum paniculatum,Clerodendrum paniculatum,http://fhir.hie.moh.gov.my/CodeSystem/allergy-environment-my-core,CodeSystemAllergyEnvironmentMyCore
452,Clerodendrum serratum,Clerodendrum serratum,http://fhir.hie.moh.gov.my/CodeSystem/allergy-environment-my-core,CodeSystemAllergyEnvironmentMyCore
453,Clobenzorex,Clobenzorex,http://fhir.hie.moh.gov.my/CodeSystem/allergy-environment-my-core,CodeSystemAllergyEnvironmentMyCore
454,Clobutinol,Clobutinol,http://fhir.hie.moh.gov.my/CodeSystem/allergy-environment-my-core,CodeSystemAllergyEnvironmentMyCore
455,Clocinizine,Clocinizine,http://fhir.hie.moh.gov.my/CodeSystem/allergy-environment-my-core,CodeSystemAllergyEnvironmentMyCore
456,Clofedanol,Clofedanol,http://fhir.hie.moh.gov.my/CodeSystem/allergy-environment-my-core,CodeSystemAllergyEnvironmentMyCore
457,Clofexamide,Clofexamide,http://fhir.hie.moh.gov.my/CodeSystem/allergy-environment-my-core,CodeSystemAllergyEnvironmentMyCore
458,Clomethiazole,Clomethiazole,http://fhir.hie.moh.gov.my/CodeSystem/allergy-environment-my-core,CodeSystemAllergyEnvironmentMyCore
459,Cloperastine and its isomers,Cloperastine and its isomers,http://fhir.hie.moh.gov.my/CodeSystem/allergy-environment-my-core,CodeSystemAllergyEnvironmentMyCore
460,Cloprostenol,Cloprostenol,http://fhir.hie.moh.gov.my/CodeSystem/allergy-environment-my-core,CodeSystemAllergyEnvironmentMyCore
461,Clorprenaline,Clorprenaline,http://fhir.hie.moh.gov.my/CodeSystem/allergy-environment-my-core,CodeSystemAllergyEnvironmentMyCore
462,Clostebol,Clostebol,http://fhir.hie.moh.gov.my/CodeSystem/allergy-environment-my-core,CodeSystemAllergyEnvironmentMyCore
463,Clostridium butyricum,Clostridium butyricum,http://fhir.hie.moh.gov.my/CodeSystem/allergy-environment-my-core,CodeSystemAllergyEnvironmentMyCore
464,Clostridium histolyticum,Clostridium histolyticum,http://fhir.hie.moh.gov.my/CodeSystem/allergy-environment-my-core,CodeSystemAllergyEnvironmentMyCore
465,Clove,Clove,http://fhir.hie.moh.gov.my/CodeSystem/allergy-environment-my-core,CodeSystemAllergyEnvironmentMyCore
466,Cnidium,Cnidium,http://fhir.hie.moh.gov.my/CodeSystem/allergy-environment-my-core,CodeSystemAllergyEnvironmentMyCore
467,Coal tar compounds,Coal tar compounds,http://fhir.hie.moh.gov.my/CodeSystem/allergy-environment-my-core,CodeSystemAllergyEnvironmentMyCore
468,Coastal waterhyssop,Coastal waterhyssop,http://fhir.hie.moh.gov.my/CodeSystem/allergy-environment-my-core,CodeSystemAllergyEnvironmentMyCore
469,Cobalt compounds,Cobalt compounds,http://fhir.hie.moh.gov.my/CodeSystem/allergy-environment-my-core,CodeSystemAllergyEnvironmentMyCore
470,Cobra antivenom,Cobra antivenom,http://fhir.hie.moh.gov.my/CodeSystem/allergy-environment-my-core,CodeSystemAllergyEnvironmentMyCore
471,Cocarboxylase,Cocarboxylase,http://fhir.hie.moh.gov.my/CodeSystem/allergy-environment-my-core,CodeSystemAllergyEnvironmentMyCore
472,Coconut and derivatives,Coconut and derivatives,http://fhir.hie.moh.gov.my/CodeSystem/allergy-environment-my-core,CodeSystemAllergyEnvironmentMyCore
473,Codonopsis lanceolata,Codonopsis lanceolata,http://fhir.hie.moh.gov.my/CodeSystem/allergy-environment-my-core,CodeSystemAllergyEnvironmentMyCore
474,Cogalactoisomerase,Cogalactoisomerase,http://fhir.hie.moh.gov.my/CodeSystem/allergy-environment-my-core,CodeSystemAllergyEnvironmentMyCore
475,Cola,Cola,http://fhir.hie.moh.gov.my/CodeSystem/allergy-environment-my-core,CodeSystemAllergyEnvironmentMyCore
476,Colchicum and derivatives,Colchicum and derivatives,http://fhir.hie.moh.gov.my/CodeSystem/allergy-environment-my-core,CodeSystemAllergyEnvironmentMyCore
477,Colesevelam,Colesevelam,http://fhir.hie.moh.gov.my/CodeSystem/allergy-environment-my-core,CodeSystemAllergyEnvironmentMyCore
478,Colestipol,Colestipol,http://fhir.hie.moh.gov.my/CodeSystem/allergy-environment-my-core,CodeSystemAllergyEnvironmentMyCore
479,Colestyramine,Colestyramine,http://fhir.hie.moh.gov.my/CodeSystem/allergy-environment-my-core,CodeSystemAllergyEnvironmentMyCore
480,Colextran,Colextran,http://fhir.hie.moh.gov.my/CodeSystem/allergy-environment-my-core,CodeSystemAllergyEnvironmentMyCore
481,Collagen,Collagen,http://fhir.hie.moh.gov.my/CodeSystem/allergy-environment-my-core,CodeSystemAllergyEnvironmentMyCore
482,Collagenase,Collagenase,http://fhir.hie.moh.gov.my/CodeSystem/allergy-environment-my-core,CodeSystemAllergyEnvironmentMyCore
483,Colony stimulating factors,Colony stimulating factors,http://fhir.hie.moh.gov.my/CodeSystem/allergy-environment-my-core,CodeSystemAllergyEnvironmentMyCore
484,Colophony,Colophony,http://fhir.hie.moh.gov.my/CodeSystem/allergy-environment-my-core,CodeSystemAllergyEnvironmentMyCore
485,Colostrum,Colostrum,http://fhir.hie.moh.gov.my/CodeSystem/allergy-environment-my-core,CodeSystemAllergyEnvironmentMyCore
486,Columbine,Columbine,http://fhir.hie.moh.gov.my/CodeSystem/allergy-environment-my-core,CodeSystemAllergyEnvironmentMyCore
487,Common St Paul's wort,Common St Paul's wort,http://fhir.hie.moh.gov.my/CodeSystem/allergy-environment-my-core,CodeSystemAllergyEnvironmentMyCore
488,Common bugle,Common bugle,http://fhir.hie.moh.gov.my/CodeSystem/allergy-environment-my-core,CodeSystemAllergyEnvironmentMyCore
489,Common butterwort,Common butterwort,http://fhir.hie.moh.gov.my/CodeSystem/allergy-environment-my-core,CodeSystemAllergyEnvironmentMyCore
490,Common chickweed,Common chickweed,http://fhir.hie.moh.gov.my/CodeSystem/allergy-environment-my-core,CodeSystemAllergyEnvironmentMyCore
491,Common comfrey,Common comfrey,http://fhir.hie.moh.gov.my/CodeSystem/allergy-environment-my-core,CodeSystemAllergyEnvironmentMyCore
492,Common cuttlefish,Common cuttlefish,http://fhir.hie.moh.gov.my/CodeSystem/allergy-environment-my-core,CodeSystemAllergyEnvironmentMyCore
493,Common fig,Common fig,http://fhir.hie.moh.gov.my/CodeSystem/allergy-environment-my-core,CodeSystemAllergyEnvironmentMyCore
494,Common juniper,Common juniper,http://fhir.hie.moh.gov.my/CodeSystem/allergy-environment-my-core,CodeSystemAllergyEnvironmentMyCore
495,Common lungwort,Common lungwort,http://fhir.hie.moh.gov.my/CodeSystem/allergy-environment-my-core,CodeSystemAllergyEnvironmentMyCore
496,Common mullein,Common mullein,http://fhir.hie.moh.gov.my/CodeSystem/allergy-environment-my-core,CodeSystemAllergyEnvironmentMyCore
497,Common periwinkle,Common periwinkle,http://fhir.hie.moh.gov.my/CodeSystem/allergy-environment-my-core,CodeSystemAllergyEnvironmentMyCore
498,Common polypody,Common polypody,http://fhir.hie.moh.gov.my/CodeSystem/allergy-environment-my-core,CodeSystemAllergyEnvironmentMyCore
499,Common purslane,Common purslane,http://fhir.hie.moh.gov.my/CodeSystem/allergy-environment-my-core,CodeSystemAllergyEnvironmentMyCore
500,Common selfheal,Common selfheal,http://fhir.hie.moh.gov.my/CodeSystem/allergy-environment-my-core,CodeSystemAllergyEnvironmentMyCore
501,Common teatree,Common teatree,http://fhir.hie.moh.gov.my/CodeSystem/allergy-environment-my-core,CodeSystemAllergyEnvironmentMyCore
502,Condurango,Condurango,http://fhir.hie.moh.gov.my/CodeSystem/allergy-environment-my-core,CodeSystemAllergyEnvironmentMyCore
503,Conivaptan,Conivaptan,http://fhir.hie.moh.gov.my/CodeSystem/allergy-environment-my-core,CodeSystemAllergyEnvironmentMyCore
504,Convolvulus prostratus,Convolvulus prostratus,http://fhir.hie.moh.gov.my/CodeSystem/allergy-environment-my-core,CodeSystemAllergyEnvironmentMyCore
505,Copper,Copper,http://fhir.hie.moh.gov.my/CodeSystem/allergy-environment-my-core,CodeSystemAllergyEnvironmentMyCore
506,Corbadrine,Corbadrine,http://fhir.hie.moh.gov.my/CodeSystem/allergy-environment-my-core,CodeSystemAllergyEnvironmentMyCore
507,Cordyceps sinensis,Cordyceps sinensis,http://fhir.hie.moh.gov.my/CodeSystem/allergy-environment-my-core,CodeSystemAllergyEnvironmentMyCore
508,Coriander,Coriander,http://fhir.hie.moh.gov.my/CodeSystem/allergy-environment-my-core,CodeSystemAllergyEnvironmentMyCore
509,Corn poppy,Corn poppy,http://fhir.hie.moh.gov.my/CodeSystem/allergy-environment-my-core,CodeSystemAllergyEnvironmentMyCore
510,Corticorelin,Corticorelin,http://fhir.hie.moh.gov.my/CodeSystem/allergy-environment-my-core,CodeSystemAllergyEnvironmentMyCore
511,Corticosteroids,Corticosteroids,http://fhir.hie.moh.gov.my/CodeSystem/allergy-environment-my-core,CodeSystemAllergyEnvironmentMyCore
512,Corydalis fabacea,Corydalis fabacea,http://fhir.hie.moh.gov.my/CodeSystem/allergy-environment-my-core,CodeSystemAllergyEnvironmentMyCore
513,Corydalis yanhusuo,Corydalis yanhusuo,http://fhir.hie.moh.gov.my/CodeSystem/allergy-environment-my-core,CodeSystemAllergyEnvironmentMyCore
514,Costus,Costus,http://fhir.hie.moh.gov.my/CodeSystem/allergy-environment-my-core,CodeSystemAllergyEnvironmentMyCore
515,Cotton,Cotton,http://fhir.hie.moh.gov.my/CodeSystem/allergy-environment-my-core,CodeSystemAllergyEnvironmentMyCore
516,Couch grass,Couch grass,http://fhir.hie.moh.gov.my/CodeSystem/allergy-environment-my-core,CodeSystemAllergyEnvironmentMyCore
517,Coumarins,Coumarins,http://fhir.hie.moh.gov.my/CodeSystem/allergy-environment-my-core,CodeSystemAllergyEnvironmentMyCore
518,Cow parsnip,Cow parsnip,http://fhir.hie.moh.gov.my/CodeSystem/allergy-environment-my-core,CodeSystemAllergyEnvironmentMyCore
519,Cow's milk protein,Cow's milk protein,http://fhir.hie.moh.gov.my/CodeSystem/allergy-environment-my-core,CodeSystemAllergyEnvironmentMyCore
520,Cowslip,Cowslip,http://fhir.hie.moh.gov.my/CodeSystem/allergy-environment-my-core,CodeSystemAllergyEnvironmentMyCore
521,Cranberry,Cranberry,http://fhir.hie.moh.gov.my/CodeSystem/allergy-environment-my-core,CodeSystemAllergyEnvironmentMyCore
522,Cranesbill,Cranesbill,http://fhir.hie.moh.gov.my/CodeSystem/allergy-environment-my-core,CodeSystemAllergyEnvironmentMyCore
523,Crataegus,Crataegus,http://fhir.hie.moh.gov.my/CodeSystem/allergy-environment-my-core,CodeSystemAllergyEnvironmentMyCore
524,Crataegus pinnatifida,Crataegus pinnatifida,http://fhir.hie.moh.gov.my/CodeSystem/allergy-environment-my-core,CodeSystemAllergyEnvironmentMyCore
525,Creat,Creat,http://fhir.hie.moh.gov.my/CodeSystem/allergy-environment-my-core,CodeSystemAllergyEnvironmentMyCore
526,Creatinolfosfate,Creatinolfosfate,http://fhir.hie.moh.gov.my/CodeSystem/allergy-environment-my-core,CodeSystemAllergyEnvironmentMyCore
527,Creosote,Creosote,http://fhir.hie.moh.gov.my/CodeSystem/allergy-environment-my-core,CodeSystemAllergyEnvironmentMyCore
528,Creosote bush,Creosote bush,http://fhir.hie.moh.gov.my/CodeSystem/allergy-environment-my-core,CodeSystemAllergyEnvironmentMyCore
529,Cromolyn and related agents,Cromolyn and related agents,http://fhir.hie.moh.gov.my/CodeSystem/allergy-environment-my-core,CodeSystemAllergyEnvironmentMyCore
530,Crypthecodinium cohnii,Crypthecodinium cohnii,http://fhir.hie.moh.gov.my/CodeSystem/allergy-environment-my-core,CodeSystemAllergyEnvironmentMyCore
531,Cucumis,Cucumis,http://fhir.hie.moh.gov.my/CodeSystem/allergy-environment-my-core,CodeSystemAllergyEnvironmentMyCore
532,Cucurbitaceae plants and products,Cucurbitaceae plants and products,http://fhir.hie.moh.gov.my/CodeSystem/allergy-environment-my-core,CodeSystemAllergyEnvironmentMyCore
533,Cumene,Cumene,http://fhir.hie.moh.gov.my/CodeSystem/allergy-environment-my-core,CodeSystemAllergyEnvironmentMyCore
534,Cuscuta chinensis,Cuscuta chinensis,http://fhir.hie.moh.gov.my/CodeSystem/allergy-environment-my-core,CodeSystemAllergyEnvironmentMyCore
535,Cyanoacrylates,Cyanoacrylates,http://fhir.hie.moh.gov.my/CodeSystem/allergy-environment-my-core,CodeSystemAllergyEnvironmentMyCore
536,Cyanocobalamin (vitamin B12),Cyanocobalamin (vitamin B12),http://fhir.hie.moh.gov.my/CodeSystem/allergy-environment-my-core,CodeSystemAllergyEnvironmentMyCore
537,Cyclamates,Cyclamates,http://fhir.hie.moh.gov.my/CodeSystem/allergy-environment-my-core,CodeSystemAllergyEnvironmentMyCore
538,Cyclobenzaprine,Cyclobenzaprine,http://fhir.hie.moh.gov.my/CodeSystem/allergy-environment-my-core,CodeSystemAllergyEnvironmentMyCore
539,Cyclobutyrol,Cyclobutyrol,http://fhir.hie.moh.gov.my/CodeSystem/allergy-environment-my-core,CodeSystemAllergyEnvironmentMyCore
540,Cyclopentanecarboxylates,Cyclopentanecarboxylates,http://fhir.hie.moh.gov.my/CodeSystem/allergy-environment-my-core,CodeSystemAllergyEnvironmentMyCore
541,Cyclopyrrolones,Cyclopyrrolones,http://fhir.hie.moh.gov.my/CodeSystem/allergy-environment-my-core,CodeSystemAllergyEnvironmentMyCore
542,Cycloserine,Cycloserine,http://fhir.hie.moh.gov.my/CodeSystem/allergy-environment-my-core,CodeSystemAllergyEnvironmentMyCore
543,Cycrimine,Cycrimine,http://fhir.hie.moh.gov.my/CodeSystem/allergy-environment-my-core,CodeSystemAllergyEnvironmentMyCore
544,Cymbopogon martini,Cymbopogon martini,http://fhir.hie.moh.gov.my/CodeSystem/allergy-environment-my-core,CodeSystemAllergyEnvironmentMyCore
545,Cymiazole,Cymiazole,http://fhir.hie.moh.gov.my/CodeSystem/allergy-environment-my-core,CodeSystemAllergyEnvironmentMyCore
546,Cynanchum auriculatum,Cynanchum auriculatum,http://fhir.hie.moh.gov.my/CodeSystem/allergy-environment-my-core,CodeSystemAllergyEnvironmentMyCore
547,Cynanchum bungei,Cynanchum bungei,http://fhir.hie.moh.gov.my/CodeSystem/allergy-environment-my-core,CodeSystemAllergyEnvironmentMyCore
548,Cypress,Cypress,http://fhir.hie.moh.gov.my/CodeSystem/allergy-environment-my-core,CodeSystemAllergyEnvironmentMyCore
549,Cyprodenate,Cyprodenate,http://fhir.hie.moh.gov.my/CodeSystem/allergy-environment-my-core,CodeSystemAllergyEnvironmentMyCore
550,Cyproheptadine,Cyproheptadine,http://fhir.hie.moh.gov.my/CodeSystem/allergy-environment-my-core,CodeSystemAllergyEnvironmentMyCore
551,Cytidine,Cytidine,http://fhir.hie.moh.gov.my/CodeSystem/allergy-environment-my-core,CodeSystemAllergyEnvironmentMyCore
552,Cytidine analogues,Cytidine analogues,http://fhir.hie.moh.gov.my/CodeSystem/allergy-environment-my-core,CodeSystemAllergyEnvironmentMyCore
553,Dabigatran,Dabigatran,http://fhir.hie.moh.gov.my/CodeSystem/allergy-environment-my-core,CodeSystemAllergyEnvironmentMyCore
554,Dacisteine,Dacisteine,http://fhir.hie.moh.gov.my/CodeSystem/allergy-environment-my-core,CodeSystemAllergyEnvironmentMyCore
555,Daclatasvir,Daclatasvir,http://fhir.hie.moh.gov.my/CodeSystem/allergy-environment-my-core,CodeSystemAllergyEnvironmentMyCore
556,Damiana,Damiana,http://fhir.hie.moh.gov.my/CodeSystem/allergy-environment-my-core,CodeSystemAllergyEnvironmentMyCore
557,Dan shen,Dan shen,http://fhir.hie.moh.gov.my/CodeSystem/allergy-environment-my-core,CodeSystemAllergyEnvironmentMyCore
558,Danazol,Danazol,http://fhir.hie.moh.gov.my/CodeSystem/allergy-environment-my-core,CodeSystemAllergyEnvironmentMyCore
559,Dandelion,Dandelion,http://fhir.hie.moh.gov.my/CodeSystem/allergy-environment-my-core,CodeSystemAllergyEnvironmentMyCore
560,Dantrolene,Dantrolene,http://fhir.hie.moh.gov.my/CodeSystem/allergy-environment-my-core,CodeSystemAllergyEnvironmentMyCore
561,Dapagliflozin,Dapagliflozin,http://fhir.hie.moh.gov.my/CodeSystem/allergy-environment-my-core,CodeSystemAllergyEnvironmentMyCore
562,Daphne mezereum,Daphne mezereum,http://fhir.hie.moh.gov.my/CodeSystem/allergy-environment-my-core,CodeSystemAllergyEnvironmentMyCore
563,Dapiprazole,Dapiprazole,http://fhir.hie.moh.gov.my/CodeSystem/allergy-environment-my-core,CodeSystemAllergyEnvironmentMyCore
564,Darbufelone,Darbufelone,http://fhir.hie.moh.gov.my/CodeSystem/allergy-environment-my-core,CodeSystemAllergyEnvironmentMyCore
565,Darifenacin,Darifenacin,http://fhir.hie.moh.gov.my/CodeSystem/allergy-environment-my-core,CodeSystemAllergyEnvironmentMyCore
566,Date palm,Date palm,http://fhir.hie.moh.gov.my/CodeSystem/allergy-environment-my-core,CodeSystemAllergyEnvironmentMyCore
567,Deanol,Deanol,http://fhir.hie.moh.gov.my/CodeSystem/allergy-environment-my-core,CodeSystemAllergyEnvironmentMyCore
568,Debrisoquine,Debrisoquine,http://fhir.hie.moh.gov.my/CodeSystem/allergy-environment-my-core,CodeSystemAllergyEnvironmentMyCore
569,Deer antler velvet,Deer antler velvet,http://fhir.hie.moh.gov.my/CodeSystem/allergy-environment-my-core,CodeSystemAllergyEnvironmentMyCore
570,Deferoxamine,Deferoxamine,http://fhir.hie.moh.gov.my/CodeSystem/allergy-environment-my-core,CodeSystemAllergyEnvironmentMyCore
571,Dehydroemetine,Dehydroemetine,http://fhir.hie.moh.gov.my/CodeSystem/allergy-environment-my-core,CodeSystemAllergyEnvironmentMyCore
572,Dehydropeptidase I inhibitors,Dehydropeptidase I inhibitors,http://fhir.hie.moh.gov.my/CodeSystem/allergy-environment-my-core,CodeSystemAllergyEnvironmentMyCore
573,Demecarium bromide,Demecarium bromide,http://fhir.hie.moh.gov.my/CodeSystem/allergy-environment-my-core,CodeSystemAllergyEnvironmentMyCore
574,Demelverine,Demelverine,http://fhir.hie.moh.gov.my/CodeSystem/allergy-environment-my-core,CodeSystemAllergyEnvironmentMyCore
575,Denaverine,Denaverine,http://fhir.hie.moh.gov.my/CodeSystem/allergy-environment-my-core,CodeSystemAllergyEnvironmentMyCore
576,Deodar cedar,Deodar cedar,http://fhir.hie.moh.gov.my/CodeSystem/allergy-environment-my-core,CodeSystemAllergyEnvironmentMyCore
577,Deoxycholic acid,Deoxycholic acid,http://fhir.hie.moh.gov.my/CodeSystem/allergy-environment-my-core,CodeSystemAllergyEnvironmentMyCore
578,Deoxyribonucleic acid,Deoxyribonucleic acid,http://fhir.hie.moh.gov.my/CodeSystem/allergy-environment-my-core,CodeSystemAllergyEnvironmentMyCore
579,Depsipeptides,Depsipeptides,http://fhir.hie.moh.gov.my/CodeSystem/allergy-environment-my-core,CodeSystemAllergyEnvironmentMyCore
580,Desmeninol,Desmeninol,http://fhir.hie.moh.gov.my/CodeSystem/allergy-environment-my-core,CodeSystemAllergyEnvironmentMyCore
581,Desoxycortone,Desoxycortone,http://fhir.hie.moh.gov.my/CodeSystem/allergy-environment-my-core,CodeSystemAllergyEnvironmentMyCore
582,Devil's claw,Devil's claw,http://fhir.hie.moh.gov.my/CodeSystem/allergy-environment-my-core,CodeSystemAllergyEnvironmentMyCore
583,Devil's cotton,Devil's cotton,http://fhir.hie.moh.gov.my/CodeSystem/allergy-environment-my-core,CodeSystemAllergyEnvironmentMyCore
584,Devil s trumpet,Devil s trumpet,http://fhir.hie.moh.gov.my/CodeSystem/allergy-environment-my-core,CodeSystemAllergyEnvironmentMyCore
585,Dexmethylphenidate,Dexmethylphenidate,http://fhir.hie.moh.gov.my/CodeSystem/allergy-environment-my-core,CodeSystemAllergyEnvironmentMyCore
586,Dexrazoxane,Dexrazoxane,http://fhir.hie.moh.gov.my/CodeSystem/allergy-environment-my-core,CodeSystemAllergyEnvironmentMyCore
587,Dextrans,Dextrans,http://fhir.hie.moh.gov.my/CodeSystem/allergy-environment-my-core,CodeSystemAllergyEnvironmentMyCore
588,Dextrins,Dextrins,http://fhir.hie.moh.gov.my/CodeSystem/allergy-environment-my-core,CodeSystemAllergyEnvironmentMyCore
589,Dextrocaine,Dextrocaine,http://fhir.hie.moh.gov.my/CodeSystem/allergy-environment-my-core,CodeSystemAllergyEnvironmentMyCore
590,Dextrothyroxine,Dextrothyroxine,http://fhir.hie.moh.gov.my/CodeSystem/allergy-environment-my-core,CodeSystemAllergyEnvironmentMyCore
591,Diamidine compounds,Diamidine compounds,http://fhir.hie.moh.gov.my/CodeSystem/allergy-environment-my-core,CodeSystemAllergyEnvironmentMyCore
592,Diaminopyrimidine antimalarials,Diaminopyrimidine antimalarials,http://fhir.hie.moh.gov.my/CodeSystem/allergy-environment-my-core,CodeSystemAllergyEnvironmentMyCore
593,Diastase,Diastase,http://fhir.hie.moh.gov.my/CodeSystem/allergy-environment-my-core,CodeSystemAllergyEnvironmentMyCore
594,Dibenzepin,Dibenzepin,http://fhir.hie.moh.gov.my/CodeSystem/allergy-environment-my-core,CodeSystemAllergyEnvironmentMyCore
595,Dibenzothiazepine derivatives,Dibenzothiazepine derivatives,http://fhir.hie.moh.gov.my/CodeSystem/allergy-environment-my-core,CodeSystemAllergyEnvironmentMyCore
596,Dibenzoxazepines,Dibenzoxazepines,http://fhir.hie.moh.gov.my/CodeSystem/allergy-environment-my-core,CodeSystemAllergyEnvironmentMyCore
597,Dibenzoylmethanes,Dibenzoylmethanes,http://fhir.hie.moh.gov.my/CodeSystem/allergy-environment-my-core,CodeSystemAllergyEnvironmentMyCore
598,Dichlorisone,Dichlorisone,http://fhir.hie.moh.gov.my/CodeSystem/allergy-environment-my-core,CodeSystemAllergyEnvironmentMyCore
599,Dichloroacetic acid and salts,Dichloroacetic acid and salts,http://fhir.hie.moh.gov.my/CodeSystem/allergy-environment-my-core,CodeSystemAllergyEnvironmentMyCore
600,Didanosine,Didanosine,http://fhir.hie.moh.gov.my/CodeSystem/allergy-environment-my-core,CodeSystemAllergyEnvironmentMyCore
601,Diethazine,Diethazine,http://fhir.hie.moh.gov.my/CodeSystem/allergy-environment-my-core,CodeSystemAllergyEnvironmentMyCore
602,Diethylaminoethanol,Diethylaminoethanol,http://fhir.hie.moh.gov.my/CodeSystem/allergy-environment-my-core,CodeSystemAllergyEnvironmentMyCore
603,Diethylcarbamazine,Diethylcarbamazine,http://fhir.hie.moh.gov.my/CodeSystem/allergy-environment-my-core,CodeSystemAllergyEnvironmentMyCore
604,Diethylene glycol,Diethylene glycol,http://fhir.hie.moh.gov.my/CodeSystem/allergy-environment-my-core,CodeSystemAllergyEnvironmentMyCore
605,Difenidol,Difenidol,http://fhir.hie.moh.gov.my/CodeSystem/allergy-environment-my-core,CodeSystemAllergyEnvironmentMyCore
606,Difenoxin,Difenoxin,http://fhir.hie.moh.gov.my/CodeSystem/allergy-environment-my-core,CodeSystemAllergyEnvironmentMyCore
607,Digitalis glycosides,Digitalis glycosides,http://fhir.hie.moh.gov.my/CodeSystem/allergy-environment-my-core,CodeSystemAllergyEnvironmentMyCore
608,Dihydroetorphine,Dihydroetorphine,http://fhir.hie.moh.gov.my/CodeSystem/allergy-environment-my-core,CodeSystemAllergyEnvironmentMyCore
609,Diisopromine,Diisopromine,http://fhir.hie.moh.gov.my/CodeSystem/allergy-environment-my-core,CodeSystemAllergyEnvironmentMyCore
610,Diisopropanolamine,Diisopropanolamine,http://fhir.hie.moh.gov.my/CodeSystem/allergy-environment-my-core,CodeSystemAllergyEnvironmentMyCore
611,Diisopropylamine,Diisopropylamine,http://fhir.hie.moh.gov.my/CodeSystem/allergy-environment-my-core,CodeSystemAllergyEnvironmentMyCore
612,Dilazep,Dilazep,http://fhir.hie.moh.gov.my/CodeSystem/allergy-environment-my-core,CodeSystemAllergyEnvironmentMyCore
613,Dill,Dill,http://fhir.hie.moh.gov.my/CodeSystem/allergy-environment-my-core,CodeSystemAllergyEnvironmentMyCore
614,Diloxanide,Diloxanide,http://fhir.hie.moh.gov.my/CodeSystem/allergy-environment-my-core,CodeSystemAllergyEnvironmentMyCore
615,Dimecrotic acid,Dimecrotic acid,http://fhir.hie.moh.gov.my/CodeSystem/allergy-environment-my-core,CodeSystemAllergyEnvironmentMyCore
616,Dimefline,Dimefline,http://fhir.hie.moh.gov.my/CodeSystem/allergy-environment-my-core,CodeSystemAllergyEnvironmentMyCore
617,Dimemorfan,Dimemorfan,http://fhir.hie.moh.gov.my/CodeSystem/allergy-environment-my-core,CodeSystemAllergyEnvironmentMyCore
618,Dimepranol,Dimepranol,http://fhir.hie.moh.gov.my/CodeSystem/allergy-environment-my-core,CodeSystemAllergyEnvironmentMyCore
619,Dimercaprol and analogues,Dimercaprol and analogues,http://fhir.hie.moh.gov.my/CodeSystem/allergy-environment-my-core,CodeSystemAllergyEnvironmentMyCore
620,Dimethoxanate,Dimethoxanate,http://fhir.hie.moh.gov.my/CodeSystem/allergy-environment-my-core,CodeSystemAllergyEnvironmentMyCore
621,Dimethylaminophenol,Dimethylaminophenol,http://fhir.hie.moh.gov.my/CodeSystem/allergy-environment-my-core,CodeSystemAllergyEnvironmentMyCore
622,Dimethyltubocurarine,Dimethyltubocurarine,http://fhir.hie.moh.gov.my/CodeSystem/allergy-environment-my-core,CodeSystemAllergyEnvironmentMyCore
623,Dimetofrine,Dimetofrine,http://fhir.hie.moh.gov.my/CodeSystem/allergy-environment-my-core,CodeSystemAllergyEnvironmentMyCore
624,Dimetotiazine,Dimetotiazine,http://fhir.hie.moh.gov.my/CodeSystem/allergy-environment-my-core,CodeSystemAllergyEnvironmentMyCore
625,Dioscorea,Dioscorea,http://fhir.hie.moh.gov.my/CodeSystem/allergy-environment-my-core,CodeSystemAllergyEnvironmentMyCore
626,Dioxethedrin,Dioxethedrin,http://fhir.hie.moh.gov.my/CodeSystem/allergy-environment-my-core,CodeSystemAllergyEnvironmentMyCore
627,Dioxopromethazine,Dioxopromethazine,http://fhir.hie.moh.gov.my/CodeSystem/allergy-environment-my-core,CodeSystemAllergyEnvironmentMyCore
628,Dipeptidylpeptidase-4 (DPP-4) inhibitors,Dipeptidylpeptidase-4 (DPP-4) inhibitors,http://fhir.hie.moh.gov.my/CodeSystem/allergy-environment-my-core,CodeSystemAllergyEnvironmentMyCore
629,Diphenylbutylpiperidines,Diphenylbutylpiperidines,http://fhir.hie.moh.gov.my/CodeSystem/allergy-environment-my-core,CodeSystemAllergyEnvironmentMyCore
630,Diphenylmethane laxatives,Diphenylmethane laxatives,http://fhir.hie.moh.gov.my/CodeSystem/allergy-environment-my-core,CodeSystemAllergyEnvironmentMyCore
631,Diphtheria antitoxins,Diphtheria antitoxins,http://fhir.hie.moh.gov.my/CodeSystem/allergy-environment-my-core,CodeSystemAllergyEnvironmentMyCore
632,Diphtheria vaccines,Diphtheria vaccines,http://fhir.hie.moh.gov.my/CodeSystem/allergy-environment-my-core,CodeSystemAllergyEnvironmentMyCore
633,Dipiproverine,Dipiproverine,http://fhir.hie.moh.gov.my/CodeSystem/allergy-environment-my-core,CodeSystemAllergyEnvironmentMyCore
634,Diproqualone,Diproqualone,http://fhir.hie.moh.gov.my/CodeSystem/allergy-environment-my-core,CodeSystemAllergyEnvironmentMyCore
635,Dipyridamole,Dipyridamole,http://fhir.hie.moh.gov.my/CodeSystem/allergy-environment-my-core,CodeSystemAllergyEnvironmentMyCore
636,Disopyramide,Disopyramide,http://fhir.hie.moh.gov.my/CodeSystem/allergy-environment-my-core,CodeSystemAllergyEnvironmentMyCore
637,Disperse dyes,Disperse dyes,http://fhir.hie.moh.gov.my/CodeSystem/allergy-environment-my-core,CodeSystemAllergyEnvironmentMyCore
638,Disulfiram and related agents,Disulfiram and related agents,http://fhir.hie.moh.gov.my/CodeSystem/allergy-environment-my-core,CodeSystemAllergyEnvironmentMyCore
639,Dodicin,Dodicin,http://fhir.hie.moh.gov.my/CodeSystem/allergy-environment-my-core,CodeSystemAllergyEnvironmentMyCore
640,Donepezil,Donepezil,http://fhir.hie.moh.gov.my/CodeSystem/allergy-environment-my-core,CodeSystemAllergyEnvironmentMyCore
641,Dopamine antagonists,Dopamine antagonists,http://fhir.hie.moh.gov.my/CodeSystem/allergy-environment-my-core,CodeSystemAllergyEnvironmentMyCore
642,Doxapram,Doxapram,http://fhir.hie.moh.gov.my/CodeSystem/allergy-environment-my-core,CodeSystemAllergyEnvironmentMyCore
643,Dragon's blood,Dragon's blood,http://fhir.hie.moh.gov.my/CodeSystem/allergy-environment-my-core,CodeSystemAllergyEnvironmentMyCore
644,Drofenine,Drofenine,http://fhir.hie.moh.gov.my/CodeSystem/allergy-environment-my-core,CodeSystemAllergyEnvironmentMyCore
645,Dronedarone,Dronedarone,http://fhir.hie.moh.gov.my/CodeSystem/allergy-environment-my-core,CodeSystemAllergyEnvironmentMyCore
646,Dropropizine,Dropropizine,http://fhir.hie.moh.gov.my/CodeSystem/allergy-environment-my-core,CodeSystemAllergyEnvironmentMyCore
647,Drostanolone,Drostanolone,http://fhir.hie.moh.gov.my/CodeSystem/allergy-environment-my-core,CodeSystemAllergyEnvironmentMyCore
648,Drotaverine,Drotaverine,http://fhir.hie.moh.gov.my/CodeSystem/allergy-environment-my-core,CodeSystemAllergyEnvironmentMyCore
649,Drynaria fortunei,Drynaria fortunei,http://fhir.hie.moh.gov.my/CodeSystem/allergy-environment-my-core,CodeSystemAllergyEnvironmentMyCore
650,Dulacia inopiflora,Dulacia inopiflora,http://fhir.hie.moh.gov.my/CodeSystem/allergy-environment-my-core,CodeSystemAllergyEnvironmentMyCore
651,Duloxetine,Duloxetine,http://fhir.hie.moh.gov.my/CodeSystem/allergy-environment-my-core,CodeSystemAllergyEnvironmentMyCore
652,Dulse,Dulse,http://fhir.hie.moh.gov.my/CodeSystem/allergy-environment-my-core,CodeSystemAllergyEnvironmentMyCore
653,Dwarf lilyturf,Dwarf lilyturf,http://fhir.hie.moh.gov.my/CodeSystem/allergy-environment-my-core,CodeSystemAllergyEnvironmentMyCore
654,Dyclonine,Dyclonine,http://fhir.hie.moh.gov.my/CodeSystem/allergy-environment-my-core,CodeSystemAllergyEnvironmentMyCore
655,Dyer's greenweed,Dyer's greenweed,http://fhir.hie.moh.gov.my/CodeSystem/allergy-environment-my-core,CodeSystemAllergyEnvironmentMyCore
656,Dyer's madder,Dyer's madder,http://fhir.hie.moh.gov.my/CodeSystem/allergy-environment-my-core,CodeSystemAllergyEnvironmentMyCore
657,Dyer's woad,Dyer's woad,http://fhir.hie.moh.gov.my/CodeSystem/allergy-environment-my-core,CodeSystemAllergyEnvironmentMyCore
658,Eagle wood,Eagle wood,http://fhir.hie.moh.gov.my/CodeSystem/allergy-environment-my-core,CodeSystemAllergyEnvironmentMyCore
659,Earthworm,Earthworm,http://fhir.hie.moh.gov.my/CodeSystem/allergy-environment-my-core,CodeSystemAllergyEnvironmentMyCore
660,Eastern wahoo,Eastern wahoo,http://fhir.hie.moh.gov.my/CodeSystem/allergy-environment-my-core,CodeSystemAllergyEnvironmentMyCore
661,Ecabet,Ecabet,http://fhir.hie.moh.gov.my/CodeSystem/allergy-environment-my-core,CodeSystemAllergyEnvironmentMyCore
662,Echinacea,Echinacea,http://fhir.hie.moh.gov.my/CodeSystem/allergy-environment-my-core,CodeSystemAllergyEnvironmentMyCore
663,Echinocandin antifungals,Echinocandin antifungals,http://fhir.hie.moh.gov.my/CodeSystem/allergy-environment-my-core,CodeSystemAllergyEnvironmentMyCore
664,Ecopipam,Ecopipam,http://fhir.hie.moh.gov.my/CodeSystem/allergy-environment-my-core,CodeSystemAllergyEnvironmentMyCore
665,Edetates,Edetates,http://fhir.hie.moh.gov.my/CodeSystem/allergy-environment-my-core,CodeSystemAllergyEnvironmentMyCore
666,Edrophonium,Edrophonium,http://fhir.hie.moh.gov.my/CodeSystem/allergy-environment-my-core,CodeSystemAllergyEnvironmentMyCore
667,Eflornithine,Eflornithine,http://fhir.hie.moh.gov.my/CodeSystem/allergy-environment-my-core,CodeSystemAllergyEnvironmentMyCore
668,Efonidipine,Efonidipine,http://fhir.hie.moh.gov.my/CodeSystem/allergy-environment-my-core,CodeSystemAllergyEnvironmentMyCore
669,Egg and egg proteins,Egg and egg proteins,http://fhir.hie.moh.gov.my/CodeSystem/allergy-environment-my-core,CodeSystemAllergyEnvironmentMyCore
670,Egualen,Egualen,http://fhir.hie.moh.gov.my/CodeSystem/allergy-environment-my-core,CodeSystemAllergyEnvironmentMyCore
671,Elastin,Elastin,http://fhir.hie.moh.gov.my/CodeSystem/allergy-environment-my-core,CodeSystemAllergyEnvironmentMyCore
672,Eledoisin,Eledoisin,http://fhir.hie.moh.gov.my/CodeSystem/allergy-environment-my-core,CodeSystemAllergyEnvironmentMyCore
673,Elephantopus scaber,Elephantopus scaber,http://fhir.hie.moh.gov.my/CodeSystem/allergy-environment-my-core,CodeSystemAllergyEnvironmentMyCore
674,Eltrombopag,Eltrombopag,http://fhir.hie.moh.gov.my/CodeSystem/allergy-environment-my-core,CodeSystemAllergyEnvironmentMyCore
675,Emedastine,Emedastine,http://fhir.hie.moh.gov.my/CodeSystem/allergy-environment-my-core,CodeSystemAllergyEnvironmentMyCore
676,Emetine,Emetine,http://fhir.hie.moh.gov.my/CodeSystem/allergy-environment-my-core,CodeSystemAllergyEnvironmentMyCore
677,Encainide,Encainide,http://fhir.hie.moh.gov.my/CodeSystem/allergy-environment-my-core,CodeSystemAllergyEnvironmentMyCore
678,Endothelin antagonists,Endothelin antagonists,http://fhir.hie.moh.gov.my/CodeSystem/allergy-environment-my-core,CodeSystemAllergyEnvironmentMyCore
679,English primrose,English primrose,http://fhir.hie.moh.gov.my/CodeSystem/allergy-environment-my-core,CodeSystemAllergyEnvironmentMyCore
680,English walnut and english walnut substances,English walnut and english walnut substances,http://fhir.hie.moh.gov.my/CodeSystem/allergy-environment-my-core,CodeSystemAllergyEnvironmentMyCore
681,Enterococcus faecalis,Enterococcus faecalis,http://fhir.hie.moh.gov.my/CodeSystem/allergy-environment-my-core,CodeSystemAllergyEnvironmentMyCore
682,Entsufon,Entsufon,http://fhir.hie.moh.gov.my/CodeSystem/allergy-environment-my-core,CodeSystemAllergyEnvironmentMyCore
683,Enviomycin,Enviomycin,http://fhir.hie.moh.gov.my/CodeSystem/allergy-environment-my-core,CodeSystemAllergyEnvironmentMyCore
684,Eperisone,Eperisone,http://fhir.hie.moh.gov.my/CodeSystem/allergy-environment-my-core,CodeSystemAllergyEnvironmentMyCore
685,Ephedra,Ephedra,http://fhir.hie.moh.gov.my/CodeSystem/allergy-environment-my-core,CodeSystemAllergyEnvironmentMyCore
686,Epilobium parviflorum,Epilobium parviflorum,http://fhir.hie.moh.gov.my/CodeSystem/allergy-environment-my-core,CodeSystemAllergyEnvironmentMyCore
687,Epimedium brevicornu,Epimedium brevicornu,http://fhir.hie.moh.gov.my/CodeSystem/allergy-environment-my-core,CodeSystemAllergyEnvironmentMyCore
688,Epinastine,Epinastine,http://fhir.hie.moh.gov.my/CodeSystem/allergy-environment-my-core,CodeSystemAllergyEnvironmentMyCore
689,Eprazinone,Eprazinone,http://fhir.hie.moh.gov.my/CodeSystem/allergy-environment-my-core,CodeSystemAllergyEnvironmentMyCore
690,Eprozinol,Eprozinol,http://fhir.hie.moh.gov.my/CodeSystem/allergy-environment-my-core,CodeSystemAllergyEnvironmentMyCore
691,Eptazocine,Eptazocine,http://fhir.hie.moh.gov.my/CodeSystem/allergy-environment-my-core,CodeSystemAllergyEnvironmentMyCore
692,Equilin,Equilin,http://fhir.hie.moh.gov.my/CodeSystem/allergy-environment-my-core,CodeSystemAllergyEnvironmentMyCore
693,Equine proteins,Equine proteins,http://fhir.hie.moh.gov.my/CodeSystem/allergy-environment-my-core,CodeSystemAllergyEnvironmentMyCore
694,Ergot derivatives,Ergot derivatives,http://fhir.hie.moh.gov.my/CodeSystem/allergy-environment-my-core,CodeSystemAllergyEnvironmentMyCore
695,Eribulin,Eribulin,http://fhir.hie.moh.gov.my/CodeSystem/allergy-environment-my-core,CodeSystemAllergyEnvironmentMyCore
696,Erythropoietin and related agents,Erythropoietin and related agents,http://fhir.hie.moh.gov.my/CodeSystem/allergy-environment-my-core,CodeSystemAllergyEnvironmentMyCore
697,Escherichia coli,Escherichia coli,http://fhir.hie.moh.gov.my/CodeSystem/allergy-environment-my-core,CodeSystemAllergyEnvironmentMyCore
698,Eseridine,Eseridine,http://fhir.hie.moh.gov.my/CodeSystem/allergy-environment-my-core,CodeSystemAllergyEnvironmentMyCore
699,Ester type local anaesthetics,Ester type local anaesthetics,http://fhir.hie.moh.gov.my/CodeSystem/allergy-environment-my-core,CodeSystemAllergyEnvironmentMyCore
700,Estrogens,Estrogens,http://fhir.hie.moh.gov.my/CodeSystem/allergy-environment-my-core,CodeSystemAllergyEnvironmentMyCore
701,Etacrynic acid,Etacrynic acid,http://fhir.hie.moh.gov.my/CodeSystem/allergy-environment-my-core,CodeSystemAllergyEnvironmentMyCore
702,Etafedrine,Etafedrine,http://fhir.hie.moh.gov.my/CodeSystem/allergy-environment-my-core,CodeSystemAllergyEnvironmentMyCore
703,Ethambutol,Ethambutol,http://fhir.hie.moh.gov.my/CodeSystem/allergy-environment-my-core,CodeSystemAllergyEnvironmentMyCore
704,Ethaverine,Ethaverine,http://fhir.hie.moh.gov.my/CodeSystem/allergy-environment-my-core,CodeSystemAllergyEnvironmentMyCore
705,Etherified starches,Etherified starches,http://fhir.hie.moh.gov.my/CodeSystem/allergy-environment-my-core,CodeSystemAllergyEnvironmentMyCore
706,Ethyl hydrogen fumarate,Ethyl hydrogen fumarate,http://fhir.hie.moh.gov.my/CodeSystem/allergy-environment-my-core,CodeSystemAllergyEnvironmentMyCore
707,Ethyl nitrite,Ethyl nitrite,http://fhir.hie.moh.gov.my/CodeSystem/allergy-environment-my-core,CodeSystemAllergyEnvironmentMyCore
708,Ethylene glycol and its esters,Ethylene glycol and its esters,http://fhir.hie.moh.gov.my/CodeSystem/allergy-environment-my-core,CodeSystemAllergyEnvironmentMyCore
709,Ethylenediamine and its derivatives,Ethylenediamine and its derivatives,http://fhir.hie.moh.gov.my/CodeSystem/allergy-environment-my-core,CodeSystemAllergyEnvironmentMyCore
710,Etifoxine,Etifoxine,http://fhir.hie.moh.gov.my/CodeSystem/allergy-environment-my-core,CodeSystemAllergyEnvironmentMyCore
711,Etilefrine,Etilefrine,http://fhir.hie.moh.gov.my/CodeSystem/allergy-environment-my-core,CodeSystemAllergyEnvironmentMyCore
712,Etomidate and analogues,Etomidate and analogues,http://fhir.hie.moh.gov.my/CodeSystem/allergy-environment-my-core,CodeSystemAllergyEnvironmentMyCore
713,Etymemazine,Etymemazine,http://fhir.hie.moh.gov.my/CodeSystem/allergy-environment-my-core,CodeSystemAllergyEnvironmentMyCore
714,Eucalyptus,Eucalyptus,http://fhir.hie.moh.gov.my/CodeSystem/allergy-environment-my-core,CodeSystemAllergyEnvironmentMyCore
715,Eucommia ulmoides,Eucommia ulmoides,http://fhir.hie.moh.gov.my/CodeSystem/allergy-environment-my-core,CodeSystemAllergyEnvironmentMyCore
716,Euglena gracilis,Euglena gracilis,http://fhir.hie.moh.gov.my/CodeSystem/allergy-environment-my-core,CodeSystemAllergyEnvironmentMyCore
717,Eurasian solomon's seal,Eurasian solomon's seal,http://fhir.hie.moh.gov.my/CodeSystem/allergy-environment-my-core,CodeSystemAllergyEnvironmentMyCore
718,European ash,European ash,http://fhir.hie.moh.gov.my/CodeSystem/allergy-environment-my-core,CodeSystemAllergyEnvironmentMyCore
719,European barberry,European barberry,http://fhir.hie.moh.gov.my/CodeSystem/allergy-environment-my-core,CodeSystemAllergyEnvironmentMyCore
720,European cranberry,European cranberry,http://fhir.hie.moh.gov.my/CodeSystem/allergy-environment-my-core,CodeSystemAllergyEnvironmentMyCore
721,European cranberrybush,European cranberrybush,http://fhir.hie.moh.gov.my/CodeSystem/allergy-environment-my-core,CodeSystemAllergyEnvironmentMyCore
722,European larch,European larch,http://fhir.hie.moh.gov.my/CodeSystem/allergy-environment-my-core,CodeSystemAllergyEnvironmentMyCore
723,European linden,European linden,http://fhir.hie.moh.gov.my/CodeSystem/allergy-environment-my-core,CodeSystemAllergyEnvironmentMyCore
724,European scopolia,European scopolia,http://fhir.hie.moh.gov.my/CodeSystem/allergy-environment-my-core,CodeSystemAllergyEnvironmentMyCore
725,Evening trumpet flower,Evening trumpet flower,http://fhir.hie.moh.gov.my/CodeSystem/allergy-environment-my-core,CodeSystemAllergyEnvironmentMyCore
726,Exatecan,Exatecan,http://fhir.hie.moh.gov.my/CodeSystem/allergy-environment-my-core,CodeSystemAllergyEnvironmentMyCore
727,Factor IX,Factor IX,http://fhir.hie.moh.gov.my/CodeSystem/allergy-environment-my-core,CodeSystemAllergyEnvironmentMyCore
728,Factor VII,Factor VII,http://fhir.hie.moh.gov.my/CodeSystem/allergy-environment-my-core,CodeSystemAllergyEnvironmentMyCore
729,Factor VIII,Factor VIII,http://fhir.hie.moh.gov.my/CodeSystem/allergy-environment-my-core,CodeSystemAllergyEnvironmentMyCore
730,Factor Xa inhibitors,Factor Xa inhibitors,http://fhir.hie.moh.gov.my/CodeSystem/allergy-environment-my-core,CodeSystemAllergyEnvironmentMyCore
731,Factor ii,Factor ii,http://fhir.hie.moh.gov.my/CodeSystem/allergy-environment-my-core,CodeSystemAllergyEnvironmentMyCore
732,Factor x,Factor x,http://fhir.hie.moh.gov.my/CodeSystem/allergy-environment-my-core,CodeSystemAllergyEnvironmentMyCore
733,Fadolmidine,Fadolmidine,http://fhir.hie.moh.gov.my/CodeSystem/allergy-environment-my-core,CodeSystemAllergyEnvironmentMyCore
734,Fairywand,Fairywand,http://fhir.hie.moh.gov.my/CodeSystem/allergy-environment-my-core,CodeSystemAllergyEnvironmentMyCore
735,False daisy,False daisy,http://fhir.hie.moh.gov.my/CodeSystem/allergy-environment-my-core,CodeSystemAllergyEnvironmentMyCore
736,Fampridine and derivatives,Fampridine and derivatives,http://fhir.hie.moh.gov.my/CodeSystem/allergy-environment-my-core,CodeSystemAllergyEnvironmentMyCore
737,Farnesol,Farnesol,http://fhir.hie.moh.gov.my/CodeSystem/allergy-environment-my-core,CodeSystemAllergyEnvironmentMyCore
738,Faropenem,Faropenem,http://fhir.hie.moh.gov.my/CodeSystem/allergy-environment-my-core,CodeSystemAllergyEnvironmentMyCore
739,Fencamfamin,Fencamfamin,http://fhir.hie.moh.gov.my/CodeSystem/allergy-environment-my-core,CodeSystemAllergyEnvironmentMyCore
740,Fendiline,Fendiline,http://fhir.hie.moh.gov.my/CodeSystem/allergy-environment-my-core,CodeSystemAllergyEnvironmentMyCore
741,Fenfluramine derivatives,Fenfluramine derivatives,http://fhir.hie.moh.gov.my/CodeSystem/allergy-environment-my-core,CodeSystemAllergyEnvironmentMyCore
742,Fenipentol,Fenipentol,http://fhir.hie.moh.gov.my/CodeSystem/allergy-environment-my-core,CodeSystemAllergyEnvironmentMyCore
743,Fennel,Fennel,http://fhir.hie.moh.gov.my/CodeSystem/allergy-environment-my-core,CodeSystemAllergyEnvironmentMyCore
744,Fenofibrate,Fenofibrate,http://fhir.hie.moh.gov.my/CodeSystem/allergy-environment-my-core,CodeSystemAllergyEnvironmentMyCore
745,Fenoldopam,Fenoldopam,http://fhir.hie.moh.gov.my/CodeSystem/allergy-environment-my-core,CodeSystemAllergyEnvironmentMyCore
746,Fenoverine,Fenoverine,http://fhir.hie.moh.gov.my/CodeSystem/allergy-environment-my-core,CodeSystemAllergyEnvironmentMyCore
747,Fenproporex,Fenproporex,http://fhir.hie.moh.gov.my/CodeSystem/allergy-environment-my-core,CodeSystemAllergyEnvironmentMyCore
748,Fenspiride,Fenspiride,http://fhir.hie.moh.gov.my/CodeSystem/allergy-environment-my-core,CodeSystemAllergyEnvironmentMyCore
749,Fenugreek,Fenugreek,http://fhir.hie.moh.gov.my/CodeSystem/allergy-environment-my-core,CodeSystemAllergyEnvironmentMyCore
750,Fenyramidol,Fenyramidol,http://fhir.hie.moh.gov.my/CodeSystem/allergy-environment-my-core,CodeSystemAllergyEnvironmentMyCore
751,Ferritin,Ferritin,http://fhir.hie.moh.gov.my/CodeSystem/allergy-environment-my-core,CodeSystemAllergyEnvironmentMyCore
752,Ferulic acid and salts,Ferulic acid and salts,http://fhir.hie.moh.gov.my/CodeSystem/allergy-environment-my-core,CodeSystemAllergyEnvironmentMyCore
753,Fesoterodine,Fesoterodine,http://fhir.hie.moh.gov.my/CodeSystem/allergy-environment-my-core,CodeSystemAllergyEnvironmentMyCore
754,Fibre,Fibre,http://fhir.hie.moh.gov.my/CodeSystem/allergy-environment-my-core,CodeSystemAllergyEnvironmentMyCore
755,Fibric acid derivatives,Fibric acid derivatives,http://fhir.hie.moh.gov.my/CodeSystem/allergy-environment-my-core,CodeSystemAllergyEnvironmentMyCore
756,Fibrinogen and related products,Fibrinogen and related products,http://fhir.hie.moh.gov.my/CodeSystem/allergy-environment-my-core,CodeSystemAllergyEnvironmentMyCore
757,Fibrinolysin,Fibrinolysin,http://fhir.hie.moh.gov.my/CodeSystem/allergy-environment-my-core,CodeSystemAllergyEnvironmentMyCore
758,Fibroblast growth factor,Fibroblast growth factor,http://fhir.hie.moh.gov.my/CodeSystem/allergy-environment-my-core,CodeSystemAllergyEnvironmentMyCore
759,Ficus racemosa,Ficus racemosa,http://fhir.hie.moh.gov.my/CodeSystem/allergy-environment-my-core,CodeSystemAllergyEnvironmentMyCore
760,Fiduxosin,Fiduxosin,http://fhir.hie.moh.gov.my/CodeSystem/allergy-environment-my-core,CodeSystemAllergyEnvironmentMyCore
761,Field sowthistle,Field sowthistle,http://fhir.hie.moh.gov.my/CodeSystem/allergy-environment-my-core,CodeSystemAllergyEnvironmentMyCore
762,Figwort,Figwort,http://fhir.hie.moh.gov.my/CodeSystem/allergy-environment-my-core,CodeSystemAllergyEnvironmentMyCore
763,Fingolimod,Fingolimod,http://fhir.hie.moh.gov.my/CodeSystem/allergy-environment-my-core,CodeSystemAllergyEnvironmentMyCore
764,Fipexide,Fipexide,http://fhir.hie.moh.gov.my/CodeSystem/allergy-environment-my-core,CodeSystemAllergyEnvironmentMyCore
765,Fireweed,Fireweed,http://fhir.hie.moh.gov.my/CodeSystem/allergy-environment-my-core,CodeSystemAllergyEnvironmentMyCore
766,Fish berry,Fish berry,http://fhir.hie.moh.gov.my/CodeSystem/allergy-environment-my-core,CodeSystemAllergyEnvironmentMyCore
767,Fish proteins,Fish proteins,http://fhir.hie.moh.gov.my/CodeSystem/allergy-environment-my-core,CodeSystemAllergyEnvironmentMyCore
768,Flavin adenin dinucleotide,Flavin adenin dinucleotide,http://fhir.hie.moh.gov.my/CodeSystem/allergy-environment-my-core,CodeSystemAllergyEnvironmentMyCore
769,Flavodic acid,Flavodic acid,http://fhir.hie.moh.gov.my/CodeSystem/allergy-environment-my-core,CodeSystemAllergyEnvironmentMyCore
770,Flavonoids,Flavonoids,http://fhir.hie.moh.gov.my/CodeSystem/allergy-environment-my-core,CodeSystemAllergyEnvironmentMyCore
771,Flecainide,Flecainide,http://fhir.hie.moh.gov.my/CodeSystem/allergy-environment-my-core,CodeSystemAllergyEnvironmentMyCore
772,Flowering quince,Flowering quince,http://fhir.hie.moh.gov.my/CodeSystem/allergy-environment-my-core,CodeSystemAllergyEnvironmentMyCore
773,Fluorescein derivatives,Fluorescein derivatives,http://fhir.hie.moh.gov.my/CodeSystem/allergy-environment-my-core,CodeSystemAllergyEnvironmentMyCore
774,Fluorides,Fluorides,http://fhir.hie.moh.gov.my/CodeSystem/allergy-environment-my-core,CodeSystemAllergyEnvironmentMyCore
775,Fluoropyrimidines,Fluoropyrimidines,http://fhir.hie.moh.gov.my/CodeSystem/allergy-environment-my-core,CodeSystemAllergyEnvironmentMyCore
776,Flupirtine,Flupirtine,http://fhir.hie.moh.gov.my/CodeSystem/allergy-environment-my-core,CodeSystemAllergyEnvironmentMyCore
777,Fodipir,Fodipir,http://fhir.hie.moh.gov.my/CodeSystem/allergy-environment-my-core,CodeSystemAllergyEnvironmentMyCore
778,Folic acid and derivatives,Folic acid and derivatives,http://fhir.hie.moh.gov.my/CodeSystem/allergy-environment-my-core,CodeSystemAllergyEnvironmentMyCore
779,Follicle stimulating hormones,Follicle stimulating hormones,http://fhir.hie.moh.gov.my/CodeSystem/allergy-environment-my-core,CodeSystemAllergyEnvironmentMyCore
780,Fomepizole,Fomepizole,http://fhir.hie.moh.gov.my/CodeSystem/allergy-environment-my-core,CodeSystemAllergyEnvironmentMyCore
781,Fominoben,Fominoben,http://fhir.hie.moh.gov.my/CodeSystem/allergy-environment-my-core,CodeSystemAllergyEnvironmentMyCore
782,Fomivirsen,Fomivirsen,http://fhir.hie.moh.gov.my/CodeSystem/allergy-environment-my-core,CodeSystemAllergyEnvironmentMyCore
783,Fondaparinux,Fondaparinux,http://fhir.hie.moh.gov.my/CodeSystem/allergy-environment-my-core,CodeSystemAllergyEnvironmentMyCore
784,Formaldehyde derivatives,Formaldehyde derivatives,http://fhir.hie.moh.gov.my/CodeSystem/allergy-environment-my-core,CodeSystemAllergyEnvironmentMyCore
785,Formaldehyde releasers,Formaldehyde releasers,http://fhir.hie.moh.gov.my/CodeSystem/allergy-environment-my-core,CodeSystemAllergyEnvironmentMyCore
786,Formic acid,Formic acid,http://fhir.hie.moh.gov.my/CodeSystem/allergy-environment-my-core,CodeSystemAllergyEnvironmentMyCore
787,Fosfructose,Fosfructose,http://fhir.hie.moh.gov.my/CodeSystem/allergy-environment-my-core,CodeSystemAllergyEnvironmentMyCore
788,French plantain,French plantain,http://fhir.hie.moh.gov.my/CodeSystem/allergy-environment-my-core,CodeSystemAllergyEnvironmentMyCore
789,Fructose,Fructose,http://fhir.hie.moh.gov.my/CodeSystem/allergy-environment-my-core,CodeSystemAllergyEnvironmentMyCore
790,Fumaric acid,Fumaric acid,http://fhir.hie.moh.gov.my/CodeSystem/allergy-environment-my-core,CodeSystemAllergyEnvironmentMyCore
791,Fumitory,Fumitory,http://fhir.hie.moh.gov.my/CodeSystem/allergy-environment-my-core,CodeSystemAllergyEnvironmentMyCore
792,Fusidic acid and derivatives,Fusidic acid and derivatives,http://fhir.hie.moh.gov.my/CodeSystem/allergy-environment-my-core,CodeSystemAllergyEnvironmentMyCore
793,Fytic acid,Fytic acid,http://fhir.hie.moh.gov.my/CodeSystem/allergy-environment-my-core,CodeSystemAllergyEnvironmentMyCore
794,Gabapentin,Gabapentin,http://fhir.hie.moh.gov.my/CodeSystem/allergy-environment-my-core,CodeSystemAllergyEnvironmentMyCore
795,Gabexate,Gabexate,http://fhir.hie.moh.gov.my/CodeSystem/allergy-environment-my-core,CodeSystemAllergyEnvironmentMyCore
796,Gadolinium complexes,Gadolinium complexes,http://fhir.hie.moh.gov.my/CodeSystem/allergy-environment-my-core,CodeSystemAllergyEnvironmentMyCore
797,Galactane,Galactane,http://fhir.hie.moh.gov.my/CodeSystem/allergy-environment-my-core,CodeSystemAllergyEnvironmentMyCore
798,Galantamine,Galantamine,http://fhir.hie.moh.gov.my/CodeSystem/allergy-environment-my-core,CodeSystemAllergyEnvironmentMyCore
799,Gallates,Gallates,http://fhir.hie.moh.gov.my/CodeSystem/allergy-environment-my-core,CodeSystemAllergyEnvironmentMyCore
800,Gallic acid esters,Gallic acid esters,http://fhir.hie.moh.gov.my/CodeSystem/allergy-environment-my-core,CodeSystemAllergyEnvironmentMyCore
801,Gallium compounds,Gallium compounds,http://fhir.hie.moh.gov.my/CodeSystem/allergy-environment-my-core,CodeSystemAllergyEnvironmentMyCore
802,Gambir,Gambir,http://fhir.hie.moh.gov.my/CodeSystem/allergy-environment-my-core,CodeSystemAllergyEnvironmentMyCore
803,Ganoderma lucidum,Ganoderma lucidum,http://fhir.hie.moh.gov.my/CodeSystem/allergy-environment-my-core,CodeSystemAllergyEnvironmentMyCore
804,Garcinia,Garcinia,http://fhir.hie.moh.gov.my/CodeSystem/allergy-environment-my-core,CodeSystemAllergyEnvironmentMyCore
805,Garden thyme,Garden thyme,http://fhir.hie.moh.gov.my/CodeSystem/allergy-environment-my-core,CodeSystemAllergyEnvironmentMyCore
806,Gastrodia elata,Gastrodia elata,http://fhir.hie.moh.gov.my/CodeSystem/allergy-environment-my-core,CodeSystemAllergyEnvironmentMyCore
807,Gelatin,Gelatin,http://fhir.hie.moh.gov.my/CodeSystem/allergy-environment-my-core,CodeSystemAllergyEnvironmentMyCore
808,Gensparin,Gensparin,http://fhir.hie.moh.gov.my/CodeSystem/allergy-environment-my-core,CodeSystemAllergyEnvironmentMyCore
809,Gentian,Gentian,http://fhir.hie.moh.gov.my/CodeSystem/allergy-environment-my-core,CodeSystemAllergyEnvironmentMyCore
810,Geraniol,Geraniol,http://fhir.hie.moh.gov.my/CodeSystem/allergy-environment-my-core,CodeSystemAllergyEnvironmentMyCore
811,Gerard's jointfir,Gerard's jointfir,http://fhir.hie.moh.gov.my/CodeSystem/allergy-environment-my-core,CodeSystemAllergyEnvironmentMyCore
812,German chamomile,German chamomile,http://fhir.hie.moh.gov.my/CodeSystem/allergy-environment-my-core,CodeSystemAllergyEnvironmentMyCore
813,German iris,German iris,http://fhir.hie.moh.gov.my/CodeSystem/allergy-environment-my-core,CodeSystemAllergyEnvironmentMyCore
814,Giant Kelp,Giant Kelp,http://fhir.hie.moh.gov.my/CodeSystem/allergy-environment-my-core,CodeSystemAllergyEnvironmentMyCore
815,Giant milkweed,Giant milkweed,http://fhir.hie.moh.gov.my/CodeSystem/allergy-environment-my-core,CodeSystemAllergyEnvironmentMyCore
816,Ginger,Ginger,http://fhir.hie.moh.gov.my/CodeSystem/allergy-environment-my-core,CodeSystemAllergyEnvironmentMyCore
817,Ginkgolic acid-containing compounds,Ginkgolic acid-containing compounds,http://fhir.hie.moh.gov.my/CodeSystem/allergy-environment-my-core,CodeSystemAllergyEnvironmentMyCore
818,Ginseng,Ginseng,http://fhir.hie.moh.gov.my/CodeSystem/allergy-environment-my-core,CodeSystemAllergyEnvironmentMyCore
819,Glatiramer,Glatiramer,http://fhir.hie.moh.gov.my/CodeSystem/allergy-environment-my-core,CodeSystemAllergyEnvironmentMyCore
820,Glaucine,Glaucine,http://fhir.hie.moh.gov.my/CodeSystem/allergy-environment-my-core,CodeSystemAllergyEnvironmentMyCore
821,Glechoma longituba,Glechoma longituba,http://fhir.hie.moh.gov.my/CodeSystem/allergy-environment-my-core,CodeSystemAllergyEnvironmentMyCore
822,Glossy privet,Glossy privet,http://fhir.hie.moh.gov.my/CodeSystem/allergy-environment-my-core,CodeSystemAllergyEnvironmentMyCore
823,Glucagon,Glucagon,http://fhir.hie.moh.gov.my/CodeSystem/allergy-environment-my-core,CodeSystemAllergyEnvironmentMyCore
824,Glucofrangulin,Glucofrangulin,http://fhir.hie.moh.gov.my/CodeSystem/allergy-environment-my-core,CodeSystemAllergyEnvironmentMyCore
825,Gluconic acid,Gluconic acid,http://fhir.hie.moh.gov.my/CodeSystem/allergy-environment-my-core,CodeSystemAllergyEnvironmentMyCore
826,Glucosamine (all salts and derivatives),Glucosamine (all salts and derivatives),http://fhir.hie.moh.gov.my/CodeSystem/allergy-environment-my-core,CodeSystemAllergyEnvironmentMyCore
827,Glucose,Glucose,http://fhir.hie.moh.gov.my/CodeSystem/allergy-environment-my-core,CodeSystemAllergyEnvironmentMyCore
828,Glucose-1-phosphate,Glucose-1-phosphate,http://fhir.hie.moh.gov.my/CodeSystem/allergy-environment-my-core,CodeSystemAllergyEnvironmentMyCore
829,Glucuronic acid,Glucuronic acid,http://fhir.hie.moh.gov.my/CodeSystem/allergy-environment-my-core,CodeSystemAllergyEnvironmentMyCore
830,Glutamic acid,Glutamic acid,http://fhir.hie.moh.gov.my/CodeSystem/allergy-environment-my-core,CodeSystemAllergyEnvironmentMyCore
831,Glutethimide and analogues,Glutethimide and analogues,http://fhir.hie.moh.gov.my/CodeSystem/allergy-environment-my-core,CodeSystemAllergyEnvironmentMyCore
832,Glycerol,Glycerol,http://fhir.hie.moh.gov.my/CodeSystem/allergy-environment-my-core,CodeSystemAllergyEnvironmentMyCore
833,Glyceryl stearate,Glyceryl stearate,http://fhir.hie.moh.gov.my/CodeSystem/allergy-environment-my-core,CodeSystemAllergyEnvironmentMyCore
834,Glycine,Glycine,http://fhir.hie.moh.gov.my/CodeSystem/allergy-environment-my-core,CodeSystemAllergyEnvironmentMyCore
835,Glycolic acid,Glycolic acid,http://fhir.hie.moh.gov.my/CodeSystem/allergy-environment-my-core,CodeSystemAllergyEnvironmentMyCore
836,Glycopeptide antibiotics,Glycopeptide antibiotics,http://fhir.hie.moh.gov.my/CodeSystem/allergy-environment-my-core,CodeSystemAllergyEnvironmentMyCore
837,Glycoprotein IIb/IIIa inhibitors,Glycoprotein IIb/IIIa inhibitors,http://fhir.hie.moh.gov.my/CodeSystem/allergy-environment-my-core,CodeSystemAllergyEnvironmentMyCore
838,Glycyrrhiza,Glycyrrhiza,http://fhir.hie.moh.gov.my/CodeSystem/allergy-environment-my-core,CodeSystemAllergyEnvironmentMyCore
839,Goat's milk,Goat's milk,http://fhir.hie.moh.gov.my/CodeSystem/allergy-environment-my-core,CodeSystemAllergyEnvironmentMyCore
840,Goat's rue,Goat's rue,http://fhir.hie.moh.gov.my/CodeSystem/allergy-environment-my-core,CodeSystemAllergyEnvironmentMyCore
841,God's crown,God's crown,http://fhir.hie.moh.gov.my/CodeSystem/allergy-environment-my-core,CodeSystemAllergyEnvironmentMyCore
842,Gold compounds,Gold compounds,http://fhir.hie.moh.gov.my/CodeSystem/allergy-environment-my-core,CodeSystemAllergyEnvironmentMyCore
843,Golden kelp,Golden kelp,http://fhir.hie.moh.gov.my/CodeSystem/allergy-environment-my-core,CodeSystemAllergyEnvironmentMyCore
844,Golden rod,Golden rod,http://fhir.hie.moh.gov.my/CodeSystem/allergy-environment-my-core,CodeSystemAllergyEnvironmentMyCore
845,Goldenseal,Goldenseal,http://fhir.hie.moh.gov.my/CodeSystem/allergy-environment-my-core,CodeSystemAllergyEnvironmentMyCore
846,Gonadotrophin-releasing hormone analogues,Gonadotrophin-releasing hormone analogues,http://fhir.hie.moh.gov.my/CodeSystem/allergy-environment-my-core,CodeSystemAllergyEnvironmentMyCore
847,Gonadotrophin-releasing hormone antagonists,Gonadotrophin-releasing hormone antagonists,http://fhir.hie.moh.gov.my/CodeSystem/allergy-environment-my-core,CodeSystemAllergyEnvironmentMyCore
848,Gorgon,Gorgon,http://fhir.hie.moh.gov.my/CodeSystem/allergy-environment-my-core,CodeSystemAllergyEnvironmentMyCore
849,Gotu kola,Gotu kola,http://fhir.hie.moh.gov.my/CodeSystem/allergy-environment-my-core,CodeSystemAllergyEnvironmentMyCore
850,Grapes,Grapes,http://fhir.hie.moh.gov.my/CodeSystem/allergy-environment-my-core,CodeSystemAllergyEnvironmentMyCore
851,Great burnet,Great burnet,http://fhir.hie.moh.gov.my/CodeSystem/allergy-environment-my-core,CodeSystemAllergyEnvironmentMyCore
852,Greater celandine,Greater celandine,http://fhir.hie.moh.gov.my/CodeSystem/allergy-environment-my-core,CodeSystemAllergyEnvironmentMyCore
853,Greek sage,Greek sage,http://fhir.hie.moh.gov.my/CodeSystem/allergy-environment-my-core,CodeSystemAllergyEnvironmentMyCore
854,Green alga,Green alga,http://fhir.hie.moh.gov.my/CodeSystem/allergy-environment-my-core,CodeSystemAllergyEnvironmentMyCore
855,Green false hellebore,Green false hellebore,http://fhir.hie.moh.gov.my/CodeSystem/allergy-environment-my-core,CodeSystemAllergyEnvironmentMyCore
856,Green mussel,Green mussel,http://fhir.hie.moh.gov.my/CodeSystem/allergy-environment-my-core,CodeSystemAllergyEnvironmentMyCore
857,Griseofulvin,Griseofulvin,http://fhir.hie.moh.gov.my/CodeSystem/allergy-environment-my-core,CodeSystemAllergyEnvironmentMyCore
858,Ground ivy,Ground ivy,http://fhir.hie.moh.gov.my/CodeSystem/allergy-environment-my-core,CodeSystemAllergyEnvironmentMyCore
859,Growth hormones,Growth hormones,http://fhir.hie.moh.gov.my/CodeSystem/allergy-environment-my-core,CodeSystemAllergyEnvironmentMyCore
860,Guaiacol,Guaiacol,http://fhir.hie.moh.gov.my/CodeSystem/allergy-environment-my-core,CodeSystemAllergyEnvironmentMyCore
861,Guaiazulene,Guaiazulene,http://fhir.hie.moh.gov.my/CodeSystem/allergy-environment-my-core,CodeSystemAllergyEnvironmentMyCore
862,Guanabenz,Guanabenz,http://fhir.hie.moh.gov.my/CodeSystem/allergy-environment-my-core,CodeSystemAllergyEnvironmentMyCore
863,Guanadrel,Guanadrel,http://fhir.hie.moh.gov.my/CodeSystem/allergy-environment-my-core,CodeSystemAllergyEnvironmentMyCore
864,Guanethidine,Guanethidine,http://fhir.hie.moh.gov.my/CodeSystem/allergy-environment-my-core,CodeSystemAllergyEnvironmentMyCore
865,Guanfacine,Guanfacine,http://fhir.hie.moh.gov.my/CodeSystem/allergy-environment-my-core,CodeSystemAllergyEnvironmentMyCore
866,Guanidine,Guanidine,http://fhir.hie.moh.gov.my/CodeSystem/allergy-environment-my-core,CodeSystemAllergyEnvironmentMyCore
867,Guanine nucleoside antivirals,Guanine nucleoside antivirals,http://fhir.hie.moh.gov.my/CodeSystem/allergy-environment-my-core,CodeSystemAllergyEnvironmentMyCore
868,Guanosine,Guanosine,http://fhir.hie.moh.gov.my/CodeSystem/allergy-environment-my-core,CodeSystemAllergyEnvironmentMyCore
869,Guar,Guar,http://fhir.hie.moh.gov.my/CodeSystem/allergy-environment-my-core,CodeSystemAllergyEnvironmentMyCore
870,Guarana,Guarana,http://fhir.hie.moh.gov.my/CodeSystem/allergy-environment-my-core,CodeSystemAllergyEnvironmentMyCore
871,Guava,Guava,http://fhir.hie.moh.gov.my/CodeSystem/allergy-environment-my-core,CodeSystemAllergyEnvironmentMyCore
872,Gumweed,Gumweed,http://fhir.hie.moh.gov.my/CodeSystem/allergy-environment-my-core,CodeSystemAllergyEnvironmentMyCore
873,Gurmar,Gurmar,http://fhir.hie.moh.gov.my/CodeSystem/allergy-environment-my-core,CodeSystemAllergyEnvironmentMyCore
874,Gynura pinnatifida,Gynura pinnatifida,http://fhir.hie.moh.gov.my/CodeSystem/allergy-environment-my-core,CodeSystemAllergyEnvironmentMyCore
875,H2 receptor antagonists,H2 receptor antagonists,http://fhir.hie.moh.gov.my/CodeSystem/allergy-environment-my-core,CodeSystemAllergyEnvironmentMyCore
876,HIV protease inhibitors (sulfonamide),HIV protease inhibitors (sulfonamide),http://fhir.hie.moh.gov.my/CodeSystem/allergy-environment-my-core,CodeSystemAllergyEnvironmentMyCore
877,HMG-CoA reductase inhibitors (STATIN),HMG-CoA reductase inhibitors (STATIN),http://fhir.hie.moh.gov.my/CodeSystem/allergy-environment-my-core,CodeSystemAllergyEnvironmentMyCore
878,Haemophilus influenzae type b (Hib) vaccine,Haemophilus influenzae type b (Hib) vaccine,http://fhir.hie.moh.gov.my/CodeSystem/allergy-environment-my-core,CodeSystemAllergyEnvironmentMyCore
879,Haloalkylamine alpha adrenergic antagonists,Haloalkylamine alpha adrenergic antagonists,http://fhir.hie.moh.gov.my/CodeSystem/allergy-environment-my-core,CodeSystemAllergyEnvironmentMyCore
880,Halofantrine,Halofantrine,http://fhir.hie.moh.gov.my/CodeSystem/allergy-environment-my-core,CodeSystemAllergyEnvironmentMyCore
881,Halogenated anaesthetics,Halogenated anaesthetics,http://fhir.hie.moh.gov.my/CodeSystem/allergy-environment-my-core,CodeSystemAllergyEnvironmentMyCore
882,Handroanthus impetiginosus,Handroanthus impetiginosus,http://fhir.hie.moh.gov.my/CodeSystem/allergy-environment-my-core,CodeSystemAllergyEnvironmentMyCore
883,Harlequin blueflag,Harlequin blueflag,http://fhir.hie.moh.gov.my/CodeSystem/allergy-environment-my-core,CodeSystemAllergyEnvironmentMyCore
884,Harungana madagascariensis,Harungana madagascariensis,http://fhir.hie.moh.gov.my/CodeSystem/allergy-environment-my-core,CodeSystemAllergyEnvironmentMyCore
885,Hazelnut,Hazelnut,http://fhir.hie.moh.gov.my/CodeSystem/allergy-environment-my-core,CodeSystemAllergyEnvironmentMyCore
886,Heavenly bamboo,Heavenly bamboo,http://fhir.hie.moh.gov.my/CodeSystem/allergy-environment-my-core,CodeSystemAllergyEnvironmentMyCore
887,Hedgemustard,Hedgemustard,http://fhir.hie.moh.gov.my/CodeSystem/allergy-environment-my-core,CodeSystemAllergyEnvironmentMyCore
888,Hemlock,Hemlock,http://fhir.hie.moh.gov.my/CodeSystem/allergy-environment-my-core,CodeSystemAllergyEnvironmentMyCore
889,Hemp-nettle,Hemp-nettle,http://fhir.hie.moh.gov.my/CodeSystem/allergy-environment-my-core,CodeSystemAllergyEnvironmentMyCore
890,Henna,Henna,http://fhir.hie.moh.gov.my/CodeSystem/allergy-environment-my-core,CodeSystemAllergyEnvironmentMyCore
891,Heparinoids,Heparinoids,http://fhir.hie.moh.gov.my/CodeSystem/allergy-environment-my-core,CodeSystemAllergyEnvironmentMyCore
892,Heparins,Heparins,http://fhir.hie.moh.gov.my/CodeSystem/allergy-environment-my-core,CodeSystemAllergyEnvironmentMyCore
893,Hepatitis C virus (HCV) protease inhibitors,Hepatitis C virus (HCV) protease inhibitors,http://fhir.hie.moh.gov.my/CodeSystem/allergy-environment-my-core,CodeSystemAllergyEnvironmentMyCore
894,Hepatitis a vaccine,Hepatitis a vaccine,http://fhir.hie.moh.gov.my/CodeSystem/allergy-environment-my-core,CodeSystemAllergyEnvironmentMyCore
895,Hepatitis b vaccine,Hepatitis b vaccine,http://fhir.hie.moh.gov.my/CodeSystem/allergy-environment-my-core,CodeSystemAllergyEnvironmentMyCore
896,Heptaminol,Heptaminol,http://fhir.hie.moh.gov.my/CodeSystem/allergy-environment-my-core,CodeSystemAllergyEnvironmentMyCore
897,Herb Robert,Herb Robert,http://fhir.hie.moh.gov.my/CodeSystem/allergy-environment-my-core,CodeSystemAllergyEnvironmentMyCore
898,Herb paris,Herb paris,http://fhir.hie.moh.gov.my/CodeSystem/allergy-environment-my-core,CodeSystemAllergyEnvironmentMyCore
899,Herpes simplex vaccine,Herpes simplex vaccine,http://fhir.hie.moh.gov.my/CodeSystem/allergy-environment-my-core,CodeSystemAllergyEnvironmentMyCore
900,Hexamethonium derivatives,Hexamethonium derivatives,http://fhir.hie.moh.gov.my/CodeSystem/allergy-environment-my-core,CodeSystemAllergyEnvironmentMyCore
901,Hexobendine,Hexobendine,http://fhir.hie.moh.gov.my/CodeSystem/allergy-environment-my-core,CodeSystemAllergyEnvironmentMyCore
902,High mallow,High mallow,http://fhir.hie.moh.gov.my/CodeSystem/allergy-environment-my-core,CodeSystemAllergyEnvironmentMyCore
903,Hirudins,Hirudins,http://fhir.hie.moh.gov.my/CodeSystem/allergy-environment-my-core,CodeSystemAllergyEnvironmentMyCore
904,Histamine,Histamine,http://fhir.hie.moh.gov.my/CodeSystem/allergy-environment-my-core,CodeSystemAllergyEnvironmentMyCore
905,Histamine analogues,Histamine analogues,http://fhir.hie.moh.gov.my/CodeSystem/allergy-environment-my-core,CodeSystemAllergyEnvironmentMyCore
906,Histidine,Histidine,http://fhir.hie.moh.gov.my/CodeSystem/allergy-environment-my-core,CodeSystemAllergyEnvironmentMyCore
907,Holmium,Holmium,http://fhir.hie.moh.gov.my/CodeSystem/allergy-environment-my-core,CodeSystemAllergyEnvironmentMyCore
908,Holy basil,Holy basil,http://fhir.hie.moh.gov.my/CodeSystem/allergy-environment-my-core,CodeSystemAllergyEnvironmentMyCore
909,Homofenazine,Homofenazine,http://fhir.hie.moh.gov.my/CodeSystem/allergy-environment-my-core,CodeSystemAllergyEnvironmentMyCore
910,Hong Kong lilly,Hong Kong lilly,http://fhir.hie.moh.gov.my/CodeSystem/allergy-environment-my-core,CodeSystemAllergyEnvironmentMyCore
911,Hop,Hop,http://fhir.hie.moh.gov.my/CodeSystem/allergy-environment-my-core,CodeSystemAllergyEnvironmentMyCore
912,Horse chestnut,Horse chestnut,http://fhir.hie.moh.gov.my/CodeSystem/allergy-environment-my-core,CodeSystemAllergyEnvironmentMyCore
913,Horseflyweed,Horseflyweed,http://fhir.hie.moh.gov.my/CodeSystem/allergy-environment-my-core,CodeSystemAllergyEnvironmentMyCore
914,Horseradish,Horseradish,http://fhir.hie.moh.gov.my/CodeSystem/allergy-environment-my-core,CodeSystemAllergyEnvironmentMyCore
915,Horsetail,Horsetail,http://fhir.hie.moh.gov.my/CodeSystem/allergy-environment-my-core,CodeSystemAllergyEnvironmentMyCore
916,House dust mite,House dust mite,http://fhir.hie.moh.gov.my/CodeSystem/allergy-environment-my-core,CodeSystemAllergyEnvironmentMyCore
917,Huang lian,Huang lian,http://fhir.hie.moh.gov.my/CodeSystem/allergy-environment-my-core,CodeSystemAllergyEnvironmentMyCore
918,Huang qi,Huang qi,http://fhir.hie.moh.gov.my/CodeSystem/allergy-environment-my-core,CodeSystemAllergyEnvironmentMyCore
919,Human and human-derived immunoglobulins,Human and human-derived immunoglobulins,http://fhir.hie.moh.gov.my/CodeSystem/allergy-environment-my-core,CodeSystemAllergyEnvironmentMyCore
920,Human papillomavirus (HPV) vaccine,Human papillomavirus (HPV) vaccine,http://fhir.hie.moh.gov.my/CodeSystem/allergy-environment-my-core,CodeSystemAllergyEnvironmentMyCore
921,Human placenta and related products,Human placenta and related products,http://fhir.hie.moh.gov.my/CodeSystem/allergy-environment-my-core,CodeSystemAllergyEnvironmentMyCore
922,Human recombinant activated protein C,Human recombinant activated protein C,http://fhir.hie.moh.gov.my/CodeSystem/allergy-environment-my-core,CodeSystemAllergyEnvironmentMyCore
923,Hyacinth bean,Hyacinth bean,http://fhir.hie.moh.gov.my/CodeSystem/allergy-environment-my-core,CodeSystemAllergyEnvironmentMyCore
924,Hyaluronic acid,Hyaluronic acid,http://fhir.hie.moh.gov.my/CodeSystem/allergy-environment-my-core,CodeSystemAllergyEnvironmentMyCore
925,Hyaluronidase,Hyaluronidase,http://fhir.hie.moh.gov.my/CodeSystem/allergy-environment-my-core,CodeSystemAllergyEnvironmentMyCore
926,Hydantoin anticonvulsants,Hydantoin anticonvulsants,http://fhir.hie.moh.gov.my/CodeSystem/allergy-environment-my-core,CodeSystemAllergyEnvironmentMyCore
927,Hydrangea arborescens,Hydrangea arborescens,http://fhir.hie.moh.gov.my/CodeSystem/allergy-environment-my-core,CodeSystemAllergyEnvironmentMyCore
928,Hydrastine,Hydrastine,http://fhir.hie.moh.gov.my/CodeSystem/allergy-environment-my-core,CodeSystemAllergyEnvironmentMyCore
929,Hydrastinine,Hydrastinine,http://fhir.hie.moh.gov.my/CodeSystem/allergy-environment-my-core,CodeSystemAllergyEnvironmentMyCore
930,Hydrocortamate,Hydrocortamate,http://fhir.hie.moh.gov.my/CodeSystem/allergy-environment-my-core,CodeSystemAllergyEnvironmentMyCore
931,Hydrogen peroxide,Hydrogen peroxide,http://fhir.hie.moh.gov.my/CodeSystem/allergy-environment-my-core,CodeSystemAllergyEnvironmentMyCore
932,Hydroquinones,Hydroquinones,http://fhir.hie.moh.gov.my/CodeSystem/allergy-environment-my-core,CodeSystemAllergyEnvironmentMyCore
933,Hydroxyanthranilic acid,Hydroxyanthranilic acid,http://fhir.hie.moh.gov.my/CodeSystem/allergy-environment-my-core,CodeSystemAllergyEnvironmentMyCore
934,Hydroxyquinolines,Hydroxyquinolines,http://fhir.hie.moh.gov.my/CodeSystem/allergy-environment-my-core,CodeSystemAllergyEnvironmentMyCore
935,Hydroxystilbamidine,Hydroxystilbamidine,http://fhir.hie.moh.gov.my/CodeSystem/allergy-environment-my-core,CodeSystemAllergyEnvironmentMyCore
936,Hygrophila auriculata,Hygrophila auriculata,http://fhir.hie.moh.gov.my/CodeSystem/allergy-environment-my-core,CodeSystemAllergyEnvironmentMyCore
937,Hymenoptera venom,Hymenoptera venom,http://fhir.hie.moh.gov.my/CodeSystem/allergy-environment-my-core,CodeSystemAllergyEnvironmentMyCore
938,Hypochlorites,Hypochlorites,http://fhir.hie.moh.gov.my/CodeSystem/allergy-environment-my-core,CodeSystemAllergyEnvironmentMyCore
939,Hypophosphorous acid and salts,Hypophosphorous acid and salts,http://fhir.hie.moh.gov.my/CodeSystem/allergy-environment-my-core,CodeSystemAllergyEnvironmentMyCore
940,Hyssop,Hyssop,http://fhir.hie.moh.gov.my/CodeSystem/allergy-environment-my-core,CodeSystemAllergyEnvironmentMyCore
941,Ibopamine,Ibopamine,http://fhir.hie.moh.gov.my/CodeSystem/allergy-environment-my-core,CodeSystemAllergyEnvironmentMyCore
942,Ibutilide,Ibutilide,http://fhir.hie.moh.gov.my/CodeSystem/allergy-environment-my-core,CodeSystemAllergyEnvironmentMyCore
943,Icatibant,Icatibant,http://fhir.hie.moh.gov.my/CodeSystem/allergy-environment-my-core,CodeSystemAllergyEnvironmentMyCore
944,Iceland moss,Iceland moss,http://fhir.hie.moh.gov.my/CodeSystem/allergy-environment-my-core,CodeSystemAllergyEnvironmentMyCore
945,Ichthammol,Ichthammol,http://fhir.hie.moh.gov.my/CodeSystem/allergy-environment-my-core,CodeSystemAllergyEnvironmentMyCore
946,Idanpramine,Idanpramine,http://fhir.hie.moh.gov.my/CodeSystem/allergy-environment-my-core,CodeSystemAllergyEnvironmentMyCore
947,Ifenprodil,Ifenprodil,http://fhir.hie.moh.gov.my/CodeSystem/allergy-environment-my-core,CodeSystemAllergyEnvironmentMyCore
948,Igmesine,Igmesine,http://fhir.hie.moh.gov.my/CodeSystem/allergy-environment-my-core,CodeSystemAllergyEnvironmentMyCore
949,Ignatia amara,Ignatia amara,http://fhir.hie.moh.gov.my/CodeSystem/allergy-environment-my-core,CodeSystemAllergyEnvironmentMyCore
950,Imidazole and triazole derived antifungals,Imidazole and triazole derived antifungals,http://fhir.hie.moh.gov.my/CodeSystem/allergy-environment-my-core,CodeSystemAllergyEnvironmentMyCore
951,Imidazoline alpha adrenergic receptor antagonists,Imidazoline alpha adrenergic receptor antagonists,http://fhir.hie.moh.gov.my/CodeSystem/allergy-environment-my-core,CodeSystemAllergyEnvironmentMyCore
952,Imidazoline decongestants,Imidazoline decongestants,http://fhir.hie.moh.gov.my/CodeSystem/allergy-environment-my-core,CodeSystemAllergyEnvironmentMyCore
953,Imidazopyridines,Imidazopyridines,http://fhir.hie.moh.gov.my/CodeSystem/allergy-environment-my-core,CodeSystemAllergyEnvironmentMyCore
954,Imidazoquinazoline derivatives,Imidazoquinazoline derivatives,http://fhir.hie.moh.gov.my/CodeSystem/allergy-environment-my-core,CodeSystemAllergyEnvironmentMyCore
955,Imidazoquinolines,Imidazoquinolines,http://fhir.hie.moh.gov.my/CodeSystem/allergy-environment-my-core,CodeSystemAllergyEnvironmentMyCore
956,Imipraminoxide,Imipraminoxide,http://fhir.hie.moh.gov.my/CodeSystem/allergy-environment-my-core,CodeSystemAllergyEnvironmentMyCore
957,Imolamine,Imolamine,http://fhir.hie.moh.gov.my/CodeSystem/allergy-environment-my-core,CodeSystemAllergyEnvironmentMyCore
958,Inca-peanut,Inca-peanut,http://fhir.hie.moh.gov.my/CodeSystem/allergy-environment-my-core,CodeSystemAllergyEnvironmentMyCore
959,Incretin mimetics,Incretin mimetics,http://fhir.hie.moh.gov.my/CodeSystem/allergy-environment-my-core,CodeSystemAllergyEnvironmentMyCore
960,Indanazoline,Indanazoline,http://fhir.hie.moh.gov.my/CodeSystem/allergy-environment-my-core,CodeSystemAllergyEnvironmentMyCore
961,Indanedione anticoagulant,Indanedione anticoagulant,http://fhir.hie.moh.gov.my/CodeSystem/allergy-environment-my-core,CodeSystemAllergyEnvironmentMyCore
962,Indecainide,Indecainide,http://fhir.hie.moh.gov.my/CodeSystem/allergy-environment-my-core,CodeSystemAllergyEnvironmentMyCore
963,Indeloxazine,Indeloxazine,http://fhir.hie.moh.gov.my/CodeSystem/allergy-environment-my-core,CodeSystemAllergyEnvironmentMyCore
964,Indian Barberry,Indian Barberry,http://fhir.hie.moh.gov.my/CodeSystem/allergy-environment-my-core,CodeSystemAllergyEnvironmentMyCore
965,Indian gooseberry,Indian gooseberry,http://fhir.hie.moh.gov.my/CodeSystem/allergy-environment-my-core,CodeSystemAllergyEnvironmentMyCore
966,Indian long pepper,Indian long pepper,http://fhir.hie.moh.gov.my/CodeSystem/allergy-environment-my-core,CodeSystemAllergyEnvironmentMyCore
967,Indian mulberry,Indian mulberry,http://fhir.hie.moh.gov.my/CodeSystem/allergy-environment-my-core,CodeSystemAllergyEnvironmentMyCore
968,Indian sarsaparilla,Indian sarsaparilla,http://fhir.hie.moh.gov.my/CodeSystem/allergy-environment-my-core,CodeSystemAllergyEnvironmentMyCore
969,Indian tragacanth,Indian tragacanth,http://fhir.hie.moh.gov.my/CodeSystem/allergy-environment-my-core,CodeSystemAllergyEnvironmentMyCore
970,Indian valerian,Indian valerian,http://fhir.hie.moh.gov.my/CodeSystem/allergy-environment-my-core,CodeSystemAllergyEnvironmentMyCore
971,Indigo dyes,Indigo dyes,http://fhir.hie.moh.gov.my/CodeSystem/allergy-environment-my-core,CodeSystemAllergyEnvironmentMyCore
972,Indinavir,Indinavir,http://fhir.hie.moh.gov.my/CodeSystem/allergy-environment-my-core,CodeSystemAllergyEnvironmentMyCore
973,Indium (all salts),Indium (all salts),http://fhir.hie.moh.gov.my/CodeSystem/allergy-environment-my-core,CodeSystemAllergyEnvironmentMyCore
974,Indonesian bay leaf,Indonesian bay leaf,http://fhir.hie.moh.gov.my/CodeSystem/allergy-environment-my-core,CodeSystemAllergyEnvironmentMyCore
975,Indoramin,Indoramin,http://fhir.hie.moh.gov.my/CodeSystem/allergy-environment-my-core,CodeSystemAllergyEnvironmentMyCore
976,Influenza vaccine,Influenza vaccine,http://fhir.hie.moh.gov.my/CodeSystem/allergy-environment-my-core,CodeSystemAllergyEnvironmentMyCore
977,Inosine,Inosine,http://fhir.hie.moh.gov.my/CodeSystem/allergy-environment-my-core,CodeSystemAllergyEnvironmentMyCore
978,Insulins,Insulins,http://fhir.hie.moh.gov.my/CodeSystem/allergy-environment-my-core,CodeSystemAllergyEnvironmentMyCore
979,Insulins containing zinc,Insulins containing zinc,http://fhir.hie.moh.gov.my/CodeSystem/allergy-environment-my-core,CodeSystemAllergyEnvironmentMyCore
980,Integrase inhibitors,Integrase inhibitors,http://fhir.hie.moh.gov.my/CodeSystem/allergy-environment-my-core,CodeSystemAllergyEnvironmentMyCore
981,Interferons,Interferons,http://fhir.hie.moh.gov.my/CodeSystem/allergy-environment-my-core,CodeSystemAllergyEnvironmentMyCore
982,Interleukins,Interleukins,http://fhir.hie.moh.gov.my/CodeSystem/allergy-environment-my-core,CodeSystemAllergyEnvironmentMyCore
983,Iodine-containing compounds,Iodine-containing compounds,http://fhir.hie.moh.gov.my/CodeSystem/allergy-environment-my-core,CodeSystemAllergyEnvironmentMyCore
984,Iofetamine (123I),Iofetamine (123I),http://fhir.hie.moh.gov.my/CodeSystem/allergy-environment-my-core,CodeSystemAllergyEnvironmentMyCore
985,Ioglycamic acid,Ioglycamic acid,http://fhir.hie.moh.gov.my/CodeSystem/allergy-environment-my-core,CodeSystemAllergyEnvironmentMyCore
986,Ipecacuanha,Ipecacuanha,http://fhir.hie.moh.gov.my/CodeSystem/allergy-environment-my-core,CodeSystemAllergyEnvironmentMyCore
987,Ipomoea,Ipomoea,http://fhir.hie.moh.gov.my/CodeSystem/allergy-environment-my-core,CodeSystemAllergyEnvironmentMyCore
988,Iron compounds,Iron compounds,http://fhir.hie.moh.gov.my/CodeSystem/allergy-environment-my-core,CodeSystemAllergyEnvironmentMyCore
989,Iron dextran,Iron dextran,http://fhir.hie.moh.gov.my/CodeSystem/allergy-environment-my-core,CodeSystemAllergyEnvironmentMyCore
990,Irsogladine,Irsogladine,http://fhir.hie.moh.gov.my/CodeSystem/allergy-environment-my-core,CodeSystemAllergyEnvironmentMyCore
991,Iseganan,Iseganan,http://fhir.hie.moh.gov.my/CodeSystem/allergy-environment-my-core,CodeSystemAllergyEnvironmentMyCore
992,Isoaminile,Isoaminile,http://fhir.hie.moh.gov.my/CodeSystem/allergy-environment-my-core,CodeSystemAllergyEnvironmentMyCore
993,Isoflupredone,Isoflupredone,http://fhir.hie.moh.gov.my/CodeSystem/allergy-environment-my-core,CodeSystemAllergyEnvironmentMyCore
994,Isometheptene,Isometheptene,http://fhir.hie.moh.gov.my/CodeSystem/allergy-environment-my-core,CodeSystemAllergyEnvironmentMyCore
995,Isomolpan,Isomolpan,http://fhir.hie.moh.gov.my/CodeSystem/allergy-environment-my-core,CodeSystemAllergyEnvironmentMyCore
996,Isosorbide,Isosorbide,http://fhir.hie.moh.gov.my/CodeSystem/allergy-environment-my-core,CodeSystemAllergyEnvironmentMyCore
997,Isospaglumic acid,Isospaglumic acid,http://fhir.hie.moh.gov.my/CodeSystem/allergy-environment-my-core,CodeSystemAllergyEnvironmentMyCore
998,Isothiazolinones,Isothiazolinones,http://fhir.hie.moh.gov.my/CodeSystem/allergy-environment-my-core,CodeSystemAllergyEnvironmentMyCore
999,Isothipendyl,Isothipendyl,http://fhir.hie.moh.gov.my/CodeSystem/allergy-environment-my-core,CodeSystemAllergyEnvironmentMyCore
"1,905",calophyllum inophyllum,calophyllum inophyllum,http://fhir.hie.moh.gov.my/CodeSystem/allergy-environment-my-core,CodeSystemAllergyEnvironmentMyCore
"1,906",isoniazid,isoniazid,http://fhir.hie.moh.gov.my/CodeSystem/allergy-environment-my-core,CodeSystemAllergyEnvironmentMyCore
"1,000",Isovaleric acid,Isovaleric acid,http://fhir.hie.moh.gov.my/CodeSystem/allergy-environment-my-core,CodeSystemAllergyEnvironmentMyCore
"1,001",Isoxsuprine,Isoxsuprine,http://fhir.hie.moh.gov.my/CodeSystem/allergy-environment-my-core,CodeSystemAllergyEnvironmentMyCore
"1,002",Ivabradine,Ivabradine,http://fhir.hie.moh.gov.my/CodeSystem/allergy-environment-my-core,CodeSystemAllergyEnvironmentMyCore
"1,003",Ivy,Ivy,http://fhir.hie.moh.gov.my/CodeSystem/allergy-environment-my-core,CodeSystemAllergyEnvironmentMyCore
"1,004",Ixabepilone and analogues,Ixabepilone and analogues,http://fhir.hie.moh.gov.my/CodeSystem/allergy-environment-my-core,CodeSystemAllergyEnvironmentMyCore
"1,005",Jamaican-dogwood,Jamaican-dogwood,http://fhir.hie.moh.gov.my/CodeSystem/allergy-environment-my-core,CodeSystemAllergyEnvironmentMyCore
"1,006",Janus kinase inhibitors,Janus kinase inhibitors,http://fhir.hie.moh.gov.my/CodeSystem/allergy-environment-my-core,CodeSystemAllergyEnvironmentMyCore
"1,008",Japanese climbing fern,Japanese climbing fern,http://fhir.hie.moh.gov.my/CodeSystem/allergy-environment-my-core,CodeSystemAllergyEnvironmentMyCore
"1,009",Japanese cornelian cherry,Japanese cornelian cherry,http://fhir.hie.moh.gov.my/CodeSystem/allergy-environment-my-core,CodeSystemAllergyEnvironmentMyCore
"1,010",Japanese encephalitis vaccine,Japanese encephalitis vaccine,http://fhir.hie.moh.gov.my/CodeSystem/allergy-environment-my-core,CodeSystemAllergyEnvironmentMyCore
"1,007",Japanese Honeysuckle,Japanese Honeysuckle,http://fhir.hie.moh.gov.my/CodeSystem/allergy-environment-my-core,CodeSystemAllergyEnvironmentMyCore
"1,011",Japanese knotweed,Japanese knotweed,http://fhir.hie.moh.gov.my/CodeSystem/allergy-environment-my-core,CodeSystemAllergyEnvironmentMyCore
"1,012",Japanese pagoda tree,Japanese pagoda tree,http://fhir.hie.moh.gov.my/CodeSystem/allergy-environment-my-core,CodeSystemAllergyEnvironmentMyCore
"1,013",Java plum,Java plum,http://fhir.hie.moh.gov.my/CodeSystem/allergy-environment-my-core,CodeSystemAllergyEnvironmentMyCore
"1,014",Java tea,Java tea,http://fhir.hie.moh.gov.my/CodeSystem/allergy-environment-my-core,CodeSystemAllergyEnvironmentMyCore
"1,015",Jequerity,Jequerity,http://fhir.hie.moh.gov.my/CodeSystem/allergy-environment-my-core,CodeSystemAllergyEnvironmentMyCore
"1,016",Jerusalem artichoke,Jerusalem artichoke,http://fhir.hie.moh.gov.my/CodeSystem/allergy-environment-my-core,CodeSystemAllergyEnvironmentMyCore
"1,017",Job's tears,Job's tears,http://fhir.hie.moh.gov.my/CodeSystem/allergy-environment-my-core,CodeSystemAllergyEnvironmentMyCore
"1,018",Jojoba,Jojoba,http://fhir.hie.moh.gov.my/CodeSystem/allergy-environment-my-core,CodeSystemAllergyEnvironmentMyCore
"1,019",Kaempferia parviflora,Kaempferia parviflora,http://fhir.hie.moh.gov.my/CodeSystem/allergy-environment-my-core,CodeSystemAllergyEnvironmentMyCore
"1,020",Keratin,Keratin,http://fhir.hie.moh.gov.my/CodeSystem/allergy-environment-my-core,CodeSystemAllergyEnvironmentMyCore
"1,021",Ketamine,Ketamine,http://fhir.hie.moh.gov.my/CodeSystem/allergy-environment-my-core,CodeSystemAllergyEnvironmentMyCore
"1,022",Ketanserin,Ketanserin,http://fhir.hie.moh.gov.my/CodeSystem/allergy-environment-my-core,CodeSystemAllergyEnvironmentMyCore
"1,023",Ketoglutaric acid,Ketoglutaric acid,http://fhir.hie.moh.gov.my/CodeSystem/allergy-environment-my-core,CodeSystemAllergyEnvironmentMyCore
"1,024",Ketolide antibacterials,Ketolide antibacterials,http://fhir.hie.moh.gov.my/CodeSystem/allergy-environment-my-core,CodeSystemAllergyEnvironmentMyCore
"1,025",Ketoprofen,Ketoprofen,http://fhir.hie.moh.gov.my/CodeSystem/allergy-environment-my-core,CodeSystemAllergyEnvironmentMyCore
"1,026",Khella,Khella,http://fhir.hie.moh.gov.my/CodeSystem/allergy-environment-my-core,CodeSystemAllergyEnvironmentMyCore
"1,027",Kidney bean,Kidney bean,http://fhir.hie.moh.gov.my/CodeSystem/allergy-environment-my-core,CodeSystemAllergyEnvironmentMyCore
"1,028",Kidney vetch,Kidney vetch,http://fhir.hie.moh.gov.my/CodeSystem/allergy-environment-my-core,CodeSystemAllergyEnvironmentMyCore
"1,029",Kinkeliba,Kinkeliba,http://fhir.hie.moh.gov.my/CodeSystem/allergy-environment-my-core,CodeSystemAllergyEnvironmentMyCore
"1,030",Kitchen sage,Kitchen sage,http://fhir.hie.moh.gov.my/CodeSystem/allergy-environment-my-core,CodeSystemAllergyEnvironmentMyCore
"1,031",Kojic acid and derivatives,Kojic acid and derivatives,http://fhir.hie.moh.gov.my/CodeSystem/allergy-environment-my-core,CodeSystemAllergyEnvironmentMyCore
"1,032",Kokum,Kokum,http://fhir.hie.moh.gov.my/CodeSystem/allergy-environment-my-core,CodeSystemAllergyEnvironmentMyCore
"1,033",Konjac,Konjac,http://fhir.hie.moh.gov.my/CodeSystem/allergy-environment-my-core,CodeSystemAllergyEnvironmentMyCore
"1,034",Kwao krua,Kwao krua,http://fhir.hie.moh.gov.my/CodeSystem/allergy-environment-my-core,CodeSystemAllergyEnvironmentMyCore
"1,035",Labrador tea,Labrador tea,http://fhir.hie.moh.gov.my/CodeSystem/allergy-environment-my-core,CodeSystemAllergyEnvironmentMyCore
"1,036",Lactic acid,Lactic acid,http://fhir.hie.moh.gov.my/CodeSystem/allergy-environment-my-core,CodeSystemAllergyEnvironmentMyCore
"1,037",Lactitol,Lactitol,http://fhir.hie.moh.gov.my/CodeSystem/allergy-environment-my-core,CodeSystemAllergyEnvironmentMyCore
"1,038",Lactobacillus,Lactobacillus,http://fhir.hie.moh.gov.my/CodeSystem/allergy-environment-my-core,CodeSystemAllergyEnvironmentMyCore
"1,039",Lactobacillus delbrueckii,Lactobacillus delbrueckii,http://fhir.hie.moh.gov.my/CodeSystem/allergy-environment-my-core,CodeSystemAllergyEnvironmentMyCore
"1,040",Lactobacillus gasseri and its strains,Lactobacillus gasseri and its strains,http://fhir.hie.moh.gov.my/CodeSystem/allergy-environment-my-core,CodeSystemAllergyEnvironmentMyCore
"1,041",Lactobacillus reuteri,Lactobacillus reuteri,http://fhir.hie.moh.gov.my/CodeSystem/allergy-environment-my-core,CodeSystemAllergyEnvironmentMyCore
"1,042",Lactobacillus rhamnosus,Lactobacillus rhamnosus,http://fhir.hie.moh.gov.my/CodeSystem/allergy-environment-my-core,CodeSystemAllergyEnvironmentMyCore
"1,043",Lactobionic acid,Lactobionic acid,http://fhir.hie.moh.gov.my/CodeSystem/allergy-environment-my-core,CodeSystemAllergyEnvironmentMyCore
"1,044",Lactococcus lactis,Lactococcus lactis,http://fhir.hie.moh.gov.my/CodeSystem/allergy-environment-my-core,CodeSystemAllergyEnvironmentMyCore
"1,045",Lactose,Lactose,http://fhir.hie.moh.gov.my/CodeSystem/allergy-environment-my-core,CodeSystemAllergyEnvironmentMyCore
"1,046",Lamifiban,Lamifiban,http://fhir.hie.moh.gov.my/CodeSystem/allergy-environment-my-core,CodeSystemAllergyEnvironmentMyCore
"1,047",Lamotrigine,Lamotrigine,http://fhir.hie.moh.gov.my/CodeSystem/allergy-environment-my-core,CodeSystemAllergyEnvironmentMyCore
"1,048",Lanthanum,Lanthanum,http://fhir.hie.moh.gov.my/CodeSystem/allergy-environment-my-core,CodeSystemAllergyEnvironmentMyCore
"1,049",Lappaconitine,Lappaconitine,http://fhir.hie.moh.gov.my/CodeSystem/allergy-environment-my-core,CodeSystemAllergyEnvironmentMyCore
"1,050",Lasofoxifene,Lasofoxifene,http://fhir.hie.moh.gov.my/CodeSystem/allergy-environment-my-core,CodeSystemAllergyEnvironmentMyCore
"1,051",Latex,Latex,http://fhir.hie.moh.gov.my/CodeSystem/allergy-environment-my-core,CodeSystemAllergyEnvironmentMyCore
"1,052",Laureth sulfates,Laureth sulfates,http://fhir.hie.moh.gov.my/CodeSystem/allergy-environment-my-core,CodeSystemAllergyEnvironmentMyCore
"1,053",Lavender,Lavender,http://fhir.hie.moh.gov.my/CodeSystem/allergy-environment-my-core,CodeSystemAllergyEnvironmentMyCore
"1,054",Lazabemide,Lazabemide,http://fhir.hie.moh.gov.my/CodeSystem/allergy-environment-my-core,CodeSystemAllergyEnvironmentMyCore
"1,055",Lead,Lead,http://fhir.hie.moh.gov.my/CodeSystem/allergy-environment-my-core,CodeSystemAllergyEnvironmentMyCore
"1,056",Ledebouriella seseloides,Ledebouriella seseloides,http://fhir.hie.moh.gov.my/CodeSystem/allergy-environment-my-core,CodeSystemAllergyEnvironmentMyCore
"1,057",Ledoxantrone,Ledoxantrone,http://fhir.hie.moh.gov.my/CodeSystem/allergy-environment-my-core,CodeSystemAllergyEnvironmentMyCore
"1,058",Leflunomide and metabolites,Leflunomide and metabolites,http://fhir.hie.moh.gov.my/CodeSystem/allergy-environment-my-core,CodeSystemAllergyEnvironmentMyCore
"1,059",Lemon balm,Lemon balm,http://fhir.hie.moh.gov.my/CodeSystem/allergy-environment-my-core,CodeSystemAllergyEnvironmentMyCore
"1,060",Lemon beebrush,Lemon beebrush,http://fhir.hie.moh.gov.my/CodeSystem/allergy-environment-my-core,CodeSystemAllergyEnvironmentMyCore
"1,061",Leptospira vaccine,Leptospira vaccine,http://fhir.hie.moh.gov.my/CodeSystem/allergy-environment-my-core,CodeSystemAllergyEnvironmentMyCore
"1,062",Leteprinim,Leteprinim,http://fhir.hie.moh.gov.my/CodeSystem/allergy-environment-my-core,CodeSystemAllergyEnvironmentMyCore
"1,063",Leukotriene receptor antagonists,Leukotriene receptor antagonists,http://fhir.hie.moh.gov.my/CodeSystem/allergy-environment-my-core,CodeSystemAllergyEnvironmentMyCore
"1,064",Levallorphan,Levallorphan,http://fhir.hie.moh.gov.my/CodeSystem/allergy-environment-my-core,CodeSystemAllergyEnvironmentMyCore
"1,065",Levamisole,Levamisole,http://fhir.hie.moh.gov.my/CodeSystem/allergy-environment-my-core,CodeSystemAllergyEnvironmentMyCore
"1,066",Levant cotton,Levant cotton,http://fhir.hie.moh.gov.my/CodeSystem/allergy-environment-my-core,CodeSystemAllergyEnvironmentMyCore
"1,067",Levobetaxolol,Levobetaxolol,http://fhir.hie.moh.gov.my/CodeSystem/allergy-environment-my-core,CodeSystemAllergyEnvironmentMyCore
"1,068",Levocarnitine,Levocarnitine,http://fhir.hie.moh.gov.my/CodeSystem/allergy-environment-my-core,CodeSystemAllergyEnvironmentMyCore
"1,069",Levofolinic acid,Levofolinic acid,http://fhir.hie.moh.gov.my/CodeSystem/allergy-environment-my-core,CodeSystemAllergyEnvironmentMyCore
"1,070",Levopropionil carnitine,Levopropionil carnitine,http://fhir.hie.moh.gov.my/CodeSystem/allergy-environment-my-core,CodeSystemAllergyEnvironmentMyCore
"1,071",Levopropoxyphene,Levopropoxyphene,http://fhir.hie.moh.gov.my/CodeSystem/allergy-environment-my-core,CodeSystemAllergyEnvironmentMyCore
"1,072",Levulinic acid,Levulinic acid,http://fhir.hie.moh.gov.my/CodeSystem/allergy-environment-my-core,CodeSystemAllergyEnvironmentMyCore
"1,073",Lichen,Lichen,http://fhir.hie.moh.gov.my/CodeSystem/allergy-environment-my-core,CodeSystemAllergyEnvironmentMyCore
"1,074",Lidamidine,Lidamidine,http://fhir.hie.moh.gov.my/CodeSystem/allergy-environment-my-core,CodeSystemAllergyEnvironmentMyCore
"1,075",Lignum vitae,Lignum vitae,http://fhir.hie.moh.gov.my/CodeSystem/allergy-environment-my-core,CodeSystemAllergyEnvironmentMyCore
"1,076",Ligusticum sinense,Ligusticum sinense,http://fhir.hie.moh.gov.my/CodeSystem/allergy-environment-my-core,CodeSystemAllergyEnvironmentMyCore
"1,077",Ligusticum wallichii,Ligusticum wallichii,http://fhir.hie.moh.gov.my/CodeSystem/allergy-environment-my-core,CodeSystemAllergyEnvironmentMyCore
"1,078",Lilac chastetree,Lilac chastetree,http://fhir.hie.moh.gov.my/CodeSystem/allergy-environment-my-core,CodeSystemAllergyEnvironmentMyCore
"1,079",Lincosamides,Lincosamides,http://fhir.hie.moh.gov.my/CodeSystem/allergy-environment-my-core,CodeSystemAllergyEnvironmentMyCore
"1,080",Linden,Linden,http://fhir.hie.moh.gov.my/CodeSystem/allergy-environment-my-core,CodeSystemAllergyEnvironmentMyCore
"1,081",Lindera strychnifolia,Lindera strychnifolia,http://fhir.hie.moh.gov.my/CodeSystem/allergy-environment-my-core,CodeSystemAllergyEnvironmentMyCore
"1,082",Lingonberry,Lingonberry,http://fhir.hie.moh.gov.my/CodeSystem/allergy-environment-my-core,CodeSystemAllergyEnvironmentMyCore
"1,083",Linoleic acid and derivatives,Linoleic acid and derivatives,http://fhir.hie.moh.gov.my/CodeSystem/allergy-environment-my-core,CodeSystemAllergyEnvironmentMyCore
"1,084",Linseed,Linseed,http://fhir.hie.moh.gov.my/CodeSystem/allergy-environment-my-core,CodeSystemAllergyEnvironmentMyCore
"1,085",Lipase,Lipase,http://fhir.hie.moh.gov.my/CodeSystem/allergy-environment-my-core,CodeSystemAllergyEnvironmentMyCore
"1,086",Lipase inhibitors,Lipase inhibitors,http://fhir.hie.moh.gov.my/CodeSystem/allergy-environment-my-core,CodeSystemAllergyEnvironmentMyCore
"1,087",Liriosma ovata,Liriosma ovata,http://fhir.hie.moh.gov.my/CodeSystem/allergy-environment-my-core,CodeSystemAllergyEnvironmentMyCore
"1,088",Lithium,Lithium,http://fhir.hie.moh.gov.my/CodeSystem/allergy-environment-my-core,CodeSystemAllergyEnvironmentMyCore
"1,089",Lithospermum officinale,Lithospermum officinale,http://fhir.hie.moh.gov.my/CodeSystem/allergy-environment-my-core,CodeSystemAllergyEnvironmentMyCore
"1,090",Lithothamnium calcareum,Lithothamnium calcareum,http://fhir.hie.moh.gov.my/CodeSystem/allergy-environment-my-core,CodeSystemAllergyEnvironmentMyCore
"1,091",Liver extract,Liver extract,http://fhir.hie.moh.gov.my/CodeSystem/allergy-environment-my-core,CodeSystemAllergyEnvironmentMyCore
"1,092",Lividomycin,Lividomycin,http://fhir.hie.moh.gov.my/CodeSystem/allergy-environment-my-core,CodeSystemAllergyEnvironmentMyCore
"1,093",Lobaria pulmonaria,Lobaria pulmonaria,http://fhir.hie.moh.gov.my/CodeSystem/allergy-environment-my-core,CodeSystemAllergyEnvironmentMyCore
"1,094",Lobelia and its compounds,Lobelia and its compounds,http://fhir.hie.moh.gov.my/CodeSystem/allergy-environment-my-core,CodeSystemAllergyEnvironmentMyCore
"1,095",Lodoxamide,Lodoxamide,http://fhir.hie.moh.gov.my/CodeSystem/allergy-environment-my-core,CodeSystemAllergyEnvironmentMyCore
"1,096",Lofepramine,Lofepramine,http://fhir.hie.moh.gov.my/CodeSystem/allergy-environment-my-core,CodeSystemAllergyEnvironmentMyCore
"1,097",Lomerizine,Lomerizine,http://fhir.hie.moh.gov.my/CodeSystem/allergy-environment-my-core,CodeSystemAllergyEnvironmentMyCore
"1,098",Lomitapide,Lomitapide,http://fhir.hie.moh.gov.my/CodeSystem/allergy-environment-my-core,CodeSystemAllergyEnvironmentMyCore
"1,099",Longan,Longan,http://fhir.hie.moh.gov.my/CodeSystem/allergy-environment-my-core,CodeSystemAllergyEnvironmentMyCore
"1,100",Loop diuretics,Loop diuretics,http://fhir.hie.moh.gov.my/CodeSystem/allergy-environment-my-core,CodeSystemAllergyEnvironmentMyCore
"1,101",Loperamide,Loperamide,http://fhir.hie.moh.gov.my/CodeSystem/allergy-environment-my-core,CodeSystemAllergyEnvironmentMyCore
"1,102",Lophatherum gracile,Lophatherum gracile,http://fhir.hie.moh.gov.my/CodeSystem/allergy-environment-my-core,CodeSystemAllergyEnvironmentMyCore
"1,103",Loquat,Loquat,http://fhir.hie.moh.gov.my/CodeSystem/allergy-environment-my-core,CodeSystemAllergyEnvironmentMyCore
"1,104",Loranthus parasiticus,Loranthus parasiticus,http://fhir.hie.moh.gov.my/CodeSystem/allergy-environment-my-core,CodeSystemAllergyEnvironmentMyCore
"1,105",Lorcainide,Lorcainide,http://fhir.hie.moh.gov.my/CodeSystem/allergy-environment-my-core,CodeSystemAllergyEnvironmentMyCore
"1,106",Loteprednol,Loteprednol,http://fhir.hie.moh.gov.my/CodeSystem/allergy-environment-my-core,CodeSystemAllergyEnvironmentMyCore
"1,107",Lovage,Lovage,http://fhir.hie.moh.gov.my/CodeSystem/allergy-environment-my-core,CodeSystemAllergyEnvironmentMyCore
"1,108",Lupine,Lupine,http://fhir.hie.moh.gov.my/CodeSystem/allergy-environment-my-core,CodeSystemAllergyEnvironmentMyCore
"1,109",Lurasidone,Lurasidone,http://fhir.hie.moh.gov.my/CodeSystem/allergy-environment-my-core,CodeSystemAllergyEnvironmentMyCore
"1,110",Lutein,Lutein,http://fhir.hie.moh.gov.my/CodeSystem/allergy-environment-my-core,CodeSystemAllergyEnvironmentMyCore
"1,111",Luteinising hormones,Luteinising hormones,http://fhir.hie.moh.gov.my/CodeSystem/allergy-environment-my-core,CodeSystemAllergyEnvironmentMyCore
"1,112",Lysine,Lysine,http://fhir.hie.moh.gov.my/CodeSystem/allergy-environment-my-core,CodeSystemAllergyEnvironmentMyCore
"1,113",Lysozyme,Lysozyme,http://fhir.hie.moh.gov.my/CodeSystem/allergy-environment-my-core,CodeSystemAllergyEnvironmentMyCore
"1,114",Maca,Maca,http://fhir.hie.moh.gov.my/CodeSystem/allergy-environment-my-core,CodeSystemAllergyEnvironmentMyCore
"1,115",Macrogols,Macrogols,http://fhir.hie.moh.gov.my/CodeSystem/allergy-environment-my-core,CodeSystemAllergyEnvironmentMyCore
"1,116",Macrolide antibacterials,Macrolide antibacterials,http://fhir.hie.moh.gov.my/CodeSystem/allergy-environment-my-core,CodeSystemAllergyEnvironmentMyCore
"1,117",Macrolide immunosuppressants,Macrolide immunosuppressants,http://fhir.hie.moh.gov.my/CodeSystem/allergy-environment-my-core,CodeSystemAllergyEnvironmentMyCore
"1,118",Magnesium-containing compounds,Magnesium-containing compounds,http://fhir.hie.moh.gov.my/CodeSystem/allergy-environment-my-core,CodeSystemAllergyEnvironmentMyCore
"1,119",Magnolia,Magnolia,http://fhir.hie.moh.gov.my/CodeSystem/allergy-environment-my-core,CodeSystemAllergyEnvironmentMyCore
"1,120",Maidenhair fern,Maidenhair fern,http://fhir.hie.moh.gov.my/CodeSystem/allergy-environment-my-core,CodeSystemAllergyEnvironmentMyCore
"1,121",Maize,Maize,http://fhir.hie.moh.gov.my/CodeSystem/allergy-environment-my-core,CodeSystemAllergyEnvironmentMyCore
"1,122",Malabar nut,Malabar nut,http://fhir.hie.moh.gov.my/CodeSystem/allergy-environment-my-core,CodeSystemAllergyEnvironmentMyCore
"1,123",Malaysian scurfpea,Malaysian scurfpea,http://fhir.hie.moh.gov.my/CodeSystem/allergy-environment-my-core,CodeSystemAllergyEnvironmentMyCore
"1,124",Male fern,Male fern,http://fhir.hie.moh.gov.my/CodeSystem/allergy-environment-my-core,CodeSystemAllergyEnvironmentMyCore
"1,125",Maltitol,Maltitol,http://fhir.hie.moh.gov.my/CodeSystem/allergy-environment-my-core,CodeSystemAllergyEnvironmentMyCore
"1,126",Mandelic acid,Mandelic acid,http://fhir.hie.moh.gov.my/CodeSystem/allergy-environment-my-core,CodeSystemAllergyEnvironmentMyCore
"1,127",Mandrake,Mandrake,http://fhir.hie.moh.gov.my/CodeSystem/allergy-environment-my-core,CodeSystemAllergyEnvironmentMyCore
"1,128",Mangafodipir,Mangafodipir,http://fhir.hie.moh.gov.my/CodeSystem/allergy-environment-my-core,CodeSystemAllergyEnvironmentMyCore
"1,129",Manganese compounds,Manganese compounds,http://fhir.hie.moh.gov.my/CodeSystem/allergy-environment-my-core,CodeSystemAllergyEnvironmentMyCore
"1,130",Mango,Mango,http://fhir.hie.moh.gov.my/CodeSystem/allergy-environment-my-core,CodeSystemAllergyEnvironmentMyCore
"1,131",Mangosteen,Mangosteen,http://fhir.hie.moh.gov.my/CodeSystem/allergy-environment-my-core,CodeSystemAllergyEnvironmentMyCore
"1,132",Manila elemi,Manila elemi,http://fhir.hie.moh.gov.my/CodeSystem/allergy-environment-my-core,CodeSystemAllergyEnvironmentMyCore
"1,133",Manna ash,Manna ash,http://fhir.hie.moh.gov.my/CodeSystem/allergy-environment-my-core,CodeSystemAllergyEnvironmentMyCore
"1,134",Mannitol,Mannitol,http://fhir.hie.moh.gov.my/CodeSystem/allergy-environment-my-core,CodeSystemAllergyEnvironmentMyCore
"1,135",Manuka honey,Manuka honey,http://fhir.hie.moh.gov.my/CodeSystem/allergy-environment-my-core,CodeSystemAllergyEnvironmentMyCore
"1,136",Maprotiline,Maprotiline,http://fhir.hie.moh.gov.my/CodeSystem/allergy-environment-my-core,CodeSystemAllergyEnvironmentMyCore
"1,137",Maqui,Maqui,http://fhir.hie.moh.gov.my/CodeSystem/allergy-environment-my-core,CodeSystemAllergyEnvironmentMyCore
"1,138",Maral,Maral,http://fhir.hie.moh.gov.my/CodeSystem/allergy-environment-my-core,CodeSystemAllergyEnvironmentMyCore
"1,139",Marine cartilage,Marine cartilage,http://fhir.hie.moh.gov.my/CodeSystem/allergy-environment-my-core,CodeSystemAllergyEnvironmentMyCore
"1,140",Marshmallow,Marshmallow,http://fhir.hie.moh.gov.my/CodeSystem/allergy-environment-my-core,CodeSystemAllergyEnvironmentMyCore
"1,141",Marshpepper knotweed,Marshpepper knotweed,http://fhir.hie.moh.gov.my/CodeSystem/allergy-environment-my-core,CodeSystemAllergyEnvironmentMyCore
"1,142",Mazipredone,Mazipredone,http://fhir.hie.moh.gov.my/CodeSystem/allergy-environment-my-core,CodeSystemAllergyEnvironmentMyCore
"1,143",Meadowsweet,Meadowsweet,http://fhir.hie.moh.gov.my/CodeSystem/allergy-environment-my-core,CodeSystemAllergyEnvironmentMyCore
"1,144",Measles vaccine,Measles vaccine,http://fhir.hie.moh.gov.my/CodeSystem/allergy-environment-my-core,CodeSystemAllergyEnvironmentMyCore
"1,145",Mecamylamine,Mecamylamine,http://fhir.hie.moh.gov.my/CodeSystem/allergy-environment-my-core,CodeSystemAllergyEnvironmentMyCore
"1,146",Meclofenoxate,Meclofenoxate,http://fhir.hie.moh.gov.my/CodeSystem/allergy-environment-my-core,CodeSystemAllergyEnvironmentMyCore
"1,147",Mecloxamine,Mecloxamine,http://fhir.hie.moh.gov.my/CodeSystem/allergy-environment-my-core,CodeSystemAllergyEnvironmentMyCore
"1,148",Mecysteine,Mecysteine,http://fhir.hie.moh.gov.my/CodeSystem/allergy-environment-my-core,CodeSystemAllergyEnvironmentMyCore
"1,149",Medifoxamine,Medifoxamine,http://fhir.hie.moh.gov.my/CodeSystem/allergy-environment-my-core,CodeSystemAllergyEnvironmentMyCore
"1,150",Mefenidramium,Mefenidramium,http://fhir.hie.moh.gov.my/CodeSystem/allergy-environment-my-core,CodeSystemAllergyEnvironmentMyCore
"1,151",Meglitinides,Meglitinides,http://fhir.hie.moh.gov.my/CodeSystem/allergy-environment-my-core,CodeSystemAllergyEnvironmentMyCore
"1,152",Melaleuca,Melaleuca,http://fhir.hie.moh.gov.my/CodeSystem/allergy-environment-my-core,CodeSystemAllergyEnvironmentMyCore
"1,153",Melitracen,Melitracen,http://fhir.hie.moh.gov.my/CodeSystem/allergy-environment-my-core,CodeSystemAllergyEnvironmentMyCore
"1,154",Meningococcal vaccines,Meningococcal vaccines,http://fhir.hie.moh.gov.my/CodeSystem/allergy-environment-my-core,CodeSystemAllergyEnvironmentMyCore
"1,155",Menotropins,Menotropins,http://fhir.hie.moh.gov.my/CodeSystem/allergy-environment-my-core,CodeSystemAllergyEnvironmentMyCore
"1,156",Mentha haplocalyx,Mentha haplocalyx,http://fhir.hie.moh.gov.my/CodeSystem/allergy-environment-my-core,CodeSystemAllergyEnvironmentMyCore
"1,157",Menthol,Menthol,http://fhir.hie.moh.gov.my/CodeSystem/allergy-environment-my-core,CodeSystemAllergyEnvironmentMyCore
"1,158",Mepacrine,Mepacrine,http://fhir.hie.moh.gov.my/CodeSystem/allergy-environment-my-core,CodeSystemAllergyEnvironmentMyCore
"1,159",Mepartricin,Mepartricin,http://fhir.hie.moh.gov.my/CodeSystem/allergy-environment-my-core,CodeSystemAllergyEnvironmentMyCore
"1,160",Mephentermine,Mephentermine,http://fhir.hie.moh.gov.my/CodeSystem/allergy-environment-my-core,CodeSystemAllergyEnvironmentMyCore
"1,161",Mercaptamine (cysteamine),Mercaptamine (cysteamine),http://fhir.hie.moh.gov.my/CodeSystem/allergy-environment-my-core,CodeSystemAllergyEnvironmentMyCore
"1,162",Mercurial compounds,Mercurial compounds,http://fhir.hie.moh.gov.my/CodeSystem/allergy-environment-my-core,CodeSystemAllergyEnvironmentMyCore
"1,163",Mersalyl acid,Mersalyl acid,http://fhir.hie.moh.gov.my/CodeSystem/allergy-environment-my-core,CodeSystemAllergyEnvironmentMyCore
"1,164",Metamfepramone,Metamfepramone,http://fhir.hie.moh.gov.my/CodeSystem/allergy-environment-my-core,CodeSystemAllergyEnvironmentMyCore
"1,165",Metamfetamine,Metamfetamine,http://fhir.hie.moh.gov.my/CodeSystem/allergy-environment-my-core,CodeSystemAllergyEnvironmentMyCore
"1,166",Metenolone,Metenolone,http://fhir.hie.moh.gov.my/CodeSystem/allergy-environment-my-core,CodeSystemAllergyEnvironmentMyCore
"1,167",Metesculetol,Metesculetol,http://fhir.hie.moh.gov.my/CodeSystem/allergy-environment-my-core,CodeSystemAllergyEnvironmentMyCore
"1,168",Methenamine,Methenamine,http://fhir.hie.moh.gov.my/CodeSystem/allergy-environment-my-core,CodeSystemAllergyEnvironmentMyCore
"1,169",Methotrexate,Methotrexate,http://fhir.hie.moh.gov.my/CodeSystem/allergy-environment-my-core,CodeSystemAllergyEnvironmentMyCore
"1,170",Methyl oxovaleric acid,Methyl oxovaleric acid,http://fhir.hie.moh.gov.my/CodeSystem/allergy-environment-my-core,CodeSystemAllergyEnvironmentMyCore
"1,171",Methyldopa derivatives,Methyldopa derivatives,http://fhir.hie.moh.gov.my/CodeSystem/allergy-environment-my-core,CodeSystemAllergyEnvironmentMyCore
"1,172",Methylhydrazine derivatives,Methylhydrazine derivatives,http://fhir.hie.moh.gov.my/CodeSystem/allergy-environment-my-core,CodeSystemAllergyEnvironmentMyCore
"1,173",Methylpentynol,Methylpentynol,http://fhir.hie.moh.gov.my/CodeSystem/allergy-environment-my-core,CodeSystemAllergyEnvironmentMyCore
"1,174",Methylphenidate,Methylphenidate,http://fhir.hie.moh.gov.my/CodeSystem/allergy-environment-my-core,CodeSystemAllergyEnvironmentMyCore
"1,175",Methylscopolamine,Methylscopolamine,http://fhir.hie.moh.gov.my/CodeSystem/allergy-environment-my-core,CodeSystemAllergyEnvironmentMyCore
"1,176",Metyrapone,Metyrapone,http://fhir.hie.moh.gov.my/CodeSystem/allergy-environment-my-core,CodeSystemAllergyEnvironmentMyCore
"1,177",Mexiletine,Mexiletine,http://fhir.hie.moh.gov.my/CodeSystem/allergy-environment-my-core,CodeSystemAllergyEnvironmentMyCore
"1,178",Mianserin,Mianserin,http://fhir.hie.moh.gov.my/CodeSystem/allergy-environment-my-core,CodeSystemAllergyEnvironmentMyCore
"1,179",Milk thistle and derivatives,Milk thistle and derivatives,http://fhir.hie.moh.gov.my/CodeSystem/allergy-environment-my-core,CodeSystemAllergyEnvironmentMyCore
"1,180",Milnacipran,Milnacipran,http://fhir.hie.moh.gov.my/CodeSystem/allergy-environment-my-core,CodeSystemAllergyEnvironmentMyCore
"1,181",Minaprine,Minaprine,http://fhir.hie.moh.gov.my/CodeSystem/allergy-environment-my-core,CodeSystemAllergyEnvironmentMyCore
"1,182",Mineralocorticoid receptor antagonists,Mineralocorticoid receptor antagonists,http://fhir.hie.moh.gov.my/CodeSystem/allergy-environment-my-core,CodeSystemAllergyEnvironmentMyCore
"1,183",Mint,Mint,http://fhir.hie.moh.gov.my/CodeSystem/allergy-environment-my-core,CodeSystemAllergyEnvironmentMyCore
"1,184",Mipomersen,Mipomersen,http://fhir.hie.moh.gov.my/CodeSystem/allergy-environment-my-core,CodeSystemAllergyEnvironmentMyCore
"1,185",Mirodenafil,Mirodenafil,http://fhir.hie.moh.gov.my/CodeSystem/allergy-environment-my-core,CodeSystemAllergyEnvironmentMyCore
"1,186",Mirtazapine and analogues,Mirtazapine and analogues,http://fhir.hie.moh.gov.my/CodeSystem/allergy-environment-my-core,CodeSystemAllergyEnvironmentMyCore
"1,187",Mistletoe,Mistletoe,http://fhir.hie.moh.gov.my/CodeSystem/allergy-environment-my-core,CodeSystemAllergyEnvironmentMyCore
"1,188",Mitoguazone,Mitoguazone,http://fhir.hie.moh.gov.my/CodeSystem/allergy-environment-my-core,CodeSystemAllergyEnvironmentMyCore
"1,189",Modafinil and enantiomer,Modafinil and enantiomer,http://fhir.hie.moh.gov.my/CodeSystem/allergy-environment-my-core,CodeSystemAllergyEnvironmentMyCore
"1,190",Molindone,Molindone,http://fhir.hie.moh.gov.my/CodeSystem/allergy-environment-my-core,CodeSystemAllergyEnvironmentMyCore
"1,191",Molybdenum compounds,Molybdenum compounds,http://fhir.hie.moh.gov.my/CodeSystem/allergy-environment-my-core,CodeSystemAllergyEnvironmentMyCore
"1,192",Momordica,Momordica,http://fhir.hie.moh.gov.my/CodeSystem/allergy-environment-my-core,CodeSystemAllergyEnvironmentMyCore
"1,193",Money Cowrie,Money Cowrie,http://fhir.hie.moh.gov.my/CodeSystem/allergy-environment-my-core,CodeSystemAllergyEnvironmentMyCore
"1,194",Mongolian saiga,Mongolian saiga,http://fhir.hie.moh.gov.my/CodeSystem/allergy-environment-my-core,CodeSystemAllergyEnvironmentMyCore
"1,195",Monoamine oxidase inhibitors,Monoamine oxidase inhibitors,http://fhir.hie.moh.gov.my/CodeSystem/allergy-environment-my-core,CodeSystemAllergyEnvironmentMyCore
"1,196",Monoamine oxidase type-B inhibitors,Monoamine oxidase type-B inhibitors,http://fhir.hie.moh.gov.my/CodeSystem/allergy-environment-my-core,CodeSystemAllergyEnvironmentMyCore
"1,197",Monobactams,Monobactams,http://fhir.hie.moh.gov.my/CodeSystem/allergy-environment-my-core,CodeSystemAllergyEnvironmentMyCore
"1,198",Monoclonal antibodies - chimeric human/murine,Monoclonal antibodies - chimeric human/murine,http://fhir.hie.moh.gov.my/CodeSystem/allergy-environment-my-core,CodeSystemAllergyEnvironmentMyCore
"1,199",Monoclonal antibodies - chimeric human/primate,Monoclonal antibodies - chimeric human/primate,http://fhir.hie.moh.gov.my/CodeSystem/allergy-environment-my-core,CodeSystemAllergyEnvironmentMyCore
"1,200",Monoclonal antibodies - human,Monoclonal antibodies - human,http://fhir.hie.moh.gov.my/CodeSystem/allergy-environment-my-core,CodeSystemAllergyEnvironmentMyCore
"1,201",Monoclonal antibodies - humanised,Monoclonal antibodies - humanised,http://fhir.hie.moh.gov.my/CodeSystem/allergy-environment-my-core,CodeSystemAllergyEnvironmentMyCore
"1,202",Monoethanolamine,Monoethanolamine,http://fhir.hie.moh.gov.my/CodeSystem/allergy-environment-my-core,CodeSystemAllergyEnvironmentMyCore
"1,203",Moracizine,Moracizine,http://fhir.hie.moh.gov.my/CodeSystem/allergy-environment-my-core,CodeSystemAllergyEnvironmentMyCore
"1,204",Morazone,Morazone,http://fhir.hie.moh.gov.my/CodeSystem/allergy-environment-my-core,CodeSystemAllergyEnvironmentMyCore
"1,205",Morinamide,Morinamide,http://fhir.hie.moh.gov.my/CodeSystem/allergy-environment-my-core,CodeSystemAllergyEnvironmentMyCore
"1,206",Morinda officinalis,Morinda officinalis,http://fhir.hie.moh.gov.my/CodeSystem/allergy-environment-my-core,CodeSystemAllergyEnvironmentMyCore
"1,207",Moroctocog alfa,Moroctocog alfa,http://fhir.hie.moh.gov.my/CodeSystem/allergy-environment-my-core,CodeSystemAllergyEnvironmentMyCore
"1,208",Moroxydine,Moroxydine,http://fhir.hie.moh.gov.my/CodeSystem/allergy-environment-my-core,CodeSystemAllergyEnvironmentMyCore
"1,209",Morphine,Morphine,http://fhir.hie.moh.gov.my/CodeSystem/allergy-environment-my-core,CodeSystemAllergyEnvironmentMyCore
"1,210",Mortierella alpina,Mortierella alpina,http://fhir.hie.moh.gov.my/CodeSystem/allergy-environment-my-core,CodeSystemAllergyEnvironmentMyCore
"1,211",Motexafin,Motexafin,http://fhir.hie.moh.gov.my/CodeSystem/allergy-environment-my-core,CodeSystemAllergyEnvironmentMyCore
"1,212",Motherwort,Motherwort,http://fhir.hie.moh.gov.my/CodeSystem/allergy-environment-my-core,CodeSystemAllergyEnvironmentMyCore
"1,213",Mouseear hawkweed,Mouseear hawkweed,http://fhir.hie.moh.gov.my/CodeSystem/allergy-environment-my-core,CodeSystemAllergyEnvironmentMyCore
"1,214",Moutan peony,Moutan peony,http://fhir.hie.moh.gov.my/CodeSystem/allergy-environment-my-core,CodeSystemAllergyEnvironmentMyCore
"1,215",Moxaverine,Moxaverine,http://fhir.hie.moh.gov.my/CodeSystem/allergy-environment-my-core,CodeSystemAllergyEnvironmentMyCore
"1,216",Moxisylyte,Moxisylyte,http://fhir.hie.moh.gov.my/CodeSystem/allergy-environment-my-core,CodeSystemAllergyEnvironmentMyCore
"1,217",Moxonidine,Moxonidine,http://fhir.hie.moh.gov.my/CodeSystem/allergy-environment-my-core,CodeSystemAllergyEnvironmentMyCore
"1,218",Mulberry,Mulberry,http://fhir.hie.moh.gov.my/CodeSystem/allergy-environment-my-core,CodeSystemAllergyEnvironmentMyCore
"1,219",Mumps vaccine,Mumps vaccine,http://fhir.hie.moh.gov.my/CodeSystem/allergy-environment-my-core,CodeSystemAllergyEnvironmentMyCore
"1,220",Mung bean,Mung bean,http://fhir.hie.moh.gov.my/CodeSystem/allergy-environment-my-core,CodeSystemAllergyEnvironmentMyCore
"1,221",Mupirocin,Mupirocin,http://fhir.hie.moh.gov.my/CodeSystem/allergy-environment-my-core,CodeSystemAllergyEnvironmentMyCore
"1,222",Murine proteins and murine-derived agents,Murine proteins and murine-derived agents,http://fhir.hie.moh.gov.my/CodeSystem/allergy-environment-my-core,CodeSystemAllergyEnvironmentMyCore
"1,223",Mycophenolic acid,Mycophenolic acid,http://fhir.hie.moh.gov.my/CodeSystem/allergy-environment-my-core,CodeSystemAllergyEnvironmentMyCore
"1,224",Myristic acid and salts,Myristic acid and salts,http://fhir.hie.moh.gov.my/CodeSystem/allergy-environment-my-core,CodeSystemAllergyEnvironmentMyCore
"1,225",Myrrh,Myrrh,http://fhir.hie.moh.gov.my/CodeSystem/allergy-environment-my-core,CodeSystemAllergyEnvironmentMyCore
"1,226",Myrtecaine,Myrtecaine,http://fhir.hie.moh.gov.my/CodeSystem/allergy-environment-my-core,CodeSystemAllergyEnvironmentMyCore
"1,227",Myrtle,Myrtle,http://fhir.hie.moh.gov.my/CodeSystem/allergy-environment-my-core,CodeSystemAllergyEnvironmentMyCore
"1,229",Nadide,Nadide,http://fhir.hie.moh.gov.my/CodeSystem/allergy-environment-my-core,CodeSystemAllergyEnvironmentMyCore
"1,230",Nafamostat,Nafamostat,http://fhir.hie.moh.gov.my/CodeSystem/allergy-environment-my-core,CodeSystemAllergyEnvironmentMyCore
"1,231",Naftidrofuryl,Naftidrofuryl,http://fhir.hie.moh.gov.my/CodeSystem/allergy-environment-my-core,CodeSystemAllergyEnvironmentMyCore
"1,232",Naftifine,Naftifine,http://fhir.hie.moh.gov.my/CodeSystem/allergy-environment-my-core,CodeSystemAllergyEnvironmentMyCore
"1,233",Nandrolone,Nandrolone,http://fhir.hie.moh.gov.my/CodeSystem/allergy-environment-my-core,CodeSystemAllergyEnvironmentMyCore
"1,234",Naringin,Naringin,http://fhir.hie.moh.gov.my/CodeSystem/allergy-environment-my-core,CodeSystemAllergyEnvironmentMyCore
"1,235",Nasaruplase,Nasaruplase,http://fhir.hie.moh.gov.my/CodeSystem/allergy-environment-my-core,CodeSystemAllergyEnvironmentMyCore
"1,236",Nasturtium,Nasturtium,http://fhir.hie.moh.gov.my/CodeSystem/allergy-environment-my-core,CodeSystemAllergyEnvironmentMyCore
"1,237",Neem,Neem,http://fhir.hie.moh.gov.my/CodeSystem/allergy-environment-my-core,CodeSystemAllergyEnvironmentMyCore
"1,238",Nefopam,Nefopam,http://fhir.hie.moh.gov.my/CodeSystem/allergy-environment-my-core,CodeSystemAllergyEnvironmentMyCore
"1,239",Nelfinavir,Nelfinavir,http://fhir.hie.moh.gov.my/CodeSystem/allergy-environment-my-core,CodeSystemAllergyEnvironmentMyCore
"1,240",Neostigmine,Neostigmine,http://fhir.hie.moh.gov.my/CodeSystem/allergy-environment-my-core,CodeSystemAllergyEnvironmentMyCore
"1,241",Nepicastat,Nepicastat,http://fhir.hie.moh.gov.my/CodeSystem/allergy-environment-my-core,CodeSystemAllergyEnvironmentMyCore
"1,242",Nesiritide,Nesiritide,http://fhir.hie.moh.gov.my/CodeSystem/allergy-environment-my-core,CodeSystemAllergyEnvironmentMyCore
"1,243",Nettle and nettle substances,Nettle and nettle substances,http://fhir.hie.moh.gov.my/CodeSystem/allergy-environment-my-core,CodeSystemAllergyEnvironmentMyCore
"1,244",Neuromuscular blockers,Neuromuscular blockers,http://fhir.hie.moh.gov.my/CodeSystem/allergy-environment-my-core,CodeSystemAllergyEnvironmentMyCore
"1,245",Nicametate,Nicametate,http://fhir.hie.moh.gov.my/CodeSystem/allergy-environment-my-core,CodeSystemAllergyEnvironmentMyCore
"1,246",Nickel (all salts),Nickel (all salts),http://fhir.hie.moh.gov.my/CodeSystem/allergy-environment-my-core,CodeSystemAllergyEnvironmentMyCore
"1,247",Niclosamide,Niclosamide,http://fhir.hie.moh.gov.my/CodeSystem/allergy-environment-my-core,CodeSystemAllergyEnvironmentMyCore
"1,248",Nicotine and related agents,Nicotine and related agents,http://fhir.hie.moh.gov.my/CodeSystem/allergy-environment-my-core,CodeSystemAllergyEnvironmentMyCore
"1,249",Nicotinic acid and related agents,Nicotinic acid and related agents,http://fhir.hie.moh.gov.my/CodeSystem/allergy-environment-my-core,CodeSystemAllergyEnvironmentMyCore
"1,250",Nicotinyl alcohol,Nicotinyl alcohol,http://fhir.hie.moh.gov.my/CodeSystem/allergy-environment-my-core,CodeSystemAllergyEnvironmentMyCore
"1,251",Nifekalant,Nifekalant,http://fhir.hie.moh.gov.my/CodeSystem/allergy-environment-my-core,CodeSystemAllergyEnvironmentMyCore
"1,252",Nigella,Nigella,http://fhir.hie.moh.gov.my/CodeSystem/allergy-environment-my-core,CodeSystemAllergyEnvironmentMyCore
"1,253",Nightshade,Nightshade,http://fhir.hie.moh.gov.my/CodeSystem/allergy-environment-my-core,CodeSystemAllergyEnvironmentMyCore
"1,254",Nimustine,Nimustine,http://fhir.hie.moh.gov.my/CodeSystem/allergy-environment-my-core,CodeSystemAllergyEnvironmentMyCore
"1,255",Nintedanib,Nintedanib,http://fhir.hie.moh.gov.my/CodeSystem/allergy-environment-my-core,CodeSystemAllergyEnvironmentMyCore
"1,256",Nipecotic acid derivative,Nipecotic acid derivative,http://fhir.hie.moh.gov.my/CodeSystem/allergy-environment-my-core,CodeSystemAllergyEnvironmentMyCore
"1,257",Nitrates,Nitrates,http://fhir.hie.moh.gov.my/CodeSystem/allergy-environment-my-core,CodeSystemAllergyEnvironmentMyCore
"1,258",Nitrofurans,Nitrofurans,http://fhir.hie.moh.gov.my/CodeSystem/allergy-environment-my-core,CodeSystemAllergyEnvironmentMyCore
"1,259",Nitrogen mustards,Nitrogen mustards,http://fhir.hie.moh.gov.my/CodeSystem/allergy-environment-my-core,CodeSystemAllergyEnvironmentMyCore
"1,260",Nitroimidazole derivatives,Nitroimidazole derivatives,http://fhir.hie.moh.gov.my/CodeSystem/allergy-environment-my-core,CodeSystemAllergyEnvironmentMyCore
"1,261",Nitrosoureas,Nitrosoureas,http://fhir.hie.moh.gov.my/CodeSystem/allergy-environment-my-core,CodeSystemAllergyEnvironmentMyCore
"1,262",Nitrovin,Nitrovin,http://fhir.hie.moh.gov.my/CodeSystem/allergy-environment-my-core,CodeSystemAllergyEnvironmentMyCore
"1,228",NMDA-receptor antagonists,NMDA-receptor antagonists,http://fhir.hie.moh.gov.my/CodeSystem/allergy-environment-my-core,CodeSystemAllergyEnvironmentMyCore
"1,263",Nonnucleoside reverse transcriptase inhibitors,Nonnucleoside reverse transcriptase inhibitors,http://fhir.hie.moh.gov.my/CodeSystem/allergy-environment-my-core,CodeSystemAllergyEnvironmentMyCore
"1,264",Nonoxinols,Nonoxinols,http://fhir.hie.moh.gov.my/CodeSystem/allergy-environment-my-core,CodeSystemAllergyEnvironmentMyCore
"1,266",Nonsteroidal antiandrogens,Nonsteroidal antiandrogens,http://fhir.hie.moh.gov.my/CodeSystem/allergy-environment-my-core,CodeSystemAllergyEnvironmentMyCore
"1,265",Nonsteroidal anti-inflammatory drugs,Nonsteroidal anti-inflammatory drugs,http://fhir.hie.moh.gov.my/CodeSystem/allergy-environment-my-core,CodeSystemAllergyEnvironmentMyCore
"1,267",Nonsteroidal aromatase inhibitors,Nonsteroidal aromatase inhibitors,http://fhir.hie.moh.gov.my/CodeSystem/allergy-environment-my-core,CodeSystemAllergyEnvironmentMyCore
"1,268",Nootropic agents - pyrrolidines,Nootropic agents - pyrrolidines,http://fhir.hie.moh.gov.my/CodeSystem/allergy-environment-my-core,CodeSystemAllergyEnvironmentMyCore
"1,269",Norfenefrine,Norfenefrine,http://fhir.hie.moh.gov.my/CodeSystem/allergy-environment-my-core,CodeSystemAllergyEnvironmentMyCore
"1,270",Norway spruce,Norway spruce,http://fhir.hie.moh.gov.my/CodeSystem/allergy-environment-my-core,CodeSystemAllergyEnvironmentMyCore
"1,271",Noscapine,Noscapine,http://fhir.hie.moh.gov.my/CodeSystem/allergy-environment-my-core,CodeSystemAllergyEnvironmentMyCore
"1,272",Novobiocin,Novobiocin,http://fhir.hie.moh.gov.my/CodeSystem/allergy-environment-my-core,CodeSystemAllergyEnvironmentMyCore
"1,273",Nucleoside reverse transcriptase inhibitors - cytosine analogues,Nucleoside reverse transcriptase inhibitors - cytosine analogues,http://fhir.hie.moh.gov.my/CodeSystem/allergy-environment-my-core,CodeSystemAllergyEnvironmentMyCore
"1,338",Paraffin,Paraffin,http://fhir.hie.moh.gov.my/CodeSystem/allergy-environment-my-core,CodeSystemAllergyEnvironmentMyCore
"1,274",Nucleoside reverse transcriptase inhibitors - guanosine analogues,Nucleoside reverse transcriptase inhibitors - guanosine analogues,http://fhir.hie.moh.gov.my/CodeSystem/allergy-environment-my-core,CodeSystemAllergyEnvironmentMyCore
"1,275",Nutgrass,Nutgrass,http://fhir.hie.moh.gov.my/CodeSystem/allergy-environment-my-core,CodeSystemAllergyEnvironmentMyCore
"1,276",Nutmeg,Nutmeg,http://fhir.hie.moh.gov.my/CodeSystem/allergy-environment-my-core,CodeSystemAllergyEnvironmentMyCore
"1,277",Oak,Oak,http://fhir.hie.moh.gov.my/CodeSystem/allergy-environment-my-core,CodeSystemAllergyEnvironmentMyCore
"1,278",Oat and oat substances,Oat and oat substances,http://fhir.hie.moh.gov.my/CodeSystem/allergy-environment-my-core,CodeSystemAllergyEnvironmentMyCore
"1,279",Octacaine,Octacaine,http://fhir.hie.moh.gov.my/CodeSystem/allergy-environment-my-core,CodeSystemAllergyEnvironmentMyCore
"1,280",Octanoic acid and salts,Octanoic acid and salts,http://fhir.hie.moh.gov.my/CodeSystem/allergy-environment-my-core,CodeSystemAllergyEnvironmentMyCore
"1,281",Octenidine,Octenidine,http://fhir.hie.moh.gov.my/CodeSystem/allergy-environment-my-core,CodeSystemAllergyEnvironmentMyCore
"1,282",Octodrine,Octodrine,http://fhir.hie.moh.gov.my/CodeSystem/allergy-environment-my-core,CodeSystemAllergyEnvironmentMyCore
"1,283",Octopamine,Octopamine,http://fhir.hie.moh.gov.my/CodeSystem/allergy-environment-my-core,CodeSystemAllergyEnvironmentMyCore
"1,284",Octoxinols,Octoxinols,http://fhir.hie.moh.gov.my/CodeSystem/allergy-environment-my-core,CodeSystemAllergyEnvironmentMyCore
"1,285",Oestrogen agonist-antagonist triphenylethylene derivatives,Oestrogen agonist-antagonist triphenylethylene derivatives,http://fhir.hie.moh.gov.my/CodeSystem/allergy-environment-my-core,CodeSystemAllergyEnvironmentMyCore
"1,286",Olanexidine,Olanexidine,http://fhir.hie.moh.gov.my/CodeSystem/allergy-environment-my-core,CodeSystemAllergyEnvironmentMyCore
"1,287",Oleander,Oleander,http://fhir.hie.moh.gov.my/CodeSystem/allergy-environment-my-core,CodeSystemAllergyEnvironmentMyCore
"1,288",Oleic acid and derivatives,Oleic acid and derivatives,http://fhir.hie.moh.gov.my/CodeSystem/allergy-environment-my-core,CodeSystemAllergyEnvironmentMyCore
"1,289",Olive,Olive,http://fhir.hie.moh.gov.my/CodeSystem/allergy-environment-my-core,CodeSystemAllergyEnvironmentMyCore
"1,290",Omega-3 fatty acids,Omega-3 fatty acids,http://fhir.hie.moh.gov.my/CodeSystem/allergy-environment-my-core,CodeSystemAllergyEnvironmentMyCore
"1,291",Oneseed hawthorn,Oneseed hawthorn,http://fhir.hie.moh.gov.my/CodeSystem/allergy-environment-my-core,CodeSystemAllergyEnvironmentMyCore
"1,292",Opioid antagonists,Opioid antagonists,http://fhir.hie.moh.gov.my/CodeSystem/allergy-environment-my-core,CodeSystemAllergyEnvironmentMyCore
"1,293",Opioids,Opioids,http://fhir.hie.moh.gov.my/CodeSystem/allergy-environment-my-core,CodeSystemAllergyEnvironmentMyCore
"1,294",Opipramol,Opipramol,http://fhir.hie.moh.gov.my/CodeSystem/allergy-environment-my-core,CodeSystemAllergyEnvironmentMyCore
"1,295",Orange Jasmine,Orange Jasmine,http://fhir.hie.moh.gov.my/CodeSystem/allergy-environment-my-core,CodeSystemAllergyEnvironmentMyCore
"1,296",Orange mullein,Orange mullein,http://fhir.hie.moh.gov.my/CodeSystem/allergy-environment-my-core,CodeSystemAllergyEnvironmentMyCore
"1,297",Orchardgrass,Orchardgrass,http://fhir.hie.moh.gov.my/CodeSystem/allergy-environment-my-core,CodeSystemAllergyEnvironmentMyCore
"1,298",Oregano,Oregano,http://fhir.hie.moh.gov.my/CodeSystem/allergy-environment-my-core,CodeSystemAllergyEnvironmentMyCore
"1,299",Oriental arborvitae,Oriental arborvitae,http://fhir.hie.moh.gov.my/CodeSystem/allergy-environment-my-core,CodeSystemAllergyEnvironmentMyCore
"1,300",Oriental sweet gum,Oriental sweet gum,http://fhir.hie.moh.gov.my/CodeSystem/allergy-environment-my-core,CodeSystemAllergyEnvironmentMyCore
"1,301",Oritavancin,Oritavancin,http://fhir.hie.moh.gov.my/CodeSystem/allergy-environment-my-core,CodeSystemAllergyEnvironmentMyCore
"1,302",Ornamental rhubarb,Ornamental rhubarb,http://fhir.hie.moh.gov.my/CodeSystem/allergy-environment-my-core,CodeSystemAllergyEnvironmentMyCore
"1,303",Ornithine,Ornithine,http://fhir.hie.moh.gov.my/CodeSystem/allergy-environment-my-core,CodeSystemAllergyEnvironmentMyCore
"1,304",Orotic acid,Orotic acid,http://fhir.hie.moh.gov.my/CodeSystem/allergy-environment-my-core,CodeSystemAllergyEnvironmentMyCore
"1,305",Orthophthalates,Orthophthalates,http://fhir.hie.moh.gov.my/CodeSystem/allergy-environment-my-core,CodeSystemAllergyEnvironmentMyCore
"1,306",Oteracil,Oteracil,http://fhir.hie.moh.gov.my/CodeSystem/allergy-environment-my-core,CodeSystemAllergyEnvironmentMyCore
"1,307",Oxaflumazine,Oxaflumazine,http://fhir.hie.moh.gov.my/CodeSystem/allergy-environment-my-core,CodeSystemAllergyEnvironmentMyCore
"1,308",Oxalic acid,Oxalic acid,http://fhir.hie.moh.gov.my/CodeSystem/allergy-environment-my-core,CodeSystemAllergyEnvironmentMyCore
"1,309",Oxandrolone,Oxandrolone,http://fhir.hie.moh.gov.my/CodeSystem/allergy-environment-my-core,CodeSystemAllergyEnvironmentMyCore
"1,310",Oxantel,Oxantel,http://fhir.hie.moh.gov.my/CodeSystem/allergy-environment-my-core,CodeSystemAllergyEnvironmentMyCore
"1,311",Oxazolidinedione anticonvulsants,Oxazolidinedione anticonvulsants,http://fhir.hie.moh.gov.my/CodeSystem/allergy-environment-my-core,CodeSystemAllergyEnvironmentMyCore
"1,312",Oxazolidinones,Oxazolidinones,http://fhir.hie.moh.gov.my/CodeSystem/allergy-environment-my-core,CodeSystemAllergyEnvironmentMyCore
"1,313",Oxeladin,Oxeladin,http://fhir.hie.moh.gov.my/CodeSystem/allergy-environment-my-core,CodeSystemAllergyEnvironmentMyCore
"1,314",Oxetorone,Oxetorone,http://fhir.hie.moh.gov.my/CodeSystem/allergy-environment-my-core,CodeSystemAllergyEnvironmentMyCore
"1,315",Oxilofrine,Oxilofrine,http://fhir.hie.moh.gov.my/CodeSystem/allergy-environment-my-core,CodeSystemAllergyEnvironmentMyCore
"1,316",Oximes,Oximes,http://fhir.hie.moh.gov.my/CodeSystem/allergy-environment-my-core,CodeSystemAllergyEnvironmentMyCore
"1,317",Oxolamine,Oxolamine,http://fhir.hie.moh.gov.my/CodeSystem/allergy-environment-my-core,CodeSystemAllergyEnvironmentMyCore
"1,318",Oxomemazine,Oxomemazine,http://fhir.hie.moh.gov.my/CodeSystem/allergy-environment-my-core,CodeSystemAllergyEnvironmentMyCore
"1,319",Oxybenzone,Oxybenzone,http://fhir.hie.moh.gov.my/CodeSystem/allergy-environment-my-core,CodeSystemAllergyEnvironmentMyCore
"1,320",Oxychlorosene,Oxychlorosene,http://fhir.hie.moh.gov.my/CodeSystem/allergy-environment-my-core,CodeSystemAllergyEnvironmentMyCore
"1,321",Oxyfedrine,Oxyfedrine,http://fhir.hie.moh.gov.my/CodeSystem/allergy-environment-my-core,CodeSystemAllergyEnvironmentMyCore
"1,322",Oxymetholone,Oxymetholone,http://fhir.hie.moh.gov.my/CodeSystem/allergy-environment-my-core,CodeSystemAllergyEnvironmentMyCore
"1,323",Oxytocin and analogues,Oxytocin and analogues,http://fhir.hie.moh.gov.my/CodeSystem/allergy-environment-my-core,CodeSystemAllergyEnvironmentMyCore
"1,324",Oxytocin antagonists,Oxytocin antagonists,http://fhir.hie.moh.gov.my/CodeSystem/allergy-environment-my-core,CodeSystemAllergyEnvironmentMyCore
"1,325",Oyster,Oyster,http://fhir.hie.moh.gov.my/CodeSystem/allergy-environment-my-core,CodeSystemAllergyEnvironmentMyCore
"1,326",Ozagrel,Ozagrel,http://fhir.hie.moh.gov.my/CodeSystem/allergy-environment-my-core,CodeSystemAllergyEnvironmentMyCore
"1,328",Paeonia,Paeonia,http://fhir.hie.moh.gov.my/CodeSystem/allergy-environment-my-core,CodeSystemAllergyEnvironmentMyCore
"1,329",Palladium compounds,Palladium compounds,http://fhir.hie.moh.gov.my/CodeSystem/allergy-environment-my-core,CodeSystemAllergyEnvironmentMyCore
"1,330",Pancreatic substances,Pancreatic substances,http://fhir.hie.moh.gov.my/CodeSystem/allergy-environment-my-core,CodeSystemAllergyEnvironmentMyCore
"1,331",Pangamic acid,Pangamic acid,http://fhir.hie.moh.gov.my/CodeSystem/allergy-environment-my-core,CodeSystemAllergyEnvironmentMyCore
"1,332",Pansy,Pansy,http://fhir.hie.moh.gov.my/CodeSystem/allergy-environment-my-core,CodeSystemAllergyEnvironmentMyCore
"1,333",Pantothenic acid (vitamin B5),Pantothenic acid (vitamin B5),http://fhir.hie.moh.gov.my/CodeSystem/allergy-environment-my-core,CodeSystemAllergyEnvironmentMyCore
"1,334",Papaverine derivatives,Papaverine derivatives,http://fhir.hie.moh.gov.my/CodeSystem/allergy-environment-my-core,CodeSystemAllergyEnvironmentMyCore
"1,335",Papaya and papaya substances,Papaya and papaya substances,http://fhir.hie.moh.gov.my/CodeSystem/allergy-environment-my-core,CodeSystemAllergyEnvironmentMyCore
"1,336",Paper mulberry,Paper mulberry,http://fhir.hie.moh.gov.my/CodeSystem/allergy-environment-my-core,CodeSystemAllergyEnvironmentMyCore
"1,337",Parabens - hydroxybenzoates,Parabens - hydroxybenzoates,http://fhir.hie.moh.gov.my/CodeSystem/allergy-environment-my-core,CodeSystemAllergyEnvironmentMyCore
"1,339",Paraguay tea,Paraguay tea,http://fhir.hie.moh.gov.my/CodeSystem/allergy-environment-my-core,CodeSystemAllergyEnvironmentMyCore
"1,340",Paramethasone,Paramethasone,http://fhir.hie.moh.gov.my/CodeSystem/allergy-environment-my-core,CodeSystemAllergyEnvironmentMyCore
"1,341",Parathiazine,Parathiazine,http://fhir.hie.moh.gov.my/CodeSystem/allergy-environment-my-core,CodeSystemAllergyEnvironmentMyCore
"1,342",Paratyphoid fever,Paratyphoid fever,http://fhir.hie.moh.gov.my/CodeSystem/allergy-environment-my-core,CodeSystemAllergyEnvironmentMyCore
"1,343",Pargeverine,Pargeverine,http://fhir.hie.moh.gov.my/CodeSystem/allergy-environment-my-core,CodeSystemAllergyEnvironmentMyCore
"1,344",Parsley,Parsley,http://fhir.hie.moh.gov.my/CodeSystem/allergy-environment-my-core,CodeSystemAllergyEnvironmentMyCore
"1,345",Parsley piert,Parsley piert,http://fhir.hie.moh.gov.my/CodeSystem/allergy-environment-my-core,CodeSystemAllergyEnvironmentMyCore
"1,346",Partridge berry,Partridge berry,http://fhir.hie.moh.gov.my/CodeSystem/allergy-environment-my-core,CodeSystemAllergyEnvironmentMyCore
"1,347",Pasque flower,Pasque flower,http://fhir.hie.moh.gov.my/CodeSystem/allergy-environment-my-core,CodeSystemAllergyEnvironmentMyCore
"1,348",Passionflower,Passionflower,http://fhir.hie.moh.gov.my/CodeSystem/allergy-environment-my-core,CodeSystemAllergyEnvironmentMyCore
"1,349",Patchouli,Patchouli,http://fhir.hie.moh.gov.my/CodeSystem/allergy-environment-my-core,CodeSystemAllergyEnvironmentMyCore
"1,350",Pea,Pea,http://fhir.hie.moh.gov.my/CodeSystem/allergy-environment-my-core,CodeSystemAllergyEnvironmentMyCore
"1,351",Peach,Peach,http://fhir.hie.moh.gov.my/CodeSystem/allergy-environment-my-core,CodeSystemAllergyEnvironmentMyCore
"1,352",Peanut and peanut substances,Peanut and peanut substances,http://fhir.hie.moh.gov.my/CodeSystem/allergy-environment-my-core,CodeSystemAllergyEnvironmentMyCore
"1,353",Pectin,Pectin,http://fhir.hie.moh.gov.my/CodeSystem/allergy-environment-my-core,CodeSystemAllergyEnvironmentMyCore
"1,354",Pegaptanib,Pegaptanib,http://fhir.hie.moh.gov.my/CodeSystem/allergy-environment-my-core,CodeSystemAllergyEnvironmentMyCore
"1,355",Pelargonium,Pelargonium,http://fhir.hie.moh.gov.my/CodeSystem/allergy-environment-my-core,CodeSystemAllergyEnvironmentMyCore
"1,356",Pemetrexed,Pemetrexed,http://fhir.hie.moh.gov.my/CodeSystem/allergy-environment-my-core,CodeSystemAllergyEnvironmentMyCore
"1,357",Pemirolast,Pemirolast,http://fhir.hie.moh.gov.my/CodeSystem/allergy-environment-my-core,CodeSystemAllergyEnvironmentMyCore
"1,358",Pemoline,Pemoline,http://fhir.hie.moh.gov.my/CodeSystem/allergy-environment-my-core,CodeSystemAllergyEnvironmentMyCore
"1,359",Pempidine,Pempidine,http://fhir.hie.moh.gov.my/CodeSystem/allergy-environment-my-core,CodeSystemAllergyEnvironmentMyCore
"1,360",Penethamate,Penethamate,http://fhir.hie.moh.gov.my/CodeSystem/allergy-environment-my-core,CodeSystemAllergyEnvironmentMyCore
"1,361",Penicillamine,Penicillamine,http://fhir.hie.moh.gov.my/CodeSystem/allergy-environment-my-core,CodeSystemAllergyEnvironmentMyCore
"1,362",Pentaerythritol,Pentaerythritol,http://fhir.hie.moh.gov.my/CodeSystem/allergy-environment-my-core,CodeSystemAllergyEnvironmentMyCore
"1,363",Pentetic acid,Pentetic acid,http://fhir.hie.moh.gov.my/CodeSystem/allergy-environment-my-core,CodeSystemAllergyEnvironmentMyCore
"1,364",Pepper,Pepper,http://fhir.hie.moh.gov.my/CodeSystem/allergy-environment-my-core,CodeSystemAllergyEnvironmentMyCore
"1,365",Pepsin,Pepsin,http://fhir.hie.moh.gov.my/CodeSystem/allergy-environment-my-core,CodeSystemAllergyEnvironmentMyCore
"1,366",Peptone,Peptone,http://fhir.hie.moh.gov.my/CodeSystem/allergy-environment-my-core,CodeSystemAllergyEnvironmentMyCore
"1,367",Perchlorates,Perchlorates,http://fhir.hie.moh.gov.my/CodeSystem/allergy-environment-my-core,CodeSystemAllergyEnvironmentMyCore
"1,368",Perhexiline,Perhexiline,http://fhir.hie.moh.gov.my/CodeSystem/allergy-environment-my-core,CodeSystemAllergyEnvironmentMyCore
"1,369",Perilla,Perilla,http://fhir.hie.moh.gov.my/CodeSystem/allergy-environment-my-core,CodeSystemAllergyEnvironmentMyCore
"1,370",Perospirone,Perospirone,http://fhir.hie.moh.gov.my/CodeSystem/allergy-environment-my-core,CodeSystemAllergyEnvironmentMyCore
"1,371",Pertussis vaccine,Pertussis vaccine,http://fhir.hie.moh.gov.my/CodeSystem/allergy-environment-my-core,CodeSystemAllergyEnvironmentMyCore
"1,372",Peucedanum praeruptorm,Peucedanum praeruptorm,http://fhir.hie.moh.gov.my/CodeSystem/allergy-environment-my-core,CodeSystemAllergyEnvironmentMyCore
"1,373",Pexiganan,Pexiganan,http://fhir.hie.moh.gov.my/CodeSystem/allergy-environment-my-core,CodeSystemAllergyEnvironmentMyCore
"1,374",Phenamacide,Phenamacide,http://fhir.hie.moh.gov.my/CodeSystem/allergy-environment-my-core,CodeSystemAllergyEnvironmentMyCore
"1,375",Phenazopyridine,Phenazopyridine,http://fhir.hie.moh.gov.my/CodeSystem/allergy-environment-my-core,CodeSystemAllergyEnvironmentMyCore
"1,376",Phendimetrazine derivatives,Phendimetrazine derivatives,http://fhir.hie.moh.gov.my/CodeSystem/allergy-environment-my-core,CodeSystemAllergyEnvironmentMyCore
"1,377",Phenethylamine bicyclic antidepressants,Phenethylamine bicyclic antidepressants,http://fhir.hie.moh.gov.my/CodeSystem/allergy-environment-my-core,CodeSystemAllergyEnvironmentMyCore
"1,378",Phenicol derivatives,Phenicol derivatives,http://fhir.hie.moh.gov.my/CodeSystem/allergy-environment-my-core,CodeSystemAllergyEnvironmentMyCore
"1,379",Phenmetrazine,Phenmetrazine,http://fhir.hie.moh.gov.my/CodeSystem/allergy-environment-my-core,CodeSystemAllergyEnvironmentMyCore
"1,380",Phenolic compounds,Phenolic compounds,http://fhir.hie.moh.gov.my/CodeSystem/allergy-environment-my-core,CodeSystemAllergyEnvironmentMyCore
"1,381",Phenothiazines,Phenothiazines,http://fhir.hie.moh.gov.my/CodeSystem/allergy-environment-my-core,CodeSystemAllergyEnvironmentMyCore
"1,382",Phenylazosalicylic acid derivative sulfonamides,Phenylazosalicylic acid derivative sulfonamides,http://fhir.hie.moh.gov.my/CodeSystem/allergy-environment-my-core,CodeSystemAllergyEnvironmentMyCore
"1,383",Phenylpiperazine antidepressants,Phenylpiperazine antidepressants,http://fhir.hie.moh.gov.my/CodeSystem/allergy-environment-my-core,CodeSystemAllergyEnvironmentMyCore
"1,384",Phenylpropenes,Phenylpropenes,http://fhir.hie.moh.gov.my/CodeSystem/allergy-environment-my-core,CodeSystemAllergyEnvironmentMyCore
"1,385",Phenylpyruvic acid,Phenylpyruvic acid,http://fhir.hie.moh.gov.my/CodeSystem/allergy-environment-my-core,CodeSystemAllergyEnvironmentMyCore
"1,386",Phloroglucinol,Phloroglucinol,http://fhir.hie.moh.gov.my/CodeSystem/allergy-environment-my-core,CodeSystemAllergyEnvironmentMyCore
"1,387",Pholcodine,Pholcodine,http://fhir.hie.moh.gov.my/CodeSystem/allergy-environment-my-core,CodeSystemAllergyEnvironmentMyCore
"1,388",Pholedrine,Pholedrine,http://fhir.hie.moh.gov.my/CodeSystem/allergy-environment-my-core,CodeSystemAllergyEnvironmentMyCore
"1,389",Phosphocreatine,Phosphocreatine,http://fhir.hie.moh.gov.my/CodeSystem/allergy-environment-my-core,CodeSystemAllergyEnvironmentMyCore
"1,390",Phosphodiesterase type-5 inhibitors,Phosphodiesterase type-5 inhibitors,http://fhir.hie.moh.gov.my/CodeSystem/allergy-environment-my-core,CodeSystemAllergyEnvironmentMyCore
"1,391",Phosphonic acid antibiotics,Phosphonic acid antibiotics,http://fhir.hie.moh.gov.my/CodeSystem/allergy-environment-my-core,CodeSystemAllergyEnvironmentMyCore
"1,392",Phosphorylcholine,Phosphorylcholine,http://fhir.hie.moh.gov.my/CodeSystem/allergy-environment-my-core,CodeSystemAllergyEnvironmentMyCore
"1,393",Phthalazine derived antihypertensives,Phthalazine derived antihypertensives,http://fhir.hie.moh.gov.my/CodeSystem/allergy-environment-my-core,CodeSystemAllergyEnvironmentMyCore
"1,394",Phyllanthus amarus,Phyllanthus amarus,http://fhir.hie.moh.gov.my/CodeSystem/allergy-environment-my-core,CodeSystemAllergyEnvironmentMyCore
"1,395",Physostigmine,Physostigmine,http://fhir.hie.moh.gov.my/CodeSystem/allergy-environment-my-core,CodeSystemAllergyEnvironmentMyCore
"1,396",Phytosterols,Phytosterols,http://fhir.hie.moh.gov.my/CodeSystem/allergy-environment-my-core,CodeSystemAllergyEnvironmentMyCore
"1,397",Piboserod,Piboserod,http://fhir.hie.moh.gov.my/CodeSystem/allergy-environment-my-core,CodeSystemAllergyEnvironmentMyCore
"1,398",Pibrozelesin,Pibrozelesin,http://fhir.hie.moh.gov.my/CodeSystem/allergy-environment-my-core,CodeSystemAllergyEnvironmentMyCore
"1,399",Picibanil,Picibanil,http://fhir.hie.moh.gov.my/CodeSystem/allergy-environment-my-core,CodeSystemAllergyEnvironmentMyCore
"1,400",Picloxydine,Picloxydine,http://fhir.hie.moh.gov.my/CodeSystem/allergy-environment-my-core,CodeSystemAllergyEnvironmentMyCore
"1,401",Picolamine,Picolamine,http://fhir.hie.moh.gov.my/CodeSystem/allergy-environment-my-core,CodeSystemAllergyEnvironmentMyCore
"1,402",Picrasma quassioides,Picrasma quassioides,http://fhir.hie.moh.gov.my/CodeSystem/allergy-environment-my-core,CodeSystemAllergyEnvironmentMyCore
"1,403",Picric acid,Picric acid,http://fhir.hie.moh.gov.my/CodeSystem/allergy-environment-my-core,CodeSystemAllergyEnvironmentMyCore
"1,404",Picrorhiza kurrooa,Picrorhiza kurrooa,http://fhir.hie.moh.gov.my/CodeSystem/allergy-environment-my-core,CodeSystemAllergyEnvironmentMyCore
"1,405",Pidolic acid,Pidolic acid,http://fhir.hie.moh.gov.my/CodeSystem/allergy-environment-my-core,CodeSystemAllergyEnvironmentMyCore
"1,406",Pillpod sandmat,Pillpod sandmat,http://fhir.hie.moh.gov.my/CodeSystem/allergy-environment-my-core,CodeSystemAllergyEnvironmentMyCore
"1,407",Pilocarpine,Pilocarpine,http://fhir.hie.moh.gov.my/CodeSystem/allergy-environment-my-core,CodeSystemAllergyEnvironmentMyCore
"1,408",Pilsicainide,Pilsicainide,http://fhir.hie.moh.gov.my/CodeSystem/allergy-environment-my-core,CodeSystemAllergyEnvironmentMyCore
"1,409",Pinaverium,Pinaverium,http://fhir.hie.moh.gov.my/CodeSystem/allergy-environment-my-core,CodeSystemAllergyEnvironmentMyCore
"1,410",Pine,Pine,http://fhir.hie.moh.gov.my/CodeSystem/allergy-environment-my-core,CodeSystemAllergyEnvironmentMyCore
"1,411",Pineapple and pineapple substances,Pineapple and pineapple substances,http://fhir.hie.moh.gov.my/CodeSystem/allergy-environment-my-core,CodeSystemAllergyEnvironmentMyCore
"1,412",Pinellia,Pinellia,http://fhir.hie.moh.gov.my/CodeSystem/allergy-environment-my-core,CodeSystemAllergyEnvironmentMyCore
"1,413",Pinene,Pinene,http://fhir.hie.moh.gov.my/CodeSystem/allergy-environment-my-core,CodeSystemAllergyEnvironmentMyCore
"1,414",Pipazetate,Pipazetate,http://fhir.hie.moh.gov.my/CodeSystem/allergy-environment-my-core,CodeSystemAllergyEnvironmentMyCore
"1,415",Piperaquine,Piperaquine,http://fhir.hie.moh.gov.my/CodeSystem/allergy-environment-my-core,CodeSystemAllergyEnvironmentMyCore
"1,416",Piperazine and its derivatives,Piperazine and its derivatives,http://fhir.hie.moh.gov.my/CodeSystem/allergy-environment-my-core,CodeSystemAllergyEnvironmentMyCore
"1,417",Pipethanate,Pipethanate,http://fhir.hie.moh.gov.my/CodeSystem/allergy-environment-my-core,CodeSystemAllergyEnvironmentMyCore
"1,418",Pipoxolan,Pipoxolan,http://fhir.hie.moh.gov.my/CodeSystem/allergy-environment-my-core,CodeSystemAllergyEnvironmentMyCore
"1,419",Pipradrol,Pipradrol,http://fhir.hie.moh.gov.my/CodeSystem/allergy-environment-my-core,CodeSystemAllergyEnvironmentMyCore
"1,420",Pipsissewa,Pipsissewa,http://fhir.hie.moh.gov.my/CodeSystem/allergy-environment-my-core,CodeSystemAllergyEnvironmentMyCore
"1,421",Pirenoxine (all salts),Pirenoxine (all salts),http://fhir.hie.moh.gov.my/CodeSystem/allergy-environment-my-core,CodeSystemAllergyEnvironmentMyCore
"1,422",Pirisudanol,Pirisudanol,http://fhir.hie.moh.gov.my/CodeSystem/allergy-environment-my-core,CodeSystemAllergyEnvironmentMyCore
"1,423",Piroctone,Piroctone,http://fhir.hie.moh.gov.my/CodeSystem/allergy-environment-my-core,CodeSystemAllergyEnvironmentMyCore
"1,424",Piroheptine,Piroheptine,http://fhir.hie.moh.gov.my/CodeSystem/allergy-environment-my-core,CodeSystemAllergyEnvironmentMyCore
"1,425",Pirtenidine,Pirtenidine,http://fhir.hie.moh.gov.my/CodeSystem/allergy-environment-my-core,CodeSystemAllergyEnvironmentMyCore
"1,426",Pistacia integerrima,Pistacia integerrima,http://fhir.hie.moh.gov.my/CodeSystem/allergy-environment-my-core,CodeSystemAllergyEnvironmentMyCore
"1,427",Pitofenone,Pitofenone,http://fhir.hie.moh.gov.my/CodeSystem/allergy-environment-my-core,CodeSystemAllergyEnvironmentMyCore
"1,428",Plasma,Plasma,http://fhir.hie.moh.gov.my/CodeSystem/allergy-environment-my-core,CodeSystemAllergyEnvironmentMyCore
"1,429",Platinum compounds,Platinum compounds,http://fhir.hie.moh.gov.my/CodeSystem/allergy-environment-my-core,CodeSystemAllergyEnvironmentMyCore
"1,430",Plectranthus,Plectranthus,http://fhir.hie.moh.gov.my/CodeSystem/allergy-environment-my-core,CodeSystemAllergyEnvironmentMyCore
"1,431",Plum,Plum,http://fhir.hie.moh.gov.my/CodeSystem/allergy-environment-my-core,CodeSystemAllergyEnvironmentMyCore
"1,432",Pneumococcal vaccine,Pneumococcal vaccine,http://fhir.hie.moh.gov.my/CodeSystem/allergy-environment-my-core,CodeSystemAllergyEnvironmentMyCore
"1,433",Podophyllotoxin derivatives,Podophyllotoxin derivatives,http://fhir.hie.moh.gov.my/CodeSystem/allergy-environment-my-core,CodeSystemAllergyEnvironmentMyCore
"1,434",Poet's jasmine,Poet's jasmine,http://fhir.hie.moh.gov.my/CodeSystem/allergy-environment-my-core,CodeSystemAllergyEnvironmentMyCore
"1,435",Pokeweed,Pokeweed,http://fhir.hie.moh.gov.my/CodeSystem/allergy-environment-my-core,CodeSystemAllergyEnvironmentMyCore
"1,436",Poliomyelitis vaccine,Poliomyelitis vaccine,http://fhir.hie.moh.gov.my/CodeSystem/allergy-environment-my-core,CodeSystemAllergyEnvironmentMyCore
"1,437",Pollen,Pollen,http://fhir.hie.moh.gov.my/CodeSystem/allergy-environment-my-core,CodeSystemAllergyEnvironmentMyCore
"1,438",Poloxamer,Poloxamer,http://fhir.hie.moh.gov.my/CodeSystem/allergy-environment-my-core,CodeSystemAllergyEnvironmentMyCore
"1,439",Polycarbophil,Polycarbophil,http://fhir.hie.moh.gov.my/CodeSystem/allergy-environment-my-core,CodeSystemAllergyEnvironmentMyCore
"1,440",Polyene antifungals,Polyene antifungals,http://fhir.hie.moh.gov.my/CodeSystem/allergy-environment-my-core,CodeSystemAllergyEnvironmentMyCore
"1,441",Polygala,Polygala,http://fhir.hie.moh.gov.my/CodeSystem/allergy-environment-my-core,CodeSystemAllergyEnvironmentMyCore
"1,442",Polygonatum odoratum,Polygonatum odoratum,http://fhir.hie.moh.gov.my/CodeSystem/allergy-environment-my-core,CodeSystemAllergyEnvironmentMyCore
"1,443",Polymyxins,Polymyxins,http://fhir.hie.moh.gov.my/CodeSystem/allergy-environment-my-core,CodeSystemAllergyEnvironmentMyCore
"1,444",Polypodium leucotomos,Polypodium leucotomos,http://fhir.hie.moh.gov.my/CodeSystem/allergy-environment-my-core,CodeSystemAllergyEnvironmentMyCore
"1,445",Polyporus umbellatus,Polyporus umbellatus,http://fhir.hie.moh.gov.my/CodeSystem/allergy-environment-my-core,CodeSystemAllergyEnvironmentMyCore
"1,446",Polyquaternium compounds,Polyquaternium compounds,http://fhir.hie.moh.gov.my/CodeSystem/allergy-environment-my-core,CodeSystemAllergyEnvironmentMyCore
"1,447",Polysorbates,Polysorbates,http://fhir.hie.moh.gov.my/CodeSystem/allergy-environment-my-core,CodeSystemAllergyEnvironmentMyCore
"1,448",Polystyrene sulfonate resins,Polystyrene sulfonate resins,http://fhir.hie.moh.gov.my/CodeSystem/allergy-environment-my-core,CodeSystemAllergyEnvironmentMyCore
"1,449",Pomegranate,Pomegranate,http://fhir.hie.moh.gov.my/CodeSystem/allergy-environment-my-core,CodeSystemAllergyEnvironmentMyCore
"1,450",Pongame oiltree,Pongame oiltree,http://fhir.hie.moh.gov.my/CodeSystem/allergy-environment-my-core,CodeSystemAllergyEnvironmentMyCore
"1,451",Porcine proteins,Porcine proteins,http://fhir.hie.moh.gov.my/CodeSystem/allergy-environment-my-core,CodeSystemAllergyEnvironmentMyCore
"1,452",Poria cocos,Poria cocos,http://fhir.hie.moh.gov.my/CodeSystem/allergy-environment-my-core,CodeSystemAllergyEnvironmentMyCore
"1,453",Porphyrin derivatives,Porphyrin derivatives,http://fhir.hie.moh.gov.my/CodeSystem/allergy-environment-my-core,CodeSystemAllergyEnvironmentMyCore
"1,454",Pot marjoram,Pot marjoram,http://fhir.hie.moh.gov.my/CodeSystem/allergy-environment-my-core,CodeSystemAllergyEnvironmentMyCore
"1,455",Potentilla aurea,Potentilla aurea,http://fhir.hie.moh.gov.my/CodeSystem/allergy-environment-my-core,CodeSystemAllergyEnvironmentMyCore
"1,456",Povidone,Povidone,http://fhir.hie.moh.gov.my/CodeSystem/allergy-environment-my-core,CodeSystemAllergyEnvironmentMyCore
"1,327",P-phenylenediamine,P-phenylenediamine,http://fhir.hie.moh.gov.my/CodeSystem/allergy-environment-my-core,CodeSystemAllergyEnvironmentMyCore
"1,457",Prajmaline,Prajmaline,http://fhir.hie.moh.gov.my/CodeSystem/allergy-environment-my-core,CodeSystemAllergyEnvironmentMyCore
"1,458",Pramipexole,Pramipexole,http://fhir.hie.moh.gov.my/CodeSystem/allergy-environment-my-core,CodeSystemAllergyEnvironmentMyCore
"1,459",Pramiverine,Pramiverine,http://fhir.hie.moh.gov.my/CodeSystem/allergy-environment-my-core,CodeSystemAllergyEnvironmentMyCore
"1,460",Pramlintide,Pramlintide,http://fhir.hie.moh.gov.my/CodeSystem/allergy-environment-my-core,CodeSystemAllergyEnvironmentMyCore
"1,461",Pramocaine,Pramocaine,http://fhir.hie.moh.gov.my/CodeSystem/allergy-environment-my-core,CodeSystemAllergyEnvironmentMyCore
"1,462",Prasterone,Prasterone,http://fhir.hie.moh.gov.my/CodeSystem/allergy-environment-my-core,CodeSystemAllergyEnvironmentMyCore
"1,463",Prazarelix,Prazarelix,http://fhir.hie.moh.gov.my/CodeSystem/allergy-environment-my-core,CodeSystemAllergyEnvironmentMyCore
"1,464",Pregnenolone,Pregnenolone,http://fhir.hie.moh.gov.my/CodeSystem/allergy-environment-my-core,CodeSystemAllergyEnvironmentMyCore
"1,465",Prenoxdiazine,Prenoxdiazine,http://fhir.hie.moh.gov.my/CodeSystem/allergy-environment-my-core,CodeSystemAllergyEnvironmentMyCore
"1,466",Prickly juniper,Prickly juniper,http://fhir.hie.moh.gov.my/CodeSystem/allergy-environment-my-core,CodeSystemAllergyEnvironmentMyCore
"1,467",Pride of india,Pride of india,http://fhir.hie.moh.gov.my/CodeSystem/allergy-environment-my-core,CodeSystemAllergyEnvironmentMyCore
"1,468",Pridinol,Pridinol,http://fhir.hie.moh.gov.my/CodeSystem/allergy-environment-my-core,CodeSystemAllergyEnvironmentMyCore
"1,469",Probenecid,Probenecid,http://fhir.hie.moh.gov.my/CodeSystem/allergy-environment-my-core,CodeSystemAllergyEnvironmentMyCore
"1,470",Procainamide and metabolite,Procainamide and metabolite,http://fhir.hie.moh.gov.my/CodeSystem/allergy-environment-my-core,CodeSystemAllergyEnvironmentMyCore
"1,471",Progestogens,Progestogens,http://fhir.hie.moh.gov.my/CodeSystem/allergy-environment-my-core,CodeSystemAllergyEnvironmentMyCore
"1,472",Prolintane,Prolintane,http://fhir.hie.moh.gov.my/CodeSystem/allergy-environment-my-core,CodeSystemAllergyEnvironmentMyCore
"1,473",Pronase,Pronase,http://fhir.hie.moh.gov.my/CodeSystem/allergy-environment-my-core,CodeSystemAllergyEnvironmentMyCore
"1,474",Propafenone,Propafenone,http://fhir.hie.moh.gov.my/CodeSystem/allergy-environment-my-core,CodeSystemAllergyEnvironmentMyCore
"1,475",Propiomazine,Propiomazine,http://fhir.hie.moh.gov.my/CodeSystem/allergy-environment-my-core,CodeSystemAllergyEnvironmentMyCore
"1,476",Propionic acid and salts,Propionic acid and salts,http://fhir.hie.moh.gov.my/CodeSystem/allergy-environment-my-core,CodeSystemAllergyEnvironmentMyCore
"1,477",Propiram,Propiram,http://fhir.hie.moh.gov.my/CodeSystem/allergy-environment-my-core,CodeSystemAllergyEnvironmentMyCore
"1,478",Propiverine,Propiverine,http://fhir.hie.moh.gov.my/CodeSystem/allergy-environment-my-core,CodeSystemAllergyEnvironmentMyCore
"1,479",Propofol,Propofol,http://fhir.hie.moh.gov.my/CodeSystem/allergy-environment-my-core,CodeSystemAllergyEnvironmentMyCore
"1,480",Propolis,Propolis,http://fhir.hie.moh.gov.my/CodeSystem/allergy-environment-my-core,CodeSystemAllergyEnvironmentMyCore
"1,481",Propylene glycol,Propylene glycol,http://fhir.hie.moh.gov.my/CodeSystem/allergy-environment-my-core,CodeSystemAllergyEnvironmentMyCore
"1,482",Proso millet,Proso millet,http://fhir.hie.moh.gov.my/CodeSystem/allergy-environment-my-core,CodeSystemAllergyEnvironmentMyCore
"1,483",Prostaglandin analogues,Prostaglandin analogues,http://fhir.hie.moh.gov.my/CodeSystem/allergy-environment-my-core,CodeSystemAllergyEnvironmentMyCore
"1,484",Prostaglandins,Prostaglandins,http://fhir.hie.moh.gov.my/CodeSystem/allergy-environment-my-core,CodeSystemAllergyEnvironmentMyCore
"1,485",Prostrate knotweed,Prostrate knotweed,http://fhir.hie.moh.gov.my/CodeSystem/allergy-environment-my-core,CodeSystemAllergyEnvironmentMyCore
"1,486",Prostrate sandmat,Prostrate sandmat,http://fhir.hie.moh.gov.my/CodeSystem/allergy-environment-my-core,CodeSystemAllergyEnvironmentMyCore
"1,487",Protamine,Protamine,http://fhir.hie.moh.gov.my/CodeSystem/allergy-environment-my-core,CodeSystemAllergyEnvironmentMyCore
"1,488",Protease,Protease,http://fhir.hie.moh.gov.my/CodeSystem/allergy-environment-my-core,CodeSystemAllergyEnvironmentMyCore
"1,489",Proteus,Proteus,http://fhir.hie.moh.gov.my/CodeSystem/allergy-environment-my-core,CodeSystemAllergyEnvironmentMyCore
"1,490",Protirelin,Protirelin,http://fhir.hie.moh.gov.my/CodeSystem/allergy-environment-my-core,CodeSystemAllergyEnvironmentMyCore
"1,491",Protokylol,Protokylol,http://fhir.hie.moh.gov.my/CodeSystem/allergy-environment-my-core,CodeSystemAllergyEnvironmentMyCore
"1,492",Proton pump inhibitors,Proton pump inhibitors,http://fhir.hie.moh.gov.my/CodeSystem/allergy-environment-my-core,CodeSystemAllergyEnvironmentMyCore
"1,493",Proxazole,Proxazole,http://fhir.hie.moh.gov.my/CodeSystem/allergy-environment-my-core,CodeSystemAllergyEnvironmentMyCore
"1,494",Prozapine,Prozapine,http://fhir.hie.moh.gov.my/CodeSystem/allergy-environment-my-core,CodeSystemAllergyEnvironmentMyCore
"1,495",Prucalopride,Prucalopride,http://fhir.hie.moh.gov.my/CodeSystem/allergy-environment-my-core,CodeSystemAllergyEnvironmentMyCore
"1,496",Pseudostellaria heterophylla,Pseudostellaria heterophylla,http://fhir.hie.moh.gov.my/CodeSystem/allergy-environment-my-core,CodeSystemAllergyEnvironmentMyCore
"1,497",Psoralens,Psoralens,http://fhir.hie.moh.gov.my/CodeSystem/allergy-environment-my-core,CodeSystemAllergyEnvironmentMyCore
"1,498",Psyllium,Psyllium,http://fhir.hie.moh.gov.my/CodeSystem/allergy-environment-my-core,CodeSystemAllergyEnvironmentMyCore
"1,499",Pueraria,Pueraria,http://fhir.hie.moh.gov.my/CodeSystem/allergy-environment-my-core,CodeSystemAllergyEnvironmentMyCore
"1,500",Pulmonary surfactants,Pulmonary surfactants,http://fhir.hie.moh.gov.my/CodeSystem/allergy-environment-my-core,CodeSystemAllergyEnvironmentMyCore
"1,501",Puntingpole bamboo,Puntingpole bamboo,http://fhir.hie.moh.gov.my/CodeSystem/allergy-environment-my-core,CodeSystemAllergyEnvironmentMyCore
"1,502",Purine analogues,Purine analogues,http://fhir.hie.moh.gov.my/CodeSystem/allergy-environment-my-core,CodeSystemAllergyEnvironmentMyCore
"1,503",Putranjiva,Putranjiva,http://fhir.hie.moh.gov.my/CodeSystem/allergy-environment-my-core,CodeSystemAllergyEnvironmentMyCore
"1,504",Pygeum,Pygeum,http://fhir.hie.moh.gov.my/CodeSystem/allergy-environment-my-core,CodeSystemAllergyEnvironmentMyCore
"1,505",Pyrantel,Pyrantel,http://fhir.hie.moh.gov.my/CodeSystem/allergy-environment-my-core,CodeSystemAllergyEnvironmentMyCore
"1,506",Pyrazolone derivatives,Pyrazolone derivatives,http://fhir.hie.moh.gov.my/CodeSystem/allergy-environment-my-core,CodeSystemAllergyEnvironmentMyCore
"1,507",Pyrethrins,Pyrethrins,http://fhir.hie.moh.gov.my/CodeSystem/allergy-environment-my-core,CodeSystemAllergyEnvironmentMyCore
"1,508",Pyridostigmine,Pyridostigmine,http://fhir.hie.moh.gov.my/CodeSystem/allergy-environment-my-core,CodeSystemAllergyEnvironmentMyCore
"1,509",Pyridoxine (vitamin B6),Pyridoxine (vitamin B6),http://fhir.hie.moh.gov.my/CodeSystem/allergy-environment-my-core,CodeSystemAllergyEnvironmentMyCore
"1,510",Pyrithione,Pyrithione,http://fhir.hie.moh.gov.my/CodeSystem/allergy-environment-my-core,CodeSystemAllergyEnvironmentMyCore
"1,511",Pyritinol,Pyritinol,http://fhir.hie.moh.gov.my/CodeSystem/allergy-environment-my-core,CodeSystemAllergyEnvironmentMyCore
"1,512",Pyronaridine,Pyronaridine,http://fhir.hie.moh.gov.my/CodeSystem/allergy-environment-my-core,CodeSystemAllergyEnvironmentMyCore
"1,513",Pyrophosphate analogue,Pyrophosphate analogue,http://fhir.hie.moh.gov.my/CodeSystem/allergy-environment-my-core,CodeSystemAllergyEnvironmentMyCore
"1,514",Pyruvic acid,Pyruvic acid,http://fhir.hie.moh.gov.my/CodeSystem/allergy-environment-my-core,CodeSystemAllergyEnvironmentMyCore
"1,515",Pyrvinium,Pyrvinium,http://fhir.hie.moh.gov.my/CodeSystem/allergy-environment-my-core,CodeSystemAllergyEnvironmentMyCore
"1,516",Q fever vaccine,Q fever vaccine,http://fhir.hie.moh.gov.my/CodeSystem/allergy-environment-my-core,CodeSystemAllergyEnvironmentMyCore
"1,517",Quassia amara,Quassia amara,http://fhir.hie.moh.gov.my/CodeSystem/allergy-environment-my-core,CodeSystemAllergyEnvironmentMyCore
"1,518",Quaternary ammonium compounds disinfectants/antiseptics,Quaternary ammonium compounds disinfectants/antiseptics,http://fhir.hie.moh.gov.my/CodeSystem/allergy-environment-my-core,CodeSystemAllergyEnvironmentMyCore
"1,519",Quinagolide,Quinagolide,http://fhir.hie.moh.gov.my/CodeSystem/allergy-environment-my-core,CodeSystemAllergyEnvironmentMyCore
"1,520",Quinine derivatives (cinchona),Quinine derivatives (cinchona),http://fhir.hie.moh.gov.my/CodeSystem/allergy-environment-my-core,CodeSystemAllergyEnvironmentMyCore
"1,521",Quinisocaine,Quinisocaine,http://fhir.hie.moh.gov.my/CodeSystem/allergy-environment-my-core,CodeSystemAllergyEnvironmentMyCore
"1,522",Quinolones and fluoroquinolones,Quinolones and fluoroquinolones,http://fhir.hie.moh.gov.my/CodeSystem/allergy-environment-my-core,CodeSystemAllergyEnvironmentMyCore
"1,523",Rabies vaccine,Rabies vaccine,http://fhir.hie.moh.gov.my/CodeSystem/allergy-environment-my-core,CodeSystemAllergyEnvironmentMyCore
"1,524",Racephedrine,Racephedrine,http://fhir.hie.moh.gov.my/CodeSystem/allergy-environment-my-core,CodeSystemAllergyEnvironmentMyCore
"1,525",Radium compounds,Radium compounds,http://fhir.hie.moh.gov.my/CodeSystem/allergy-environment-my-core,CodeSystemAllergyEnvironmentMyCore
"1,526",Ramosetron,Ramosetron,http://fhir.hie.moh.gov.my/CodeSystem/allergy-environment-my-core,CodeSystemAllergyEnvironmentMyCore
"1,527",Ranolazine,Ranolazine,http://fhir.hie.moh.gov.my/CodeSystem/allergy-environment-my-core,CodeSystemAllergyEnvironmentMyCore
"1,528",Ranunculus,Ranunculus,http://fhir.hie.moh.gov.my/CodeSystem/allergy-environment-my-core,CodeSystemAllergyEnvironmentMyCore
"1,529",Raphanus sativus,Raphanus sativus,http://fhir.hie.moh.gov.my/CodeSystem/allergy-environment-my-core,CodeSystemAllergyEnvironmentMyCore
"1,530",Rasagiline,Rasagiline,http://fhir.hie.moh.gov.my/CodeSystem/allergy-environment-my-core,CodeSystemAllergyEnvironmentMyCore
"1,531",Raspberry,Raspberry,http://fhir.hie.moh.gov.my/CodeSystem/allergy-environment-my-core,CodeSystemAllergyEnvironmentMyCore
"1,532",Rauwolfia alkaloids,Rauwolfia alkaloids,http://fhir.hie.moh.gov.my/CodeSystem/allergy-environment-my-core,CodeSystemAllergyEnvironmentMyCore
"1,533",Red cedar,Red cedar,http://fhir.hie.moh.gov.my/CodeSystem/allergy-environment-my-core,CodeSystemAllergyEnvironmentMyCore
"1,534",Red clover,Red clover,http://fhir.hie.moh.gov.my/CodeSystem/allergy-environment-my-core,CodeSystemAllergyEnvironmentMyCore
"1,535",Red sandalwood,Red sandalwood,http://fhir.hie.moh.gov.my/CodeSystem/allergy-environment-my-core,CodeSystemAllergyEnvironmentMyCore
"1,536",Red spiderling,Red spiderling,http://fhir.hie.moh.gov.my/CodeSystem/allergy-environment-my-core,CodeSystemAllergyEnvironmentMyCore
"1,537",Red trillium,Red trillium,http://fhir.hie.moh.gov.my/CodeSystem/allergy-environment-my-core,CodeSystemAllergyEnvironmentMyCore
"1,538",Red valerian,Red valerian,http://fhir.hie.moh.gov.my/CodeSystem/allergy-environment-my-core,CodeSystemAllergyEnvironmentMyCore
"1,539",Redback spider antivenom,Redback spider antivenom,http://fhir.hie.moh.gov.my/CodeSystem/allergy-environment-my-core,CodeSystemAllergyEnvironmentMyCore
"1,540",Remoxipride,Remoxipride,http://fhir.hie.moh.gov.my/CodeSystem/allergy-environment-my-core,CodeSystemAllergyEnvironmentMyCore
"1,541",Resorcinol,Resorcinol,http://fhir.hie.moh.gov.my/CodeSystem/allergy-environment-my-core,CodeSystemAllergyEnvironmentMyCore
"1,542",Retinoids,Retinoids,http://fhir.hie.moh.gov.my/CodeSystem/allergy-environment-my-core,CodeSystemAllergyEnvironmentMyCore
"1,543",Rhatany,Rhatany,http://fhir.hie.moh.gov.my/CodeSystem/allergy-environment-my-core,CodeSystemAllergyEnvironmentMyCore
"1,544",Rhodiola sacra,Rhodiola sacra,http://fhir.hie.moh.gov.my/CodeSystem/allergy-environment-my-core,CodeSystemAllergyEnvironmentMyCore
"1,545",Riboflavin (vitamin B2),Riboflavin (vitamin B2),http://fhir.hie.moh.gov.my/CodeSystem/allergy-environment-my-core,CodeSystemAllergyEnvironmentMyCore
"1,546",Rice and derivatives,Rice and derivatives,http://fhir.hie.moh.gov.my/CodeSystem/allergy-environment-my-core,CodeSystemAllergyEnvironmentMyCore
"1,547",Ricinoleic acid,Ricinoleic acid,http://fhir.hie.moh.gov.my/CodeSystem/allergy-environment-my-core,CodeSystemAllergyEnvironmentMyCore
"1,548",Rifamycins,Rifamycins,http://fhir.hie.moh.gov.my/CodeSystem/allergy-environment-my-core,CodeSystemAllergyEnvironmentMyCore
"1,549",Ritiometan,Ritiometan,http://fhir.hie.moh.gov.my/CodeSystem/allergy-environment-my-core,CodeSystemAllergyEnvironmentMyCore
"1,550",Rivastigmine,Rivastigmine,http://fhir.hie.moh.gov.my/CodeSystem/allergy-environment-my-core,CodeSystemAllergyEnvironmentMyCore
"1,551",Roiboos,Roiboos,http://fhir.hie.moh.gov.my/CodeSystem/allergy-environment-my-core,CodeSystemAllergyEnvironmentMyCore
"1,552",Ropinirole,Ropinirole,http://fhir.hie.moh.gov.my/CodeSystem/allergy-environment-my-core,CodeSystemAllergyEnvironmentMyCore
"1,553",Rose,Rose,http://fhir.hie.moh.gov.my/CodeSystem/allergy-environment-my-core,CodeSystemAllergyEnvironmentMyCore
"1,554",Rose bengal,Rose bengal,http://fhir.hie.moh.gov.my/CodeSystem/allergy-environment-my-core,CodeSystemAllergyEnvironmentMyCore
"1,555",Rose of sharon,Rose of sharon,http://fhir.hie.moh.gov.my/CodeSystem/allergy-environment-my-core,CodeSystemAllergyEnvironmentMyCore
"1,556",Roselle,Roselle,http://fhir.hie.moh.gov.my/CodeSystem/allergy-environment-my-core,CodeSystemAllergyEnvironmentMyCore
"1,557",Rosemary,Rosemary,http://fhir.hie.moh.gov.my/CodeSystem/allergy-environment-my-core,CodeSystemAllergyEnvironmentMyCore
"1,558",Roseroot stonecrop,Roseroot stonecrop,http://fhir.hie.moh.gov.my/CodeSystem/allergy-environment-my-core,CodeSystemAllergyEnvironmentMyCore
"1,559",Rosewood,Rosewood,http://fhir.hie.moh.gov.my/CodeSystem/allergy-environment-my-core,CodeSystemAllergyEnvironmentMyCore
"1,560",Rotavirus vaccine,Rotavirus vaccine,http://fhir.hie.moh.gov.my/CodeSystem/allergy-environment-my-core,CodeSystemAllergyEnvironmentMyCore
"1,561",Roundhead lespedeza,Roundhead lespedeza,http://fhir.hie.moh.gov.my/CodeSystem/allergy-environment-my-core,CodeSystemAllergyEnvironmentMyCore
"1,562",Roundleaf chastetree,Roundleaf chastetree,http://fhir.hie.moh.gov.my/CodeSystem/allergy-environment-my-core,CodeSystemAllergyEnvironmentMyCore
"1,563",Roxifiban,Roxifiban,http://fhir.hie.moh.gov.my/CodeSystem/allergy-environment-my-core,CodeSystemAllergyEnvironmentMyCore
"1,564",Rubber accelerators,Rubber accelerators,http://fhir.hie.moh.gov.my/CodeSystem/allergy-environment-my-core,CodeSystemAllergyEnvironmentMyCore
"1,565",Rubella vaccine,Rubella vaccine,http://fhir.hie.moh.gov.my/CodeSystem/allergy-environment-my-core,CodeSystemAllergyEnvironmentMyCore
"1,566",Rubia cordifolia,Rubia cordifolia,http://fhir.hie.moh.gov.my/CodeSystem/allergy-environment-my-core,CodeSystemAllergyEnvironmentMyCore
"1,567",Ruboxistaurin,Ruboxistaurin,http://fhir.hie.moh.gov.my/CodeSystem/allergy-environment-my-core,CodeSystemAllergyEnvironmentMyCore
"1,568",Rubus chingii,Rubus chingii,http://fhir.hie.moh.gov.my/CodeSystem/allergy-environment-my-core,CodeSystemAllergyEnvironmentMyCore
"1,569",Running clubmoss,Running clubmoss,http://fhir.hie.moh.gov.my/CodeSystem/allergy-environment-my-core,CodeSystemAllergyEnvironmentMyCore
"1,570",Rupatadine,Rupatadine,http://fhir.hie.moh.gov.my/CodeSystem/allergy-environment-my-core,CodeSystemAllergyEnvironmentMyCore
"1,571",Ruscus aculeatus and derivatives,Ruscus aculeatus and derivatives,http://fhir.hie.moh.gov.my/CodeSystem/allergy-environment-my-core,CodeSystemAllergyEnvironmentMyCore
"1,572",Rutoside,Rutoside,http://fhir.hie.moh.gov.my/CodeSystem/allergy-environment-my-core,CodeSystemAllergyEnvironmentMyCore
"1,573",Rye,Rye,http://fhir.hie.moh.gov.my/CodeSystem/allergy-environment-my-core,CodeSystemAllergyEnvironmentMyCore
"1,574",Saccharin,Saccharin,http://fhir.hie.moh.gov.my/CodeSystem/allergy-environment-my-core,CodeSystemAllergyEnvironmentMyCore
"1,575",Sacred lotus,Sacred lotus,http://fhir.hie.moh.gov.my/CodeSystem/allergy-environment-my-core,CodeSystemAllergyEnvironmentMyCore
"1,576",Saffron,Saffron,http://fhir.hie.moh.gov.my/CodeSystem/allergy-environment-my-core,CodeSystemAllergyEnvironmentMyCore
"1,577",Salicylates,Salicylates,http://fhir.hie.moh.gov.my/CodeSystem/allergy-environment-my-core,CodeSystemAllergyEnvironmentMyCore
"1,578",Samarium,Samarium,http://fhir.hie.moh.gov.my/CodeSystem/allergy-environment-my-core,CodeSystemAllergyEnvironmentMyCore
"1,579",Saposhnikovia divaricata,Saposhnikovia divaricata,http://fhir.hie.moh.gov.my/CodeSystem/allergy-environment-my-core,CodeSystemAllergyEnvironmentMyCore
"1,580",Sapropterin,Sapropterin,http://fhir.hie.moh.gov.my/CodeSystem/allergy-environment-my-core,CodeSystemAllergyEnvironmentMyCore
"1,581",Saquinavir,Saquinavir,http://fhir.hie.moh.gov.my/CodeSystem/allergy-environment-my-core,CodeSystemAllergyEnvironmentMyCore
"1,582",Saraca indica,Saraca indica,http://fhir.hie.moh.gov.my/CodeSystem/allergy-environment-my-core,CodeSystemAllergyEnvironmentMyCore
"1,583",Saralasin,Saralasin,http://fhir.hie.moh.gov.my/CodeSystem/allergy-environment-my-core,CodeSystemAllergyEnvironmentMyCore
"1,584",Sarpogrelate,Sarpogrelate,http://fhir.hie.moh.gov.my/CodeSystem/allergy-environment-my-core,CodeSystemAllergyEnvironmentMyCore
"1,585",Sarsaparilla,Sarsaparilla,http://fhir.hie.moh.gov.my/CodeSystem/allergy-environment-my-core,CodeSystemAllergyEnvironmentMyCore
"1,586",Sassafras,Sassafras,http://fhir.hie.moh.gov.my/CodeSystem/allergy-environment-my-core,CodeSystemAllergyEnvironmentMyCore
"1,587",Saw palmetto,Saw palmetto,http://fhir.hie.moh.gov.my/CodeSystem/allergy-environment-my-core,CodeSystemAllergyEnvironmentMyCore
"1,588",Schizonepeta tenuifolia,Schizonepeta tenuifolia,http://fhir.hie.moh.gov.my/CodeSystem/allergy-environment-my-core,CodeSystemAllergyEnvironmentMyCore
"1,589",Scotch broom,Scotch broom,http://fhir.hie.moh.gov.my/CodeSystem/allergy-environment-my-core,CodeSystemAllergyEnvironmentMyCore
"1,590",Scrophularia ningpoensis,Scrophularia ningpoensis,http://fhir.hie.moh.gov.my/CodeSystem/allergy-environment-my-core,CodeSystemAllergyEnvironmentMyCore
"1,591",Scurvy grass,Scurvy grass,http://fhir.hie.moh.gov.my/CodeSystem/allergy-environment-my-core,CodeSystemAllergyEnvironmentMyCore
"1,592",Scythian lamb,Scythian lamb,http://fhir.hie.moh.gov.my/CodeSystem/allergy-environment-my-core,CodeSystemAllergyEnvironmentMyCore
"1,593",Sea squill,Sea squill,http://fhir.hie.moh.gov.my/CodeSystem/allergy-environment-my-core,CodeSystemAllergyEnvironmentMyCore
"1,594",Seabuckthorn,Seabuckthorn,http://fhir.hie.moh.gov.my/CodeSystem/allergy-environment-my-core,CodeSystemAllergyEnvironmentMyCore
"1,595",Secretin,Secretin,http://fhir.hie.moh.gov.my/CodeSystem/allergy-environment-my-core,CodeSystemAllergyEnvironmentMyCore
"1,596",Selective 5-HT1 receptor agonists (non-sulfonamide),Selective 5-HT1 receptor agonists (non-sulfonamide),http://fhir.hie.moh.gov.my/CodeSystem/allergy-environment-my-core,CodeSystemAllergyEnvironmentMyCore
"1,597",Selective 5-HT1 receptor agonists (sulfonamide),Selective 5-HT1 receptor agonists (sulfonamide),http://fhir.hie.moh.gov.my/CodeSystem/allergy-environment-my-core,CodeSystemAllergyEnvironmentMyCore
"1,598",Selective norepinephrine reuptake inhibitors,Selective norepinephrine reuptake inhibitors,http://fhir.hie.moh.gov.my/CodeSystem/allergy-environment-my-core,CodeSystemAllergyEnvironmentMyCore
"1,599",Selective oestrogen receptor modulators,Selective oestrogen receptor modulators,http://fhir.hie.moh.gov.my/CodeSystem/allergy-environment-my-core,CodeSystemAllergyEnvironmentMyCore
"1,600",Selective serotonin reuptake inhibitors,Selective serotonin reuptake inhibitors,http://fhir.hie.moh.gov.my/CodeSystem/allergy-environment-my-core,CodeSystemAllergyEnvironmentMyCore
"1,601",Selenium compounds,Selenium compounds,http://fhir.hie.moh.gov.my/CodeSystem/allergy-environment-my-core,CodeSystemAllergyEnvironmentMyCore
"1,602",Semal,Semal,http://fhir.hie.moh.gov.my/CodeSystem/allergy-environment-my-core,CodeSystemAllergyEnvironmentMyCore
"1,603",Semparatide,Semparatide,http://fhir.hie.moh.gov.my/CodeSystem/allergy-environment-my-core,CodeSystemAllergyEnvironmentMyCore
"1,604",Seneca snakeroot,Seneca snakeroot,http://fhir.hie.moh.gov.my/CodeSystem/allergy-environment-my-core,CodeSystemAllergyEnvironmentMyCore
"1,605",Sensitive plant,Sensitive plant,http://fhir.hie.moh.gov.my/CodeSystem/allergy-environment-my-core,CodeSystemAllergyEnvironmentMyCore
"1,606",Seractide,Seractide,http://fhir.hie.moh.gov.my/CodeSystem/allergy-environment-my-core,CodeSystemAllergyEnvironmentMyCore
"1,607",Sericocalyx crispus,Sericocalyx crispus,http://fhir.hie.moh.gov.my/CodeSystem/allergy-environment-my-core,CodeSystemAllergyEnvironmentMyCore
"1,608",Serine,Serine,http://fhir.hie.moh.gov.my/CodeSystem/allergy-environment-my-core,CodeSystemAllergyEnvironmentMyCore
"1,609",Sermorelin,Sermorelin,http://fhir.hie.moh.gov.my/CodeSystem/allergy-environment-my-core,CodeSystemAllergyEnvironmentMyCore
"1,610",Sesame,Sesame,http://fhir.hie.moh.gov.my/CodeSystem/allergy-environment-my-core,CodeSystemAllergyEnvironmentMyCore
"1,611",Sevelamer,Sevelamer,http://fhir.hie.moh.gov.my/CodeSystem/allergy-environment-my-core,CodeSystemAllergyEnvironmentMyCore
"1,612",Shea tree,Shea tree,http://fhir.hie.moh.gov.my/CodeSystem/allergy-environment-my-core,CodeSystemAllergyEnvironmentMyCore
"1,613",Shepherd's purse,Shepherd's purse,http://fhir.hie.moh.gov.my/CodeSystem/allergy-environment-my-core,CodeSystemAllergyEnvironmentMyCore
"1,614",Shi-hu,Shi-hu,http://fhir.hie.moh.gov.my/CodeSystem/allergy-environment-my-core,CodeSystemAllergyEnvironmentMyCore
"1,615",Shiitake mushroom,Shiitake mushroom,http://fhir.hie.moh.gov.my/CodeSystem/allergy-environment-my-core,CodeSystemAllergyEnvironmentMyCore
"1,616",Shoeblackplant,Shoeblackplant,http://fhir.hie.moh.gov.my/CodeSystem/allergy-environment-my-core,CodeSystemAllergyEnvironmentMyCore
"1,617",Sialic acid derived neuraminidase inhibitors,Sialic acid derived neuraminidase inhibitors,http://fhir.hie.moh.gov.my/CodeSystem/allergy-environment-my-core,CodeSystemAllergyEnvironmentMyCore
"1,618",Sibenadet,Sibenadet,http://fhir.hie.moh.gov.my/CodeSystem/allergy-environment-my-core,CodeSystemAllergyEnvironmentMyCore
"1,619",Siberian ginseng,Siberian ginseng,http://fhir.hie.moh.gov.my/CodeSystem/allergy-environment-my-core,CodeSystemAllergyEnvironmentMyCore
"1,620",Siberian-tea,Siberian-tea,http://fhir.hie.moh.gov.my/CodeSystem/allergy-environment-my-core,CodeSystemAllergyEnvironmentMyCore
"1,621",Sibutramine,Sibutramine,http://fhir.hie.moh.gov.my/CodeSystem/allergy-environment-my-core,CodeSystemAllergyEnvironmentMyCore
"1,622",Sida cordifolia,Sida cordifolia,http://fhir.hie.moh.gov.my/CodeSystem/allergy-environment-my-core,CodeSystemAllergyEnvironmentMyCore
"1,623",Silicones,Silicones,http://fhir.hie.moh.gov.my/CodeSystem/allergy-environment-my-core,CodeSystemAllergyEnvironmentMyCore
"1,624",Silk cotton tree,Silk cotton tree,http://fhir.hie.moh.gov.my/CodeSystem/allergy-environment-my-core,CodeSystemAllergyEnvironmentMyCore
"1,625",Silver,Silver,http://fhir.hie.moh.gov.my/CodeSystem/allergy-environment-my-core,CodeSystemAllergyEnvironmentMyCore
"1,626",Silver fir,Silver fir,http://fhir.hie.moh.gov.my/CodeSystem/allergy-environment-my-core,CodeSystemAllergyEnvironmentMyCore
"1,627",Silverweed cinquefoil,Silverweed cinquefoil,http://fhir.hie.moh.gov.my/CodeSystem/allergy-environment-my-core,CodeSystemAllergyEnvironmentMyCore
"1,628",Simpleleaf chastetree,Simpleleaf chastetree,http://fhir.hie.moh.gov.my/CodeSystem/allergy-environment-my-core,CodeSystemAllergyEnvironmentMyCore
"1,629",Sivelestat,Sivelestat,http://fhir.hie.moh.gov.my/CodeSystem/allergy-environment-my-core,CodeSystemAllergyEnvironmentMyCore
"1,630",Skullcap,Skullcap,http://fhir.hie.moh.gov.my/CodeSystem/allergy-environment-my-core,CodeSystemAllergyEnvironmentMyCore
"1,631",Slippery elm,Slippery elm,http://fhir.hie.moh.gov.my/CodeSystem/allergy-environment-my-core,CodeSystemAllergyEnvironmentMyCore
"1,632",Soapbark,Soapbark,http://fhir.hie.moh.gov.my/CodeSystem/allergy-environment-my-core,CodeSystemAllergyEnvironmentMyCore
"1,633",Sodium acetate,Sodium acetate,http://fhir.hie.moh.gov.my/CodeSystem/allergy-environment-my-core,CodeSystemAllergyEnvironmentMyCore
"1,634",Sodium carbonate,Sodium carbonate,http://fhir.hie.moh.gov.my/CodeSystem/allergy-environment-my-core,CodeSystemAllergyEnvironmentMyCore
"1,635",Sodium chloride,Sodium chloride,http://fhir.hie.moh.gov.my/CodeSystem/allergy-environment-my-core,CodeSystemAllergyEnvironmentMyCore
"1,636",Sodium glutamate,Sodium glutamate,http://fhir.hie.moh.gov.my/CodeSystem/allergy-environment-my-core,CodeSystemAllergyEnvironmentMyCore
"1,637",Sodium glycerophosphate,Sodium glycerophosphate,http://fhir.hie.moh.gov.my/CodeSystem/allergy-environment-my-core,CodeSystemAllergyEnvironmentMyCore
"1,638","Sodium phosphate, dibasic","Sodium phosphate, dibasic",http://fhir.hie.moh.gov.my/CodeSystem/allergy-environment-my-core,CodeSystemAllergyEnvironmentMyCore
"1,639","Sodium phosphate, monobasic","Sodium phosphate, monobasic",http://fhir.hie.moh.gov.my/CodeSystem/allergy-environment-my-core,CodeSystemAllergyEnvironmentMyCore
"1,640",Sodium selenite,Sodium selenite,http://fhir.hie.moh.gov.my/CodeSystem/allergy-environment-my-core,CodeSystemAllergyEnvironmentMyCore
"1,641",Sodium sulfate,Sodium sulfate,http://fhir.hie.moh.gov.my/CodeSystem/allergy-environment-my-core,CodeSystemAllergyEnvironmentMyCore
"1,642",Sodium thiosulfate,Sodium thiosulfate,http://fhir.hie.moh.gov.my/CodeSystem/allergy-environment-my-core,CodeSystemAllergyEnvironmentMyCore
"1,643",Solidstem burnet saxifrage,Solidstem burnet saxifrage,http://fhir.hie.moh.gov.my/CodeSystem/allergy-environment-my-core,CodeSystemAllergyEnvironmentMyCore
"1,644",Solifenacin,Solifenacin,http://fhir.hie.moh.gov.my/CodeSystem/allergy-environment-my-core,CodeSystemAllergyEnvironmentMyCore
"1,645",Somatorelin,Somatorelin,http://fhir.hie.moh.gov.my/CodeSystem/allergy-environment-my-core,CodeSystemAllergyEnvironmentMyCore
"1,646",Somatostatin analogues,Somatostatin analogues,http://fhir.hie.moh.gov.my/CodeSystem/allergy-environment-my-core,CodeSystemAllergyEnvironmentMyCore
"1,647",Sonepiprazole,Sonepiprazole,http://fhir.hie.moh.gov.my/CodeSystem/allergy-environment-my-core,CodeSystemAllergyEnvironmentMyCore
"1,648",Sorbic acid,Sorbic acid,http://fhir.hie.moh.gov.my/CodeSystem/allergy-environment-my-core,CodeSystemAllergyEnvironmentMyCore
"1,649",Sorbitan and its esters,Sorbitan and its esters,http://fhir.hie.moh.gov.my/CodeSystem/allergy-environment-my-core,CodeSystemAllergyEnvironmentMyCore
"1,650",Sorbitol,Sorbitol,http://fhir.hie.moh.gov.my/CodeSystem/allergy-environment-my-core,CodeSystemAllergyEnvironmentMyCore
"1,651",Sour cherry,Sour cherry,http://fhir.hie.moh.gov.my/CodeSystem/allergy-environment-my-core,CodeSystemAllergyEnvironmentMyCore
"1,653",Soursop,Soursop,http://fhir.hie.moh.gov.my/CodeSystem/allergy-environment-my-core,CodeSystemAllergyEnvironmentMyCore
"1,652",Sour-top blueberry,Sour-top blueberry,http://fhir.hie.moh.gov.my/CodeSystem/allergy-environment-my-core,CodeSystemAllergyEnvironmentMyCore
"1,654",Soya and soya substances,Soya and soya substances,http://fhir.hie.moh.gov.my/CodeSystem/allergy-environment-my-core,CodeSystemAllergyEnvironmentMyCore
"1,655",Spaglumic acid,Spaglumic acid,http://fhir.hie.moh.gov.my/CodeSystem/allergy-environment-my-core,CodeSystemAllergyEnvironmentMyCore
"1,656",Spanish oregano,Spanish oregano,http://fhir.hie.moh.gov.my/CodeSystem/allergy-environment-my-core,CodeSystemAllergyEnvironmentMyCore
"1,657",Sparganium stoloniferum,Sparganium stoloniferum,http://fhir.hie.moh.gov.my/CodeSystem/allergy-environment-my-core,CodeSystemAllergyEnvironmentMyCore
"1,658",Sparteine,Sparteine,http://fhir.hie.moh.gov.my/CodeSystem/allergy-environment-my-core,CodeSystemAllergyEnvironmentMyCore
"1,659",Species pectorales,Species pectorales,http://fhir.hie.moh.gov.my/CodeSystem/allergy-environment-my-core,CodeSystemAllergyEnvironmentMyCore
"1,660",Spiked ginger-lily,Spiked ginger-lily,http://fhir.hie.moh.gov.my/CodeSystem/allergy-environment-my-core,CodeSystemAllergyEnvironmentMyCore
"1,661",Spilanthes oleracea,Spilanthes oleracea,http://fhir.hie.moh.gov.my/CodeSystem/allergy-environment-my-core,CodeSystemAllergyEnvironmentMyCore
"1,662",Spinach,Spinach,http://fhir.hie.moh.gov.my/CodeSystem/allergy-environment-my-core,CodeSystemAllergyEnvironmentMyCore
"1,663",Spiny amaranth,Spiny amaranth,http://fhir.hie.moh.gov.my/CodeSystem/allergy-environment-my-core,CodeSystemAllergyEnvironmentMyCore
"1,664",Spiny restharrow,Spiny restharrow,http://fhir.hie.moh.gov.my/CodeSystem/allergy-environment-my-core,CodeSystemAllergyEnvironmentMyCore
"1,665",Spirulina,Spirulina,http://fhir.hie.moh.gov.my/CodeSystem/allergy-environment-my-core,CodeSystemAllergyEnvironmentMyCore
"1,666",Spotted ladysthumb,Spotted ladysthumb,http://fhir.hie.moh.gov.my/CodeSystem/allergy-environment-my-core,CodeSystemAllergyEnvironmentMyCore
"1,667",Spring adonis,Spring adonis,http://fhir.hie.moh.gov.my/CodeSystem/allergy-environment-my-core,CodeSystemAllergyEnvironmentMyCore
"1,668",St John's wort,St John's wort,http://fhir.hie.moh.gov.my/CodeSystem/allergy-environment-my-core,CodeSystemAllergyEnvironmentMyCore
"1,669",Staphylococcus aureus,Staphylococcus aureus,http://fhir.hie.moh.gov.my/CodeSystem/allergy-environment-my-core,CodeSystemAllergyEnvironmentMyCore
"1,670",Star-gooseberry,Star-gooseberry,http://fhir.hie.moh.gov.my/CodeSystem/allergy-environment-my-core,CodeSystemAllergyEnvironmentMyCore
"1,671",Stearic acid,Stearic acid,http://fhir.hie.moh.gov.my/CodeSystem/allergy-environment-my-core,CodeSystemAllergyEnvironmentMyCore
"1,672",Stearyl alcohol,Stearyl alcohol,http://fhir.hie.moh.gov.my/CodeSystem/allergy-environment-my-core,CodeSystemAllergyEnvironmentMyCore
"1,673",Stephania rotunda,Stephania rotunda,http://fhir.hie.moh.gov.my/CodeSystem/allergy-environment-my-core,CodeSystemAllergyEnvironmentMyCore
"1,674",Stephania tetrandra,Stephania tetrandra,http://fhir.hie.moh.gov.my/CodeSystem/allergy-environment-my-core,CodeSystemAllergyEnvironmentMyCore
"1,675",Steroidal aromatase inhibitors,Steroidal aromatase inhibitors,http://fhir.hie.moh.gov.my/CodeSystem/allergy-environment-my-core,CodeSystemAllergyEnvironmentMyCore
"1,676",Stevia rebaudiana,Stevia rebaudiana,http://fhir.hie.moh.gov.my/CodeSystem/allergy-environment-my-core,CodeSystemAllergyEnvironmentMyCore
"1,677",Stinking passionflower,Stinking passionflower,http://fhir.hie.moh.gov.my/CodeSystem/allergy-environment-my-core,CodeSystemAllergyEnvironmentMyCore
"1,678",Strawberry,Strawberry,http://fhir.hie.moh.gov.my/CodeSystem/allergy-environment-my-core,CodeSystemAllergyEnvironmentMyCore
"1,679",Streptococcus agalactiae vaccine,Streptococcus agalactiae vaccine,http://fhir.hie.moh.gov.my/CodeSystem/allergy-environment-my-core,CodeSystemAllergyEnvironmentMyCore
"1,680",Streptococcus beta-haemolyticus,Streptococcus beta-haemolyticus,http://fhir.hie.moh.gov.my/CodeSystem/allergy-environment-my-core,CodeSystemAllergyEnvironmentMyCore
"1,681",Streptococcus pyogenes,Streptococcus pyogenes,http://fhir.hie.moh.gov.my/CodeSystem/allergy-environment-my-core,CodeSystemAllergyEnvironmentMyCore
"1,682",Streptogramins,Streptogramins,http://fhir.hie.moh.gov.my/CodeSystem/allergy-environment-my-core,CodeSystemAllergyEnvironmentMyCore
"1,683",Streptokinase and related agents,Streptokinase and related agents,http://fhir.hie.moh.gov.my/CodeSystem/allergy-environment-my-core,CodeSystemAllergyEnvironmentMyCore
"1,684",Strobilanthes crispus,Strobilanthes crispus,http://fhir.hie.moh.gov.my/CodeSystem/allergy-environment-my-core,CodeSystemAllergyEnvironmentMyCore
"1,685",Strontium agents,Strontium agents,http://fhir.hie.moh.gov.my/CodeSystem/allergy-environment-my-core,CodeSystemAllergyEnvironmentMyCore
"1,686",Strychnine,Strychnine,http://fhir.hie.moh.gov.my/CodeSystem/allergy-environment-my-core,CodeSystemAllergyEnvironmentMyCore
"1,687",Strychnos nux-vomica,Strychnos nux-vomica,http://fhir.hie.moh.gov.my/CodeSystem/allergy-environment-my-core,CodeSystemAllergyEnvironmentMyCore
"1,688",Subtilisins,Subtilisins,http://fhir.hie.moh.gov.my/CodeSystem/allergy-environment-my-core,CodeSystemAllergyEnvironmentMyCore
"1,689",Succinic acid,Succinic acid,http://fhir.hie.moh.gov.my/CodeSystem/allergy-environment-my-core,CodeSystemAllergyEnvironmentMyCore
"1,690",Succinimide anticonvulsants,Succinimide anticonvulsants,http://fhir.hie.moh.gov.my/CodeSystem/allergy-environment-my-core,CodeSystemAllergyEnvironmentMyCore
"1,691",Sucrose,Sucrose,http://fhir.hie.moh.gov.my/CodeSystem/allergy-environment-my-core,CodeSystemAllergyEnvironmentMyCore
"1,692",Sugammadex,Sugammadex,http://fhir.hie.moh.gov.my/CodeSystem/allergy-environment-my-core,CodeSystemAllergyEnvironmentMyCore
"1,693",Sugar maple,Sugar maple,http://fhir.hie.moh.gov.my/CodeSystem/allergy-environment-my-core,CodeSystemAllergyEnvironmentMyCore
"1,694",Sugarcane,Sugarcane,http://fhir.hie.moh.gov.my/CodeSystem/allergy-environment-my-core,CodeSystemAllergyEnvironmentMyCore
"1,695",Sulamserod,Sulamserod,http://fhir.hie.moh.gov.my/CodeSystem/allergy-environment-my-core,CodeSystemAllergyEnvironmentMyCore
"1,696",Sulfasalazine,Sulfasalazine,http://fhir.hie.moh.gov.my/CodeSystem/allergy-environment-my-core,CodeSystemAllergyEnvironmentMyCore
"1,697",Sulfites,Sulfites,http://fhir.hie.moh.gov.my/CodeSystem/allergy-environment-my-core,CodeSystemAllergyEnvironmentMyCore
"1,698",Sulfogaiacol,Sulfogaiacol,http://fhir.hie.moh.gov.my/CodeSystem/allergy-environment-my-core,CodeSystemAllergyEnvironmentMyCore
"1,699",Sulfonamide antibiotics,Sulfonamide antibiotics,http://fhir.hie.moh.gov.my/CodeSystem/allergy-environment-my-core,CodeSystemAllergyEnvironmentMyCore
"1,700",Sulfonamide anticonvulsants,Sulfonamide anticonvulsants,http://fhir.hie.moh.gov.my/CodeSystem/allergy-environment-my-core,CodeSystemAllergyEnvironmentMyCore
"1,701",Sulfones,Sulfones,http://fhir.hie.moh.gov.my/CodeSystem/allergy-environment-my-core,CodeSystemAllergyEnvironmentMyCore
"1,702",Sulfonylureas,Sulfonylureas,http://fhir.hie.moh.gov.my/CodeSystem/allergy-environment-my-core,CodeSystemAllergyEnvironmentMyCore
"1,703",Sulfosalicylic acid,Sulfosalicylic acid,http://fhir.hie.moh.gov.my/CodeSystem/allergy-environment-my-core,CodeSystemAllergyEnvironmentMyCore
"1,704",Sulfosuccinates,Sulfosuccinates,http://fhir.hie.moh.gov.my/CodeSystem/allergy-environment-my-core,CodeSystemAllergyEnvironmentMyCore
"1,705",Sulfur,Sulfur,http://fhir.hie.moh.gov.my/CodeSystem/allergy-environment-my-core,CodeSystemAllergyEnvironmentMyCore
"1,706",Sumac,Sumac,http://fhir.hie.moh.gov.my/CodeSystem/allergy-environment-my-core,CodeSystemAllergyEnvironmentMyCore
"1,707",Summer savory,Summer savory,http://fhir.hie.moh.gov.my/CodeSystem/allergy-environment-my-core,CodeSystemAllergyEnvironmentMyCore
"1,708",Sundew,Sundew,http://fhir.hie.moh.gov.my/CodeSystem/allergy-environment-my-core,CodeSystemAllergyEnvironmentMyCore
"1,709",Sunflower,Sunflower,http://fhir.hie.moh.gov.my/CodeSystem/allergy-environment-my-core,CodeSystemAllergyEnvironmentMyCore
"1,710",Superparamagnetic iron oxide contrast agents,Superparamagnetic iron oxide contrast agents,http://fhir.hie.moh.gov.my/CodeSystem/allergy-environment-my-core,CodeSystemAllergyEnvironmentMyCore
"1,711",Superparamagnetic iron oxide contrast agents containing dextran,Superparamagnetic iron oxide contrast agents containing dextran,http://fhir.hie.moh.gov.my/CodeSystem/allergy-environment-my-core,CodeSystemAllergyEnvironmentMyCore
"1,712",Suxamethonium,Suxamethonium,http://fhir.hie.moh.gov.my/CodeSystem/allergy-environment-my-core,CodeSystemAllergyEnvironmentMyCore
"1,713",Sweet basil,Sweet basil,http://fhir.hie.moh.gov.my/CodeSystem/allergy-environment-my-core,CodeSystemAllergyEnvironmentMyCore
"1,714",Sweet bay,Sweet bay,http://fhir.hie.moh.gov.my/CodeSystem/allergy-environment-my-core,CodeSystemAllergyEnvironmentMyCore
"1,715",Sweet cherry,Sweet cherry,http://fhir.hie.moh.gov.my/CodeSystem/allergy-environment-my-core,CodeSystemAllergyEnvironmentMyCore
"1,716",Sweet violet,Sweet violet,http://fhir.hie.moh.gov.my/CodeSystem/allergy-environment-my-core,CodeSystemAllergyEnvironmentMyCore
"1,717",Swertia mileensis,Swertia mileensis,http://fhir.hie.moh.gov.my/CodeSystem/allergy-environment-my-core,CodeSystemAllergyEnvironmentMyCore
"1,718",Sympathomimetic alpha agonists,Sympathomimetic alpha agonists,http://fhir.hie.moh.gov.my/CodeSystem/allergy-environment-my-core,CodeSystemAllergyEnvironmentMyCore
"1,719",Sympathomimetic beta agonists,Sympathomimetic beta agonists,http://fhir.hie.moh.gov.my/CodeSystem/allergy-environment-my-core,CodeSystemAllergyEnvironmentMyCore
"1,720",Sympathomimetic mixed alpha and beta agonists,Sympathomimetic mixed alpha and beta agonists,http://fhir.hie.moh.gov.my/CodeSystem/allergy-environment-my-core,CodeSystemAllergyEnvironmentMyCore
"1,721",Symplocos racemosa,Symplocos racemosa,http://fhir.hie.moh.gov.my/CodeSystem/allergy-environment-my-core,CodeSystemAllergyEnvironmentMyCore
"1,722",Synthetic phenylpiperidine derivative opiate agonists,Synthetic phenylpiperidine derivative opiate agonists,http://fhir.hie.moh.gov.my/CodeSystem/allergy-environment-my-core,CodeSystemAllergyEnvironmentMyCore
"1,723",Synthetic purine antagonist,Synthetic purine antagonist,http://fhir.hie.moh.gov.my/CodeSystem/allergy-environment-my-core,CodeSystemAllergyEnvironmentMyCore
"1,724",Synthetic thyroid blocking agents,Synthetic thyroid blocking agents,http://fhir.hie.moh.gov.my/CodeSystem/allergy-environment-my-core,CodeSystemAllergyEnvironmentMyCore
"1,725",Tafamidis,Tafamidis,http://fhir.hie.moh.gov.my/CodeSystem/allergy-environment-my-core,CodeSystemAllergyEnvironmentMyCore
"1,726",Talnetant,Talnetant,http://fhir.hie.moh.gov.my/CodeSystem/allergy-environment-my-core,CodeSystemAllergyEnvironmentMyCore
"1,727",Tamarind,Tamarind,http://fhir.hie.moh.gov.my/CodeSystem/allergy-environment-my-core,CodeSystemAllergyEnvironmentMyCore
"1,728",Tanacetum,Tanacetum,http://fhir.hie.moh.gov.my/CodeSystem/allergy-environment-my-core,CodeSystemAllergyEnvironmentMyCore
"1,729",Tandospirone,Tandospirone,http://fhir.hie.moh.gov.my/CodeSystem/allergy-environment-my-core,CodeSystemAllergyEnvironmentMyCore
"1,730",Tannic acid,Tannic acid,http://fhir.hie.moh.gov.my/CodeSystem/allergy-environment-my-core,CodeSystemAllergyEnvironmentMyCore
"1,731",Taraxacum mongolicum,Taraxacum mongolicum,http://fhir.hie.moh.gov.my/CodeSystem/allergy-environment-my-core,CodeSystemAllergyEnvironmentMyCore
"1,732",Tartrazines,Tartrazines,http://fhir.hie.moh.gov.my/CodeSystem/allergy-environment-my-core,CodeSystemAllergyEnvironmentMyCore
"1,733",Taxoids,Taxoids,http://fhir.hie.moh.gov.my/CodeSystem/allergy-environment-my-core,CodeSystemAllergyEnvironmentMyCore
"1,734",Tea,Tea,http://fhir.hie.moh.gov.my/CodeSystem/allergy-environment-my-core,CodeSystemAllergyEnvironmentMyCore
"1,735",Tea-oil,Tea-oil,http://fhir.hie.moh.gov.my/CodeSystem/allergy-environment-my-core,CodeSystemAllergyEnvironmentMyCore
"1,736",Teasel,Teasel,http://fhir.hie.moh.gov.my/CodeSystem/allergy-environment-my-core,CodeSystemAllergyEnvironmentMyCore
"1,737",Technetium-99m compounds,Technetium-99m compounds,http://fhir.hie.moh.gov.my/CodeSystem/allergy-environment-my-core,CodeSystemAllergyEnvironmentMyCore
"1,738",Teclothiazide,Teclothiazide,http://fhir.hie.moh.gov.my/CodeSystem/allergy-environment-my-core,CodeSystemAllergyEnvironmentMyCore
"1,739",Tecomella undulata,Tecomella undulata,http://fhir.hie.moh.gov.my/CodeSystem/allergy-environment-my-core,CodeSystemAllergyEnvironmentMyCore
"1,740",Tegaserod,Tegaserod,http://fhir.hie.moh.gov.my/CodeSystem/allergy-environment-my-core,CodeSystemAllergyEnvironmentMyCore
"1,741",Telavancin,Telavancin,http://fhir.hie.moh.gov.my/CodeSystem/allergy-environment-my-core,CodeSystemAllergyEnvironmentMyCore
"1,742",Tenofovir (all salts),Tenofovir (all salts),http://fhir.hie.moh.gov.my/CodeSystem/allergy-environment-my-core,CodeSystemAllergyEnvironmentMyCore
"1,743",Tenoic acid,Tenoic acid,http://fhir.hie.moh.gov.my/CodeSystem/allergy-environment-my-core,CodeSystemAllergyEnvironmentMyCore
"1,744",Terbinafine,Terbinafine,http://fhir.hie.moh.gov.my/CodeSystem/allergy-environment-my-core,CodeSystemAllergyEnvironmentMyCore
"1,745",Teriparatide,Teriparatide,http://fhir.hie.moh.gov.my/CodeSystem/allergy-environment-my-core,CodeSystemAllergyEnvironmentMyCore
"1,746",Terminalia bellirica,Terminalia bellirica,http://fhir.hie.moh.gov.my/CodeSystem/allergy-environment-my-core,CodeSystemAllergyEnvironmentMyCore
"1,747",Terodiline,Terodiline,http://fhir.hie.moh.gov.my/CodeSystem/allergy-environment-my-core,CodeSystemAllergyEnvironmentMyCore
"1,748",Terpin,Terpin,http://fhir.hie.moh.gov.my/CodeSystem/allergy-environment-my-core,CodeSystemAllergyEnvironmentMyCore
"1,749",Terpineol,Terpineol,http://fhir.hie.moh.gov.my/CodeSystem/allergy-environment-my-core,CodeSystemAllergyEnvironmentMyCore
"1,750",Tertiary acetylenic alcohols,Tertiary acetylenic alcohols,http://fhir.hie.moh.gov.my/CodeSystem/allergy-environment-my-core,CodeSystemAllergyEnvironmentMyCore
"1,751",Tesmilifene,Tesmilifene,http://fhir.hie.moh.gov.my/CodeSystem/allergy-environment-my-core,CodeSystemAllergyEnvironmentMyCore
"1,752",Testosterone,Testosterone,http://fhir.hie.moh.gov.my/CodeSystem/allergy-environment-my-core,CodeSystemAllergyEnvironmentMyCore
"1,753",Tetanus antitoxins,Tetanus antitoxins,http://fhir.hie.moh.gov.my/CodeSystem/allergy-environment-my-core,CodeSystemAllergyEnvironmentMyCore
"1,754",Tetanus vaccine (T vaccine),Tetanus vaccine (T vaccine),http://fhir.hie.moh.gov.my/CodeSystem/allergy-environment-my-core,CodeSystemAllergyEnvironmentMyCore
"1,755",Tetracyclines,Tetracyclines,http://fhir.hie.moh.gov.my/CodeSystem/allergy-environment-my-core,CodeSystemAllergyEnvironmentMyCore
"1,756",Tetradium ruticarpum,Tetradium ruticarpum,http://fhir.hie.moh.gov.my/CodeSystem/allergy-environment-my-core,CodeSystemAllergyEnvironmentMyCore
"1,757",Tetramethylpyrazine,Tetramethylpyrazine,http://fhir.hie.moh.gov.my/CodeSystem/allergy-environment-my-core,CodeSystemAllergyEnvironmentMyCore
"1,758",Tetrapanax,Tetrapanax,http://fhir.hie.moh.gov.my/CodeSystem/allergy-environment-my-core,CodeSystemAllergyEnvironmentMyCore
"1,759",Tetrofosmin,Tetrofosmin,http://fhir.hie.moh.gov.my/CodeSystem/allergy-environment-my-core,CodeSystemAllergyEnvironmentMyCore
"1,760",Thalidomide and analogue,Thalidomide and analogue,http://fhir.hie.moh.gov.my/CodeSystem/allergy-environment-my-core,CodeSystemAllergyEnvironmentMyCore
"1,761",Thallium,Thallium,http://fhir.hie.moh.gov.my/CodeSystem/allergy-environment-my-core,CodeSystemAllergyEnvironmentMyCore
"1,762",Thebacon,Thebacon,http://fhir.hie.moh.gov.my/CodeSystem/allergy-environment-my-core,CodeSystemAllergyEnvironmentMyCore
"1,763",Theodrenaline,Theodrenaline,http://fhir.hie.moh.gov.my/CodeSystem/allergy-environment-my-core,CodeSystemAllergyEnvironmentMyCore
"1,764",Thermopsis lanceolata,Thermopsis lanceolata,http://fhir.hie.moh.gov.my/CodeSystem/allergy-environment-my-core,CodeSystemAllergyEnvironmentMyCore
"1,765",Thiamine (vitamin B1),Thiamine (vitamin B1),http://fhir.hie.moh.gov.my/CodeSystem/allergy-environment-my-core,CodeSystemAllergyEnvironmentMyCore
"1,766",Thiazide diuretics and related agents,Thiazide diuretics and related agents,http://fhir.hie.moh.gov.my/CodeSystem/allergy-environment-my-core,CodeSystemAllergyEnvironmentMyCore
"1,767",Thiazolidinediones,Thiazolidinediones,http://fhir.hie.moh.gov.my/CodeSystem/allergy-environment-my-core,CodeSystemAllergyEnvironmentMyCore
"1,768",Thienopyridine derivatives,Thienopyridine derivatives,http://fhir.hie.moh.gov.my/CodeSystem/allergy-environment-my-core,CodeSystemAllergyEnvironmentMyCore
"1,769",Thioctic acid,Thioctic acid,http://fhir.hie.moh.gov.my/CodeSystem/allergy-environment-my-core,CodeSystemAllergyEnvironmentMyCore
"1,770",Thiocyanic acid and derivatives,Thiocyanic acid and derivatives,http://fhir.hie.moh.gov.my/CodeSystem/allergy-environment-my-core,CodeSystemAllergyEnvironmentMyCore
"1,771",Thiol compounds,Thiol compounds,http://fhir.hie.moh.gov.my/CodeSystem/allergy-environment-my-core,CodeSystemAllergyEnvironmentMyCore
"1,772",Thioxanthenes,Thioxanthenes,http://fhir.hie.moh.gov.my/CodeSystem/allergy-environment-my-core,CodeSystemAllergyEnvironmentMyCore
"1,773",Three-leaf caper,Three-leaf caper,http://fhir.hie.moh.gov.my/CodeSystem/allergy-environment-my-core,CodeSystemAllergyEnvironmentMyCore
"1,774",Threonine,Threonine,http://fhir.hie.moh.gov.my/CodeSystem/allergy-environment-my-core,CodeSystemAllergyEnvironmentMyCore
"1,775",Thrombin (Factor IIa),Thrombin (Factor IIa),http://fhir.hie.moh.gov.my/CodeSystem/allergy-environment-my-core,CodeSystemAllergyEnvironmentMyCore
"1,776",Thymidine and analogues,Thymidine and analogues,http://fhir.hie.moh.gov.my/CodeSystem/allergy-environment-my-core,CodeSystemAllergyEnvironmentMyCore
"1,777",Thymopentin,Thymopentin,http://fhir.hie.moh.gov.my/CodeSystem/allergy-environment-my-core,CodeSystemAllergyEnvironmentMyCore
"1,778",Thymus citriodorus,Thymus citriodorus,http://fhir.hie.moh.gov.my/CodeSystem/allergy-environment-my-core,CodeSystemAllergyEnvironmentMyCore
"1,779",Thyroid hormones,Thyroid hormones,http://fhir.hie.moh.gov.my/CodeSystem/allergy-environment-my-core,CodeSystemAllergyEnvironmentMyCore
"1,780",Thyroid-contatining supplements,Thyroid-contatining supplements,http://fhir.hie.moh.gov.my/CodeSystem/allergy-environment-my-core,CodeSystemAllergyEnvironmentMyCore
"1,781",Thyrotrophin,Thyrotrophin,http://fhir.hie.moh.gov.my/CodeSystem/allergy-environment-my-core,CodeSystemAllergyEnvironmentMyCore
"1,782",Tidiacic,Tidiacic,http://fhir.hie.moh.gov.my/CodeSystem/allergy-environment-my-core,CodeSystemAllergyEnvironmentMyCore
"1,783",Tiger milk mushroom,Tiger milk mushroom,http://fhir.hie.moh.gov.my/CodeSystem/allergy-environment-my-core,CodeSystemAllergyEnvironmentMyCore
"1,784",Tiliquinol,Tiliquinol,http://fhir.hie.moh.gov.my/CodeSystem/allergy-environment-my-core,CodeSystemAllergyEnvironmentMyCore
"1,785",Timcodar,Timcodar,http://fhir.hie.moh.gov.my/CodeSystem/allergy-environment-my-core,CodeSystemAllergyEnvironmentMyCore
"1,786",Timonacic,Timonacic,http://fhir.hie.moh.gov.my/CodeSystem/allergy-environment-my-core,CodeSystemAllergyEnvironmentMyCore
"1,787",Timothy-grass,Timothy-grass,http://fhir.hie.moh.gov.my/CodeSystem/allergy-environment-my-core,CodeSystemAllergyEnvironmentMyCore
"1,788",Tin compounds,Tin compounds,http://fhir.hie.moh.gov.my/CodeSystem/allergy-environment-my-core,CodeSystemAllergyEnvironmentMyCore
"1,789",Tinoridine,Tinoridine,http://fhir.hie.moh.gov.my/CodeSystem/allergy-environment-my-core,CodeSystemAllergyEnvironmentMyCore
"1,790",Tinospora cordifolia,Tinospora cordifolia,http://fhir.hie.moh.gov.my/CodeSystem/allergy-environment-my-core,CodeSystemAllergyEnvironmentMyCore
"1,791",Tipepidine,Tipepidine,http://fhir.hie.moh.gov.my/CodeSystem/allergy-environment-my-core,CodeSystemAllergyEnvironmentMyCore
"1,792",Tirilazad,Tirilazad,http://fhir.hie.moh.gov.my/CodeSystem/allergy-environment-my-core,CodeSystemAllergyEnvironmentMyCore
"1,793",Tiropramide,Tiropramide,http://fhir.hie.moh.gov.my/CodeSystem/allergy-environment-my-core,CodeSystemAllergyEnvironmentMyCore
"1,794",Tissue plasminogen activators,Tissue plasminogen activators,http://fhir.hie.moh.gov.my/CodeSystem/allergy-environment-my-core,CodeSystemAllergyEnvironmentMyCore
"1,795",Titanium compounds,Titanium compounds,http://fhir.hie.moh.gov.my/CodeSystem/allergy-environment-my-core,CodeSystemAllergyEnvironmentMyCore
"1,796",Tizanidine,Tizanidine,http://fhir.hie.moh.gov.my/CodeSystem/allergy-environment-my-core,CodeSystemAllergyEnvironmentMyCore
"1,797",Tobacco,Tobacco,http://fhir.hie.moh.gov.my/CodeSystem/allergy-environment-my-core,CodeSystemAllergyEnvironmentMyCore
"1,798",Tocainide,Tocainide,http://fhir.hie.moh.gov.my/CodeSystem/allergy-environment-my-core,CodeSystemAllergyEnvironmentMyCore
"1,799",Todralazine,Todralazine,http://fhir.hie.moh.gov.my/CodeSystem/allergy-environment-my-core,CodeSystemAllergyEnvironmentMyCore
"1,800",Tokyo violet,Tokyo violet,http://fhir.hie.moh.gov.my/CodeSystem/allergy-environment-my-core,CodeSystemAllergyEnvironmentMyCore
"1,801",Toldimfos,Toldimfos,http://fhir.hie.moh.gov.my/CodeSystem/allergy-environment-my-core,CodeSystemAllergyEnvironmentMyCore
"1,802",Tolperisone,Tolperisone,http://fhir.hie.moh.gov.my/CodeSystem/allergy-environment-my-core,CodeSystemAllergyEnvironmentMyCore
"1,803",Tomato,Tomato,http://fhir.hie.moh.gov.my/CodeSystem/allergy-environment-my-core,CodeSystemAllergyEnvironmentMyCore
"1,804",Tongkat ali,Tongkat ali,http://fhir.hie.moh.gov.my/CodeSystem/allergy-environment-my-core,CodeSystemAllergyEnvironmentMyCore
"1,805",Topoisomerase I inhibitors,Topoisomerase I inhibitors,http://fhir.hie.moh.gov.my/CodeSystem/allergy-environment-my-core,CodeSystemAllergyEnvironmentMyCore
"1,806",Tormentil,Tormentil,http://fhir.hie.moh.gov.my/CodeSystem/allergy-environment-my-core,CodeSystemAllergyEnvironmentMyCore
"1,807",Trametes versicolor,Trametes versicolor,http://fhir.hie.moh.gov.my/CodeSystem/allergy-environment-my-core,CodeSystemAllergyEnvironmentMyCore
"1,808",Traxoprodil,Traxoprodil,http://fhir.hie.moh.gov.my/CodeSystem/allergy-environment-my-core,CodeSystemAllergyEnvironmentMyCore
"1,809",Trecetilide,Trecetilide,http://fhir.hie.moh.gov.my/CodeSystem/allergy-environment-my-core,CodeSystemAllergyEnvironmentMyCore
"1,810",Tremella fuciformis,Tremella fuciformis,http://fhir.hie.moh.gov.my/CodeSystem/allergy-environment-my-core,CodeSystemAllergyEnvironmentMyCore
"1,811",Tretoquinol,Tretoquinol,http://fhir.hie.moh.gov.my/CodeSystem/allergy-environment-my-core,CodeSystemAllergyEnvironmentMyCore
"1,812",Triarylethylene compounds,Triarylethylene compounds,http://fhir.hie.moh.gov.my/CodeSystem/allergy-environment-my-core,CodeSystemAllergyEnvironmentMyCore
"1,813",Triazenes,Triazenes,http://fhir.hie.moh.gov.my/CodeSystem/allergy-environment-my-core,CodeSystemAllergyEnvironmentMyCore
"1,814",Tribulus terrestris,Tribulus terrestris,http://fhir.hie.moh.gov.my/CodeSystem/allergy-environment-my-core,CodeSystemAllergyEnvironmentMyCore
"1,815",Triclofos,Triclofos,http://fhir.hie.moh.gov.my/CodeSystem/allergy-environment-my-core,CodeSystemAllergyEnvironmentMyCore
"1,816",Tricyclic antidepressants,Tricyclic antidepressants,http://fhir.hie.moh.gov.my/CodeSystem/allergy-environment-my-core,CodeSystemAllergyEnvironmentMyCore
"1,817",Tridolgosir,Tridolgosir,http://fhir.hie.moh.gov.my/CodeSystem/allergy-environment-my-core,CodeSystemAllergyEnvironmentMyCore
"1,818",Trientine,Trientine,http://fhir.hie.moh.gov.my/CodeSystem/allergy-environment-my-core,CodeSystemAllergyEnvironmentMyCore
"1,819",Trimebutine,Trimebutine,http://fhir.hie.moh.gov.my/CodeSystem/allergy-environment-my-core,CodeSystemAllergyEnvironmentMyCore
"1,820",Trimetaphan,Trimetaphan,http://fhir.hie.moh.gov.my/CodeSystem/allergy-environment-my-core,CodeSystemAllergyEnvironmentMyCore
"1,821",Trimetazidine,Trimetazidine,http://fhir.hie.moh.gov.my/CodeSystem/allergy-environment-my-core,CodeSystemAllergyEnvironmentMyCore
"1,822",Trimethobenzamide,Trimethobenzamide,http://fhir.hie.moh.gov.my/CodeSystem/allergy-environment-my-core,CodeSystemAllergyEnvironmentMyCore
"1,823",Trimethoprim and related agents,Trimethoprim and related agents,http://fhir.hie.moh.gov.my/CodeSystem/allergy-environment-my-core,CodeSystemAllergyEnvironmentMyCore
"1,824",Trimetrexate,Trimetrexate,http://fhir.hie.moh.gov.my/CodeSystem/allergy-environment-my-core,CodeSystemAllergyEnvironmentMyCore
"1,825",Triphenylmethane antiseptic dyes,Triphenylmethane antiseptic dyes,http://fhir.hie.moh.gov.my/CodeSystem/allergy-environment-my-core,CodeSystemAllergyEnvironmentMyCore
"1,826",Trolamine,Trolamine,http://fhir.hie.moh.gov.my/CodeSystem/allergy-environment-my-core,CodeSystemAllergyEnvironmentMyCore
"1,827",Trometamol,Trometamol,http://fhir.hie.moh.gov.my/CodeSystem/allergy-environment-my-core,CodeSystemAllergyEnvironmentMyCore
"1,828",Tuber fleeceflower,Tuber fleeceflower,http://fhir.hie.moh.gov.my/CodeSystem/allergy-environment-my-core,CodeSystemAllergyEnvironmentMyCore
"1,829",Tuberculins,Tuberculins,http://fhir.hie.moh.gov.my/CodeSystem/allergy-environment-my-core,CodeSystemAllergyEnvironmentMyCore
"1,830",Turmeric,Turmeric,http://fhir.hie.moh.gov.my/CodeSystem/allergy-environment-my-core,CodeSystemAllergyEnvironmentMyCore
"1,831",Turpentine and derivatives,Turpentine and derivatives,http://fhir.hie.moh.gov.my/CodeSystem/allergy-environment-my-core,CodeSystemAllergyEnvironmentMyCore
"1,832",Typhoid vaccine,Typhoid vaccine,http://fhir.hie.moh.gov.my/CodeSystem/allergy-environment-my-core,CodeSystemAllergyEnvironmentMyCore
"1,833",Tyramine,Tyramine,http://fhir.hie.moh.gov.my/CodeSystem/allergy-environment-my-core,CodeSystemAllergyEnvironmentMyCore
"1,834",Tyrosine compounds,Tyrosine compounds,http://fhir.hie.moh.gov.my/CodeSystem/allergy-environment-my-core,CodeSystemAllergyEnvironmentMyCore
"1,835",Tyrosine kinase inhibitors,Tyrosine kinase inhibitors,http://fhir.hie.moh.gov.my/CodeSystem/allergy-environment-my-core,CodeSystemAllergyEnvironmentMyCore
"1,836",Tyrothricins,Tyrothricins,http://fhir.hie.moh.gov.my/CodeSystem/allergy-environment-my-core,CodeSystemAllergyEnvironmentMyCore
"1,837",Ubiquinone and related compounds,Ubiquinone and related compounds,http://fhir.hie.moh.gov.my/CodeSystem/allergy-environment-my-core,CodeSystemAllergyEnvironmentMyCore
"1,838",Ulipristal,Ulipristal,http://fhir.hie.moh.gov.my/CodeSystem/allergy-environment-my-core,CodeSystemAllergyEnvironmentMyCore
"1,839",Undecylenic acid derivatives,Undecylenic acid derivatives,http://fhir.hie.moh.gov.my/CodeSystem/allergy-environment-my-core,CodeSystemAllergyEnvironmentMyCore
"1,840",Urapidil,Urapidil,http://fhir.hie.moh.gov.my/CodeSystem/allergy-environment-my-core,CodeSystemAllergyEnvironmentMyCore
"1,841",Urea,Urea,http://fhir.hie.moh.gov.my/CodeSystem/allergy-environment-my-core,CodeSystemAllergyEnvironmentMyCore
"1,842",Uricases,Uricases,http://fhir.hie.moh.gov.my/CodeSystem/allergy-environment-my-core,CodeSystemAllergyEnvironmentMyCore
"1,843",Uridine,Uridine,http://fhir.hie.moh.gov.my/CodeSystem/allergy-environment-my-core,CodeSystemAllergyEnvironmentMyCore
"1,844",Urokinase,Urokinase,http://fhir.hie.moh.gov.my/CodeSystem/allergy-environment-my-core,CodeSystemAllergyEnvironmentMyCore
"1,845",Usnic acid,Usnic acid,http://fhir.hie.moh.gov.my/CodeSystem/allergy-environment-my-core,CodeSystemAllergyEnvironmentMyCore
"1,846",Valerian,Valerian,http://fhir.hie.moh.gov.my/CodeSystem/allergy-environment-my-core,CodeSystemAllergyEnvironmentMyCore
"1,847",Valproic acid and derivatives,Valproic acid and derivatives,http://fhir.hie.moh.gov.my/CodeSystem/allergy-environment-my-core,CodeSystemAllergyEnvironmentMyCore
"1,848",Vanadium compounds,Vanadium compounds,http://fhir.hie.moh.gov.my/CodeSystem/allergy-environment-my-core,CodeSystemAllergyEnvironmentMyCore
"1,849",Varenicline,Varenicline,http://fhir.hie.moh.gov.my/CodeSystem/allergy-environment-my-core,CodeSystemAllergyEnvironmentMyCore
"1,850",Varicella vaccine,Varicella vaccine,http://fhir.hie.moh.gov.my/CodeSystem/allergy-environment-my-core,CodeSystemAllergyEnvironmentMyCore
"1,851",Vasopressin and analogues,Vasopressin and analogues,http://fhir.hie.moh.gov.my/CodeSystem/allergy-environment-my-core,CodeSystemAllergyEnvironmentMyCore
"1,852",Verbena,Verbena,http://fhir.hie.moh.gov.my/CodeSystem/allergy-environment-my-core,CodeSystemAllergyEnvironmentMyCore
"1,853",Vernakalant,Vernakalant,http://fhir.hie.moh.gov.my/CodeSystem/allergy-environment-my-core,CodeSystemAllergyEnvironmentMyCore
"1,854",Vetiver grass,Vetiver grass,http://fhir.hie.moh.gov.my/CodeSystem/allergy-environment-my-core,CodeSystemAllergyEnvironmentMyCore
"1,855",Vidanga,Vidanga,http://fhir.hie.moh.gov.my/CodeSystem/allergy-environment-my-core,CodeSystemAllergyEnvironmentMyCore
"1,856",Viloxazine,Viloxazine,http://fhir.hie.moh.gov.my/CodeSystem/allergy-environment-my-core,CodeSystemAllergyEnvironmentMyCore
"1,857",Vinca alkaloids,Vinca alkaloids,http://fhir.hie.moh.gov.my/CodeSystem/allergy-environment-my-core,CodeSystemAllergyEnvironmentMyCore
"1,858",Vinyl polymers,Vinyl polymers,http://fhir.hie.moh.gov.my/CodeSystem/allergy-environment-my-core,CodeSystemAllergyEnvironmentMyCore
"1,859",Viomycin,Viomycin,http://fhir.hie.moh.gov.my/CodeSystem/allergy-environment-my-core,CodeSystemAllergyEnvironmentMyCore
"1,860",Viquidil,Viquidil,http://fhir.hie.moh.gov.my/CodeSystem/allergy-environment-my-core,CodeSystemAllergyEnvironmentMyCore
"1,861",Virginia strawberry,Virginia strawberry,http://fhir.hie.moh.gov.my/CodeSystem/allergy-environment-my-core,CodeSystemAllergyEnvironmentMyCore
"1,862",Vitamin D analogues,Vitamin D analogues,http://fhir.hie.moh.gov.my/CodeSystem/allergy-environment-my-core,CodeSystemAllergyEnvironmentMyCore
"1,863",Vitamin E analogues,Vitamin E analogues,http://fhir.hie.moh.gov.my/CodeSystem/allergy-environment-my-core,CodeSystemAllergyEnvironmentMyCore
"1,864",Vitamin K analogues,Vitamin K analogues,http://fhir.hie.moh.gov.my/CodeSystem/allergy-environment-my-core,CodeSystemAllergyEnvironmentMyCore
"1,865",Vitex negundo,Vitex negundo,http://fhir.hie.moh.gov.my/CodeSystem/allergy-environment-my-core,CodeSystemAllergyEnvironmentMyCore
"1,866",Vofopitant,Vofopitant,http://fhir.hie.moh.gov.my/CodeSystem/allergy-environment-my-core,CodeSystemAllergyEnvironmentMyCore
"1,867",Watercress,Watercress,http://fhir.hie.moh.gov.my/CodeSystem/allergy-environment-my-core,CodeSystemAllergyEnvironmentMyCore
"1,868",Weeping forsythia,Weeping forsythia,http://fhir.hie.moh.gov.my/CodeSystem/allergy-environment-my-core,CodeSystemAllergyEnvironmentMyCore
"1,869",Wheat and wheat substances,Wheat and wheat substances,http://fhir.hie.moh.gov.my/CodeSystem/allergy-environment-my-core,CodeSystemAllergyEnvironmentMyCore
"1,870",White cedar,White cedar,http://fhir.hie.moh.gov.my/CodeSystem/allergy-environment-my-core,CodeSystemAllergyEnvironmentMyCore
"1,871",White false hellebore,White false hellebore,http://fhir.hie.moh.gov.my/CodeSystem/allergy-environment-my-core,CodeSystemAllergyEnvironmentMyCore
"1,872",White fringetree,White fringetree,http://fhir.hie.moh.gov.my/CodeSystem/allergy-environment-my-core,CodeSystemAllergyEnvironmentMyCore
"1,873",White horehound,White horehound,http://fhir.hie.moh.gov.my/CodeSystem/allergy-environment-my-core,CodeSystemAllergyEnvironmentMyCore
"1,874",White quebracho,White quebracho,http://fhir.hie.moh.gov.my/CodeSystem/allergy-environment-my-core,CodeSystemAllergyEnvironmentMyCore
"1,875",White sandalwood,White sandalwood,http://fhir.hie.moh.gov.my/CodeSystem/allergy-environment-my-core,CodeSystemAllergyEnvironmentMyCore
"1,876",Whitesnow,Whitesnow,http://fhir.hie.moh.gov.my/CodeSystem/allergy-environment-my-core,CodeSystemAllergyEnvironmentMyCore
"1,877",Wild thyme,Wild thyme,http://fhir.hie.moh.gov.my/CodeSystem/allergy-environment-my-core,CodeSystemAllergyEnvironmentMyCore
"1,878",Winged-prickly ash,Winged-prickly ash,http://fhir.hie.moh.gov.my/CodeSystem/allergy-environment-my-core,CodeSystemAllergyEnvironmentMyCore
"1,879",Witch hazel,Witch hazel,http://fhir.hie.moh.gov.my/CodeSystem/allergy-environment-my-core,CodeSystemAllergyEnvironmentMyCore
"1,880",Wolfberry,Wolfberry,http://fhir.hie.moh.gov.my/CodeSystem/allergy-environment-my-core,CodeSystemAllergyEnvironmentMyCore
"1,881",Wood tar compounds,Wood tar compounds,http://fhir.hie.moh.gov.my/CodeSystem/allergy-environment-my-core,CodeSystemAllergyEnvironmentMyCore
"1,882",Wool products,Wool products,http://fhir.hie.moh.gov.my/CodeSystem/allergy-environment-my-core,CodeSystemAllergyEnvironmentMyCore
"1,883",Wormseed,Wormseed,http://fhir.hie.moh.gov.my/CodeSystem/allergy-environment-my-core,CodeSystemAllergyEnvironmentMyCore
"1,884",Xanthine-related compounds,Xanthine-related compounds,http://fhir.hie.moh.gov.my/CodeSystem/allergy-environment-my-core,CodeSystemAllergyEnvironmentMyCore
"1,885",Xanthium,Xanthium,http://fhir.hie.moh.gov.my/CodeSystem/allergy-environment-my-core,CodeSystemAllergyEnvironmentMyCore
"1,886",Yarrow,Yarrow,http://fhir.hie.moh.gov.my/CodeSystem/allergy-environment-my-core,CodeSystemAllergyEnvironmentMyCore
"1,887",Yeast and yeast protein,Yeast and yeast protein,http://fhir.hie.moh.gov.my/CodeSystem/allergy-environment-my-core,CodeSystemAllergyEnvironmentMyCore
"1,888",Yellow dock,Yellow dock,http://fhir.hie.moh.gov.my/CodeSystem/allergy-environment-my-core,CodeSystemAllergyEnvironmentMyCore
"1,889",Yellow fever vaccine,Yellow fever vaccine,http://fhir.hie.moh.gov.my/CodeSystem/allergy-environment-my-core,CodeSystemAllergyEnvironmentMyCore
"1,890",Yellow sweet-clover,Yellow sweet-clover,http://fhir.hie.moh.gov.my/CodeSystem/allergy-environment-my-core,CodeSystemAllergyEnvironmentMyCore
"1,891",Yellow wood sorrel,Yellow wood sorrel,http://fhir.hie.moh.gov.my/CodeSystem/allergy-environment-my-core,CodeSystemAllergyEnvironmentMyCore
"1,892",Yersinia pestis vaccine,Yersinia pestis vaccine,http://fhir.hie.moh.gov.my/CodeSystem/allergy-environment-my-core,CodeSystemAllergyEnvironmentMyCore
"1,893",Ylang ylang,Ylang ylang,http://fhir.hie.moh.gov.my/CodeSystem/allergy-environment-my-core,CodeSystemAllergyEnvironmentMyCore
"1,894",Yohimbe,Yohimbe,http://fhir.hie.moh.gov.my/CodeSystem/allergy-environment-my-core,CodeSystemAllergyEnvironmentMyCore
"1,895",Yohimbine,Yohimbine,http://fhir.hie.moh.gov.my/CodeSystem/allergy-environment-my-core,CodeSystemAllergyEnvironmentMyCore
"1,896",Yoshino cherry,Yoshino cherry,http://fhir.hie.moh.gov.my/CodeSystem/allergy-environment-my-core,CodeSystemAllergyEnvironmentMyCore
"1,897",Zanthoxylum clava-herculis,Zanthoxylum clava-herculis,http://fhir.hie.moh.gov.my/CodeSystem/allergy-environment-my-core,CodeSystemAllergyEnvironmentMyCore
"1,898",Zedoary,Zedoary,http://fhir.hie.moh.gov.my/CodeSystem/allergy-environment-my-core,CodeSystemAllergyEnvironmentMyCore
"1,899",Zhimu,Zhimu,http://fhir.hie.moh.gov.my/CodeSystem/allergy-environment-my-core,CodeSystemAllergyEnvironmentMyCore
"1,900",Ziconotide,Ziconotide,http://fhir.hie.moh.gov.my/CodeSystem/allergy-environment-my-core,CodeSystemAllergyEnvironmentMyCore
"1,901",Zinc compounds,Zinc compounds,http://fhir.hie.moh.gov.my/CodeSystem/allergy-environment-my-core,CodeSystemAllergyEnvironmentMyCore
"1,902",Zipeprol,Zipeprol,http://fhir.hie.moh.gov.my/CodeSystem/allergy-environment-my-core,CodeSystemAllergyEnvironmentMyCore
"1,903",Zirconium,Zirconium,http://fhir.hie.moh.gov.my/CodeSystem/allergy-environment-my-core,CodeSystemAllergyEnvironmentMyCore
"1,904",Zoniporid,Zoniporid,http://fhir.hie.moh.gov.my/CodeSystem/allergy-environment-my-core,CodeSystemAllergyEnvironmentMyCore
