code,display,definition,system_url,system_name
00.01,Therapeutic ultrasound of vessels of head and neck,Therapeutic ultrasound of vessels of head and neck,http://fhir.hie.moh.gov.my/CodeSystem/procedure-my-core,CodeSystemProcedureMyCore
00.02,Therapeutic ultrasound of heart,Therapeutic ultrasound of heart,http://fhir.hie.moh.gov.my/CodeSystem/procedure-my-core,CodeSystemProcedureMyCore
00.03,Therapeutic ultrasound of peripheral vascular vessels,Therapeutic ultrasound of peripheral vascular vessels,http://fhir.hie.moh.gov.my/CodeSystem/procedure-my-core,CodeSystemProcedureMyCore
00.09,Other therapeutic ultrasound,Other therapeutic ultrasound,http://fhir.hie.moh.gov.my/CodeSystem/procedure-my-core,CodeSystemProcedureMyCore
00.10,Implantation of chemotherapeutic agent,Implantation of chemotherapeutic agent,http://fhir.hie.moh.gov.my/CodeSystem/procedure-my-core,CodeSystemProcedureMyCore
00.11,Infusion of drotrecogin alfa (activated),Infusion of drotrecogin alfa (activated),http://fhir.hie.moh.gov.my/CodeSystem/procedure-my-core,CodeSystemProcedureMyCore
00.12,Administration of inhaled nitric oxide,Administration of inhaled nitric oxide,http://fhir.hie.moh.gov.my/CodeSystem/procedure-my-core,CodeSystemProcedureMyCore
00.13,Injection or infusion of nesiritide,Injection or infusion of nesiritide,http://fhir.hie.moh.gov.my/CodeSystem/procedure-my-core,CodeSystemProcedureMyCore
00.14,Injection or infusion of oxazolidinone class of antibiotics,Injection or infusion of oxazolidinone class of antibiotics,http://fhir.hie.moh.gov.my/CodeSystem/procedure-my-core,CodeSystemProcedureMyCore
00.15,High-dose infusion interleukin-2 [IL-2],High-dose infusion interleukin-2 [IL-2],http://fhir.hie.moh.gov.my/CodeSystem/procedure-my-core,CodeSystemProcedureMyCore
00.16,Pressurized treatment of venous bypass graft [conduit] with pharmaceutical substance,Pressurized treatment of venous bypass graft [conduit] with pharmaceutical substance,http://fhir.hie.moh.gov.my/CodeSystem/procedure-my-core,CodeSystemProcedureMyCore
00.17,Infusion of vasopressor agent,Infusion of vasopressor agent,http://fhir.hie.moh.gov.my/CodeSystem/procedure-my-core,CodeSystemProcedureMyCore
00.21,Intravascular imaging of extracranial cerebral vessels,Intravascular imaging of extracranial cerebral vessels,http://fhir.hie.moh.gov.my/CodeSystem/procedure-my-core,CodeSystemProcedureMyCore
00.22,Intravascular imaging of intrathoracic vessels,Intravascular imaging of intrathoracic vessels,http://fhir.hie.moh.gov.my/CodeSystem/procedure-my-core,CodeSystemProcedureMyCore
00.23,Intravascular imaging of peripheral vessels,Intravascular imaging of peripheral vessels,http://fhir.hie.moh.gov.my/CodeSystem/procedure-my-core,CodeSystemProcedureMyCore
00.24,Intravascular imaging of coronary vessels,Intravascular imaging of coronary vessels,http://fhir.hie.moh.gov.my/CodeSystem/procedure-my-core,CodeSystemProcedureMyCore
00.25,Intravascular imaging of renal vessels,Intravascular imaging of renal vessels,http://fhir.hie.moh.gov.my/CodeSystem/procedure-my-core,CodeSystemProcedureMyCore
00.28,"Intravascular imaging, other specified vessel(s)","Intravascular imaging, other specified vessel(s)",http://fhir.hie.moh.gov.my/CodeSystem/procedure-my-core,CodeSystemProcedureMyCore
00.29,"Intravascular imaging, unspecified vessel(s)","Intravascular imaging, unspecified vessel(s)",http://fhir.hie.moh.gov.my/CodeSystem/procedure-my-core,CodeSystemProcedureMyCore
00.31,Computer assisted surgery with CT/CTA,Computer assisted surgery with CT/CTA,http://fhir.hie.moh.gov.my/CodeSystem/procedure-my-core,CodeSystemProcedureMyCore
00.32,Computer assisted surgery with MR/MRA,Computer assisted surgery with MR/MRA,http://fhir.hie.moh.gov.my/CodeSystem/procedure-my-core,CodeSystemProcedureMyCore
00.33,Computer assisted surgery with fluoroscopy,Computer assisted surgery with fluoroscopy,http://fhir.hie.moh.gov.my/CodeSystem/procedure-my-core,CodeSystemProcedureMyCore
00.34,Imageless computer assisted surgery,Imageless computer assisted surgery,http://fhir.hie.moh.gov.my/CodeSystem/procedure-my-core,CodeSystemProcedureMyCore
00.35,Computer assisted surgery with multiple datasets,Computer assisted surgery with multiple datasets,http://fhir.hie.moh.gov.my/CodeSystem/procedure-my-core,CodeSystemProcedureMyCore
00.39,Other computer assisted surgery,Other computer assisted surgery,http://fhir.hie.moh.gov.my/CodeSystem/procedure-my-core,CodeSystemProcedureMyCore
00.50,"Implantation of cardiac resynchronization pacemaker without mention of defibrillation, total system [CRT-P]","Implantation of cardiac resynchronization pacemaker without mention of defibrillation, total system [CRT-P]",http://fhir.hie.moh.gov.my/CodeSystem/procedure-my-core,CodeSystemProcedureMyCore
00.51,"Implantation of cardiac resynchronization defibrillator, total system [CRT-D]","Implantation of cardiac resynchronization defibrillator, total system [CRT-D]",http://fhir.hie.moh.gov.my/CodeSystem/procedure-my-core,CodeSystemProcedureMyCore
00.52,Implantation or replacement of transvenous lead [electrode] into left ventricular coronary venous system,Implantation or replacement of transvenous lead [electrode] into left ventricular coronary venous system,http://fhir.hie.moh.gov.my/CodeSystem/procedure-my-core,CodeSystemProcedureMyCore
00.53,Implantation or replacement of cardiac resynchronization pacemaker pulse generator only [CRT-P],Implantation or replacement of cardiac resynchronization pacemaker pulse generator only [CRT-P],http://fhir.hie.moh.gov.my/CodeSystem/procedure-my-core,CodeSystemProcedureMyCore
00.54,Implantation or replacement of cardiac resynchronization defibrillator pulse generator device only [CRT-D],Implantation or replacement of cardiac resynchronization defibrillator pulse generator device only [CRT-D],http://fhir.hie.moh.gov.my/CodeSystem/procedure-my-core,CodeSystemProcedureMyCore
00.55,Insertion of drug-eluting peripheral vessel stent(s),Insertion of drug-eluting peripheral vessel stent(s),http://fhir.hie.moh.gov.my/CodeSystem/procedure-my-core,CodeSystemProcedureMyCore
00.61,Percutaneous angioplasty or atherectomy of precerebral (extracranial) vessel(s),Percutaneous angioplasty or atherectomy of precerebral (extracranial) vessel(s),http://fhir.hie.moh.gov.my/CodeSystem/procedure-my-core,CodeSystemProcedureMyCore
00.62,Percutaneous angioplasty or atherectomy of intracranial vessel(s),Percutaneous angioplasty or atherectomy of intracranial vessel(s),http://fhir.hie.moh.gov.my/CodeSystem/procedure-my-core,CodeSystemProcedureMyCore
00.63,Percutaneous insertion of carotid artery stent(s),Percutaneous insertion of carotid artery stent(s),http://fhir.hie.moh.gov.my/CodeSystem/procedure-my-core,CodeSystemProcedureMyCore
00.64,Percutaneous insertion of other precerebral (extracranial) artery stent(s),Percutaneous insertion of other precerebral (extracranial) artery stent(s),http://fhir.hie.moh.gov.my/CodeSystem/procedure-my-core,CodeSystemProcedureMyCore
00.65,Percutaneous insertion of intracranial vascular stent(s),Percutaneous insertion of intracranial vascular stent(s),http://fhir.hie.moh.gov.my/CodeSystem/procedure-my-core,CodeSystemProcedureMyCore
00.91,Transplant from live related donor,Transplant from live related donor,http://fhir.hie.moh.gov.my/CodeSystem/procedure-my-core,CodeSystemProcedureMyCore
00.92,Transplant from live non-related donor,Transplant from live non-related donor,http://fhir.hie.moh.gov.my/CodeSystem/procedure-my-core,CodeSystemProcedureMyCore
00.93,Transplant from cadaver,Transplant from cadaver,http://fhir.hie.moh.gov.my/CodeSystem/procedure-my-core,CodeSystemProcedureMyCore
01.01,Cisternal puncture,Cisternal puncture,http://fhir.hie.moh.gov.my/CodeSystem/procedure-my-core,CodeSystemProcedureMyCore
01.02,Ventriculopuncture through previously implanted catheter,Ventriculopuncture through previously implanted catheter,http://fhir.hie.moh.gov.my/CodeSystem/procedure-my-core,CodeSystemProcedureMyCore
01.09,Other cranial puncture,Other cranial puncture,http://fhir.hie.moh.gov.my/CodeSystem/procedure-my-core,CodeSystemProcedureMyCore
01.11,Closed [percutaneous] [needle] biopsy of cerebral meninges,Closed [percutaneous] [needle] biopsy of cerebral meninges,http://fhir.hie.moh.gov.my/CodeSystem/procedure-my-core,CodeSystemProcedureMyCore
01.12,Open biopsy of cerebral meninges,Open biopsy of cerebral meninges,http://fhir.hie.moh.gov.my/CodeSystem/procedure-my-core,CodeSystemProcedureMyCore
01.13,Closed [percutaneous] [needle] biopsy of brain,Closed [percutaneous] [needle] biopsy of brain,http://fhir.hie.moh.gov.my/CodeSystem/procedure-my-core,CodeSystemProcedureMyCore
01.14,Open biopsy of brain,Open biopsy of brain,http://fhir.hie.moh.gov.my/CodeSystem/procedure-my-core,CodeSystemProcedureMyCore
01.15,Biopsy of skull,Biopsy of skull,http://fhir.hie.moh.gov.my/CodeSystem/procedure-my-core,CodeSystemProcedureMyCore
01.18,Other diagnostic procedures on brain and cerebral meninges,Other diagnostic procedures on brain and cerebral meninges,http://fhir.hie.moh.gov.my/CodeSystem/procedure-my-core,CodeSystemProcedureMyCore
01.19,Other diagnostic procedures on skull,Other diagnostic procedures on skull,http://fhir.hie.moh.gov.my/CodeSystem/procedure-my-core,CodeSystemProcedureMyCore
01.21,Incision and drainage of cranial sinus,Incision and drainage of cranial sinus,http://fhir.hie.moh.gov.my/CodeSystem/procedure-my-core,CodeSystemProcedureMyCore
01.22,Removal of intracranial neurostimulator lead(s),Removal of intracranial neurostimulator lead(s),http://fhir.hie.moh.gov.my/CodeSystem/procedure-my-core,CodeSystemProcedureMyCore
01.23,Reopening of craniotomy site,Reopening of craniotomy site,http://fhir.hie.moh.gov.my/CodeSystem/procedure-my-core,CodeSystemProcedureMyCore
01.24,Other craniotomy,Other craniotomy,http://fhir.hie.moh.gov.my/CodeSystem/procedure-my-core,CodeSystemProcedureMyCore
01.25,Other craniectomy,Other craniectomy,http://fhir.hie.moh.gov.my/CodeSystem/procedure-my-core,CodeSystemProcedureMyCore
01.31,Incision of cerebral meninges,Incision of cerebral meninges,http://fhir.hie.moh.gov.my/CodeSystem/procedure-my-core,CodeSystemProcedureMyCore
01.32,Lobotomy and tractotomy,Lobotomy and tractotomy,http://fhir.hie.moh.gov.my/CodeSystem/procedure-my-core,CodeSystemProcedureMyCore
01.39,Other incision of brain,Other incision of brain,http://fhir.hie.moh.gov.my/CodeSystem/procedure-my-core,CodeSystemProcedureMyCore
01.41,Operations on thalamus,Operations on thalamus,http://fhir.hie.moh.gov.my/CodeSystem/procedure-my-core,CodeSystemProcedureMyCore
01.42,Operations on globus pallidus,Operations on globus pallidus,http://fhir.hie.moh.gov.my/CodeSystem/procedure-my-core,CodeSystemProcedureMyCore
01.51,Excision of lesion or tissue of cerebral meninges,Excision of lesion or tissue of cerebral meninges,http://fhir.hie.moh.gov.my/CodeSystem/procedure-my-core,CodeSystemProcedureMyCore
01.52,Hemispherectomy,Hemispherectomy,http://fhir.hie.moh.gov.my/CodeSystem/procedure-my-core,CodeSystemProcedureMyCore
01.53,Lobectomy of brain,Lobectomy of brain,http://fhir.hie.moh.gov.my/CodeSystem/procedure-my-core,CodeSystemProcedureMyCore
01.59,Other excision or destruction of lesion or tissue of brain,Other excision or destruction of lesion or tissue of brain,http://fhir.hie.moh.gov.my/CodeSystem/procedure-my-core,CodeSystemProcedureMyCore
01.6,Excision of lesion of skull,Excision of lesion of skull,http://fhir.hie.moh.gov.my/CodeSystem/procedure-my-core,CodeSystemProcedureMyCore
02.01,Opening of cranial suture,Opening of cranial suture,http://fhir.hie.moh.gov.my/CodeSystem/procedure-my-core,CodeSystemProcedureMyCore
02.02,Elevation of skull fracture fragments,Elevation of skull fracture fragments,http://fhir.hie.moh.gov.my/CodeSystem/procedure-my-core,CodeSystemProcedureMyCore
02.03,Formation of cranial bone flap,Formation of cranial bone flap,http://fhir.hie.moh.gov.my/CodeSystem/procedure-my-core,CodeSystemProcedureMyCore
02.04,Bone graft to skull,Bone graft to skull,http://fhir.hie.moh.gov.my/CodeSystem/procedure-my-core,CodeSystemProcedureMyCore
02.05,Insertion of skull plate,Insertion of skull plate,http://fhir.hie.moh.gov.my/CodeSystem/procedure-my-core,CodeSystemProcedureMyCore
02.06,Other cranial osteoplasty,Other cranial osteoplasty,http://fhir.hie.moh.gov.my/CodeSystem/procedure-my-core,CodeSystemProcedureMyCore
02.07,Removal of skull plate,Removal of skull plate,http://fhir.hie.moh.gov.my/CodeSystem/procedure-my-core,CodeSystemProcedureMyCore
02.11,Simple suture of dura mater of brain,Simple suture of dura mater of brain,http://fhir.hie.moh.gov.my/CodeSystem/procedure-my-core,CodeSystemProcedureMyCore
02.12,Other repair of cerebral meninges,Other repair of cerebral meninges,http://fhir.hie.moh.gov.my/CodeSystem/procedure-my-core,CodeSystemProcedureMyCore
02.13,Ligation of meningeal vessel,Ligation of meningeal vessel,http://fhir.hie.moh.gov.my/CodeSystem/procedure-my-core,CodeSystemProcedureMyCore
02.14,Choroid plexectomy,Choroid plexectomy,http://fhir.hie.moh.gov.my/CodeSystem/procedure-my-core,CodeSystemProcedureMyCore
02.2,Ventriculostomy,Ventriculostomy,http://fhir.hie.moh.gov.my/CodeSystem/procedure-my-core,CodeSystemProcedureMyCore
02.31,Ventricular shunt to structure in head and neck,Ventricular shunt to structure in head and neck,http://fhir.hie.moh.gov.my/CodeSystem/procedure-my-core,CodeSystemProcedureMyCore
02.32,Ventricular shunt to circulatory system,Ventricular shunt to circulatory system,http://fhir.hie.moh.gov.my/CodeSystem/procedure-my-core,CodeSystemProcedureMyCore
02.33,Ventricular shunt to thoracic cavity,Ventricular shunt to thoracic cavity,http://fhir.hie.moh.gov.my/CodeSystem/procedure-my-core,CodeSystemProcedureMyCore
02.34,Ventricular shunt to abdominal cavity and organs,Ventricular shunt to abdominal cavity and organs,http://fhir.hie.moh.gov.my/CodeSystem/procedure-my-core,CodeSystemProcedureMyCore
02.35,Ventricular shunt to urinary system,Ventricular shunt to urinary system,http://fhir.hie.moh.gov.my/CodeSystem/procedure-my-core,CodeSystemProcedureMyCore
02.39,Other operations to establish drainage of ventricle,Other operations to establish drainage of ventricle,http://fhir.hie.moh.gov.my/CodeSystem/procedure-my-core,CodeSystemProcedureMyCore
02.41,Irrigation and exploration of ventricular shunt,Irrigation and exploration of ventricular shunt,http://fhir.hie.moh.gov.my/CodeSystem/procedure-my-core,CodeSystemProcedureMyCore
02.42,Replacement of ventricular shunt,Replacement of ventricular shunt,http://fhir.hie.moh.gov.my/CodeSystem/procedure-my-core,CodeSystemProcedureMyCore
02.43,Removal of ventricular shunt,Removal of ventricular shunt,http://fhir.hie.moh.gov.my/CodeSystem/procedure-my-core,CodeSystemProcedureMyCore
02.91,Lysis of cortical adhesions,Lysis of cortical adhesions,http://fhir.hie.moh.gov.my/CodeSystem/procedure-my-core,CodeSystemProcedureMyCore
02.92,Repair of brain,Repair of brain,http://fhir.hie.moh.gov.my/CodeSystem/procedure-my-core,CodeSystemProcedureMyCore
02.93,Implantation or replacement of intracranial neurostimulator lead(s),Implantation or replacement of intracranial neurostimulator lead(s),http://fhir.hie.moh.gov.my/CodeSystem/procedure-my-core,CodeSystemProcedureMyCore
02.94,Insertion or replacement of skull tongs or halo traction device,Insertion or replacement of skull tongs or halo traction device,http://fhir.hie.moh.gov.my/CodeSystem/procedure-my-core,CodeSystemProcedureMyCore
02.95,Removal of skull tongs or halo traction device,Removal of skull tongs or halo traction device,http://fhir.hie.moh.gov.my/CodeSystem/procedure-my-core,CodeSystemProcedureMyCore
02.96,Insertion of sphenoidal electrodes,Insertion of sphenoidal electrodes,http://fhir.hie.moh.gov.my/CodeSystem/procedure-my-core,CodeSystemProcedureMyCore
02.99,"Other operations on skull, brain, and cerebral meninges","Other operations on skull, brain, and cerebral meninges",http://fhir.hie.moh.gov.my/CodeSystem/procedure-my-core,CodeSystemProcedureMyCore
03.01,Removal of foreign body from spinal canal,Removal of foreign body from spinal canal,http://fhir.hie.moh.gov.my/CodeSystem/procedure-my-core,CodeSystemProcedureMyCore
03.02,Reopening of laminectomy site,Reopening of laminectomy site,http://fhir.hie.moh.gov.my/CodeSystem/procedure-my-core,CodeSystemProcedureMyCore
03.09,Other exploration and decompression of spinal canal,Other exploration and decompression of spinal canal,http://fhir.hie.moh.gov.my/CodeSystem/procedure-my-core,CodeSystemProcedureMyCore
03.1,Division of intraspinal nerve root,Division of intraspinal nerve root,http://fhir.hie.moh.gov.my/CodeSystem/procedure-my-core,CodeSystemProcedureMyCore
03.21,Percutaneous chordotomy,Percutaneous chordotomy,http://fhir.hie.moh.gov.my/CodeSystem/procedure-my-core,CodeSystemProcedureMyCore
03.29,Other chordotomy,Other chordotomy,http://fhir.hie.moh.gov.my/CodeSystem/procedure-my-core,CodeSystemProcedureMyCore
03.31,Spinal tap,Spinal tap,http://fhir.hie.moh.gov.my/CodeSystem/procedure-my-core,CodeSystemProcedureMyCore
03.32,Biopsy of spinal cord or spinal meninges,Biopsy of spinal cord or spinal meninges,http://fhir.hie.moh.gov.my/CodeSystem/procedure-my-core,CodeSystemProcedureMyCore
03.39,Other diagnostic procedures on spinal cord and spinal canal structures,Other diagnostic procedures on spinal cord and spinal canal structures,http://fhir.hie.moh.gov.my/CodeSystem/procedure-my-core,CodeSystemProcedureMyCore
03.4,Excision or destruction of lesion of spinal cord or spinal meninges,Excision or destruction of lesion of spinal cord or spinal meninges,http://fhir.hie.moh.gov.my/CodeSystem/procedure-my-core,CodeSystemProcedureMyCore
03.51,Repair of spinal meningocele,Repair of spinal meningocele,http://fhir.hie.moh.gov.my/CodeSystem/procedure-my-core,CodeSystemProcedureMyCore
03.52,Repair of spinal myelomeningocele,Repair of spinal myelomeningocele,http://fhir.hie.moh.gov.my/CodeSystem/procedure-my-core,CodeSystemProcedureMyCore
03.53,Repair of vertebral fracture,Repair of vertebral fracture,http://fhir.hie.moh.gov.my/CodeSystem/procedure-my-core,CodeSystemProcedureMyCore
03.59,Other repair and plastic operations on spinal cord structures,Other repair and plastic operations on spinal cord structures,http://fhir.hie.moh.gov.my/CodeSystem/procedure-my-core,CodeSystemProcedureMyCore
03.6,Lysis of adhesions of spinal cord and nerve roots,Lysis of adhesions of spinal cord and nerve roots,http://fhir.hie.moh.gov.my/CodeSystem/procedure-my-core,CodeSystemProcedureMyCore
03.71,Spinal subarachnoid-peritoneal shunt,Spinal subarachnoid-peritoneal shunt,http://fhir.hie.moh.gov.my/CodeSystem/procedure-my-core,CodeSystemProcedureMyCore
03.72,Spinal subarachnoid-ureteral shunt,Spinal subarachnoid-ureteral shunt,http://fhir.hie.moh.gov.my/CodeSystem/procedure-my-core,CodeSystemProcedureMyCore
03.79,Other shunt of spinal theca,Other shunt of spinal theca,http://fhir.hie.moh.gov.my/CodeSystem/procedure-my-core,CodeSystemProcedureMyCore
03.8,Injection of destructive agent into spinal canal,Injection of destructive agent into spinal canal,http://fhir.hie.moh.gov.my/CodeSystem/procedure-my-core,CodeSystemProcedureMyCore
03.90,Insertion of catheter into spinal canal for infusion of therapeutic or palliative substances,Insertion of catheter into spinal canal for infusion of therapeutic or palliative substances,http://fhir.hie.moh.gov.my/CodeSystem/procedure-my-core,CodeSystemProcedureMyCore
03.91,Injection of anesthetic into spinal canal for analgesia,Injection of anesthetic into spinal canal for analgesia,http://fhir.hie.moh.gov.my/CodeSystem/procedure-my-core,CodeSystemProcedureMyCore
03.92,Injection of other agent into spinal canal,Injection of other agent into spinal canal,http://fhir.hie.moh.gov.my/CodeSystem/procedure-my-core,CodeSystemProcedureMyCore
03.93,Implantation or replacement of spinal neurostimulator lead(s),Implantation or replacement of spinal neurostimulator lead(s),http://fhir.hie.moh.gov.my/CodeSystem/procedure-my-core,CodeSystemProcedureMyCore
03.94,Removal of spinal neurostimulator lead(s),Removal of spinal neurostimulator lead(s),http://fhir.hie.moh.gov.my/CodeSystem/procedure-my-core,CodeSystemProcedureMyCore
03.95,Spinal blood patch,Spinal blood patch,http://fhir.hie.moh.gov.my/CodeSystem/procedure-my-core,CodeSystemProcedureMyCore
03.96,Percutaneous denervation of facet,Percutaneous denervation of facet,http://fhir.hie.moh.gov.my/CodeSystem/procedure-my-core,CodeSystemProcedureMyCore
03.97,Revision of spinal thecal shunt,Revision of spinal thecal shunt,http://fhir.hie.moh.gov.my/CodeSystem/procedure-my-core,CodeSystemProcedureMyCore
03.98,Removal of spinal thecal shunt,Removal of spinal thecal shunt,http://fhir.hie.moh.gov.my/CodeSystem/procedure-my-core,CodeSystemProcedureMyCore
03.99,Other operations on spinal cord and spinal canal structures,Other operations on spinal cord and spinal canal structures,http://fhir.hie.moh.gov.my/CodeSystem/procedure-my-core,CodeSystemProcedureMyCore
04.01,Excision of acoustic neuroma,Excision of acoustic neuroma,http://fhir.hie.moh.gov.my/CodeSystem/procedure-my-core,CodeSystemProcedureMyCore
04.02,Division of trigeminal nerve,Division of trigeminal nerve,http://fhir.hie.moh.gov.my/CodeSystem/procedure-my-core,CodeSystemProcedureMyCore
04.03,Division or crushing of other cranial and peripheral nerves,Division or crushing of other cranial and peripheral nerves,http://fhir.hie.moh.gov.my/CodeSystem/procedure-my-core,CodeSystemProcedureMyCore
04.04,Other incision of cranial and peripheral nerves,Other incision of cranial and peripheral nerves,http://fhir.hie.moh.gov.my/CodeSystem/procedure-my-core,CodeSystemProcedureMyCore
04.05,Gasserian ganglionectomy,Gasserian ganglionectomy,http://fhir.hie.moh.gov.my/CodeSystem/procedure-my-core,CodeSystemProcedureMyCore
04.06,Other cranial or peripheral ganglionectomy,Other cranial or peripheral ganglionectomy,http://fhir.hie.moh.gov.my/CodeSystem/procedure-my-core,CodeSystemProcedureMyCore
04.07,Other excision or avulsion of cranial and peripheral nerves,Other excision or avulsion of cranial and peripheral nerves,http://fhir.hie.moh.gov.my/CodeSystem/procedure-my-core,CodeSystemProcedureMyCore
04.11,Closed [percutaneous] [needle] biopsy of cranial or peripheral nerve or ganglion,Closed [percutaneous] [needle] biopsy of cranial or peripheral nerve or ganglion,http://fhir.hie.moh.gov.my/CodeSystem/procedure-my-core,CodeSystemProcedureMyCore
04.12,Open biopsy of cranial or peripheral nerve or ganglion,Open biopsy of cranial or peripheral nerve or ganglion,http://fhir.hie.moh.gov.my/CodeSystem/procedure-my-core,CodeSystemProcedureMyCore
04.19,Other diagnostic procedures on cranial and peripheral nerves and ganglia,Other diagnostic procedures on cranial and peripheral nerves and ganglia,http://fhir.hie.moh.gov.my/CodeSystem/procedure-my-core,CodeSystemProcedureMyCore
04.2,Destruction of cranial and peripheral nerves,Destruction of cranial and peripheral nerves,http://fhir.hie.moh.gov.my/CodeSystem/procedure-my-core,CodeSystemProcedureMyCore
04.3,Suture of cranial and peripheral nerves,Suture of cranial and peripheral nerves,http://fhir.hie.moh.gov.my/CodeSystem/procedure-my-core,CodeSystemProcedureMyCore
04.41,Decompression of trigeminal nerve root,Decompression of trigeminal nerve root,http://fhir.hie.moh.gov.my/CodeSystem/procedure-my-core,CodeSystemProcedureMyCore
04.42,Other cranial nerve decompression,Other cranial nerve decompression,http://fhir.hie.moh.gov.my/CodeSystem/procedure-my-core,CodeSystemProcedureMyCore
04.43,Release of carpal tunnel,Release of carpal tunnel,http://fhir.hie.moh.gov.my/CodeSystem/procedure-my-core,CodeSystemProcedureMyCore
04.44,Release of tarsal tunnel,Release of tarsal tunnel,http://fhir.hie.moh.gov.my/CodeSystem/procedure-my-core,CodeSystemProcedureMyCore
04.49,Other peripheral nerve or ganglion decompression or lysis of adhesions,Other peripheral nerve or ganglion decompression or lysis of adhesions,http://fhir.hie.moh.gov.my/CodeSystem/procedure-my-core,CodeSystemProcedureMyCore
04.5,Cranial or peripheral nerve graft,Cranial or peripheral nerve graft,http://fhir.hie.moh.gov.my/CodeSystem/procedure-my-core,CodeSystemProcedureMyCore
04.6,Transposition of cranial and peripheral nerves,Transposition of cranial and peripheral nerves,http://fhir.hie.moh.gov.my/CodeSystem/procedure-my-core,CodeSystemProcedureMyCore
04.71,Hypoglossal-facial anastomosis,Hypoglossal-facial anastomosis,http://fhir.hie.moh.gov.my/CodeSystem/procedure-my-core,CodeSystemProcedureMyCore
04.72,Accessory-facial anastomosis,Accessory-facial anastomosis,http://fhir.hie.moh.gov.my/CodeSystem/procedure-my-core,CodeSystemProcedureMyCore
04.73,Accessory-hypoglossal anastomosis,Accessory-hypoglossal anastomosis,http://fhir.hie.moh.gov.my/CodeSystem/procedure-my-core,CodeSystemProcedureMyCore
04.74,Other anastomosis of cranial or peripheral nerve,Other anastomosis of cranial or peripheral nerve,http://fhir.hie.moh.gov.my/CodeSystem/procedure-my-core,CodeSystemProcedureMyCore
04.75,Revision of previous repair of cranial and peripheral nerves,Revision of previous repair of cranial and peripheral nerves,http://fhir.hie.moh.gov.my/CodeSystem/procedure-my-core,CodeSystemProcedureMyCore
04.76,Repair of old traumatic injury of cranial and peripheral nerves,Repair of old traumatic injury of cranial and peripheral nerves,http://fhir.hie.moh.gov.my/CodeSystem/procedure-my-core,CodeSystemProcedureMyCore
04.79,Other neuroplasty,Other neuroplasty,http://fhir.hie.moh.gov.my/CodeSystem/procedure-my-core,CodeSystemProcedureMyCore
04.80,"Peripheral nerve injection, not otherwise specified","Peripheral nerve injection, not otherwise specified",http://fhir.hie.moh.gov.my/CodeSystem/procedure-my-core,CodeSystemProcedureMyCore
04.81,Injection of anesthetic into peripheral nerve for analgesia,Injection of anesthetic into peripheral nerve for analgesia,http://fhir.hie.moh.gov.my/CodeSystem/procedure-my-core,CodeSystemProcedureMyCore
04.89,"Injection of other agent, except neurolytic","Injection of other agent, except neurolytic",http://fhir.hie.moh.gov.my/CodeSystem/procedure-my-core,CodeSystemProcedureMyCore
04.91,Neurectasis,Neurectasis,http://fhir.hie.moh.gov.my/CodeSystem/procedure-my-core,CodeSystemProcedureMyCore
04.92,Implantation or replacement of peripheral neurostimulator lead(s),Implantation or replacement of peripheral neurostimulator lead(s),http://fhir.hie.moh.gov.my/CodeSystem/procedure-my-core,CodeSystemProcedureMyCore
04.93,Removal of peripheral neurostimulator lead(s),Removal of peripheral neurostimulator lead(s),http://fhir.hie.moh.gov.my/CodeSystem/procedure-my-core,CodeSystemProcedureMyCore
04.99,Other operations on cranial and peripheral nerves,Other operations on cranial and peripheral nerves,http://fhir.hie.moh.gov.my/CodeSystem/procedure-my-core,CodeSystemProcedureMyCore
05.0,Division of sympathetic nerve or ganglion,Division of sympathetic nerve or ganglion,http://fhir.hie.moh.gov.my/CodeSystem/procedure-my-core,CodeSystemProcedureMyCore
05.11,Biopsy of sympathetic nerve or ganglion,Biopsy of sympathetic nerve or ganglion,http://fhir.hie.moh.gov.my/CodeSystem/procedure-my-core,CodeSystemProcedureMyCore
05.19,Other diagnostic procedures on sympathetic nerves or ganglia,Other diagnostic procedures on sympathetic nerves or ganglia,http://fhir.hie.moh.gov.my/CodeSystem/procedure-my-core,CodeSystemProcedureMyCore
05.21,Sphenopalatine ganglionectomy,Sphenopalatine ganglionectomy,http://fhir.hie.moh.gov.my/CodeSystem/procedure-my-core,CodeSystemProcedureMyCore
05.22,Cervical sympathectomy,Cervical sympathectomy,http://fhir.hie.moh.gov.my/CodeSystem/procedure-my-core,CodeSystemProcedureMyCore
05.23,Lumbar sympathectomy,Lumbar sympathectomy,http://fhir.hie.moh.gov.my/CodeSystem/procedure-my-core,CodeSystemProcedureMyCore
05.24,Presacral sympathectomy,Presacral sympathectomy,http://fhir.hie.moh.gov.my/CodeSystem/procedure-my-core,CodeSystemProcedureMyCore
05.25,Periarterial sympathectomy,Periarterial sympathectomy,http://fhir.hie.moh.gov.my/CodeSystem/procedure-my-core,CodeSystemProcedureMyCore
05.29,Other sympathectomy and ganglionectomy,Other sympathectomy and ganglionectomy,http://fhir.hie.moh.gov.my/CodeSystem/procedure-my-core,CodeSystemProcedureMyCore
05.31,Injection of anesthetic into sympathetic nerve for analgesia,Injection of anesthetic into sympathetic nerve for analgesia,http://fhir.hie.moh.gov.my/CodeSystem/procedure-my-core,CodeSystemProcedureMyCore
05.32,Injection of neurolytic agent into sympathetic nerve,Injection of neurolytic agent into sympathetic nerve,http://fhir.hie.moh.gov.my/CodeSystem/procedure-my-core,CodeSystemProcedureMyCore
05.39,Other injection into sympathetic nerve or ganglion,Other injection into sympathetic nerve or ganglion,http://fhir.hie.moh.gov.my/CodeSystem/procedure-my-core,CodeSystemProcedureMyCore
05.81,Repair of sympathetic nerve or ganglion,Repair of sympathetic nerve or ganglion,http://fhir.hie.moh.gov.my/CodeSystem/procedure-my-core,CodeSystemProcedureMyCore
05.89,Other operations on sympathetic nerves or ganglia,Other operations on sympathetic nerves or ganglia,http://fhir.hie.moh.gov.my/CodeSystem/procedure-my-core,CodeSystemProcedureMyCore
05.9,Other operations on nervous system,Other operations on nervous system,http://fhir.hie.moh.gov.my/CodeSystem/procedure-my-core,CodeSystemProcedureMyCore
06.01,Aspiration of thyroid field,Aspiration of thyroid field,http://fhir.hie.moh.gov.my/CodeSystem/procedure-my-core,CodeSystemProcedureMyCore
06.02,Reopening of wound of thyroid field,Reopening of wound of thyroid field,http://fhir.hie.moh.gov.my/CodeSystem/procedure-my-core,CodeSystemProcedureMyCore
06.09,Other incision of thyroid field,Other incision of thyroid field,http://fhir.hie.moh.gov.my/CodeSystem/procedure-my-core,CodeSystemProcedureMyCore
06.11,Closed [percutaneous] [needle] biopsy of thyroid gland,Closed [percutaneous] [needle] biopsy of thyroid gland,http://fhir.hie.moh.gov.my/CodeSystem/procedure-my-core,CodeSystemProcedureMyCore
06.12,Open biopsy of thyroid gland,Open biopsy of thyroid gland,http://fhir.hie.moh.gov.my/CodeSystem/procedure-my-core,CodeSystemProcedureMyCore
06.13,Biopsy of parathyroid gland,Biopsy of parathyroid gland,http://fhir.hie.moh.gov.my/CodeSystem/procedure-my-core,CodeSystemProcedureMyCore
06.19,Other diagnostic procedures on thyroid and parathyroid glands,Other diagnostic procedures on thyroid and parathyroid glands,http://fhir.hie.moh.gov.my/CodeSystem/procedure-my-core,CodeSystemProcedureMyCore
06.2,Unilateral thyroid lobectomy,Unilateral thyroid lobectomy,http://fhir.hie.moh.gov.my/CodeSystem/procedure-my-core,CodeSystemProcedureMyCore
06.31,Excision of lesion of thyroid,Excision of lesion of thyroid,http://fhir.hie.moh.gov.my/CodeSystem/procedure-my-core,CodeSystemProcedureMyCore
06.39,Other partial thyroidectomy,Other partial thyroidectomy,http://fhir.hie.moh.gov.my/CodeSystem/procedure-my-core,CodeSystemProcedureMyCore
06.4,Complete thyroidectomy,Complete thyroidectomy,http://fhir.hie.moh.gov.my/CodeSystem/procedure-my-core,CodeSystemProcedureMyCore
06.50,"Substernal thyroidectomy, not otherwise specified","Substernal thyroidectomy, not otherwise specified",http://fhir.hie.moh.gov.my/CodeSystem/procedure-my-core,CodeSystemProcedureMyCore
06.51,Partial substernal thyroidectomy,Partial substernal thyroidectomy,http://fhir.hie.moh.gov.my/CodeSystem/procedure-my-core,CodeSystemProcedureMyCore
06.52,Complete substernal thyroidectomy,Complete substernal thyroidectomy,http://fhir.hie.moh.gov.my/CodeSystem/procedure-my-core,CodeSystemProcedureMyCore
06.6,Excision of lingual thyroid,Excision of lingual thyroid,http://fhir.hie.moh.gov.my/CodeSystem/procedure-my-core,CodeSystemProcedureMyCore
06.7,Excision of thyroglossal duct or tract,Excision of thyroglossal duct or tract,http://fhir.hie.moh.gov.my/CodeSystem/procedure-my-core,CodeSystemProcedureMyCore
06.81,Complete parathyroidectomy,Complete parathyroidectomy,http://fhir.hie.moh.gov.my/CodeSystem/procedure-my-core,CodeSystemProcedureMyCore
06.89,Other parathyroidectomy,Other parathyroidectomy,http://fhir.hie.moh.gov.my/CodeSystem/procedure-my-core,CodeSystemProcedureMyCore
06.91,Division of thyroid isthmus,Division of thyroid isthmus,http://fhir.hie.moh.gov.my/CodeSystem/procedure-my-core,CodeSystemProcedureMyCore
06.92,Ligation of thyroid vessels,Ligation of thyroid vessels,http://fhir.hie.moh.gov.my/CodeSystem/procedure-my-core,CodeSystemProcedureMyCore
06.93,Suture of thyroid gland,Suture of thyroid gland,http://fhir.hie.moh.gov.my/CodeSystem/procedure-my-core,CodeSystemProcedureMyCore
06.94,Thyroid tissue reimplantation,Thyroid tissue reimplantation,http://fhir.hie.moh.gov.my/CodeSystem/procedure-my-core,CodeSystemProcedureMyCore
06.95,Parathyroid tissue reimplantation,Parathyroid tissue reimplantation,http://fhir.hie.moh.gov.my/CodeSystem/procedure-my-core,CodeSystemProcedureMyCore
06.98,Other operations on thyroid glands,Other operations on thyroid glands,http://fhir.hie.moh.gov.my/CodeSystem/procedure-my-core,CodeSystemProcedureMyCore
06.99,Other operations on parathyroid glands,Other operations on parathyroid glands,http://fhir.hie.moh.gov.my/CodeSystem/procedure-my-core,CodeSystemProcedureMyCore
07.00,"Exploration of adrenal field, not otherwise specified","Exploration of adrenal field, not otherwise specified",http://fhir.hie.moh.gov.my/CodeSystem/procedure-my-core,CodeSystemProcedureMyCore
07.01,Unilateral exploration of adrenal field,Unilateral exploration of adrenal field,http://fhir.hie.moh.gov.my/CodeSystem/procedure-my-core,CodeSystemProcedureMyCore
07.02,Bilateral exploration of adrenal field,Bilateral exploration of adrenal field,http://fhir.hie.moh.gov.my/CodeSystem/procedure-my-core,CodeSystemProcedureMyCore
07.11,Closed [percutaneous] [needle] biopsy of adrenal gland,Closed [percutaneous] [needle] biopsy of adrenal gland,http://fhir.hie.moh.gov.my/CodeSystem/procedure-my-core,CodeSystemProcedureMyCore
07.12,Open biopsy of adrenal gland,Open biopsy of adrenal gland,http://fhir.hie.moh.gov.my/CodeSystem/procedure-my-core,CodeSystemProcedureMyCore
07.13,"Biopsy of pituitary gland, transfrontal approach","Biopsy of pituitary gland, transfrontal approach",http://fhir.hie.moh.gov.my/CodeSystem/procedure-my-core,CodeSystemProcedureMyCore
07.14,"Biopsy of pituitary gland, transsphenoidal approach","Biopsy of pituitary gland, transsphenoidal approach",http://fhir.hie.moh.gov.my/CodeSystem/procedure-my-core,CodeSystemProcedureMyCore
07.15,"Biopsy of pituitary gland, unspecified approach","Biopsy of pituitary gland, unspecified approach",http://fhir.hie.moh.gov.my/CodeSystem/procedure-my-core,CodeSystemProcedureMyCore
07.16,Biopsy of thymus,Biopsy of thymus,http://fhir.hie.moh.gov.my/CodeSystem/procedure-my-core,CodeSystemProcedureMyCore
07.17,Biopsy of pineal gland,Biopsy of pineal gland,http://fhir.hie.moh.gov.my/CodeSystem/procedure-my-core,CodeSystemProcedureMyCore
07.19,"Other diagnostic procedures on adrenal glands, pituitary gland, pineal gland, and thymus","Other diagnostic procedures on adrenal glands, pituitary gland, pineal gland, and thymus",http://fhir.hie.moh.gov.my/CodeSystem/procedure-my-core,CodeSystemProcedureMyCore
07.21,Excision of lesion of adrenal gland,Excision of lesion of adrenal gland,http://fhir.hie.moh.gov.my/CodeSystem/procedure-my-core,CodeSystemProcedureMyCore
07.22,Unilateral adrenalectomy,Unilateral adrenalectomy,http://fhir.hie.moh.gov.my/CodeSystem/procedure-my-core,CodeSystemProcedureMyCore
07.29,Other partial adrenalectomy,Other partial adrenalectomy,http://fhir.hie.moh.gov.my/CodeSystem/procedure-my-core,CodeSystemProcedureMyCore
07.3,Bilateral adrenalectomy,Bilateral adrenalectomy,http://fhir.hie.moh.gov.my/CodeSystem/procedure-my-core,CodeSystemProcedureMyCore
07.41,Incision of adrenal gland,Incision of adrenal gland,http://fhir.hie.moh.gov.my/CodeSystem/procedure-my-core,CodeSystemProcedureMyCore
07.42,Division of nerves to adrenal glands,Division of nerves to adrenal glands,http://fhir.hie.moh.gov.my/CodeSystem/procedure-my-core,CodeSystemProcedureMyCore
07.43,Ligation of adrenal vessels,Ligation of adrenal vessels,http://fhir.hie.moh.gov.my/CodeSystem/procedure-my-core,CodeSystemProcedureMyCore
07.44,Repair of adrenal gland,Repair of adrenal gland,http://fhir.hie.moh.gov.my/CodeSystem/procedure-my-core,CodeSystemProcedureMyCore
07.45,Reimplantation of adrenal tissue,Reimplantation of adrenal tissue,http://fhir.hie.moh.gov.my/CodeSystem/procedure-my-core,CodeSystemProcedureMyCore
07.49,"Other operations on adrenal glands, nerves, and vessels","Other operations on adrenal glands, nerves, and vessels",http://fhir.hie.moh.gov.my/CodeSystem/procedure-my-core,CodeSystemProcedureMyCore
07.51,Exploration of pineal field,Exploration of pineal field,http://fhir.hie.moh.gov.my/CodeSystem/procedure-my-core,CodeSystemProcedureMyCore
07.52,Incision of pineal gland,Incision of pineal gland,http://fhir.hie.moh.gov.my/CodeSystem/procedure-my-core,CodeSystemProcedureMyCore
07.53,Partial excision of pineal gland,Partial excision of pineal gland,http://fhir.hie.moh.gov.my/CodeSystem/procedure-my-core,CodeSystemProcedureMyCore
07.54,Total excision of pineal gland,Total excision of pineal gland,http://fhir.hie.moh.gov.my/CodeSystem/procedure-my-core,CodeSystemProcedureMyCore
07.59,Other operations on pineal gland,Other operations on pineal gland,http://fhir.hie.moh.gov.my/CodeSystem/procedure-my-core,CodeSystemProcedureMyCore
07.61,"Partial excision of pituitary gland, transfrontal approach","Partial excision of pituitary gland, transfrontal approach",http://fhir.hie.moh.gov.my/CodeSystem/procedure-my-core,CodeSystemProcedureMyCore
07.62,"Partial excision of pituitary gland, transsphenoidal approach","Partial excision of pituitary gland, transsphenoidal approach",http://fhir.hie.moh.gov.my/CodeSystem/procedure-my-core,CodeSystemProcedureMyCore
07.63,"Partial excision of pituitary gland, unspecified approach","Partial excision of pituitary gland, unspecified approach",http://fhir.hie.moh.gov.my/CodeSystem/procedure-my-core,CodeSystemProcedureMyCore
07.64,"Total excision of pituitary gland, transfrontal approach","Total excision of pituitary gland, transfrontal approach",http://fhir.hie.moh.gov.my/CodeSystem/procedure-my-core,CodeSystemProcedureMyCore
07.65,"Total excision of pituitary gland, transsphenoidal approach","Total excision of pituitary gland, transsphenoidal approach",http://fhir.hie.moh.gov.my/CodeSystem/procedure-my-core,CodeSystemProcedureMyCore
07.68,"Total excision of pituitary gland, other specified approach","Total excision of pituitary gland, other specified approach",http://fhir.hie.moh.gov.my/CodeSystem/procedure-my-core,CodeSystemProcedureMyCore
07.69,"Total excision of pituitary gland, unspecified approach","Total excision of pituitary gland, unspecified approach",http://fhir.hie.moh.gov.my/CodeSystem/procedure-my-core,CodeSystemProcedureMyCore
07.71,Exploration of pituitary fossa,Exploration of pituitary fossa,http://fhir.hie.moh.gov.my/CodeSystem/procedure-my-core,CodeSystemProcedureMyCore
07.72,Incision of pituitary gland,Incision of pituitary gland,http://fhir.hie.moh.gov.my/CodeSystem/procedure-my-core,CodeSystemProcedureMyCore
07.79,Other operations on hypophysis,Other operations on hypophysis,http://fhir.hie.moh.gov.my/CodeSystem/procedure-my-core,CodeSystemProcedureMyCore
07.80,"Thymectomy, not otherwise specified","Thymectomy, not otherwise specified",http://fhir.hie.moh.gov.my/CodeSystem/procedure-my-core,CodeSystemProcedureMyCore
07.81,Partial excision of thymus,Partial excision of thymus,http://fhir.hie.moh.gov.my/CodeSystem/procedure-my-core,CodeSystemProcedureMyCore
07.82,Total excision of thymus,Total excision of thymus,http://fhir.hie.moh.gov.my/CodeSystem/procedure-my-core,CodeSystemProcedureMyCore
07.91,Exploration of thymus field,Exploration of thymus field,http://fhir.hie.moh.gov.my/CodeSystem/procedure-my-core,CodeSystemProcedureMyCore
07.92,Incision of thymus,Incision of thymus,http://fhir.hie.moh.gov.my/CodeSystem/procedure-my-core,CodeSystemProcedureMyCore
07.93,Repair of thymus,Repair of thymus,http://fhir.hie.moh.gov.my/CodeSystem/procedure-my-core,CodeSystemProcedureMyCore
07.94,Transplantation of thymus,Transplantation of thymus,http://fhir.hie.moh.gov.my/CodeSystem/procedure-my-core,CodeSystemProcedureMyCore
07.99,Other operations on thymus,Other operations on thymus,http://fhir.hie.moh.gov.my/CodeSystem/procedure-my-core,CodeSystemProcedureMyCore
08.01,Incision of lid margin,Incision of lid margin,http://fhir.hie.moh.gov.my/CodeSystem/procedure-my-core,CodeSystemProcedureMyCore
08.02,Severing of blepharorrhaphy,Severing of blepharorrhaphy,http://fhir.hie.moh.gov.my/CodeSystem/procedure-my-core,CodeSystemProcedureMyCore
08.09,Other incision of eyelid,Other incision of eyelid,http://fhir.hie.moh.gov.my/CodeSystem/procedure-my-core,CodeSystemProcedureMyCore
08.11,Biopsy of eyelid,Biopsy of eyelid,http://fhir.hie.moh.gov.my/CodeSystem/procedure-my-core,CodeSystemProcedureMyCore
08.19,Other diagnostic procedures on eyelid,Other diagnostic procedures on eyelid,http://fhir.hie.moh.gov.my/CodeSystem/procedure-my-core,CodeSystemProcedureMyCore
08.20,"Removal of lesion of eyelid, not otherwise specified","Removal of lesion of eyelid, not otherwise specified",http://fhir.hie.moh.gov.my/CodeSystem/procedure-my-core,CodeSystemProcedureMyCore
08.21,Excision of chalazion,Excision of chalazion,http://fhir.hie.moh.gov.my/CodeSystem/procedure-my-core,CodeSystemProcedureMyCore
08.22,Excision of other minor lesion of eyelid,Excision of other minor lesion of eyelid,http://fhir.hie.moh.gov.my/CodeSystem/procedure-my-core,CodeSystemProcedureMyCore
08.23,"Excision of major lesion of eyelid, partial-thickness","Excision of major lesion of eyelid, partial-thickness",http://fhir.hie.moh.gov.my/CodeSystem/procedure-my-core,CodeSystemProcedureMyCore
08.24,"Excision of major lesion of eyelid, full-thickness","Excision of major lesion of eyelid, full-thickness",http://fhir.hie.moh.gov.my/CodeSystem/procedure-my-core,CodeSystemProcedureMyCore
08.25,Destruction of lesion of eyelid,Destruction of lesion of eyelid,http://fhir.hie.moh.gov.my/CodeSystem/procedure-my-core,CodeSystemProcedureMyCore
08.31,Repair of blepharoptosis by frontalis muscle technique with suture,Repair of blepharoptosis by frontalis muscle technique with suture,http://fhir.hie.moh.gov.my/CodeSystem/procedure-my-core,CodeSystemProcedureMyCore
08.32,Repair of blepharoptosis by frontalis muscle technique with fascial sling,Repair of blepharoptosis by frontalis muscle technique with fascial sling,http://fhir.hie.moh.gov.my/CodeSystem/procedure-my-core,CodeSystemProcedureMyCore
08.33,Repair of blepharoptosis by resection or advancement of levator muscle or aponeurosis,Repair of blepharoptosis by resection or advancement of levator muscle or aponeurosis,http://fhir.hie.moh.gov.my/CodeSystem/procedure-my-core,CodeSystemProcedureMyCore
08.34,Repair of blepharoptosis by other levator muscle techniques,Repair of blepharoptosis by other levator muscle techniques,http://fhir.hie.moh.gov.my/CodeSystem/procedure-my-core,CodeSystemProcedureMyCore
08.35,Repair of blepharoptosis by tarsal technique,Repair of blepharoptosis by tarsal technique,http://fhir.hie.moh.gov.my/CodeSystem/procedure-my-core,CodeSystemProcedureMyCore
08.36,Repair of blepharoptosis by other techniques,Repair of blepharoptosis by other techniques,http://fhir.hie.moh.gov.my/CodeSystem/procedure-my-core,CodeSystemProcedureMyCore
08.37,Reduction of overcorrection of ptosis,Reduction of overcorrection of ptosis,http://fhir.hie.moh.gov.my/CodeSystem/procedure-my-core,CodeSystemProcedureMyCore
08.38,Correction of lid retraction,Correction of lid retraction,http://fhir.hie.moh.gov.my/CodeSystem/procedure-my-core,CodeSystemProcedureMyCore
08.41,Repair of entropion or ectropion by thermocauterization,Repair of entropion or ectropion by thermocauterization,http://fhir.hie.moh.gov.my/CodeSystem/procedure-my-core,CodeSystemProcedureMyCore
08.42,Repair of entropion or ectropion by suture technique,Repair of entropion or ectropion by suture technique,http://fhir.hie.moh.gov.my/CodeSystem/procedure-my-core,CodeSystemProcedureMyCore
08.43,Repair of entropion or ectropion with wedge resection,Repair of entropion or ectropion with wedge resection,http://fhir.hie.moh.gov.my/CodeSystem/procedure-my-core,CodeSystemProcedureMyCore
08.44,Repair of entropion or ectropion with lid reconstruction,Repair of entropion or ectropion with lid reconstruction,http://fhir.hie.moh.gov.my/CodeSystem/procedure-my-core,CodeSystemProcedureMyCore
08.49,Other repair of entropion or ectropion,Other repair of entropion or ectropion,http://fhir.hie.moh.gov.my/CodeSystem/procedure-my-core,CodeSystemProcedureMyCore
08.51,Canthotomy,Canthotomy,http://fhir.hie.moh.gov.my/CodeSystem/procedure-my-core,CodeSystemProcedureMyCore
08.52,Blepharorrhaphy,Blepharorrhaphy,http://fhir.hie.moh.gov.my/CodeSystem/procedure-my-core,CodeSystemProcedureMyCore
08.59,Other adjustment of lid position,Other adjustment of lid position,http://fhir.hie.moh.gov.my/CodeSystem/procedure-my-core,CodeSystemProcedureMyCore
08.61,Reconstruction of eyelid with skin flap or graft,Reconstruction of eyelid with skin flap or graft,http://fhir.hie.moh.gov.my/CodeSystem/procedure-my-core,CodeSystemProcedureMyCore
08.62,Reconstruction of eyelid with mucous membrane flap or graft,Reconstruction of eyelid with mucous membrane flap or graft,http://fhir.hie.moh.gov.my/CodeSystem/procedure-my-core,CodeSystemProcedureMyCore
08.63,Reconstruction of eyelid with hair follicle graft,Reconstruction of eyelid with hair follicle graft,http://fhir.hie.moh.gov.my/CodeSystem/procedure-my-core,CodeSystemProcedureMyCore
08.64,Reconstruction of eyelid with tarsoconjunctival flap,Reconstruction of eyelid with tarsoconjunctival flap,http://fhir.hie.moh.gov.my/CodeSystem/procedure-my-core,CodeSystemProcedureMyCore
08.69,Other reconstruction of eyelid with flaps or grafts,Other reconstruction of eyelid with flaps or grafts,http://fhir.hie.moh.gov.my/CodeSystem/procedure-my-core,CodeSystemProcedureMyCore
08.70,"Reconstruction of eyelid, not otherwise specified","Reconstruction of eyelid, not otherwise specified",http://fhir.hie.moh.gov.my/CodeSystem/procedure-my-core,CodeSystemProcedureMyCore
08.71,"Reconstruction of eyelid involving lid margin, partial- thickness","Reconstruction of eyelid involving lid margin, partial- thickness",http://fhir.hie.moh.gov.my/CodeSystem/procedure-my-core,CodeSystemProcedureMyCore
08.72,"Other reconstruction of eyelid, partial-thickness","Other reconstruction of eyelid, partial-thickness",http://fhir.hie.moh.gov.my/CodeSystem/procedure-my-core,CodeSystemProcedureMyCore
08.73,"Reconstruction of eyelid involving lid margin, full-thickness","Reconstruction of eyelid involving lid margin, full-thickness",http://fhir.hie.moh.gov.my/CodeSystem/procedure-my-core,CodeSystemProcedureMyCore
08.74,"Other reconstruction of eyelid, full-thickness","Other reconstruction of eyelid, full-thickness",http://fhir.hie.moh.gov.my/CodeSystem/procedure-my-core,CodeSystemProcedureMyCore
08.81,Linear repair of laceration of eyelid or eyebrow,Linear repair of laceration of eyelid or eyebrow,http://fhir.hie.moh.gov.my/CodeSystem/procedure-my-core,CodeSystemProcedureMyCore
08.82,"Repair of laceration involving lid margin, partial-thickness","Repair of laceration involving lid margin, partial-thickness",http://fhir.hie.moh.gov.my/CodeSystem/procedure-my-core,CodeSystemProcedureMyCore
08.83,"Other repair of laceration of eyelid, partial-thickness","Other repair of laceration of eyelid, partial-thickness",http://fhir.hie.moh.gov.my/CodeSystem/procedure-my-core,CodeSystemProcedureMyCore
08.84,"Repair of laceration involving lid margin, full-thickness","Repair of laceration involving lid margin, full-thickness",http://fhir.hie.moh.gov.my/CodeSystem/procedure-my-core,CodeSystemProcedureMyCore
08.85,"Other repair of laceration of eyelid, full-thickness","Other repair of laceration of eyelid, full-thickness",http://fhir.hie.moh.gov.my/CodeSystem/procedure-my-core,CodeSystemProcedureMyCore
08.86,Lower eyelid rhytidectomy,Lower eyelid rhytidectomy,http://fhir.hie.moh.gov.my/CodeSystem/procedure-my-core,CodeSystemProcedureMyCore
08.87,Upper eyelid rhytidectomy,Upper eyelid rhytidectomy,http://fhir.hie.moh.gov.my/CodeSystem/procedure-my-core,CodeSystemProcedureMyCore
08.89,Other eyelid repair,Other eyelid repair,http://fhir.hie.moh.gov.my/CodeSystem/procedure-my-core,CodeSystemProcedureMyCore
08.91,Electrosurgical epilation of eyelid,Electrosurgical epilation of eyelid,http://fhir.hie.moh.gov.my/CodeSystem/procedure-my-core,CodeSystemProcedureMyCore
08.92,Cryosurgical epilation of eyelid,Cryosurgical epilation of eyelid,http://fhir.hie.moh.gov.my/CodeSystem/procedure-my-core,CodeSystemProcedureMyCore
08.93,Other epilation of eyelid,Other epilation of eyelid,http://fhir.hie.moh.gov.my/CodeSystem/procedure-my-core,CodeSystemProcedureMyCore
08.99,Other operations on eyelids,Other operations on eyelids,http://fhir.hie.moh.gov.my/CodeSystem/procedure-my-core,CodeSystemProcedureMyCore
09.0,Incision of lacrimal gland,Incision of lacrimal gland,http://fhir.hie.moh.gov.my/CodeSystem/procedure-my-core,CodeSystemProcedureMyCore
09.11,Biopsy of lacrimal gland,Biopsy of lacrimal gland,http://fhir.hie.moh.gov.my/CodeSystem/procedure-my-core,CodeSystemProcedureMyCore
09.12,Biopsy of lacrimal sac,Biopsy of lacrimal sac,http://fhir.hie.moh.gov.my/CodeSystem/procedure-my-core,CodeSystemProcedureMyCore
09.19,Other diagnostic procedures on lacrimal system,Other diagnostic procedures on lacrimal system,http://fhir.hie.moh.gov.my/CodeSystem/procedure-my-core,CodeSystemProcedureMyCore
09.20,"Excision of lacrimal gland, not otherwise specified","Excision of lacrimal gland, not otherwise specified",http://fhir.hie.moh.gov.my/CodeSystem/procedure-my-core,CodeSystemProcedureMyCore
09.21,Excision of lesion of lacrimal gland,Excision of lesion of lacrimal gland,http://fhir.hie.moh.gov.my/CodeSystem/procedure-my-core,CodeSystemProcedureMyCore
09.22,Other partial dacryoadenectomy,Other partial dacryoadenectomy,http://fhir.hie.moh.gov.my/CodeSystem/procedure-my-core,CodeSystemProcedureMyCore
09.23,Total dacryoadenectomy,Total dacryoadenectomy,http://fhir.hie.moh.gov.my/CodeSystem/procedure-my-core,CodeSystemProcedureMyCore
09.3,Other operations on lacrimal gland,Other operations on lacrimal gland,http://fhir.hie.moh.gov.my/CodeSystem/procedure-my-core,CodeSystemProcedureMyCore
09.41,Probing of lacrimal punctum,Probing of lacrimal punctum,http://fhir.hie.moh.gov.my/CodeSystem/procedure-my-core,CodeSystemProcedureMyCore
09.42,Probing of lacrimal canaliculi,Probing of lacrimal canaliculi,http://fhir.hie.moh.gov.my/CodeSystem/procedure-my-core,CodeSystemProcedureMyCore
09.43,Probing of nasolacrimal duct,Probing of nasolacrimal duct,http://fhir.hie.moh.gov.my/CodeSystem/procedure-my-core,CodeSystemProcedureMyCore
09.44,Intubation of nasolacrimal duct,Intubation of nasolacrimal duct,http://fhir.hie.moh.gov.my/CodeSystem/procedure-my-core,CodeSystemProcedureMyCore
09.49,Other manipulation of lacrimal passage,Other manipulation of lacrimal passage,http://fhir.hie.moh.gov.my/CodeSystem/procedure-my-core,CodeSystemProcedureMyCore
09.51,Incision of lacrimal punctum,Incision of lacrimal punctum,http://fhir.hie.moh.gov.my/CodeSystem/procedure-my-core,CodeSystemProcedureMyCore
09.52,Incision of lacrimal canaliculi,Incision of lacrimal canaliculi,http://fhir.hie.moh.gov.my/CodeSystem/procedure-my-core,CodeSystemProcedureMyCore
09.53,Incision of lacrimal sac,Incision of lacrimal sac,http://fhir.hie.moh.gov.my/CodeSystem/procedure-my-core,CodeSystemProcedureMyCore
09.59,Other incision of lacrimal passages,Other incision of lacrimal passages,http://fhir.hie.moh.gov.my/CodeSystem/procedure-my-core,CodeSystemProcedureMyCore
09.6,Excision of lacrimal sac and passage,Excision of lacrimal sac and passage,http://fhir.hie.moh.gov.my/CodeSystem/procedure-my-core,CodeSystemProcedureMyCore
09.71,Correction of everted punctum,Correction of everted punctum,http://fhir.hie.moh.gov.my/CodeSystem/procedure-my-core,CodeSystemProcedureMyCore
09.72,Other repair of punctum,Other repair of punctum,http://fhir.hie.moh.gov.my/CodeSystem/procedure-my-core,CodeSystemProcedureMyCore
09.73,Repair of canaliculus,Repair of canaliculus,http://fhir.hie.moh.gov.my/CodeSystem/procedure-my-core,CodeSystemProcedureMyCore
09.81,Dacryocystorhinostomy [DCR],Dacryocystorhinostomy [DCR],http://fhir.hie.moh.gov.my/CodeSystem/procedure-my-core,CodeSystemProcedureMyCore
09.82,Conjunctivocystorhinostomy,Conjunctivocystorhinostomy,http://fhir.hie.moh.gov.my/CodeSystem/procedure-my-core,CodeSystemProcedureMyCore
09.83,Conjunctivorhinostomy with insertion of tube or stent,Conjunctivorhinostomy with insertion of tube or stent,http://fhir.hie.moh.gov.my/CodeSystem/procedure-my-core,CodeSystemProcedureMyCore
09.91,Obliteration of lacrimal punctum,Obliteration of lacrimal punctum,http://fhir.hie.moh.gov.my/CodeSystem/procedure-my-core,CodeSystemProcedureMyCore
09.99,Other operations on lacrimal system,Other operations on lacrimal system,http://fhir.hie.moh.gov.my/CodeSystem/procedure-my-core,CodeSystemProcedureMyCore
10.0,Removal of embedded foreign body from conjunctiva by incision,Removal of embedded foreign body from conjunctiva by incision,http://fhir.hie.moh.gov.my/CodeSystem/procedure-my-core,CodeSystemProcedureMyCore
10.1,Other incision of conjunctiva,Other incision of conjunctiva,http://fhir.hie.moh.gov.my/CodeSystem/procedure-my-core,CodeSystemProcedureMyCore
10.21,Biopsy of conjunctiva,Biopsy of conjunctiva,http://fhir.hie.moh.gov.my/CodeSystem/procedure-my-core,CodeSystemProcedureMyCore
10.29,Other diagnostic procedures on conjunctiva,Other diagnostic procedures on conjunctiva,http://fhir.hie.moh.gov.my/CodeSystem/procedure-my-core,CodeSystemProcedureMyCore
10.31,Excision of lesion or tissue of conjunctiva,Excision of lesion or tissue of conjunctiva,http://fhir.hie.moh.gov.my/CodeSystem/procedure-my-core,CodeSystemProcedureMyCore
10.32,Destruction of lesion of conjunctiva,Destruction of lesion of conjunctiva,http://fhir.hie.moh.gov.my/CodeSystem/procedure-my-core,CodeSystemProcedureMyCore
10.33,Other destructive procedures on conjunctiva,Other destructive procedures on conjunctiva,http://fhir.hie.moh.gov.my/CodeSystem/procedure-my-core,CodeSystemProcedureMyCore
10.41,Repair of symblepharon with free graft,Repair of symblepharon with free graft,http://fhir.hie.moh.gov.my/CodeSystem/procedure-my-core,CodeSystemProcedureMyCore
10.42,Reconstruction of conjunctival cul-de-sac with free graft,Reconstruction of conjunctival cul-de-sac with free graft,http://fhir.hie.moh.gov.my/CodeSystem/procedure-my-core,CodeSystemProcedureMyCore
10.43,Other reconstruction of conjunctival cul-de-sac,Other reconstruction of conjunctival cul-de-sac,http://fhir.hie.moh.gov.my/CodeSystem/procedure-my-core,CodeSystemProcedureMyCore
10.44,Other free graft to conjunctiva,Other free graft to conjunctiva,http://fhir.hie.moh.gov.my/CodeSystem/procedure-my-core,CodeSystemProcedureMyCore
10.49,Other conjunctivoplasty,Other conjunctivoplasty,http://fhir.hie.moh.gov.my/CodeSystem/procedure-my-core,CodeSystemProcedureMyCore
10.5,Lysis of adhesions of conjunctiva and eyelid,Lysis of adhesions of conjunctiva and eyelid,http://fhir.hie.moh.gov.my/CodeSystem/procedure-my-core,CodeSystemProcedureMyCore
10.6,Repair of laceration of conjunctiva,Repair of laceration of conjunctiva,http://fhir.hie.moh.gov.my/CodeSystem/procedure-my-core,CodeSystemProcedureMyCore
10.91,Subconjunctival injection,Subconjunctival injection,http://fhir.hie.moh.gov.my/CodeSystem/procedure-my-core,CodeSystemProcedureMyCore
10.99,Other operations on conjunctiva,Other operations on conjunctiva,http://fhir.hie.moh.gov.my/CodeSystem/procedure-my-core,CodeSystemProcedureMyCore
11.0,Magnetic removal of embedded foreign body from cornea,Magnetic removal of embedded foreign body from cornea,http://fhir.hie.moh.gov.my/CodeSystem/procedure-my-core,CodeSystemProcedureMyCore
11.1,Incision of cornea,Incision of cornea,http://fhir.hie.moh.gov.my/CodeSystem/procedure-my-core,CodeSystemProcedureMyCore
11.21,Scraping of cornea for smear or culture,Scraping of cornea for smear or culture,http://fhir.hie.moh.gov.my/CodeSystem/procedure-my-core,CodeSystemProcedureMyCore
11.22,Biopsy of cornea,Biopsy of cornea,http://fhir.hie.moh.gov.my/CodeSystem/procedure-my-core,CodeSystemProcedureMyCore
11.29,Other diagnostic procedures on cornea,Other diagnostic procedures on cornea,http://fhir.hie.moh.gov.my/CodeSystem/procedure-my-core,CodeSystemProcedureMyCore
11.31,Transposition of pterygium,Transposition of pterygium,http://fhir.hie.moh.gov.my/CodeSystem/procedure-my-core,CodeSystemProcedureMyCore
11.32,Excision of pterygium with corneal graft,Excision of pterygium with corneal graft,http://fhir.hie.moh.gov.my/CodeSystem/procedure-my-core,CodeSystemProcedureMyCore
11.39,Other excision of pterygium,Other excision of pterygium,http://fhir.hie.moh.gov.my/CodeSystem/procedure-my-core,CodeSystemProcedureMyCore
11.41,Mechanical removal of corneal epithelium,Mechanical removal of corneal epithelium,http://fhir.hie.moh.gov.my/CodeSystem/procedure-my-core,CodeSystemProcedureMyCore
11.42,Thermocauterization of corneal lesion,Thermocauterization of corneal lesion,http://fhir.hie.moh.gov.my/CodeSystem/procedure-my-core,CodeSystemProcedureMyCore
11.43,Cryotherapy of corneal lesion,Cryotherapy of corneal lesion,http://fhir.hie.moh.gov.my/CodeSystem/procedure-my-core,CodeSystemProcedureMyCore
11.49,Other removal or destruction of corneal lesion,Other removal or destruction of corneal lesion,http://fhir.hie.moh.gov.my/CodeSystem/procedure-my-core,CodeSystemProcedureMyCore
11.51,Suture of corneal laceration,Suture of corneal laceration,http://fhir.hie.moh.gov.my/CodeSystem/procedure-my-core,CodeSystemProcedureMyCore
11.52,Repair of postoperative wound dehiscence of cornea,Repair of postoperative wound dehiscence of cornea,http://fhir.hie.moh.gov.my/CodeSystem/procedure-my-core,CodeSystemProcedureMyCore
11.53,Repair of corneal laceration or wound with conjunctival flap,Repair of corneal laceration or wound with conjunctival flap,http://fhir.hie.moh.gov.my/CodeSystem/procedure-my-core,CodeSystemProcedureMyCore
11.59,Other repair of cornea,Other repair of cornea,http://fhir.hie.moh.gov.my/CodeSystem/procedure-my-core,CodeSystemProcedureMyCore
11.60,"Corneal transplant, not otherwise specified","Corneal transplant, not otherwise specified",http://fhir.hie.moh.gov.my/CodeSystem/procedure-my-core,CodeSystemProcedureMyCore
11.61,Lamellar keratoplasty with autograft,Lamellar keratoplasty with autograft,http://fhir.hie.moh.gov.my/CodeSystem/procedure-my-core,CodeSystemProcedureMyCore
11.62,Other lamellar keratoplasty,Other lamellar keratoplasty,http://fhir.hie.moh.gov.my/CodeSystem/procedure-my-core,CodeSystemProcedureMyCore
11.63,Penetrating keratoplasty with autograft,Penetrating keratoplasty with autograft,http://fhir.hie.moh.gov.my/CodeSystem/procedure-my-core,CodeSystemProcedureMyCore
11.64,Other penetrating keratoplasty,Other penetrating keratoplasty,http://fhir.hie.moh.gov.my/CodeSystem/procedure-my-core,CodeSystemProcedureMyCore
11.69,Other corneal transplant,Other corneal transplant,http://fhir.hie.moh.gov.my/CodeSystem/procedure-my-core,CodeSystemProcedureMyCore
11.71,Keratomeleusis,Keratomeleusis,http://fhir.hie.moh.gov.my/CodeSystem/procedure-my-core,CodeSystemProcedureMyCore
11.72,Keratophakia,Keratophakia,http://fhir.hie.moh.gov.my/CodeSystem/procedure-my-core,CodeSystemProcedureMyCore
11.73,Keratoprosthesis,Keratoprosthesis,http://fhir.hie.moh.gov.my/CodeSystem/procedure-my-core,CodeSystemProcedureMyCore
11.74,Thermokeratoplasty,Thermokeratoplasty,http://fhir.hie.moh.gov.my/CodeSystem/procedure-my-core,CodeSystemProcedureMyCore
11.75,Radial keratotomy,Radial keratotomy,http://fhir.hie.moh.gov.my/CodeSystem/procedure-my-core,CodeSystemProcedureMyCore
11.76,Epikeratophakia,Epikeratophakia,http://fhir.hie.moh.gov.my/CodeSystem/procedure-my-core,CodeSystemProcedureMyCore
11.79,Other reconstructive surgery on cornea,Other reconstructive surgery on cornea,http://fhir.hie.moh.gov.my/CodeSystem/procedure-my-core,CodeSystemProcedureMyCore
11.91,Tattooing of cornea,Tattooing of cornea,http://fhir.hie.moh.gov.my/CodeSystem/procedure-my-core,CodeSystemProcedureMyCore
11.92,Removal of artificial implant from cornea,Removal of artificial implant from cornea,http://fhir.hie.moh.gov.my/CodeSystem/procedure-my-core,CodeSystemProcedureMyCore
11.99,Other operations on cornea,Other operations on cornea,http://fhir.hie.moh.gov.my/CodeSystem/procedure-my-core,CodeSystemProcedureMyCore
12.00,"Removal of intraocular foreign body from anterior segment of eye, not otherwise specified","Removal of intraocular foreign body from anterior segment of eye, not otherwise specified",http://fhir.hie.moh.gov.my/CodeSystem/procedure-my-core,CodeSystemProcedureMyCore
12.01,Removal of intraocular foreign body from anterior segment of eye with use of magnet,Removal of intraocular foreign body from anterior segment of eye with use of magnet,http://fhir.hie.moh.gov.my/CodeSystem/procedure-my-core,CodeSystemProcedureMyCore
12.02,Removal of intraocular foreign body from anterior segment of eye without use of magnet,Removal of intraocular foreign body from anterior segment of eye without use of magnet,http://fhir.hie.moh.gov.my/CodeSystem/procedure-my-core,CodeSystemProcedureMyCore
12.11,Iridotomy with transfixion,Iridotomy with transfixion,http://fhir.hie.moh.gov.my/CodeSystem/procedure-my-core,CodeSystemProcedureMyCore
12.12,Other iridotomy,Other iridotomy,http://fhir.hie.moh.gov.my/CodeSystem/procedure-my-core,CodeSystemProcedureMyCore
12.13,Excision of prolapsed iris,Excision of prolapsed iris,http://fhir.hie.moh.gov.my/CodeSystem/procedure-my-core,CodeSystemProcedureMyCore
12.14,Other iridectomy,Other iridectomy,http://fhir.hie.moh.gov.my/CodeSystem/procedure-my-core,CodeSystemProcedureMyCore
12.21,Diagnostic aspiration of anterior chamber of eye,Diagnostic aspiration of anterior chamber of eye,http://fhir.hie.moh.gov.my/CodeSystem/procedure-my-core,CodeSystemProcedureMyCore
12.22,Biopsy of iris,Biopsy of iris,http://fhir.hie.moh.gov.my/CodeSystem/procedure-my-core,CodeSystemProcedureMyCore
12.29,"Other diagnostic procedures on iris, ciliary body, sclera, and anterior chamber","Other diagnostic procedures on iris, ciliary body, sclera, and anterior chamber",http://fhir.hie.moh.gov.my/CodeSystem/procedure-my-core,CodeSystemProcedureMyCore
12.31,Lysis of goniosynechiae,Lysis of goniosynechiae,http://fhir.hie.moh.gov.my/CodeSystem/procedure-my-core,CodeSystemProcedureMyCore
12.32,Lysis of other anterior synechiae,Lysis of other anterior synechiae,http://fhir.hie.moh.gov.my/CodeSystem/procedure-my-core,CodeSystemProcedureMyCore
12.33,Lysis of posterior synechiae,Lysis of posterior synechiae,http://fhir.hie.moh.gov.my/CodeSystem/procedure-my-core,CodeSystemProcedureMyCore
12.34,Lysis of corneovitreal adhesions,Lysis of corneovitreal adhesions,http://fhir.hie.moh.gov.my/CodeSystem/procedure-my-core,CodeSystemProcedureMyCore
12.35,Coreoplasty,Coreoplasty,http://fhir.hie.moh.gov.my/CodeSystem/procedure-my-core,CodeSystemProcedureMyCore
12.39,Other iridoplasty,Other iridoplasty,http://fhir.hie.moh.gov.my/CodeSystem/procedure-my-core,CodeSystemProcedureMyCore
12.40,"Removal of lesion of anterior segment of eye, not otherwise specified","Removal of lesion of anterior segment of eye, not otherwise specified",http://fhir.hie.moh.gov.my/CodeSystem/procedure-my-core,CodeSystemProcedureMyCore
12.41,"Destruction of lesion of iris, nonexcisional","Destruction of lesion of iris, nonexcisional",http://fhir.hie.moh.gov.my/CodeSystem/procedure-my-core,CodeSystemProcedureMyCore
12.42,Excision of lesion of iris,Excision of lesion of iris,http://fhir.hie.moh.gov.my/CodeSystem/procedure-my-core,CodeSystemProcedureMyCore
12.43,"Destruction of lesion of ciliary body, nonexcisional","Destruction of lesion of ciliary body, nonexcisional",http://fhir.hie.moh.gov.my/CodeSystem/procedure-my-core,CodeSystemProcedureMyCore
12.44,Excision of lesion of ciliary body,Excision of lesion of ciliary body,http://fhir.hie.moh.gov.my/CodeSystem/procedure-my-core,CodeSystemProcedureMyCore
12.51,Goniopuncture without goniotomy,Goniopuncture without goniotomy,http://fhir.hie.moh.gov.my/CodeSystem/procedure-my-core,CodeSystemProcedureMyCore
12.52,Goniotomy without goniopuncture,Goniotomy without goniopuncture,http://fhir.hie.moh.gov.my/CodeSystem/procedure-my-core,CodeSystemProcedureMyCore
12.53,Goniotomy with goniopuncture,Goniotomy with goniopuncture,http://fhir.hie.moh.gov.my/CodeSystem/procedure-my-core,CodeSystemProcedureMyCore
12.54,Trabeculotomy ab externo,Trabeculotomy ab externo,http://fhir.hie.moh.gov.my/CodeSystem/procedure-my-core,CodeSystemProcedureMyCore
12.55,Cyclodialysis,Cyclodialysis,http://fhir.hie.moh.gov.my/CodeSystem/procedure-my-core,CodeSystemProcedureMyCore
12.59,Other facilitation of intraocular circulation,Other facilitation of intraocular circulation,http://fhir.hie.moh.gov.my/CodeSystem/procedure-my-core,CodeSystemProcedureMyCore
12.61,Trephination of sclera with iridectomy,Trephination of sclera with iridectomy,http://fhir.hie.moh.gov.my/CodeSystem/procedure-my-core,CodeSystemProcedureMyCore
12.62,Thermocauterization of sclera with iridectomy,Thermocauterization of sclera with iridectomy,http://fhir.hie.moh.gov.my/CodeSystem/procedure-my-core,CodeSystemProcedureMyCore
12.63,Iridencleisis and iridotasis,Iridencleisis and iridotasis,http://fhir.hie.moh.gov.my/CodeSystem/procedure-my-core,CodeSystemProcedureMyCore
12.64,Trabeculectomy ab externo,Trabeculectomy ab externo,http://fhir.hie.moh.gov.my/CodeSystem/procedure-my-core,CodeSystemProcedureMyCore
12.65,Other scleral fistulization with iridectomy,Other scleral fistulization with iridectomy,http://fhir.hie.moh.gov.my/CodeSystem/procedure-my-core,CodeSystemProcedureMyCore
12.66,Postoperative revision of scleral fistulization procedure,Postoperative revision of scleral fistulization procedure,http://fhir.hie.moh.gov.my/CodeSystem/procedure-my-core,CodeSystemProcedureMyCore
12.69,Other scleral fistulizing procedure,Other scleral fistulizing procedure,http://fhir.hie.moh.gov.my/CodeSystem/procedure-my-core,CodeSystemProcedureMyCore
12.71,Cyclodiathermy,Cyclodiathermy,http://fhir.hie.moh.gov.my/CodeSystem/procedure-my-core,CodeSystemProcedureMyCore
12.72,Cyclocryotherapy,Cyclocryotherapy,http://fhir.hie.moh.gov.my/CodeSystem/procedure-my-core,CodeSystemProcedureMyCore
12.73,Cyclophotocoagulation,Cyclophotocoagulation,http://fhir.hie.moh.gov.my/CodeSystem/procedure-my-core,CodeSystemProcedureMyCore
12.74,"Diminution of ciliary body, not otherwise specified","Diminution of ciliary body, not otherwise specified",http://fhir.hie.moh.gov.my/CodeSystem/procedure-my-core,CodeSystemProcedureMyCore
12.79,Other glaucoma procedures,Other glaucoma procedures,http://fhir.hie.moh.gov.my/CodeSystem/procedure-my-core,CodeSystemProcedureMyCore
12.81,Suture of laceration of sclera,Suture of laceration of sclera,http://fhir.hie.moh.gov.my/CodeSystem/procedure-my-core,CodeSystemProcedureMyCore
12.82,Repair of scleral fistula,Repair of scleral fistula,http://fhir.hie.moh.gov.my/CodeSystem/procedure-my-core,CodeSystemProcedureMyCore
12.83,"Revision of operative wound of anterior segment, not elsewhere classified","Revision of operative wound of anterior segment, not elsewhere classified",http://fhir.hie.moh.gov.my/CodeSystem/procedure-my-core,CodeSystemProcedureMyCore
12.84,Excision or destruction of lesion of sclera,Excision or destruction of lesion of sclera,http://fhir.hie.moh.gov.my/CodeSystem/procedure-my-core,CodeSystemProcedureMyCore
12.85,Repair of scleral staphyloma with graft,Repair of scleral staphyloma with graft,http://fhir.hie.moh.gov.my/CodeSystem/procedure-my-core,CodeSystemProcedureMyCore
12.86,Other repair of scleral staphyloma,Other repair of scleral staphyloma,http://fhir.hie.moh.gov.my/CodeSystem/procedure-my-core,CodeSystemProcedureMyCore
12.87,Scleral reinforcement with graft,Scleral reinforcement with graft,http://fhir.hie.moh.gov.my/CodeSystem/procedure-my-core,CodeSystemProcedureMyCore
12.88,Other scleral reinforcement,Other scleral reinforcement,http://fhir.hie.moh.gov.my/CodeSystem/procedure-my-core,CodeSystemProcedureMyCore
12.89,Other operations on sclera,Other operations on sclera,http://fhir.hie.moh.gov.my/CodeSystem/procedure-my-core,CodeSystemProcedureMyCore
12.91,Therapeutic evacuation of anterior chamber,Therapeutic evacuation of anterior chamber,http://fhir.hie.moh.gov.my/CodeSystem/procedure-my-core,CodeSystemProcedureMyCore
12.92,Injection into anterior chamber,Injection into anterior chamber,http://fhir.hie.moh.gov.my/CodeSystem/procedure-my-core,CodeSystemProcedureMyCore
12.93,Removal or destruction of epithelial downgrowth from anterior chamber,Removal or destruction of epithelial downgrowth from anterior chamber,http://fhir.hie.moh.gov.my/CodeSystem/procedure-my-core,CodeSystemProcedureMyCore
12.97,Other operations on iris,Other operations on iris,http://fhir.hie.moh.gov.my/CodeSystem/procedure-my-core,CodeSystemProcedureMyCore
12.98,Other operations on ciliary body,Other operations on ciliary body,http://fhir.hie.moh.gov.my/CodeSystem/procedure-my-core,CodeSystemProcedureMyCore
12.99,Other operations on anterior chamber,Other operations on anterior chamber,http://fhir.hie.moh.gov.my/CodeSystem/procedure-my-core,CodeSystemProcedureMyCore
13.00,"Removal of foreign body from lens, not otherwise specified","Removal of foreign body from lens, not otherwise specified",http://fhir.hie.moh.gov.my/CodeSystem/procedure-my-core,CodeSystemProcedureMyCore
13.01,Removal of foreign body from lens with use of magnet,Removal of foreign body from lens with use of magnet,http://fhir.hie.moh.gov.my/CodeSystem/procedure-my-core,CodeSystemProcedureMyCore
13.02,Removal of foreign body from lens without use of magnet,Removal of foreign body from lens without use of magnet,http://fhir.hie.moh.gov.my/CodeSystem/procedure-my-core,CodeSystemProcedureMyCore
13.11,Intracapsular extraction of lens by temporal inferior route,Intracapsular extraction of lens by temporal inferior route,http://fhir.hie.moh.gov.my/CodeSystem/procedure-my-core,CodeSystemProcedureMyCore
13.19,Other intracapsular extraction of lens,Other intracapsular extraction of lens,http://fhir.hie.moh.gov.my/CodeSystem/procedure-my-core,CodeSystemProcedureMyCore
13.2,Extracapsular extraction of lens by linear extraction technique,Extracapsular extraction of lens by linear extraction technique,http://fhir.hie.moh.gov.my/CodeSystem/procedure-my-core,CodeSystemProcedureMyCore
13.3,Extracapsular extraction of lens by simple aspiration (and irrigation) technique,Extracapsular extraction of lens by simple aspiration (and irrigation) technique,http://fhir.hie.moh.gov.my/CodeSystem/procedure-my-core,CodeSystemProcedureMyCore
13.41,Phacoemulsification and aspiration of cataract,Phacoemulsification and aspiration of cataract,http://fhir.hie.moh.gov.my/CodeSystem/procedure-my-core,CodeSystemProcedureMyCore
13.42,Mechanical phacofragmentation and aspiration of cataract by posterior route,Mechanical phacofragmentation and aspiration of cataract by posterior route,http://fhir.hie.moh.gov.my/CodeSystem/procedure-my-core,CodeSystemProcedureMyCore
13.43,Mechanical phacofragmentation and other aspiration of cataract,Mechanical phacofragmentation and other aspiration of cataract,http://fhir.hie.moh.gov.my/CodeSystem/procedure-my-core,CodeSystemProcedureMyCore
13.51,Extracapsular extraction of lens by temporal inferior route,Extracapsular extraction of lens by temporal inferior route,http://fhir.hie.moh.gov.my/CodeSystem/procedure-my-core,CodeSystemProcedureMyCore
13.59,Other extracapsular extraction of lens,Other extracapsular extraction of lens,http://fhir.hie.moh.gov.my/CodeSystem/procedure-my-core,CodeSystemProcedureMyCore
13.64,Discission of secondary membrane [after cataract],Discission of secondary membrane [after cataract],http://fhir.hie.moh.gov.my/CodeSystem/procedure-my-core,CodeSystemProcedureMyCore
13.65,Excision of secondary membrane [after cataract] Capsulectomy,Excision of secondary membrane [after cataract] Capsulectomy,http://fhir.hie.moh.gov.my/CodeSystem/procedure-my-core,CodeSystemProcedureMyCore
13.66,Mechanical fragmentation of secondary membrane [after cataract],Mechanical fragmentation of secondary membrane [after cataract],http://fhir.hie.moh.gov.my/CodeSystem/procedure-my-core,CodeSystemProcedureMyCore
13.69,Other cataract extraction,Other cataract extraction,http://fhir.hie.moh.gov.my/CodeSystem/procedure-my-core,CodeSystemProcedureMyCore
13.70,"Insertion of pseudophakos, not otherwise specified","Insertion of pseudophakos, not otherwise specified",http://fhir.hie.moh.gov.my/CodeSystem/procedure-my-core,CodeSystemProcedureMyCore
13.71,"Insertion of intraocular lens prosthesis at time of cataract extraction, one-stage","Insertion of intraocular lens prosthesis at time of cataract extraction, one-stage",http://fhir.hie.moh.gov.my/CodeSystem/procedure-my-core,CodeSystemProcedureMyCore
13.72,Secondary insertion of intraocular lens prosthesis,Secondary insertion of intraocular lens prosthesis,http://fhir.hie.moh.gov.my/CodeSystem/procedure-my-core,CodeSystemProcedureMyCore
13.8,Removal of implanted lens,Removal of implanted lens,http://fhir.hie.moh.gov.my/CodeSystem/procedure-my-core,CodeSystemProcedureMyCore
13.9,Other operations on lens,Other operations on lens,http://fhir.hie.moh.gov.my/CodeSystem/procedure-my-core,CodeSystemProcedureMyCore
14.00,"Removal of foreign body from posterior segment of eye, not otherwise specified","Removal of foreign body from posterior segment of eye, not otherwise specified",http://fhir.hie.moh.gov.my/CodeSystem/procedure-my-core,CodeSystemProcedureMyCore
14.01,Removal of foreign body from posterior segment of eye with use of magnet,Removal of foreign body from posterior segment of eye with use of magnet,http://fhir.hie.moh.gov.my/CodeSystem/procedure-my-core,CodeSystemProcedureMyCore
14.02,Removal of foreign body from posterior segment of eye without use of magnet,Removal of foreign body from posterior segment of eye without use of magnet,http://fhir.hie.moh.gov.my/CodeSystem/procedure-my-core,CodeSystemProcedureMyCore
14.11,Diagnostic aspiration of vitreous,Diagnostic aspiration of vitreous,http://fhir.hie.moh.gov.my/CodeSystem/procedure-my-core,CodeSystemProcedureMyCore
14.19,"Other diagnostic procedures on retina, choroid, vitreous, and posterior chamber","Other diagnostic procedures on retina, choroid, vitreous, and posterior chamber",http://fhir.hie.moh.gov.my/CodeSystem/procedure-my-core,CodeSystemProcedureMyCore
14.21,Destruction of chorioretinal lesion by diathermy,Destruction of chorioretinal lesion by diathermy,http://fhir.hie.moh.gov.my/CodeSystem/procedure-my-core,CodeSystemProcedureMyCore
14.22,Destruction of chorioretinal lesion by cryotherapy,Destruction of chorioretinal lesion by cryotherapy,http://fhir.hie.moh.gov.my/CodeSystem/procedure-my-core,CodeSystemProcedureMyCore
14.23,Destruction of chorioretinal lesion by xenon arc photocoagulation,Destruction of chorioretinal lesion by xenon arc photocoagulation,http://fhir.hie.moh.gov.my/CodeSystem/procedure-my-core,CodeSystemProcedureMyCore
14.24,Destruction of chorioretinal lesion by laser photocoagulation,Destruction of chorioretinal lesion by laser photocoagulation,http://fhir.hie.moh.gov.my/CodeSystem/procedure-my-core,CodeSystemProcedureMyCore
14.25,Destruction of chorioretinal lesion by photocoagulation of unspecified type,Destruction of chorioretinal lesion by photocoagulation of unspecified type,http://fhir.hie.moh.gov.my/CodeSystem/procedure-my-core,CodeSystemProcedureMyCore
14.26,Destruction of chorioretinal lesion by radiation therapy,Destruction of chorioretinal lesion by radiation therapy,http://fhir.hie.moh.gov.my/CodeSystem/procedure-my-core,CodeSystemProcedureMyCore
14.27,Destruction of chorioretinal lesion by implantation of radiation source,Destruction of chorioretinal lesion by implantation of radiation source,http://fhir.hie.moh.gov.my/CodeSystem/procedure-my-core,CodeSystemProcedureMyCore
14.29,Other destruction of chorioretinal lesion,Other destruction of chorioretinal lesion,http://fhir.hie.moh.gov.my/CodeSystem/procedure-my-core,CodeSystemProcedureMyCore
14.31,Repair of retinal tear by diathermy,Repair of retinal tear by diathermy,http://fhir.hie.moh.gov.my/CodeSystem/procedure-my-core,CodeSystemProcedureMyCore
14.32,Repair of retinal tear by cryotherapy,Repair of retinal tear by cryotherapy,http://fhir.hie.moh.gov.my/CodeSystem/procedure-my-core,CodeSystemProcedureMyCore
14.33,Repair of retinal tear by xenon arc photocoagulation,Repair of retinal tear by xenon arc photocoagulation,http://fhir.hie.moh.gov.my/CodeSystem/procedure-my-core,CodeSystemProcedureMyCore
14.34,Repair of retinal tear by laser photocoagulation,Repair of retinal tear by laser photocoagulation,http://fhir.hie.moh.gov.my/CodeSystem/procedure-my-core,CodeSystemProcedureMyCore
14.35,Repair of retinal tear by photocoagulation of unspecified type,Repair of retinal tear by photocoagulation of unspecified type,http://fhir.hie.moh.gov.my/CodeSystem/procedure-my-core,CodeSystemProcedureMyCore
14.39,Other repair of retinal tear,Other repair of retinal tear,http://fhir.hie.moh.gov.my/CodeSystem/procedure-my-core,CodeSystemProcedureMyCore
14.41,Scleral buckling with implant,Scleral buckling with implant,http://fhir.hie.moh.gov.my/CodeSystem/procedure-my-core,CodeSystemProcedureMyCore
14.49,Other scleral buckling,Other scleral buckling,http://fhir.hie.moh.gov.my/CodeSystem/procedure-my-core,CodeSystemProcedureMyCore
14.51,Repair of retinal detachment with diathermy,Repair of retinal detachment with diathermy,http://fhir.hie.moh.gov.my/CodeSystem/procedure-my-core,CodeSystemProcedureMyCore
14.52,Repair of retinal detachment with cryotherapy,Repair of retinal detachment with cryotherapy,http://fhir.hie.moh.gov.my/CodeSystem/procedure-my-core,CodeSystemProcedureMyCore
14.53,Repair of retinal detachment with xenon arc photocoagulation,Repair of retinal detachment with xenon arc photocoagulation,http://fhir.hie.moh.gov.my/CodeSystem/procedure-my-core,CodeSystemProcedureMyCore
14.54,Repair of retinal detachment with laser photocoagulation,Repair of retinal detachment with laser photocoagulation,http://fhir.hie.moh.gov.my/CodeSystem/procedure-my-core,CodeSystemProcedureMyCore
14.55,Repair of retinal detachment with photocoagulation of unspecified type,Repair of retinal detachment with photocoagulation of unspecified type,http://fhir.hie.moh.gov.my/CodeSystem/procedure-my-core,CodeSystemProcedureMyCore
14.59,Other repair of retinal detachment,Other repair of retinal detachment,http://fhir.hie.moh.gov.my/CodeSystem/procedure-my-core,CodeSystemProcedureMyCore
14.6,Removal of surgically implanted material from posterior segment of eye,Removal of surgically implanted material from posterior segment of eye,http://fhir.hie.moh.gov.my/CodeSystem/procedure-my-core,CodeSystemProcedureMyCore
14.71,"Removal of vitreous, anterior approach","Removal of vitreous, anterior approach",http://fhir.hie.moh.gov.my/CodeSystem/procedure-my-core,CodeSystemProcedureMyCore
14.72,Other removal of vitreous,Other removal of vitreous,http://fhir.hie.moh.gov.my/CodeSystem/procedure-my-core,CodeSystemProcedureMyCore
14.73,Mechanical vitrectomy by anterior approach,Mechanical vitrectomy by anterior approach,http://fhir.hie.moh.gov.my/CodeSystem/procedure-my-core,CodeSystemProcedureMyCore
14.74,Other mechanical vitrectomy,Other mechanical vitrectomy,http://fhir.hie.moh.gov.my/CodeSystem/procedure-my-core,CodeSystemProcedureMyCore
14.75,Injection of vitreous substitute,Injection of vitreous substitute,http://fhir.hie.moh.gov.my/CodeSystem/procedure-my-core,CodeSystemProcedureMyCore
14.79,Other operations on vitreous,Other operations on vitreous,http://fhir.hie.moh.gov.my/CodeSystem/procedure-my-core,CodeSystemProcedureMyCore
14.9,"Other operations on retina, choroid, and posterior chamber","Other operations on retina, choroid, and posterior chamber",http://fhir.hie.moh.gov.my/CodeSystem/procedure-my-core,CodeSystemProcedureMyCore
15.01,Biopsy of extraocular muscle or tendon,Biopsy of extraocular muscle or tendon,http://fhir.hie.moh.gov.my/CodeSystem/procedure-my-core,CodeSystemProcedureMyCore
15.09,Other diagnostic procedures on extraocular muscles and tendons,Other diagnostic procedures on extraocular muscles and tendons,http://fhir.hie.moh.gov.my/CodeSystem/procedure-my-core,CodeSystemProcedureMyCore
15.11,Recession of one extraocular muscle,Recession of one extraocular muscle,http://fhir.hie.moh.gov.my/CodeSystem/procedure-my-core,CodeSystemProcedureMyCore
15.12,Advancement of one extraocular muscle,Advancement of one extraocular muscle,http://fhir.hie.moh.gov.my/CodeSystem/procedure-my-core,CodeSystemProcedureMyCore
15.13,Resection of one extraocular muscle,Resection of one extraocular muscle,http://fhir.hie.moh.gov.my/CodeSystem/procedure-my-core,CodeSystemProcedureMyCore
15.19,Other operations on one extraocular muscle involving temporary detachment from globe,Other operations on one extraocular muscle involving temporary detachment from globe,http://fhir.hie.moh.gov.my/CodeSystem/procedure-my-core,CodeSystemProcedureMyCore
15.21,Lengthening procedure on one extraocular muscle,Lengthening procedure on one extraocular muscle,http://fhir.hie.moh.gov.my/CodeSystem/procedure-my-core,CodeSystemProcedureMyCore
15.22,Shortening procedure on one extraocular muscle,Shortening procedure on one extraocular muscle,http://fhir.hie.moh.gov.my/CodeSystem/procedure-my-core,CodeSystemProcedureMyCore
15.29,Other operations on one extraocular muscle,Other operations on one extraocular muscle,http://fhir.hie.moh.gov.my/CodeSystem/procedure-my-core,CodeSystemProcedureMyCore
15.3,"Operations on two or more extraocular muscles involving temporary detachment from globe, one or both eyes","Operations on two or more extraocular muscles involving temporary detachment from globe, one or both eyes",http://fhir.hie.moh.gov.my/CodeSystem/procedure-my-core,CodeSystemProcedureMyCore
15.4,"Other operations on two or more extraocular muscles, one or both eyes","Other operations on two or more extraocular muscles, one or both eyes",http://fhir.hie.moh.gov.my/CodeSystem/procedure-my-core,CodeSystemProcedureMyCore
15.5,Transposition of extraocular muscles,Transposition of extraocular muscles,http://fhir.hie.moh.gov.my/CodeSystem/procedure-my-core,CodeSystemProcedureMyCore
15.6,Revision of extraocular muscle surgery,Revision of extraocular muscle surgery,http://fhir.hie.moh.gov.my/CodeSystem/procedure-my-core,CodeSystemProcedureMyCore
15.7,Repair of injury of extraocular muscle,Repair of injury of extraocular muscle,http://fhir.hie.moh.gov.my/CodeSystem/procedure-my-core,CodeSystemProcedureMyCore
15.9,Other operations on extraocular muscles and tendons,Other operations on extraocular muscles and tendons,http://fhir.hie.moh.gov.my/CodeSystem/procedure-my-core,CodeSystemProcedureMyCore
16.01,Orbitotomy with bone flap,Orbitotomy with bone flap,http://fhir.hie.moh.gov.my/CodeSystem/procedure-my-core,CodeSystemProcedureMyCore
16.02,Orbitotomy with insertion of orbital implant,Orbitotomy with insertion of orbital implant,http://fhir.hie.moh.gov.my/CodeSystem/procedure-my-core,CodeSystemProcedureMyCore
16.09,Other orbitotomy,Other orbitotomy,http://fhir.hie.moh.gov.my/CodeSystem/procedure-my-core,CodeSystemProcedureMyCore
16.1,"Removal of penetrating foreign body from eye, not otherwise specified","Removal of penetrating foreign body from eye, not otherwise specified",http://fhir.hie.moh.gov.my/CodeSystem/procedure-my-core,CodeSystemProcedureMyCore
16.21,Ophthalmoscopy,Ophthalmoscopy,http://fhir.hie.moh.gov.my/CodeSystem/procedure-my-core,CodeSystemProcedureMyCore
16.22,Diagnostic aspiration of orbit,Diagnostic aspiration of orbit,http://fhir.hie.moh.gov.my/CodeSystem/procedure-my-core,CodeSystemProcedureMyCore
16.23,Biopsy of eyeball and orbit,Biopsy of eyeball and orbit,http://fhir.hie.moh.gov.my/CodeSystem/procedure-my-core,CodeSystemProcedureMyCore
16.29,Other diagnostic procedures on orbit and eyeball,Other diagnostic procedures on orbit and eyeball,http://fhir.hie.moh.gov.my/CodeSystem/procedure-my-core,CodeSystemProcedureMyCore
16.31,Removal of ocular contents with synchronous implant into scleral shell,Removal of ocular contents with synchronous implant into scleral shell,http://fhir.hie.moh.gov.my/CodeSystem/procedure-my-core,CodeSystemProcedureMyCore
16.39,Other evisceration of eyeball,Other evisceration of eyeball,http://fhir.hie.moh.gov.my/CodeSystem/procedure-my-core,CodeSystemProcedureMyCore
16.41,Enucleation of eyeball with synchronous implant into Tenons capsule with attachment of muscles,Enucleation of eyeball with synchronous implant into Tenons capsule with attachment of muscles,http://fhir.hie.moh.gov.my/CodeSystem/procedure-my-core,CodeSystemProcedureMyCore
16.42,Enucleation of eyeball with other synchronous implant,Enucleation of eyeball with other synchronous implant,http://fhir.hie.moh.gov.my/CodeSystem/procedure-my-core,CodeSystemProcedureMyCore
16.49,Other enucleation of eyeball,Other enucleation of eyeball,http://fhir.hie.moh.gov.my/CodeSystem/procedure-my-core,CodeSystemProcedureMyCore
16.51,Exenteration of orbit with removal of adjacent structures,Exenteration of orbit with removal of adjacent structures,http://fhir.hie.moh.gov.my/CodeSystem/procedure-my-core,CodeSystemProcedureMyCore
16.52,Exenteration of orbit with therapeutic removal of orbital bone,Exenteration of orbit with therapeutic removal of orbital bone,http://fhir.hie.moh.gov.my/CodeSystem/procedure-my-core,CodeSystemProcedureMyCore
16.59,Other exenteration of orbit,Other exenteration of orbit,http://fhir.hie.moh.gov.my/CodeSystem/procedure-my-core,CodeSystemProcedureMyCore
16.61,Secondary insertion of ocular implant,Secondary insertion of ocular implant,http://fhir.hie.moh.gov.my/CodeSystem/procedure-my-core,CodeSystemProcedureMyCore
16.62,Revision and reinsertion of ocular implant,Revision and reinsertion of ocular implant,http://fhir.hie.moh.gov.my/CodeSystem/procedure-my-core,CodeSystemProcedureMyCore
16.63,Revision of enucleation socket with graft,Revision of enucleation socket with graft,http://fhir.hie.moh.gov.my/CodeSystem/procedure-my-core,CodeSystemProcedureMyCore
16.64,Other revision of enucleation socket,Other revision of enucleation socket,http://fhir.hie.moh.gov.my/CodeSystem/procedure-my-core,CodeSystemProcedureMyCore
16.65,Secondary graft to exenteration cavity,Secondary graft to exenteration cavity,http://fhir.hie.moh.gov.my/CodeSystem/procedure-my-core,CodeSystemProcedureMyCore
16.66,Other revision of exenteration cavity,Other revision of exenteration cavity,http://fhir.hie.moh.gov.my/CodeSystem/procedure-my-core,CodeSystemProcedureMyCore
16.69,Other secondary procedures after removal of eyeball,Other secondary procedures after removal of eyeball,http://fhir.hie.moh.gov.my/CodeSystem/procedure-my-core,CodeSystemProcedureMyCore
16.71,Removal of ocular implant,Removal of ocular implant,http://fhir.hie.moh.gov.my/CodeSystem/procedure-my-core,CodeSystemProcedureMyCore
16.72,Removal of orbital implant,Removal of orbital implant,http://fhir.hie.moh.gov.my/CodeSystem/procedure-my-core,CodeSystemProcedureMyCore
16.81,Repair of wound of orbit,Repair of wound of orbit,http://fhir.hie.moh.gov.my/CodeSystem/procedure-my-core,CodeSystemProcedureMyCore
16.82,Repair of rupture of eyeball,Repair of rupture of eyeball,http://fhir.hie.moh.gov.my/CodeSystem/procedure-my-core,CodeSystemProcedureMyCore
16.89,Other repair of injury of eyeball or orbit,Other repair of injury of eyeball or orbit,http://fhir.hie.moh.gov.my/CodeSystem/procedure-my-core,CodeSystemProcedureMyCore
16.91,Retrobulbar injection of therapeutic agent,Retrobulbar injection of therapeutic agent,http://fhir.hie.moh.gov.my/CodeSystem/procedure-my-core,CodeSystemProcedureMyCore
16.92,Excision of lesion of orbit,Excision of lesion of orbit,http://fhir.hie.moh.gov.my/CodeSystem/procedure-my-core,CodeSystemProcedureMyCore
16.93,"Excision of lesion of eye, unspecified structure","Excision of lesion of eye, unspecified structure",http://fhir.hie.moh.gov.my/CodeSystem/procedure-my-core,CodeSystemProcedureMyCore
16.98,Other operations on orbit,Other operations on orbit,http://fhir.hie.moh.gov.my/CodeSystem/procedure-my-core,CodeSystemProcedureMyCore
16.99,Other operations on eyeball,Other operations on eyeball,http://fhir.hie.moh.gov.my/CodeSystem/procedure-my-core,CodeSystemProcedureMyCore
18.01,Piercing of ear lobe,Piercing of ear lobe,http://fhir.hie.moh.gov.my/CodeSystem/procedure-my-core,CodeSystemProcedureMyCore
18.02,Incision of external auditory canal,Incision of external auditory canal,http://fhir.hie.moh.gov.my/CodeSystem/procedure-my-core,CodeSystemProcedureMyCore
18.09,Other incision of external ear,Other incision of external ear,http://fhir.hie.moh.gov.my/CodeSystem/procedure-my-core,CodeSystemProcedureMyCore
18.11,Otoscopy,Otoscopy,http://fhir.hie.moh.gov.my/CodeSystem/procedure-my-core,CodeSystemProcedureMyCore
18.12,Biopsy of external ear,Biopsy of external ear,http://fhir.hie.moh.gov.my/CodeSystem/procedure-my-core,CodeSystemProcedureMyCore
18.19,Other diagnostic procedures on external ear,Other diagnostic procedures on external ear,http://fhir.hie.moh.gov.my/CodeSystem/procedure-my-core,CodeSystemProcedureMyCore
18.21,Excision of preauricular sinus,Excision of preauricular sinus,http://fhir.hie.moh.gov.my/CodeSystem/procedure-my-core,CodeSystemProcedureMyCore
18.29,Excision or destruction of other lesion of external ear,Excision or destruction of other lesion of external ear,http://fhir.hie.moh.gov.my/CodeSystem/procedure-my-core,CodeSystemProcedureMyCore
18.31,Radical excision of lesion of external ear,Radical excision of lesion of external ear,http://fhir.hie.moh.gov.my/CodeSystem/procedure-my-core,CodeSystemProcedureMyCore
18.39,Other excision of external ear,Other excision of external ear,http://fhir.hie.moh.gov.my/CodeSystem/procedure-my-core,CodeSystemProcedureMyCore
18.4,Suture of laceration of external ear,Suture of laceration of external ear,http://fhir.hie.moh.gov.my/CodeSystem/procedure-my-core,CodeSystemProcedureMyCore
18.5,Surgical correction of prominent ear,Surgical correction of prominent ear,http://fhir.hie.moh.gov.my/CodeSystem/procedure-my-core,CodeSystemProcedureMyCore
18.6,Reconstruction of external auditory canal,Reconstruction of external auditory canal,http://fhir.hie.moh.gov.my/CodeSystem/procedure-my-core,CodeSystemProcedureMyCore
18.71,Construction of auricle of ear,Construction of auricle of ear,http://fhir.hie.moh.gov.my/CodeSystem/procedure-my-core,CodeSystemProcedureMyCore
18.72,Reattachment of amputated ear,Reattachment of amputated ear,http://fhir.hie.moh.gov.my/CodeSystem/procedure-my-core,CodeSystemProcedureMyCore
18.79,Other plastic repair of external ear,Other plastic repair of external ear,http://fhir.hie.moh.gov.my/CodeSystem/procedure-my-core,CodeSystemProcedureMyCore
18.9,Other operations on external ear,Other operations on external ear,http://fhir.hie.moh.gov.my/CodeSystem/procedure-my-core,CodeSystemProcedureMyCore
19.0,Stapes mobilization,Stapes mobilization,http://fhir.hie.moh.gov.my/CodeSystem/procedure-my-core,CodeSystemProcedureMyCore
19.11,Stapedectomy with incus replacement,Stapedectomy with incus replacement,http://fhir.hie.moh.gov.my/CodeSystem/procedure-my-core,CodeSystemProcedureMyCore
19.19,Other stapedectomy,Other stapedectomy,http://fhir.hie.moh.gov.my/CodeSystem/procedure-my-core,CodeSystemProcedureMyCore
19.21,Revision of stapedectomy with incus replacement,Revision of stapedectomy with incus replacement,http://fhir.hie.moh.gov.my/CodeSystem/procedure-my-core,CodeSystemProcedureMyCore
19.29,Other revision of stapedectomy,Other revision of stapedectomy,http://fhir.hie.moh.gov.my/CodeSystem/procedure-my-core,CodeSystemProcedureMyCore
19.3,Other operations on ossicular chain,Other operations on ossicular chain,http://fhir.hie.moh.gov.my/CodeSystem/procedure-my-core,CodeSystemProcedureMyCore
19.4,Myringoplasty,Myringoplasty,http://fhir.hie.moh.gov.my/CodeSystem/procedure-my-core,CodeSystemProcedureMyCore
19.52,Type II tympanoplasty,Type II tympanoplasty,http://fhir.hie.moh.gov.my/CodeSystem/procedure-my-core,CodeSystemProcedureMyCore
19.53,Type III tympanoplasty,Type III tympanoplasty,http://fhir.hie.moh.gov.my/CodeSystem/procedure-my-core,CodeSystemProcedureMyCore
19.54,Type IV tympanoplasty,Type IV tympanoplasty,http://fhir.hie.moh.gov.my/CodeSystem/procedure-my-core,CodeSystemProcedureMyCore
19.55,Type V tympanoplasty,Type V tympanoplasty,http://fhir.hie.moh.gov.my/CodeSystem/procedure-my-core,CodeSystemProcedureMyCore
19.6,Revision of tympanoplasty,Revision of tympanoplasty,http://fhir.hie.moh.gov.my/CodeSystem/procedure-my-core,CodeSystemProcedureMyCore
19.9,Other repair of middle ear,Other repair of middle ear,http://fhir.hie.moh.gov.my/CodeSystem/procedure-my-core,CodeSystemProcedureMyCore
20.01,Myringotomy with insertion of tube,Myringotomy with insertion of tube,http://fhir.hie.moh.gov.my/CodeSystem/procedure-my-core,CodeSystemProcedureMyCore
20.09,Other myringotomy,Other myringotomy,http://fhir.hie.moh.gov.my/CodeSystem/procedure-my-core,CodeSystemProcedureMyCore
20.1,Removal of tympanostomy tube,Removal of tympanostomy tube,http://fhir.hie.moh.gov.my/CodeSystem/procedure-my-core,CodeSystemProcedureMyCore
20.21,Incision of mastoid,Incision of mastoid,http://fhir.hie.moh.gov.my/CodeSystem/procedure-my-core,CodeSystemProcedureMyCore
20.22,Incision of petrous pyramid air cells,Incision of petrous pyramid air cells,http://fhir.hie.moh.gov.my/CodeSystem/procedure-my-core,CodeSystemProcedureMyCore
20.23,Incision of middle ear,Incision of middle ear,http://fhir.hie.moh.gov.my/CodeSystem/procedure-my-core,CodeSystemProcedureMyCore
20.31,Electrocochleography,Electrocochleography,http://fhir.hie.moh.gov.my/CodeSystem/procedure-my-core,CodeSystemProcedureMyCore
20.32,Biopsy of middle and inner ear,Biopsy of middle and inner ear,http://fhir.hie.moh.gov.my/CodeSystem/procedure-my-core,CodeSystemProcedureMyCore
20.39,Other diagnostic procedures on middle and inner ear,Other diagnostic procedures on middle and inner ear,http://fhir.hie.moh.gov.my/CodeSystem/procedure-my-core,CodeSystemProcedureMyCore
20.41,Simple mastoidectomy,Simple mastoidectomy,http://fhir.hie.moh.gov.my/CodeSystem/procedure-my-core,CodeSystemProcedureMyCore
20.42,Radical mastoidectomy,Radical mastoidectomy,http://fhir.hie.moh.gov.my/CodeSystem/procedure-my-core,CodeSystemProcedureMyCore
20.49,Other mastoidectomy,Other mastoidectomy,http://fhir.hie.moh.gov.my/CodeSystem/procedure-my-core,CodeSystemProcedureMyCore
20.51,Excision of lesion of middle ear,Excision of lesion of middle ear,http://fhir.hie.moh.gov.my/CodeSystem/procedure-my-core,CodeSystemProcedureMyCore
20.59,Other excision of middle ear,Other excision of middle ear,http://fhir.hie.moh.gov.my/CodeSystem/procedure-my-core,CodeSystemProcedureMyCore
20.61,Fenestration of inner ear (initial),Fenestration of inner ear (initial),http://fhir.hie.moh.gov.my/CodeSystem/procedure-my-core,CodeSystemProcedureMyCore
20.62,Revision of fenestration of inner ear,Revision of fenestration of inner ear,http://fhir.hie.moh.gov.my/CodeSystem/procedure-my-core,CodeSystemProcedureMyCore
20.71,Endolymphatic shunt,Endolymphatic shunt,http://fhir.hie.moh.gov.my/CodeSystem/procedure-my-core,CodeSystemProcedureMyCore
20.72,Injection into inner ear,Injection into inner ear,http://fhir.hie.moh.gov.my/CodeSystem/procedure-my-core,CodeSystemProcedureMyCore
20.79,"Other incision, excision, and destruction of inner ear","Other incision, excision, and destruction of inner ear",http://fhir.hie.moh.gov.my/CodeSystem/procedure-my-core,CodeSystemProcedureMyCore
20.8,Operations on Eustachian tube,Operations on Eustachian tube,http://fhir.hie.moh.gov.my/CodeSystem/procedure-my-core,CodeSystemProcedureMyCore
20.91,Tympanosympathectomy,Tympanosympathectomy,http://fhir.hie.moh.gov.my/CodeSystem/procedure-my-core,CodeSystemProcedureMyCore
20.92,Revision of mastoidectomy,Revision of mastoidectomy,http://fhir.hie.moh.gov.my/CodeSystem/procedure-my-core,CodeSystemProcedureMyCore
20.93,Repair of oval and round windows,Repair of oval and round windows,http://fhir.hie.moh.gov.my/CodeSystem/procedure-my-core,CodeSystemProcedureMyCore
20.94,Injection of tympanum,Injection of tympanum,http://fhir.hie.moh.gov.my/CodeSystem/procedure-my-core,CodeSystemProcedureMyCore
20.95,Implantation of electromagnetic hearing device,Implantation of electromagnetic hearing device,http://fhir.hie.moh.gov.my/CodeSystem/procedure-my-core,CodeSystemProcedureMyCore
20.96,"Implantation or replacement of cochlear prosthetic device, not otherwise specified","Implantation or replacement of cochlear prosthetic device, not otherwise specified",http://fhir.hie.moh.gov.my/CodeSystem/procedure-my-core,CodeSystemProcedureMyCore
20.97,"Implantation or replacement of cochlear prosthetic device, single channel","Implantation or replacement of cochlear prosthetic device, single channel",http://fhir.hie.moh.gov.my/CodeSystem/procedure-my-core,CodeSystemProcedureMyCore
20.98,"Implantation or replacement of cochlear prosthetic device, multiple channel","Implantation or replacement of cochlear prosthetic device, multiple channel",http://fhir.hie.moh.gov.my/CodeSystem/procedure-my-core,CodeSystemProcedureMyCore
20.99,Other operations on middle and inner ear,Other operations on middle and inner ear,http://fhir.hie.moh.gov.my/CodeSystem/procedure-my-core,CodeSystemProcedureMyCore
21.00,"Control of epistaxis, not otherwise specified","Control of epistaxis, not otherwise specified",http://fhir.hie.moh.gov.my/CodeSystem/procedure-my-core,CodeSystemProcedureMyCore
21.01,Control of epistaxis by anterior nasal packing,Control of epistaxis by anterior nasal packing,http://fhir.hie.moh.gov.my/CodeSystem/procedure-my-core,CodeSystemProcedureMyCore
21.02,Control of epistaxis by posterior (and anterior) packing,Control of epistaxis by posterior (and anterior) packing,http://fhir.hie.moh.gov.my/CodeSystem/procedure-my-core,CodeSystemProcedureMyCore
21.03,Control of epistaxis by cauterization (and packing),Control of epistaxis by cauterization (and packing),http://fhir.hie.moh.gov.my/CodeSystem/procedure-my-core,CodeSystemProcedureMyCore
21.04,Control of epistaxis by ligation of ethmoidal arteries,Control of epistaxis by ligation of ethmoidal arteries,http://fhir.hie.moh.gov.my/CodeSystem/procedure-my-core,CodeSystemProcedureMyCore
21.05,Control of epistaxis by (transantral) ligation of the maxillary artery,Control of epistaxis by (transantral) ligation of the maxillary artery,http://fhir.hie.moh.gov.my/CodeSystem/procedure-my-core,CodeSystemProcedureMyCore
21.06,Control of epistaxis by ligation of the external carotid artery,Control of epistaxis by ligation of the external carotid artery,http://fhir.hie.moh.gov.my/CodeSystem/procedure-my-core,CodeSystemProcedureMyCore
21.07,Control of epistaxis by excision of nasal mucosa and skin grafting of septum and lateral nasal wall,Control of epistaxis by excision of nasal mucosa and skin grafting of septum and lateral nasal wall,http://fhir.hie.moh.gov.my/CodeSystem/procedure-my-core,CodeSystemProcedureMyCore
21.09,Control of epistaxis by other means,Control of epistaxis by other means,http://fhir.hie.moh.gov.my/CodeSystem/procedure-my-core,CodeSystemProcedureMyCore
21.1,Incision of nose,Incision of nose,http://fhir.hie.moh.gov.my/CodeSystem/procedure-my-core,CodeSystemProcedureMyCore
21.21,Rhinoscopy,Rhinoscopy,http://fhir.hie.moh.gov.my/CodeSystem/procedure-my-core,CodeSystemProcedureMyCore
21.22,Biopsy of nose,Biopsy of nose,http://fhir.hie.moh.gov.my/CodeSystem/procedure-my-core,CodeSystemProcedureMyCore
21.29,Other diagnostic procedures on nose,Other diagnostic procedures on nose,http://fhir.hie.moh.gov.my/CodeSystem/procedure-my-core,CodeSystemProcedureMyCore
21.30,"Excision or destruction of lesion of nose, not otherwise specified","Excision or destruction of lesion of nose, not otherwise specified",http://fhir.hie.moh.gov.my/CodeSystem/procedure-my-core,CodeSystemProcedureMyCore
21.31,Local excision or destruction of intranasal lesion,Local excision or destruction of intranasal lesion,http://fhir.hie.moh.gov.my/CodeSystem/procedure-my-core,CodeSystemProcedureMyCore
21.32,Local excision or destruction of other lesion of nose,Local excision or destruction of other lesion of nose,http://fhir.hie.moh.gov.my/CodeSystem/procedure-my-core,CodeSystemProcedureMyCore
21.4,Resection of nose,Resection of nose,http://fhir.hie.moh.gov.my/CodeSystem/procedure-my-core,CodeSystemProcedureMyCore
21.5,Submucous resection of nasal septum,Submucous resection of nasal septum,http://fhir.hie.moh.gov.my/CodeSystem/procedure-my-core,CodeSystemProcedureMyCore
21.61,Turbinectomy by diathermy or cryosurgery,Turbinectomy by diathermy or cryosurgery,http://fhir.hie.moh.gov.my/CodeSystem/procedure-my-core,CodeSystemProcedureMyCore
21.62,Fracture of the turbinates,Fracture of the turbinates,http://fhir.hie.moh.gov.my/CodeSystem/procedure-my-core,CodeSystemProcedureMyCore
21.69,Other turbinectomy,Other turbinectomy,http://fhir.hie.moh.gov.my/CodeSystem/procedure-my-core,CodeSystemProcedureMyCore
21.71,Closed reduction of nasal fracture,Closed reduction of nasal fracture,http://fhir.hie.moh.gov.my/CodeSystem/procedure-my-core,CodeSystemProcedureMyCore
21.72,Open reduction of nasal fracture,Open reduction of nasal fracture,http://fhir.hie.moh.gov.my/CodeSystem/procedure-my-core,CodeSystemProcedureMyCore
21.81,Suture of laceration of nose,Suture of laceration of nose,http://fhir.hie.moh.gov.my/CodeSystem/procedure-my-core,CodeSystemProcedureMyCore
21.82,Closure of nasal fistula,Closure of nasal fistula,http://fhir.hie.moh.gov.my/CodeSystem/procedure-my-core,CodeSystemProcedureMyCore
21.83,Total nasal reconstruction,Total nasal reconstruction,http://fhir.hie.moh.gov.my/CodeSystem/procedure-my-core,CodeSystemProcedureMyCore
21.84,Revision rhinoplasty,Revision rhinoplasty,http://fhir.hie.moh.gov.my/CodeSystem/procedure-my-core,CodeSystemProcedureMyCore
21.85,Augmentation rhinoplasty,Augmentation rhinoplasty,http://fhir.hie.moh.gov.my/CodeSystem/procedure-my-core,CodeSystemProcedureMyCore
21.86,Limited rhinoplasty,Limited rhinoplasty,http://fhir.hie.moh.gov.my/CodeSystem/procedure-my-core,CodeSystemProcedureMyCore
21.87,Other rhinoplasty,Other rhinoplasty,http://fhir.hie.moh.gov.my/CodeSystem/procedure-my-core,CodeSystemProcedureMyCore
21.88,Other septoplasty,Other septoplasty,http://fhir.hie.moh.gov.my/CodeSystem/procedure-my-core,CodeSystemProcedureMyCore
21.89,Other repair and plastic operations on nose,Other repair and plastic operations on nose,http://fhir.hie.moh.gov.my/CodeSystem/procedure-my-core,CodeSystemProcedureMyCore
21.91,Lysis of adhesions of nose,Lysis of adhesions of nose,http://fhir.hie.moh.gov.my/CodeSystem/procedure-my-core,CodeSystemProcedureMyCore
21.99,Other operations on nose,Other operations on nose,http://fhir.hie.moh.gov.my/CodeSystem/procedure-my-core,CodeSystemProcedureMyCore
22.00,"Aspiration and lavage of nasal sinus, not otherwise specified","Aspiration and lavage of nasal sinus, not otherwise specified",http://fhir.hie.moh.gov.my/CodeSystem/procedure-my-core,CodeSystemProcedureMyCore
22.01,Puncture of nasal sinus for aspiration or lavage,Puncture of nasal sinus for aspiration or lavage,http://fhir.hie.moh.gov.my/CodeSystem/procedure-my-core,CodeSystemProcedureMyCore
22.02,Aspiration or lavage of nasal sinus through natural ostium,Aspiration or lavage of nasal sinus through natural ostium,http://fhir.hie.moh.gov.my/CodeSystem/procedure-my-core,CodeSystemProcedureMyCore
22.11,Closed [endoscopic] [needle] biopsy of nasal sinus,Closed [endoscopic] [needle] biopsy of nasal sinus,http://fhir.hie.moh.gov.my/CodeSystem/procedure-my-core,CodeSystemProcedureMyCore
22.12,Open biopsy of nasal sinus,Open biopsy of nasal sinus,http://fhir.hie.moh.gov.my/CodeSystem/procedure-my-core,CodeSystemProcedureMyCore
22.19,Other diagnostic procedures on nasal sinuses,Other diagnostic procedures on nasal sinuses,http://fhir.hie.moh.gov.my/CodeSystem/procedure-my-core,CodeSystemProcedureMyCore
22.2,Intranasal antrotomy,Intranasal antrotomy,http://fhir.hie.moh.gov.my/CodeSystem/procedure-my-core,CodeSystemProcedureMyCore
22.31,Radical maxillary antrotomy,Radical maxillary antrotomy,http://fhir.hie.moh.gov.my/CodeSystem/procedure-my-core,CodeSystemProcedureMyCore
22.39,Other external maxillary antrotomy,Other external maxillary antrotomy,http://fhir.hie.moh.gov.my/CodeSystem/procedure-my-core,CodeSystemProcedureMyCore
22.41,Frontal sinusotomy,Frontal sinusotomy,http://fhir.hie.moh.gov.my/CodeSystem/procedure-my-core,CodeSystemProcedureMyCore
22.42,Frontal sinusectomy,Frontal sinusectomy,http://fhir.hie.moh.gov.my/CodeSystem/procedure-my-core,CodeSystemProcedureMyCore
22.50,"Sinusotomy, not otherwise specified","Sinusotomy, not otherwise specified",http://fhir.hie.moh.gov.my/CodeSystem/procedure-my-core,CodeSystemProcedureMyCore
22.51,Ethmoidotomy,Ethmoidotomy,http://fhir.hie.moh.gov.my/CodeSystem/procedure-my-core,CodeSystemProcedureMyCore
22.52,Sphenoidotomy,Sphenoidotomy,http://fhir.hie.moh.gov.my/CodeSystem/procedure-my-core,CodeSystemProcedureMyCore
22.53,Incision of multiple nasal sinuses,Incision of multiple nasal sinuses,http://fhir.hie.moh.gov.my/CodeSystem/procedure-my-core,CodeSystemProcedureMyCore
22.60,"Sinusectomy, not otherwise specified","Sinusectomy, not otherwise specified",http://fhir.hie.moh.gov.my/CodeSystem/procedure-my-core,CodeSystemProcedureMyCore
22.61,Excision of lesion of maxillary sinus with Caldwell-Luc approach,Excision of lesion of maxillary sinus with Caldwell-Luc approach,http://fhir.hie.moh.gov.my/CodeSystem/procedure-my-core,CodeSystemProcedureMyCore
22.62,Excision of lesion of maxillary sinus with other approach,Excision of lesion of maxillary sinus with other approach,http://fhir.hie.moh.gov.my/CodeSystem/procedure-my-core,CodeSystemProcedureMyCore
22.63,Ethmoidectomy,Ethmoidectomy,http://fhir.hie.moh.gov.my/CodeSystem/procedure-my-core,CodeSystemProcedureMyCore
22.64,Sphenoidectomy,Sphenoidectomy,http://fhir.hie.moh.gov.my/CodeSystem/procedure-my-core,CodeSystemProcedureMyCore
22.71,Closure of nasal sinus fistula,Closure of nasal sinus fistula,http://fhir.hie.moh.gov.my/CodeSystem/procedure-my-core,CodeSystemProcedureMyCore
22.79,Other repair of nasal sinus,Other repair of nasal sinus,http://fhir.hie.moh.gov.my/CodeSystem/procedure-my-core,CodeSystemProcedureMyCore
22.9,Other operations on nasal sinuses,Other operations on nasal sinuses,http://fhir.hie.moh.gov.my/CodeSystem/procedure-my-core,CodeSystemProcedureMyCore
23.01,Extraction of deciduous tooth,Extraction of deciduous tooth,http://fhir.hie.moh.gov.my/CodeSystem/procedure-my-core,CodeSystemProcedureMyCore
23.09,Extraction of other tooth,Extraction of other tooth,http://fhir.hie.moh.gov.my/CodeSystem/procedure-my-core,CodeSystemProcedureMyCore
23.11,Removal of residual root,Removal of residual root,http://fhir.hie.moh.gov.my/CodeSystem/procedure-my-core,CodeSystemProcedureMyCore
23.19,Other surgical extraction of tooth,Other surgical extraction of tooth,http://fhir.hie.moh.gov.my/CodeSystem/procedure-my-core,CodeSystemProcedureMyCore
23.2,Restoration of tooth by filling,Restoration of tooth by filling,http://fhir.hie.moh.gov.my/CodeSystem/procedure-my-core,CodeSystemProcedureMyCore
23.3,Restoration of tooth by inlay,Restoration of tooth by inlay,http://fhir.hie.moh.gov.my/CodeSystem/procedure-my-core,CodeSystemProcedureMyCore
23.41,Application of crown,Application of crown,http://fhir.hie.moh.gov.my/CodeSystem/procedure-my-core,CodeSystemProcedureMyCore
23.42,Insertion of fixed bridge,Insertion of fixed bridge,http://fhir.hie.moh.gov.my/CodeSystem/procedure-my-core,CodeSystemProcedureMyCore
23.43,Insertion of removable bridge,Insertion of removable bridge,http://fhir.hie.moh.gov.my/CodeSystem/procedure-my-core,CodeSystemProcedureMyCore
23.49,Other dental restoration,Other dental restoration,http://fhir.hie.moh.gov.my/CodeSystem/procedure-my-core,CodeSystemProcedureMyCore
23.5,Implantation of tooth,Implantation of tooth,http://fhir.hie.moh.gov.my/CodeSystem/procedure-my-core,CodeSystemProcedureMyCore
23.6,Prosthetic dental implant,Prosthetic dental implant,http://fhir.hie.moh.gov.my/CodeSystem/procedure-my-core,CodeSystemProcedureMyCore
23.70,"Root canal, not otherwise specified","Root canal, not otherwise specified",http://fhir.hie.moh.gov.my/CodeSystem/procedure-my-core,CodeSystemProcedureMyCore
23.71,Root canal therapy with irrigation,Root canal therapy with irrigation,http://fhir.hie.moh.gov.my/CodeSystem/procedure-my-core,CodeSystemProcedureMyCore
23.72,Root canal therapy with apicoectomy,Root canal therapy with apicoectomy,http://fhir.hie.moh.gov.my/CodeSystem/procedure-my-core,CodeSystemProcedureMyCore
23.73,Apicoectomy,Apicoectomy,http://fhir.hie.moh.gov.my/CodeSystem/procedure-my-core,CodeSystemProcedureMyCore
24.0,Incision of gum or alveolar bone,Incision of gum or alveolar bone,http://fhir.hie.moh.gov.my/CodeSystem/procedure-my-core,CodeSystemProcedureMyCore
24.11,Biopsy of gum,Biopsy of gum,http://fhir.hie.moh.gov.my/CodeSystem/procedure-my-core,CodeSystemProcedureMyCore
24.12,Biopsy of alveolus,Biopsy of alveolus,http://fhir.hie.moh.gov.my/CodeSystem/procedure-my-core,CodeSystemProcedureMyCore
24.19,"Other diagnostic procedures on teeth, gums, and alveoli","Other diagnostic procedures on teeth, gums, and alveoli",http://fhir.hie.moh.gov.my/CodeSystem/procedure-my-core,CodeSystemProcedureMyCore
24.2,Gingivoplasty,Gingivoplasty,http://fhir.hie.moh.gov.my/CodeSystem/procedure-my-core,CodeSystemProcedureMyCore
24.31,Excision of lesion or tissue of gum,Excision of lesion or tissue of gum,http://fhir.hie.moh.gov.my/CodeSystem/procedure-my-core,CodeSystemProcedureMyCore
24.32,Suture of laceration of gum,Suture of laceration of gum,http://fhir.hie.moh.gov.my/CodeSystem/procedure-my-core,CodeSystemProcedureMyCore
24.39,Other operations on gum,Other operations on gum,http://fhir.hie.moh.gov.my/CodeSystem/procedure-my-core,CodeSystemProcedureMyCore
24.4,Excision of dental lesion of jaw,Excision of dental lesion of jaw,http://fhir.hie.moh.gov.my/CodeSystem/procedure-my-core,CodeSystemProcedureMyCore
24.5,Alveoloplasty,Alveoloplasty,http://fhir.hie.moh.gov.my/CodeSystem/procedure-my-core,CodeSystemProcedureMyCore
24.6,Exposure of tooth,Exposure of tooth,http://fhir.hie.moh.gov.my/CodeSystem/procedure-my-core,CodeSystemProcedureMyCore
24.7,Application of orthodontic appliance,Application of orthodontic appliance,http://fhir.hie.moh.gov.my/CodeSystem/procedure-my-core,CodeSystemProcedureMyCore
24.8,Other orthodontic operation,Other orthodontic operation,http://fhir.hie.moh.gov.my/CodeSystem/procedure-my-core,CodeSystemProcedureMyCore
24.91,Extension or deepening of buccolabial or lingual sulcus,Extension or deepening of buccolabial or lingual sulcus,http://fhir.hie.moh.gov.my/CodeSystem/procedure-my-core,CodeSystemProcedureMyCore
24.99,Other dental operations,Other dental operations,http://fhir.hie.moh.gov.my/CodeSystem/procedure-my-core,CodeSystemProcedureMyCore
25.01,Closed [needle] biopsy of tongue,Closed [needle] biopsy of tongue,http://fhir.hie.moh.gov.my/CodeSystem/procedure-my-core,CodeSystemProcedureMyCore
25.02,Open biopsy of tongue,Open biopsy of tongue,http://fhir.hie.moh.gov.my/CodeSystem/procedure-my-core,CodeSystemProcedureMyCore
25.09,Other diagnostic procedures on tongue,Other diagnostic procedures on tongue,http://fhir.hie.moh.gov.my/CodeSystem/procedure-my-core,CodeSystemProcedureMyCore
25.1,Excision or destruction of lesion or tissue of tongue,Excision or destruction of lesion or tissue of tongue,http://fhir.hie.moh.gov.my/CodeSystem/procedure-my-core,CodeSystemProcedureMyCore
25.2,Partial glossectomy,Partial glossectomy,http://fhir.hie.moh.gov.my/CodeSystem/procedure-my-core,CodeSystemProcedureMyCore
25.3,Complete glossectomy,Complete glossectomy,http://fhir.hie.moh.gov.my/CodeSystem/procedure-my-core,CodeSystemProcedureMyCore
25.4,Radical glossectomy,Radical glossectomy,http://fhir.hie.moh.gov.my/CodeSystem/procedure-my-core,CodeSystemProcedureMyCore
25.51,Suture of laceration of tongue,Suture of laceration of tongue,http://fhir.hie.moh.gov.my/CodeSystem/procedure-my-core,CodeSystemProcedureMyCore
25.59,Other repair and plastic operations on tongue,Other repair and plastic operations on tongue,http://fhir.hie.moh.gov.my/CodeSystem/procedure-my-core,CodeSystemProcedureMyCore
25.91,Lingual frenotomy,Lingual frenotomy,http://fhir.hie.moh.gov.my/CodeSystem/procedure-my-core,CodeSystemProcedureMyCore
25.92,Lingual frenectomy,Lingual frenectomy,http://fhir.hie.moh.gov.my/CodeSystem/procedure-my-core,CodeSystemProcedureMyCore
25.93,Lysis of adhesions of tongue,Lysis of adhesions of tongue,http://fhir.hie.moh.gov.my/CodeSystem/procedure-my-core,CodeSystemProcedureMyCore
25.94,Other glossotomy,Other glossotomy,http://fhir.hie.moh.gov.my/CodeSystem/procedure-my-core,CodeSystemProcedureMyCore
25.99,Other operations on tongue,Other operations on tongue,http://fhir.hie.moh.gov.my/CodeSystem/procedure-my-core,CodeSystemProcedureMyCore
26.0,Incision of salivary gland or duct,Incision of salivary gland or duct,http://fhir.hie.moh.gov.my/CodeSystem/procedure-my-core,CodeSystemProcedureMyCore
26.11,Closed [needle] biopsy of salivary gland or duct,Closed [needle] biopsy of salivary gland or duct,http://fhir.hie.moh.gov.my/CodeSystem/procedure-my-core,CodeSystemProcedureMyCore
26.12,Open biopsy of salivary gland or duct,Open biopsy of salivary gland or duct,http://fhir.hie.moh.gov.my/CodeSystem/procedure-my-core,CodeSystemProcedureMyCore
26.19,Other diagnostic procedures on salivary glands and ducts,Other diagnostic procedures on salivary glands and ducts,http://fhir.hie.moh.gov.my/CodeSystem/procedure-my-core,CodeSystemProcedureMyCore
26.21,Marsupialization of salivary gland cyst,Marsupialization of salivary gland cyst,http://fhir.hie.moh.gov.my/CodeSystem/procedure-my-core,CodeSystemProcedureMyCore
26.29,Other excision of salivary gland lesion,Other excision of salivary gland lesion,http://fhir.hie.moh.gov.my/CodeSystem/procedure-my-core,CodeSystemProcedureMyCore
26.30,"Sialoadenectomy, not otherwise specified","Sialoadenectomy, not otherwise specified",http://fhir.hie.moh.gov.my/CodeSystem/procedure-my-core,CodeSystemProcedureMyCore
26.31,Partial sialoadenectomy,Partial sialoadenectomy,http://fhir.hie.moh.gov.my/CodeSystem/procedure-my-core,CodeSystemProcedureMyCore
26.32,Complete sialoadenectomy,Complete sialoadenectomy,http://fhir.hie.moh.gov.my/CodeSystem/procedure-my-core,CodeSystemProcedureMyCore
26.41,Suture of laceration of salivary gland,Suture of laceration of salivary gland,http://fhir.hie.moh.gov.my/CodeSystem/procedure-my-core,CodeSystemProcedureMyCore
26.42,Closure of salivary fistula,Closure of salivary fistula,http://fhir.hie.moh.gov.my/CodeSystem/procedure-my-core,CodeSystemProcedureMyCore
26.49,Other repair and plastic operations on salivary gland or duct,Other repair and plastic operations on salivary gland or duct,http://fhir.hie.moh.gov.my/CodeSystem/procedure-my-core,CodeSystemProcedureMyCore
26.91,Probing of salivary duct,Probing of salivary duct,http://fhir.hie.moh.gov.my/CodeSystem/procedure-my-core,CodeSystemProcedureMyCore
26.99,Other operations on salivary gland or duct,Other operations on salivary gland or duct,http://fhir.hie.moh.gov.my/CodeSystem/procedure-my-core,CodeSystemProcedureMyCore
27.0,Drainage of face and floor of mouth,Drainage of face and floor of mouth,http://fhir.hie.moh.gov.my/CodeSystem/procedure-my-core,CodeSystemProcedureMyCore
27.1,Incision of palate,Incision of palate,http://fhir.hie.moh.gov.my/CodeSystem/procedure-my-core,CodeSystemProcedureMyCore
27.21,Biopsy of bony palate,Biopsy of bony palate,http://fhir.hie.moh.gov.my/CodeSystem/procedure-my-core,CodeSystemProcedureMyCore
27.22,Biopsy of uvula and soft palate,Biopsy of uvula and soft palate,http://fhir.hie.moh.gov.my/CodeSystem/procedure-my-core,CodeSystemProcedureMyCore
27.23,Biopsy of lip,Biopsy of lip,http://fhir.hie.moh.gov.my/CodeSystem/procedure-my-core,CodeSystemProcedureMyCore
27.24,"Biopsy of mouth, unspecified structure","Biopsy of mouth, unspecified structure",http://fhir.hie.moh.gov.my/CodeSystem/procedure-my-core,CodeSystemProcedureMyCore
27.29,Other diagnostic procedures on oral cavity,Other diagnostic procedures on oral cavity,http://fhir.hie.moh.gov.my/CodeSystem/procedure-my-core,CodeSystemProcedureMyCore
27.31,Local excision or destruction of lesion or tissue of bony palate,Local excision or destruction of lesion or tissue of bony palate,http://fhir.hie.moh.gov.my/CodeSystem/procedure-my-core,CodeSystemProcedureMyCore
27.32,Wide excision or destruction of lesion or tissue of bony palate,Wide excision or destruction of lesion or tissue of bony palate,http://fhir.hie.moh.gov.my/CodeSystem/procedure-my-core,CodeSystemProcedureMyCore
27.41,Labial frenectomy,Labial frenectomy,http://fhir.hie.moh.gov.my/CodeSystem/procedure-my-core,CodeSystemProcedureMyCore
27.42,Wide excision of lesion of lip,Wide excision of lesion of lip,http://fhir.hie.moh.gov.my/CodeSystem/procedure-my-core,CodeSystemProcedureMyCore
27.43,Other excision of lesion or tissue of lip,Other excision of lesion or tissue of lip,http://fhir.hie.moh.gov.my/CodeSystem/procedure-my-core,CodeSystemProcedureMyCore
27.49,Other excision of mouth,Other excision of mouth,http://fhir.hie.moh.gov.my/CodeSystem/procedure-my-core,CodeSystemProcedureMyCore
27.51,Suture of laceration of lip,Suture of laceration of lip,http://fhir.hie.moh.gov.my/CodeSystem/procedure-my-core,CodeSystemProcedureMyCore
27.52,Suture of laceration of other part of mouth,Suture of laceration of other part of mouth,http://fhir.hie.moh.gov.my/CodeSystem/procedure-my-core,CodeSystemProcedureMyCore
27.53,Closure of fistula of mouth,Closure of fistula of mouth,http://fhir.hie.moh.gov.my/CodeSystem/procedure-my-core,CodeSystemProcedureMyCore
27.54,Repair of cleft lip,Repair of cleft lip,http://fhir.hie.moh.gov.my/CodeSystem/procedure-my-core,CodeSystemProcedureMyCore
27.55,Full-thickness skin graft to lip and mouth,Full-thickness skin graft to lip and mouth,http://fhir.hie.moh.gov.my/CodeSystem/procedure-my-core,CodeSystemProcedureMyCore
27.56,Other skin graft to lip and mouth,Other skin graft to lip and mouth,http://fhir.hie.moh.gov.my/CodeSystem/procedure-my-core,CodeSystemProcedureMyCore
27.57,Attachment of pedicle or flap graft to lip and mouth,Attachment of pedicle or flap graft to lip and mouth,http://fhir.hie.moh.gov.my/CodeSystem/procedure-my-core,CodeSystemProcedureMyCore
27.59,Other plastic repair of mouth,Other plastic repair of mouth,http://fhir.hie.moh.gov.my/CodeSystem/procedure-my-core,CodeSystemProcedureMyCore
27.61,Suture of laceration of palate,Suture of laceration of palate,http://fhir.hie.moh.gov.my/CodeSystem/procedure-my-core,CodeSystemProcedureMyCore
27.62,Correction of cleft palate,Correction of cleft palate,http://fhir.hie.moh.gov.my/CodeSystem/procedure-my-core,CodeSystemProcedureMyCore
27.63,Revision of cleft palate repair,Revision of cleft palate repair,http://fhir.hie.moh.gov.my/CodeSystem/procedure-my-core,CodeSystemProcedureMyCore
27.64,Insertion of palatal implant,Insertion of palatal implant,http://fhir.hie.moh.gov.my/CodeSystem/procedure-my-core,CodeSystemProcedureMyCore
27.69,Other plastic repair of palate,Other plastic repair of palate,http://fhir.hie.moh.gov.my/CodeSystem/procedure-my-core,CodeSystemProcedureMyCore
27.71,Incision of uvula,Incision of uvula,http://fhir.hie.moh.gov.my/CodeSystem/procedure-my-core,CodeSystemProcedureMyCore
27.72,Excision of uvula,Excision of uvula,http://fhir.hie.moh.gov.my/CodeSystem/procedure-my-core,CodeSystemProcedureMyCore
27.73,Repair of uvula,Repair of uvula,http://fhir.hie.moh.gov.my/CodeSystem/procedure-my-core,CodeSystemProcedureMyCore
27.79,Other operations on uvula,Other operations on uvula,http://fhir.hie.moh.gov.my/CodeSystem/procedure-my-core,CodeSystemProcedureMyCore
27.91,Labial frenotomy,Labial frenotomy,http://fhir.hie.moh.gov.my/CodeSystem/procedure-my-core,CodeSystemProcedureMyCore
27.92,"Incision of mouth, unspecified structure","Incision of mouth, unspecified structure",http://fhir.hie.moh.gov.my/CodeSystem/procedure-my-core,CodeSystemProcedureMyCore
27.99,Other operations on oral cavity,Other operations on oral cavity,http://fhir.hie.moh.gov.my/CodeSystem/procedure-my-core,CodeSystemProcedureMyCore
28.0,Incision and drainage of tonsil and peritonsillar structures,Incision and drainage of tonsil and peritonsillar structures,http://fhir.hie.moh.gov.my/CodeSystem/procedure-my-core,CodeSystemProcedureMyCore
28.11,Biopsy of tonsils and adenoids,Biopsy of tonsils and adenoids,http://fhir.hie.moh.gov.my/CodeSystem/procedure-my-core,CodeSystemProcedureMyCore
28.19,Other diagnostic procedures on tonsils and adenoids,Other diagnostic procedures on tonsils and adenoids,http://fhir.hie.moh.gov.my/CodeSystem/procedure-my-core,CodeSystemProcedureMyCore
28.2,Tonsillectomy without adenoidectomy,Tonsillectomy without adenoidectomy,http://fhir.hie.moh.gov.my/CodeSystem/procedure-my-core,CodeSystemProcedureMyCore
28.3,Tonsillectomy with adenoidectomy,Tonsillectomy with adenoidectomy,http://fhir.hie.moh.gov.my/CodeSystem/procedure-my-core,CodeSystemProcedureMyCore
28.4,Excision of tonsil tag,Excision of tonsil tag,http://fhir.hie.moh.gov.my/CodeSystem/procedure-my-core,CodeSystemProcedureMyCore
28.5,Excision of lingual tonsil,Excision of lingual tonsil,http://fhir.hie.moh.gov.my/CodeSystem/procedure-my-core,CodeSystemProcedureMyCore
28.6,Adenoidectomy without tonsillectomy,Adenoidectomy without tonsillectomy,http://fhir.hie.moh.gov.my/CodeSystem/procedure-my-core,CodeSystemProcedureMyCore
28.7,Control of hemorrhage after tonsillectomy and adenoidectomy,Control of hemorrhage after tonsillectomy and adenoidectomy,http://fhir.hie.moh.gov.my/CodeSystem/procedure-my-core,CodeSystemProcedureMyCore
28.91,Removal of foreign body from tonsil and adenoid by incision,Removal of foreign body from tonsil and adenoid by incision,http://fhir.hie.moh.gov.my/CodeSystem/procedure-my-core,CodeSystemProcedureMyCore
28.92,Excision of lesion of tonsil and adenoid,Excision of lesion of tonsil and adenoid,http://fhir.hie.moh.gov.my/CodeSystem/procedure-my-core,CodeSystemProcedureMyCore
28.99,Other operations on tonsils and adenoids,Other operations on tonsils and adenoids,http://fhir.hie.moh.gov.my/CodeSystem/procedure-my-core,CodeSystemProcedureMyCore
29.0,Pharyngotomy,Pharyngotomy,http://fhir.hie.moh.gov.my/CodeSystem/procedure-my-core,CodeSystemProcedureMyCore
29.11,Pharyngoscopy,Pharyngoscopy,http://fhir.hie.moh.gov.my/CodeSystem/procedure-my-core,CodeSystemProcedureMyCore
29.12,Pharyngeal biopsy,Pharyngeal biopsy,http://fhir.hie.moh.gov.my/CodeSystem/procedure-my-core,CodeSystemProcedureMyCore
29.19,Other diagnostic procedures on pharynx,Other diagnostic procedures on pharynx,http://fhir.hie.moh.gov.my/CodeSystem/procedure-my-core,CodeSystemProcedureMyCore
29.2,Excision of branchial cleft cyst or vestige,Excision of branchial cleft cyst or vestige,http://fhir.hie.moh.gov.my/CodeSystem/procedure-my-core,CodeSystemProcedureMyCore
29.31,Cricopharyngeal myotomy,Cricopharyngeal myotomy,http://fhir.hie.moh.gov.my/CodeSystem/procedure-my-core,CodeSystemProcedureMyCore
29.32,Pharyngeal diverticulectomy,Pharyngeal diverticulectomy,http://fhir.hie.moh.gov.my/CodeSystem/procedure-my-core,CodeSystemProcedureMyCore
29.33,Pharyngectomy (partial),Pharyngectomy (partial),http://fhir.hie.moh.gov.my/CodeSystem/procedure-my-core,CodeSystemProcedureMyCore
29.39,Other excision or destruction of lesion or tissue of pharynx,Other excision or destruction of lesion or tissue of pharynx,http://fhir.hie.moh.gov.my/CodeSystem/procedure-my-core,CodeSystemProcedureMyCore
29.4,Plastic operation on pharynx,Plastic operation on pharynx,http://fhir.hie.moh.gov.my/CodeSystem/procedure-my-core,CodeSystemProcedureMyCore
29.51,Suture of laceration of pharynx,Suture of laceration of pharynx,http://fhir.hie.moh.gov.my/CodeSystem/procedure-my-core,CodeSystemProcedureMyCore
29.52,Closure of branchial cleft fistula,Closure of branchial cleft fistula,http://fhir.hie.moh.gov.my/CodeSystem/procedure-my-core,CodeSystemProcedureMyCore
29.53,Closure of other fistula of pharynx,Closure of other fistula of pharynx,http://fhir.hie.moh.gov.my/CodeSystem/procedure-my-core,CodeSystemProcedureMyCore
29.54,Lysis of pharyngeal adhesions,Lysis of pharyngeal adhesions,http://fhir.hie.moh.gov.my/CodeSystem/procedure-my-core,CodeSystemProcedureMyCore
29.59,Other repair of pharynx,Other repair of pharynx,http://fhir.hie.moh.gov.my/CodeSystem/procedure-my-core,CodeSystemProcedureMyCore
29.91,Dilation of pharynx,Dilation of pharynx,http://fhir.hie.moh.gov.my/CodeSystem/procedure-my-core,CodeSystemProcedureMyCore
29.92,Division of glossopharyngeal nerve,Division of glossopharyngeal nerve,http://fhir.hie.moh.gov.my/CodeSystem/procedure-my-core,CodeSystemProcedureMyCore
29.99,Other operations on pharynx,Other operations on pharynx,http://fhir.hie.moh.gov.my/CodeSystem/procedure-my-core,CodeSystemProcedureMyCore
30.01,Marsupialization of laryngeal cyst,Marsupialization of laryngeal cyst,http://fhir.hie.moh.gov.my/CodeSystem/procedure-my-core,CodeSystemProcedureMyCore
30.09,Other excision or destruction of lesion or tissue of larynx,Other excision or destruction of lesion or tissue of larynx,http://fhir.hie.moh.gov.my/CodeSystem/procedure-my-core,CodeSystemProcedureMyCore
30.1,Hemilaryngectomy,Hemilaryngectomy,http://fhir.hie.moh.gov.my/CodeSystem/procedure-my-core,CodeSystemProcedureMyCore
30.21,Epiglottidectomy,Epiglottidectomy,http://fhir.hie.moh.gov.my/CodeSystem/procedure-my-core,CodeSystemProcedureMyCore
30.22,Vocal cordectomy,Vocal cordectomy,http://fhir.hie.moh.gov.my/CodeSystem/procedure-my-core,CodeSystemProcedureMyCore
30.29,Other partial laryngectomy,Other partial laryngectomy,http://fhir.hie.moh.gov.my/CodeSystem/procedure-my-core,CodeSystemProcedureMyCore
30.3,Complete laryngectomy,Complete laryngectomy,http://fhir.hie.moh.gov.my/CodeSystem/procedure-my-core,CodeSystemProcedureMyCore
30.4,Radical laryngectomy,Radical laryngectomy,http://fhir.hie.moh.gov.my/CodeSystem/procedure-my-core,CodeSystemProcedureMyCore
31.0,Injection of larynx,Injection of larynx,http://fhir.hie.moh.gov.my/CodeSystem/procedure-my-core,CodeSystemProcedureMyCore
31.1,Temporary tracheostomy,Temporary tracheostomy,http://fhir.hie.moh.gov.my/CodeSystem/procedure-my-core,CodeSystemProcedureMyCore
31.21,Mediastinal tracheostomy,Mediastinal tracheostomy,http://fhir.hie.moh.gov.my/CodeSystem/procedure-my-core,CodeSystemProcedureMyCore
31.29,Other permanent tracheostomy,Other permanent tracheostomy,http://fhir.hie.moh.gov.my/CodeSystem/procedure-my-core,CodeSystemProcedureMyCore
31.3,Other incision of larynx or trachea,Other incision of larynx or trachea,http://fhir.hie.moh.gov.my/CodeSystem/procedure-my-core,CodeSystemProcedureMyCore
31.41,Tracheoscopy through artificial stoma,Tracheoscopy through artificial stoma,http://fhir.hie.moh.gov.my/CodeSystem/procedure-my-core,CodeSystemProcedureMyCore
31.42,Laryngoscopy and other tracheoscopy,Laryngoscopy and other tracheoscopy,http://fhir.hie.moh.gov.my/CodeSystem/procedure-my-core,CodeSystemProcedureMyCore
31.43,Closed [endoscopic] biopsy of larynx,Closed [endoscopic] biopsy of larynx,http://fhir.hie.moh.gov.my/CodeSystem/procedure-my-core,CodeSystemProcedureMyCore
31.44,Closed [endoscopic] biopsy of trachea,Closed [endoscopic] biopsy of trachea,http://fhir.hie.moh.gov.my/CodeSystem/procedure-my-core,CodeSystemProcedureMyCore
31.45,Open biopsy of larynx or trachea,Open biopsy of larynx or trachea,http://fhir.hie.moh.gov.my/CodeSystem/procedure-my-core,CodeSystemProcedureMyCore
31.48,Other diagnostic procedures on larynx,Other diagnostic procedures on larynx,http://fhir.hie.moh.gov.my/CodeSystem/procedure-my-core,CodeSystemProcedureMyCore
31.49,Other diagnostic procedures on trachea,Other diagnostic procedures on trachea,http://fhir.hie.moh.gov.my/CodeSystem/procedure-my-core,CodeSystemProcedureMyCore
31.5,Local excision or destruction of lesion or tissue of trachea,Local excision or destruction of lesion or tissue of trachea,http://fhir.hie.moh.gov.my/CodeSystem/procedure-my-core,CodeSystemProcedureMyCore
31.61,Suture of laceration of larynx,Suture of laceration of larynx,http://fhir.hie.moh.gov.my/CodeSystem/procedure-my-core,CodeSystemProcedureMyCore
31.62,Closure of fistula of larynx,Closure of fistula of larynx,http://fhir.hie.moh.gov.my/CodeSystem/procedure-my-core,CodeSystemProcedureMyCore
31.63,Revision of laryngostomy,Revision of laryngostomy,http://fhir.hie.moh.gov.my/CodeSystem/procedure-my-core,CodeSystemProcedureMyCore
31.64,Repair of laryngeal fracture,Repair of laryngeal fracture,http://fhir.hie.moh.gov.my/CodeSystem/procedure-my-core,CodeSystemProcedureMyCore
31.69,Other repair of larynx,Other repair of larynx,http://fhir.hie.moh.gov.my/CodeSystem/procedure-my-core,CodeSystemProcedureMyCore
31.71,Suture of laceration of trachea,Suture of laceration of trachea,http://fhir.hie.moh.gov.my/CodeSystem/procedure-my-core,CodeSystemProcedureMyCore
31.72,Closure of external fistula of trachea,Closure of external fistula of trachea,http://fhir.hie.moh.gov.my/CodeSystem/procedure-my-core,CodeSystemProcedureMyCore
31.73,Closure of other fistula of trachea,Closure of other fistula of trachea,http://fhir.hie.moh.gov.my/CodeSystem/procedure-my-core,CodeSystemProcedureMyCore
31.74,Revision of tracheostomy,Revision of tracheostomy,http://fhir.hie.moh.gov.my/CodeSystem/procedure-my-core,CodeSystemProcedureMyCore
31.75,Reconstruction of trachea and construction of artificial larynx,Reconstruction of trachea and construction of artificial larynx,http://fhir.hie.moh.gov.my/CodeSystem/procedure-my-core,CodeSystemProcedureMyCore
31.79,Other repair and plastic operations on trachea,Other repair and plastic operations on trachea,http://fhir.hie.moh.gov.my/CodeSystem/procedure-my-core,CodeSystemProcedureMyCore
31.91,Division of laryngeal nerve,Division of laryngeal nerve,http://fhir.hie.moh.gov.my/CodeSystem/procedure-my-core,CodeSystemProcedureMyCore
31.92,Lysis of adhesions of trachea or larynx,Lysis of adhesions of trachea or larynx,http://fhir.hie.moh.gov.my/CodeSystem/procedure-my-core,CodeSystemProcedureMyCore
31.93,Replacement of laryngeal or tracheal stent,Replacement of laryngeal or tracheal stent,http://fhir.hie.moh.gov.my/CodeSystem/procedure-my-core,CodeSystemProcedureMyCore
31.94,Injection of locally-acting therapeutic substance into trachea,Injection of locally-acting therapeutic substance into trachea,http://fhir.hie.moh.gov.my/CodeSystem/procedure-my-core,CodeSystemProcedureMyCore
31.95,Tracheoesophageal fistulization,Tracheoesophageal fistulization,http://fhir.hie.moh.gov.my/CodeSystem/procedure-my-core,CodeSystemProcedureMyCore
31.98,Other operations on larynx,Other operations on larynx,http://fhir.hie.moh.gov.my/CodeSystem/procedure-my-core,CodeSystemProcedureMyCore
31.99,Other operations on trachea,Other operations on trachea,http://fhir.hie.moh.gov.my/CodeSystem/procedure-my-core,CodeSystemProcedureMyCore
32.01,Endoscopic excision or destruction of lesion or tissue of bronchus,Endoscopic excision or destruction of lesion or tissue of bronchus,http://fhir.hie.moh.gov.my/CodeSystem/procedure-my-core,CodeSystemProcedureMyCore
32.09,Other local excision or destruction of lesion or tissue of bronchus,Other local excision or destruction of lesion or tissue of bronchus,http://fhir.hie.moh.gov.my/CodeSystem/procedure-my-core,CodeSystemProcedureMyCore
32.1,Other excision of bronchus,Other excision of bronchus,http://fhir.hie.moh.gov.my/CodeSystem/procedure-my-core,CodeSystemProcedureMyCore
32.21,Plication of emphysematous bleb,Plication of emphysematous bleb,http://fhir.hie.moh.gov.my/CodeSystem/procedure-my-core,CodeSystemProcedureMyCore
32.22,Lung volume reduction surgery,Lung volume reduction surgery,http://fhir.hie.moh.gov.my/CodeSystem/procedure-my-core,CodeSystemProcedureMyCore
32.28,Endoscopic excision or destruction of lesion or tissue of lung,Endoscopic excision or destruction of lesion or tissue of lung,http://fhir.hie.moh.gov.my/CodeSystem/procedure-my-core,CodeSystemProcedureMyCore
32.29,Other local excision or destruction of lesion or tissue of lung,Other local excision or destruction of lesion or tissue of lung,http://fhir.hie.moh.gov.my/CodeSystem/procedure-my-core,CodeSystemProcedureMyCore
32.3,Segmental resection of lung,Segmental resection of lung,http://fhir.hie.moh.gov.my/CodeSystem/procedure-my-core,CodeSystemProcedureMyCore
32.4,Lobectomy of lung,Lobectomy of lung,http://fhir.hie.moh.gov.my/CodeSystem/procedure-my-core,CodeSystemProcedureMyCore
32.5,Complete pneumonectomy,Complete pneumonectomy,http://fhir.hie.moh.gov.my/CodeSystem/procedure-my-core,CodeSystemProcedureMyCore
32.6,Radical dissection of thoracic structures,Radical dissection of thoracic structures,http://fhir.hie.moh.gov.my/CodeSystem/procedure-my-core,CodeSystemProcedureMyCore
32.9,Other excision of lung,Other excision of lung,http://fhir.hie.moh.gov.my/CodeSystem/procedure-my-core,CodeSystemProcedureMyCore
33.0,Incision of bronchus,Incision of bronchus,http://fhir.hie.moh.gov.my/CodeSystem/procedure-my-core,CodeSystemProcedureMyCore
33.1,Incision of lung,Incision of lung,http://fhir.hie.moh.gov.my/CodeSystem/procedure-my-core,CodeSystemProcedureMyCore
33.21,Bronchoscopy through artificial stoma,Bronchoscopy through artificial stoma,http://fhir.hie.moh.gov.my/CodeSystem/procedure-my-core,CodeSystemProcedureMyCore
33.22,Fiber-optic bronchoscopy,Fiber-optic bronchoscopy,http://fhir.hie.moh.gov.my/CodeSystem/procedure-my-core,CodeSystemProcedureMyCore
33.23,Other bronchoscopy,Other bronchoscopy,http://fhir.hie.moh.gov.my/CodeSystem/procedure-my-core,CodeSystemProcedureMyCore
33.24,Closed [endoscopic] biopsy of bronchus,Closed [endoscopic] biopsy of bronchus,http://fhir.hie.moh.gov.my/CodeSystem/procedure-my-core,CodeSystemProcedureMyCore
33.25,Open biopsy of bronchus,Open biopsy of bronchus,http://fhir.hie.moh.gov.my/CodeSystem/procedure-my-core,CodeSystemProcedureMyCore
33.26,Closed [percutaneous] [needle] biopsy of lung,Closed [percutaneous] [needle] biopsy of lung,http://fhir.hie.moh.gov.my/CodeSystem/procedure-my-core,CodeSystemProcedureMyCore
33.27,Endoscopic biopsy of lung (closed),Endoscopic biopsy of lung (closed),http://fhir.hie.moh.gov.my/CodeSystem/procedure-my-core,CodeSystemProcedureMyCore
33.28,Open biopsy of lung,Open biopsy of lung,http://fhir.hie.moh.gov.my/CodeSystem/procedure-my-core,CodeSystemProcedureMyCore
33.29,Other diagnostic procedures on lung or bronchus,Other diagnostic procedures on lung or bronchus,http://fhir.hie.moh.gov.my/CodeSystem/procedure-my-core,CodeSystemProcedureMyCore
33.31,Destruction of phrenic nerve for collapse of lung,Destruction of phrenic nerve for collapse of lung,http://fhir.hie.moh.gov.my/CodeSystem/procedure-my-core,CodeSystemProcedureMyCore
33.32,Artificial pneumothorax for collapse of lung,Artificial pneumothorax for collapse of lung,http://fhir.hie.moh.gov.my/CodeSystem/procedure-my-core,CodeSystemProcedureMyCore
33.33,Pneumoperitoneum for collapse of lung,Pneumoperitoneum for collapse of lung,http://fhir.hie.moh.gov.my/CodeSystem/procedure-my-core,CodeSystemProcedureMyCore
33.34,Thoracoplasty,Thoracoplasty,http://fhir.hie.moh.gov.my/CodeSystem/procedure-my-core,CodeSystemProcedureMyCore
33.39,Other surgical collapse of lung,Other surgical collapse of lung,http://fhir.hie.moh.gov.my/CodeSystem/procedure-my-core,CodeSystemProcedureMyCore
33.41,Suture of laceration of bronchus,Suture of laceration of bronchus,http://fhir.hie.moh.gov.my/CodeSystem/procedure-my-core,CodeSystemProcedureMyCore
33.42,Closure of bronchial fistula,Closure of bronchial fistula,http://fhir.hie.moh.gov.my/CodeSystem/procedure-my-core,CodeSystemProcedureMyCore
33.43,Closure of laceration of lung,Closure of laceration of lung,http://fhir.hie.moh.gov.my/CodeSystem/procedure-my-core,CodeSystemProcedureMyCore
33.48,Other repair and plastic operations on bronchus,Other repair and plastic operations on bronchus,http://fhir.hie.moh.gov.my/CodeSystem/procedure-my-core,CodeSystemProcedureMyCore
33.49,Other repair and plastic operations on lung,Other repair and plastic operations on lung,http://fhir.hie.moh.gov.my/CodeSystem/procedure-my-core,CodeSystemProcedureMyCore
33.50,"Lung transplantation, not otherwise specified","Lung transplantation, not otherwise specified",http://fhir.hie.moh.gov.my/CodeSystem/procedure-my-core,CodeSystemProcedureMyCore
33.51,Unilateral lung transplantation,Unilateral lung transplantation,http://fhir.hie.moh.gov.my/CodeSystem/procedure-my-core,CodeSystemProcedureMyCore
33.52,Bilateral lung transplantation,Bilateral lung transplantation,http://fhir.hie.moh.gov.my/CodeSystem/procedure-my-core,CodeSystemProcedureMyCore
33.6,Combined heart-lung transplantation,Combined heart-lung transplantation,http://fhir.hie.moh.gov.my/CodeSystem/procedure-my-core,CodeSystemProcedureMyCore
33.91,Bronchial dilation,Bronchial dilation,http://fhir.hie.moh.gov.my/CodeSystem/procedure-my-core,CodeSystemProcedureMyCore
33.92,Ligation of bronchus,Ligation of bronchus,http://fhir.hie.moh.gov.my/CodeSystem/procedure-my-core,CodeSystemProcedureMyCore
33.93,Puncture of lung,Puncture of lung,http://fhir.hie.moh.gov.my/CodeSystem/procedure-my-core,CodeSystemProcedureMyCore
33.98,Other operations on bronchus,Other operations on bronchus,http://fhir.hie.moh.gov.my/CodeSystem/procedure-my-core,CodeSystemProcedureMyCore
33.99,Other operations on lung,Other operations on lung,http://fhir.hie.moh.gov.my/CodeSystem/procedure-my-core,CodeSystemProcedureMyCore
34.01,Incision of chest wall,Incision of chest wall,http://fhir.hie.moh.gov.my/CodeSystem/procedure-my-core,CodeSystemProcedureMyCore
34.02,Exploratory thoracotomy,Exploratory thoracotomy,http://fhir.hie.moh.gov.my/CodeSystem/procedure-my-core,CodeSystemProcedureMyCore
34.03,Reopening of recent thoracotomy site,Reopening of recent thoracotomy site,http://fhir.hie.moh.gov.my/CodeSystem/procedure-my-core,CodeSystemProcedureMyCore
34.04,Insertion of intercostal catheter for drainage,Insertion of intercostal catheter for drainage,http://fhir.hie.moh.gov.my/CodeSystem/procedure-my-core,CodeSystemProcedureMyCore
34.05,Creation of pleuroperitoneal shunt,Creation of pleuroperitoneal shunt,http://fhir.hie.moh.gov.my/CodeSystem/procedure-my-core,CodeSystemProcedureMyCore
34.09,Other incision of pleura,Other incision of pleura,http://fhir.hie.moh.gov.my/CodeSystem/procedure-my-core,CodeSystemProcedureMyCore
34.1,Incision of mediastinum,Incision of mediastinum,http://fhir.hie.moh.gov.my/CodeSystem/procedure-my-core,CodeSystemProcedureMyCore
34.21,Transpleural thoracoscopy,Transpleural thoracoscopy,http://fhir.hie.moh.gov.my/CodeSystem/procedure-my-core,CodeSystemProcedureMyCore
34.22,Mediastinoscopy,Mediastinoscopy,http://fhir.hie.moh.gov.my/CodeSystem/procedure-my-core,CodeSystemProcedureMyCore
34.23,Biopsy of chest wall,Biopsy of chest wall,http://fhir.hie.moh.gov.my/CodeSystem/procedure-my-core,CodeSystemProcedureMyCore
34.24,Pleural biopsy,Pleural biopsy,http://fhir.hie.moh.gov.my/CodeSystem/procedure-my-core,CodeSystemProcedureMyCore
34.25,Closed [percutaneous] [needle] biopsy of mediastinum,Closed [percutaneous] [needle] biopsy of mediastinum,http://fhir.hie.moh.gov.my/CodeSystem/procedure-my-core,CodeSystemProcedureMyCore
34.26,Open mediastinal biopsy,Open mediastinal biopsy,http://fhir.hie.moh.gov.my/CodeSystem/procedure-my-core,CodeSystemProcedureMyCore
34.27,Biopsy of diaphragm,Biopsy of diaphragm,http://fhir.hie.moh.gov.my/CodeSystem/procedure-my-core,CodeSystemProcedureMyCore
34.28,"Other diagnostic procedures on chest wall, pleura, and diaphragm","Other diagnostic procedures on chest wall, pleura, and diaphragm",http://fhir.hie.moh.gov.my/CodeSystem/procedure-my-core,CodeSystemProcedureMyCore
34.29,Other diagnostic procedures on mediastinum,Other diagnostic procedures on mediastinum,http://fhir.hie.moh.gov.my/CodeSystem/procedure-my-core,CodeSystemProcedureMyCore
34.3,Excision or destruction of lesion or tissue of mediastinum,Excision or destruction of lesion or tissue of mediastinum,http://fhir.hie.moh.gov.my/CodeSystem/procedure-my-core,CodeSystemProcedureMyCore
34.4,Excision or destruction of lesion of chest wall,Excision or destruction of lesion of chest wall,http://fhir.hie.moh.gov.my/CodeSystem/procedure-my-core,CodeSystemProcedureMyCore
34.51,Decortication of lung,Decortication of lung,http://fhir.hie.moh.gov.my/CodeSystem/procedure-my-core,CodeSystemProcedureMyCore
34.59,Other excision of pleura,Other excision of pleura,http://fhir.hie.moh.gov.my/CodeSystem/procedure-my-core,CodeSystemProcedureMyCore
34.6,Scarification of pleura,Scarification of pleura,http://fhir.hie.moh.gov.my/CodeSystem/procedure-my-core,CodeSystemProcedureMyCore
34.71,Suture of laceration of chest wall,Suture of laceration of chest wall,http://fhir.hie.moh.gov.my/CodeSystem/procedure-my-core,CodeSystemProcedureMyCore
34.72,Closure of thoracostomy,Closure of thoracostomy,http://fhir.hie.moh.gov.my/CodeSystem/procedure-my-core,CodeSystemProcedureMyCore
34.73,Closure of other fistula of thorax,Closure of other fistula of thorax,http://fhir.hie.moh.gov.my/CodeSystem/procedure-my-core,CodeSystemProcedureMyCore
34.74,Repair of pectus deformity,Repair of pectus deformity,http://fhir.hie.moh.gov.my/CodeSystem/procedure-my-core,CodeSystemProcedureMyCore
34.79,Other repair of chest wall,Other repair of chest wall,http://fhir.hie.moh.gov.my/CodeSystem/procedure-my-core,CodeSystemProcedureMyCore
34.81,Excision of lesion or tissue of diaphragm,Excision of lesion or tissue of diaphragm,http://fhir.hie.moh.gov.my/CodeSystem/procedure-my-core,CodeSystemProcedureMyCore
34.82,Suture of laceration of diaphragm,Suture of laceration of diaphragm,http://fhir.hie.moh.gov.my/CodeSystem/procedure-my-core,CodeSystemProcedureMyCore
34.83,Closure of fistula of diaphragm,Closure of fistula of diaphragm,http://fhir.hie.moh.gov.my/CodeSystem/procedure-my-core,CodeSystemProcedureMyCore
34.84,Other repair of diaphragm,Other repair of diaphragm,http://fhir.hie.moh.gov.my/CodeSystem/procedure-my-core,CodeSystemProcedureMyCore
34.85,Implantation of diaphragmatic pacemaker,Implantation of diaphragmatic pacemaker,http://fhir.hie.moh.gov.my/CodeSystem/procedure-my-core,CodeSystemProcedureMyCore
34.89,Other operations on diaphragm,Other operations on diaphragm,http://fhir.hie.moh.gov.my/CodeSystem/procedure-my-core,CodeSystemProcedureMyCore
34.91,Thoracentesis,Thoracentesis,http://fhir.hie.moh.gov.my/CodeSystem/procedure-my-core,CodeSystemProcedureMyCore
34.92,Injection into thoracic cavity,Injection into thoracic cavity,http://fhir.hie.moh.gov.my/CodeSystem/procedure-my-core,CodeSystemProcedureMyCore
34.93,Repair of pleura,Repair of pleura,http://fhir.hie.moh.gov.my/CodeSystem/procedure-my-core,CodeSystemProcedureMyCore
34.99,Other operations on thorax,Other operations on thorax,http://fhir.hie.moh.gov.my/CodeSystem/procedure-my-core,CodeSystemProcedureMyCore
35.00,"Closed heart valvotomy, unspecified valve","Closed heart valvotomy, unspecified valve",http://fhir.hie.moh.gov.my/CodeSystem/procedure-my-core,CodeSystemProcedureMyCore
35.01,"Closed heart valvotomy, aortic valve","Closed heart valvotomy, aortic valve",http://fhir.hie.moh.gov.my/CodeSystem/procedure-my-core,CodeSystemProcedureMyCore
35.02,"Closed heart valvotomy, mitral valve","Closed heart valvotomy, mitral valve",http://fhir.hie.moh.gov.my/CodeSystem/procedure-my-core,CodeSystemProcedureMyCore
35.03,"Closed heart valvotomy, pulmonary valve","Closed heart valvotomy, pulmonary valve",http://fhir.hie.moh.gov.my/CodeSystem/procedure-my-core,CodeSystemProcedureMyCore
35.04,"Closed heart valvotomy, tricuspid valve","Closed heart valvotomy, tricuspid valve",http://fhir.hie.moh.gov.my/CodeSystem/procedure-my-core,CodeSystemProcedureMyCore
35.10,"Open heart valvuloplasty without replacement, unspecified valve","Open heart valvuloplasty without replacement, unspecified valve",http://fhir.hie.moh.gov.my/CodeSystem/procedure-my-core,CodeSystemProcedureMyCore
35.11,Open heart valvuloplasty of aortic valve without replacement,Open heart valvuloplasty of aortic valve without replacement,http://fhir.hie.moh.gov.my/CodeSystem/procedure-my-core,CodeSystemProcedureMyCore
35.12,Open heart valvuloplasty of mitral valve without replacement,Open heart valvuloplasty of mitral valve without replacement,http://fhir.hie.moh.gov.my/CodeSystem/procedure-my-core,CodeSystemProcedureMyCore
35.13,Open heart valvuloplasty of pulmonary valve without replacement,Open heart valvuloplasty of pulmonary valve without replacement,http://fhir.hie.moh.gov.my/CodeSystem/procedure-my-core,CodeSystemProcedureMyCore
35.14,Open heart valvuloplasty of tricuspid valve without replacement,Open heart valvuloplasty of tricuspid valve without replacement,http://fhir.hie.moh.gov.my/CodeSystem/procedure-my-core,CodeSystemProcedureMyCore
35.20,Replacement of unspecified heart valve,Replacement of unspecified heart valve,http://fhir.hie.moh.gov.my/CodeSystem/procedure-my-core,CodeSystemProcedureMyCore
35.21,Replacement of aortic valve with tissue graft,Replacement of aortic valve with tissue graft,http://fhir.hie.moh.gov.my/CodeSystem/procedure-my-core,CodeSystemProcedureMyCore
35.22,Other replacement of aortic valve,Other replacement of aortic valve,http://fhir.hie.moh.gov.my/CodeSystem/procedure-my-core,CodeSystemProcedureMyCore
35.23,Replacement of mitral valve with tissue graft,Replacement of mitral valve with tissue graft,http://fhir.hie.moh.gov.my/CodeSystem/procedure-my-core,CodeSystemProcedureMyCore
35.24,Other replacement of mitral valve,Other replacement of mitral valve,http://fhir.hie.moh.gov.my/CodeSystem/procedure-my-core,CodeSystemProcedureMyCore
35.25,Replacement of pulmonary valve with tissue graft,Replacement of pulmonary valve with tissue graft,http://fhir.hie.moh.gov.my/CodeSystem/procedure-my-core,CodeSystemProcedureMyCore
35.26,Other replacement of pulmonary valve,Other replacement of pulmonary valve,http://fhir.hie.moh.gov.my/CodeSystem/procedure-my-core,CodeSystemProcedureMyCore
35.27,Replacement of tricuspid valve with tissue graft,Replacement of tricuspid valve with tissue graft,http://fhir.hie.moh.gov.my/CodeSystem/procedure-my-core,CodeSystemProcedureMyCore
35.28,Other replacement of tricuspid valve,Other replacement of tricuspid valve,http://fhir.hie.moh.gov.my/CodeSystem/procedure-my-core,CodeSystemProcedureMyCore
35.31,Operations on papillary muscle,Operations on papillary muscle,http://fhir.hie.moh.gov.my/CodeSystem/procedure-my-core,CodeSystemProcedureMyCore
35.32,Operations on chordae tendineae,Operations on chordae tendineae,http://fhir.hie.moh.gov.my/CodeSystem/procedure-my-core,CodeSystemProcedureMyCore
35.33,Annuloplasty,Annuloplasty,http://fhir.hie.moh.gov.my/CodeSystem/procedure-my-core,CodeSystemProcedureMyCore
35.34,Infundibulectomy,Infundibulectomy,http://fhir.hie.moh.gov.my/CodeSystem/procedure-my-core,CodeSystemProcedureMyCore
35.35,Operations on trabeculae carneae cordis,Operations on trabeculae carneae cordis,http://fhir.hie.moh.gov.my/CodeSystem/procedure-my-core,CodeSystemProcedureMyCore
35.39,Operations on other structures adjacent to valves of heart,Operations on other structures adjacent to valves of heart,http://fhir.hie.moh.gov.my/CodeSystem/procedure-my-core,CodeSystemProcedureMyCore
35.41,Enlargement of existing atrial septal defect,Enlargement of existing atrial septal defect,http://fhir.hie.moh.gov.my/CodeSystem/procedure-my-core,CodeSystemProcedureMyCore
35.42,Creation of septal defect in heart,Creation of septal defect in heart,http://fhir.hie.moh.gov.my/CodeSystem/procedure-my-core,CodeSystemProcedureMyCore
35.50,Repair of unspecified septal defect of heart with prosthesis,Repair of unspecified septal defect of heart with prosthesis,http://fhir.hie.moh.gov.my/CodeSystem/procedure-my-core,CodeSystemProcedureMyCore
35.51,"Repair of atrial septal defect with prosthesis, open technique","Repair of atrial septal defect with prosthesis, open technique",http://fhir.hie.moh.gov.my/CodeSystem/procedure-my-core,CodeSystemProcedureMyCore
35.52,"Repair of atrial septal defect with prosthesis, closed technique","Repair of atrial septal defect with prosthesis, closed technique",http://fhir.hie.moh.gov.my/CodeSystem/procedure-my-core,CodeSystemProcedureMyCore
35.53,Repair of ventricular septal defect with prosthesis,Repair of ventricular septal defect with prosthesis,http://fhir.hie.moh.gov.my/CodeSystem/procedure-my-core,CodeSystemProcedureMyCore
35.54,Repair of endocardial cushion defect with prosthesis,Repair of endocardial cushion defect with prosthesis,http://fhir.hie.moh.gov.my/CodeSystem/procedure-my-core,CodeSystemProcedureMyCore
35.60,Repair of unspecified septal defect of heart with tissue graft,Repair of unspecified septal defect of heart with tissue graft,http://fhir.hie.moh.gov.my/CodeSystem/procedure-my-core,CodeSystemProcedureMyCore
35.61,Repair of atrial septal defect with tissue graft,Repair of atrial septal defect with tissue graft,http://fhir.hie.moh.gov.my/CodeSystem/procedure-my-core,CodeSystemProcedureMyCore
35.62,Repair of ventricular septal defect with tissue graft,Repair of ventricular septal defect with tissue graft,http://fhir.hie.moh.gov.my/CodeSystem/procedure-my-core,CodeSystemProcedureMyCore
35.63,Repair of endocardial cushion defect with tissue graft,Repair of endocardial cushion defect with tissue graft,http://fhir.hie.moh.gov.my/CodeSystem/procedure-my-core,CodeSystemProcedureMyCore
35.70,Other and unspecified repair of unspecified septal defect of heart,Other and unspecified repair of unspecified septal defect of heart,http://fhir.hie.moh.gov.my/CodeSystem/procedure-my-core,CodeSystemProcedureMyCore
35.71,Other and unspecified repair of atrial septal defect,Other and unspecified repair of atrial septal defect,http://fhir.hie.moh.gov.my/CodeSystem/procedure-my-core,CodeSystemProcedureMyCore
35.72,Other and unspecified repair of ventricular septal defect,Other and unspecified repair of ventricular septal defect,http://fhir.hie.moh.gov.my/CodeSystem/procedure-my-core,CodeSystemProcedureMyCore
35.73,Other and unspecified repair of endocardial cushion defect,Other and unspecified repair of endocardial cushion defect,http://fhir.hie.moh.gov.my/CodeSystem/procedure-my-core,CodeSystemProcedureMyCore
35.81,Total repair of tetralogy of Fallot,Total repair of tetralogy of Fallot,http://fhir.hie.moh.gov.my/CodeSystem/procedure-my-core,CodeSystemProcedureMyCore
35.82,Total repair of total anomalous pulmonary venous connection,Total repair of total anomalous pulmonary venous connection,http://fhir.hie.moh.gov.my/CodeSystem/procedure-my-core,CodeSystemProcedureMyCore
35.83,Total repair of truncus arteriosus,Total repair of truncus arteriosus,http://fhir.hie.moh.gov.my/CodeSystem/procedure-my-core,CodeSystemProcedureMyCore
35.84,"Total correction of transposition of great vessels, not elsewhere classified","Total correction of transposition of great vessels, not elsewhere classified",http://fhir.hie.moh.gov.my/CodeSystem/procedure-my-core,CodeSystemProcedureMyCore
35.91,Interatrial transposition of venous return,Interatrial transposition of venous return,http://fhir.hie.moh.gov.my/CodeSystem/procedure-my-core,CodeSystemProcedureMyCore
35.92,Creation of conduit between right ventricle and pulmonary artery,Creation of conduit between right ventricle and pulmonary artery,http://fhir.hie.moh.gov.my/CodeSystem/procedure-my-core,CodeSystemProcedureMyCore
35.93,Creation of conduit between left ventricle and aorta,Creation of conduit between left ventricle and aorta,http://fhir.hie.moh.gov.my/CodeSystem/procedure-my-core,CodeSystemProcedureMyCore
35.94,Creation of conduit between atrium and pulmonary artery,Creation of conduit between atrium and pulmonary artery,http://fhir.hie.moh.gov.my/CodeSystem/procedure-my-core,CodeSystemProcedureMyCore
35.95,Revision of corrective procedure on heart,Revision of corrective procedure on heart,http://fhir.hie.moh.gov.my/CodeSystem/procedure-my-core,CodeSystemProcedureMyCore
35.96,Percutaneous valvuloplasty,Percutaneous valvuloplasty,http://fhir.hie.moh.gov.my/CodeSystem/procedure-my-core,CodeSystemProcedureMyCore
35.98,Other operations on septa of heart,Other operations on septa of heart,http://fhir.hie.moh.gov.my/CodeSystem/procedure-my-core,CodeSystemProcedureMyCore
35.99,Other operations on valves of heart,Other operations on valves of heart,http://fhir.hie.moh.gov.my/CodeSystem/procedure-my-core,CodeSystemProcedureMyCore
36.01,Single vessel percutaneous transluminal coronary angioplasty [PTCA] or coronary atherectomy without mention of thrombolytic agent,Single vessel percutaneous transluminal coronary angioplasty [PTCA] or coronary atherectomy without mention of thrombolytic agent,http://fhir.hie.moh.gov.my/CodeSystem/procedure-my-core,CodeSystemProcedureMyCore
36.02,Single vessel percutaneous transluminal coronary angioplasty [PTCA] or coronary atherectomy with mention of thrombolytic agent,Single vessel percutaneous transluminal coronary angioplasty [PTCA] or coronary atherectomy with mention of thrombolytic agent,http://fhir.hie.moh.gov.my/CodeSystem/procedure-my-core,CodeSystemProcedureMyCore
36.03,Open chest coronary artery angioplasty,Open chest coronary artery angioplasty,http://fhir.hie.moh.gov.my/CodeSystem/procedure-my-core,CodeSystemProcedureMyCore
36.04,Intracoronary artery thrombolytic infusion,Intracoronary artery thrombolytic infusion,http://fhir.hie.moh.gov.my/CodeSystem/procedure-my-core,CodeSystemProcedureMyCore
36.05,"Multiple vessel percutaneous transluminal coronary angioplasty [PTCA] or coronary atherectomy performed during the same operation, with or without mention of thrombolytic agent","Multiple vessel percutaneous transluminal coronary angioplasty [PTCA] or coronary atherectomy performed during the same operation, with or without mention of thrombolytic agent",http://fhir.hie.moh.gov.my/CodeSystem/procedure-my-core,CodeSystemProcedureMyCore
36.06,Insertion of coronary artety stent(s),Insertion of coronary artety stent(s),http://fhir.hie.moh.gov.my/CodeSystem/procedure-my-core,CodeSystemProcedureMyCore
36.07,Insertion of drug-eluting coronary artery stent(s),Insertion of drug-eluting coronary artery stent(s),http://fhir.hie.moh.gov.my/CodeSystem/procedure-my-core,CodeSystemProcedureMyCore
36.09,Other specified removal of coronary artery obstruction,Other specified removal of coronary artery obstruction,http://fhir.hie.moh.gov.my/CodeSystem/procedure-my-core,CodeSystemProcedureMyCore
36.10,"Aortocoronary bypass for heart revascularization, not otherwise specified","Aortocoronary bypass for heart revascularization, not otherwise specified",http://fhir.hie.moh.gov.my/CodeSystem/procedure-my-core,CodeSystemProcedureMyCore
36.11,(Aorto)coronary bypass of one coronary artery,(Aorto)coronary bypass of one coronary artery,http://fhir.hie.moh.gov.my/CodeSystem/procedure-my-core,CodeSystemProcedureMyCore
36.12,(Aorto)coronary bypass of two coronary arteries,(Aorto)coronary bypass of two coronary arteries,http://fhir.hie.moh.gov.my/CodeSystem/procedure-my-core,CodeSystemProcedureMyCore
36.13,(Aorto)coronary bypass of three coronary arteries,(Aorto)coronary bypass of three coronary arteries,http://fhir.hie.moh.gov.my/CodeSystem/procedure-my-core,CodeSystemProcedureMyCore
36.14,(Aorto)coronary bypass of four or more coronary arteries,(Aorto)coronary bypass of four or more coronary arteries,http://fhir.hie.moh.gov.my/CodeSystem/procedure-my-core,CodeSystemProcedureMyCore
36.15,Single internal mammary-coronary artery bypass,Single internal mammary-coronary artery bypass,http://fhir.hie.moh.gov.my/CodeSystem/procedure-my-core,CodeSystemProcedureMyCore
36.16,Double internal mammary-coronary artery bypass,Double internal mammary-coronary artery bypass,http://fhir.hie.moh.gov.my/CodeSystem/procedure-my-core,CodeSystemProcedureMyCore
36.17,Abdominal - coronary artery bypass,Abdominal - coronary artery bypass,http://fhir.hie.moh.gov.my/CodeSystem/procedure-my-core,CodeSystemProcedureMyCore
36.19,Other bypass anastomosis for heart revascularization,Other bypass anastomosis for heart revascularization,http://fhir.hie.moh.gov.my/CodeSystem/procedure-my-core,CodeSystemProcedureMyCore
36.2,Heart revascularization by arterial implant,Heart revascularization by arterial implant,http://fhir.hie.moh.gov.my/CodeSystem/procedure-my-core,CodeSystemProcedureMyCore
36.31,Open chest transmyocardial revascularization,Open chest transmyocardial revascularization,http://fhir.hie.moh.gov.my/CodeSystem/procedure-my-core,CodeSystemProcedureMyCore
36.32,Other transmyocardial revascularization,Other transmyocardial revascularization,http://fhir.hie.moh.gov.my/CodeSystem/procedure-my-core,CodeSystemProcedureMyCore
36.39,Other heart revascularization,Other heart revascularization,http://fhir.hie.moh.gov.my/CodeSystem/procedure-my-core,CodeSystemProcedureMyCore
36.91,Repair of aneurysm of coronary vessel,Repair of aneurysm of coronary vessel,http://fhir.hie.moh.gov.my/CodeSystem/procedure-my-core,CodeSystemProcedureMyCore
36.99,Other operations on vessels of heart,Other operations on vessels of heart,http://fhir.hie.moh.gov.my/CodeSystem/procedure-my-core,CodeSystemProcedureMyCore
37.0,Pericardiocentesis,Pericardiocentesis,http://fhir.hie.moh.gov.my/CodeSystem/procedure-my-core,CodeSystemProcedureMyCore
37.10,"Incision of heart, not otherwise specified","Incision of heart, not otherwise specified",http://fhir.hie.moh.gov.my/CodeSystem/procedure-my-core,CodeSystemProcedureMyCore
37.11,Cardiotomy,Cardiotomy,http://fhir.hie.moh.gov.my/CodeSystem/procedure-my-core,CodeSystemProcedureMyCore
37.12,Pericardiotomy,Pericardiotomy,http://fhir.hie.moh.gov.my/CodeSystem/procedure-my-core,CodeSystemProcedureMyCore
37.21,Right heart cardiac catheterization,Right heart cardiac catheterization,http://fhir.hie.moh.gov.my/CodeSystem/procedure-my-core,CodeSystemProcedureMyCore
37.22,Left heart cardiac catheterization,Left heart cardiac catheterization,http://fhir.hie.moh.gov.my/CodeSystem/procedure-my-core,CodeSystemProcedureMyCore
37.23,Combined right and left heart cardiac catheterization,Combined right and left heart cardiac catheterization,http://fhir.hie.moh.gov.my/CodeSystem/procedure-my-core,CodeSystemProcedureMyCore
37.24,Biopsy of pericardium,Biopsy of pericardium,http://fhir.hie.moh.gov.my/CodeSystem/procedure-my-core,CodeSystemProcedureMyCore
37.25,Biopsy of heart,Biopsy of heart,http://fhir.hie.moh.gov.my/CodeSystem/procedure-my-core,CodeSystemProcedureMyCore
37.26,Cardiac electrophysiologic stimulation and recording studies,Cardiac electrophysiologic stimulation and recording studies,http://fhir.hie.moh.gov.my/CodeSystem/procedure-my-core,CodeSystemProcedureMyCore
37.27,Cardiac mapping,Cardiac mapping,http://fhir.hie.moh.gov.my/CodeSystem/procedure-my-core,CodeSystemProcedureMyCore
37.28,Intracardiac echocardiography,Intracardiac echocardiography,http://fhir.hie.moh.gov.my/CodeSystem/procedure-my-core,CodeSystemProcedureMyCore
37.29,Other diagnostic procedures on heart and pericardium,Other diagnostic procedures on heart and pericardium,http://fhir.hie.moh.gov.my/CodeSystem/procedure-my-core,CodeSystemProcedureMyCore
37.31,Pericardiectomy,Pericardiectomy,http://fhir.hie.moh.gov.my/CodeSystem/procedure-my-core,CodeSystemProcedureMyCore
37.32,Excision of aneurysm of heart,Excision of aneurysm of heart,http://fhir.hie.moh.gov.my/CodeSystem/procedure-my-core,CodeSystemProcedureMyCore
37.33,"Excision or destruction of other lesion or tissue of heart, open approach","Excision or destruction of other lesion or tissue of heart, open approach",http://fhir.hie.moh.gov.my/CodeSystem/procedure-my-core,CodeSystemProcedureMyCore
37.34,"Excision or destruction of other lesion or tissue of heart, other approach","Excision or destruction of other lesion or tissue of heart, other approach",http://fhir.hie.moh.gov.my/CodeSystem/procedure-my-core,CodeSystemProcedureMyCore
37.35,Partial ventriculectomy,Partial ventriculectomy,http://fhir.hie.moh.gov.my/CodeSystem/procedure-my-core,CodeSystemProcedureMyCore
37.4,Repair of heart and pericardium,Repair of heart and pericardium,http://fhir.hie.moh.gov.my/CodeSystem/procedure-my-core,CodeSystemProcedureMyCore
37.51,Heart transplantation,Heart transplantation,http://fhir.hie.moh.gov.my/CodeSystem/procedure-my-core,CodeSystemProcedureMyCore
37.52,Implantation of total replacement heart system,Implantation of total replacement heart system,http://fhir.hie.moh.gov.my/CodeSystem/procedure-my-core,CodeSystemProcedureMyCore
37.53,Replacement or repair of thoracic unit of total replacement heart system,Replacement or repair of thoracic unit of total replacement heart system,http://fhir.hie.moh.gov.my/CodeSystem/procedure-my-core,CodeSystemProcedureMyCore
37.54,Replacement or repair of other implantable component of total replacement heart system,Replacement or repair of other implantable component of total replacement heart system,http://fhir.hie.moh.gov.my/CodeSystem/procedure-my-core,CodeSystemProcedureMyCore
37.61,Implant of pulsation balloon,Implant of pulsation balloon,http://fhir.hie.moh.gov.my/CodeSystem/procedure-my-core,CodeSystemProcedureMyCore
37.62,Insertion of non-implantable heart assist system,Insertion of non-implantable heart assist system,http://fhir.hie.moh.gov.my/CodeSystem/procedure-my-core,CodeSystemProcedureMyCore
37.63,Repair of heart assist system,Repair of heart assist system,http://fhir.hie.moh.gov.my/CodeSystem/procedure-my-core,CodeSystemProcedureMyCore
37.64,Removal of heart assist system,Removal of heart assist system,http://fhir.hie.moh.gov.my/CodeSystem/procedure-my-core,CodeSystemProcedureMyCore
37.65,Implant of external heart assist system,Implant of external heart assist system,http://fhir.hie.moh.gov.my/CodeSystem/procedure-my-core,CodeSystemProcedureMyCore
37.66,Insertion of implantable heart assist system,Insertion of implantable heart assist system,http://fhir.hie.moh.gov.my/CodeSystem/procedure-my-core,CodeSystemProcedureMyCore
37.67,Implantation of cardiomyostimulation system,Implantation of cardiomyostimulation system,http://fhir.hie.moh.gov.my/CodeSystem/procedure-my-core,CodeSystemProcedureMyCore
37.68,Insertion of percutaneous external heart assist device,Insertion of percutaneous external heart assist device,http://fhir.hie.moh.gov.my/CodeSystem/procedure-my-core,CodeSystemProcedureMyCore
37.70,"Initial insertion of pacemaker lead [electrode], not otherwise specified","Initial insertion of pacemaker lead [electrode], not otherwise specified",http://fhir.hie.moh.gov.my/CodeSystem/procedure-my-core,CodeSystemProcedureMyCore
37.71,Initial insertion of transvenous lead [electrode] into ventricle,Initial insertion of transvenous lead [electrode] into ventricle,http://fhir.hie.moh.gov.my/CodeSystem/procedure-my-core,CodeSystemProcedureMyCore
37.72,Initial insertion of transvenous leads [electrodes] into atrium and ventricle,Initial insertion of transvenous leads [electrodes] into atrium and ventricle,http://fhir.hie.moh.gov.my/CodeSystem/procedure-my-core,CodeSystemProcedureMyCore
37.73,Initial insertion of transvenous lead [electrode] into atrium,Initial insertion of transvenous lead [electrode] into atrium,http://fhir.hie.moh.gov.my/CodeSystem/procedure-my-core,CodeSystemProcedureMyCore
37.74,Insertion or replacement of epicardial lead [electrode] into epicardium,Insertion or replacement of epicardial lead [electrode] into epicardium,http://fhir.hie.moh.gov.my/CodeSystem/procedure-my-core,CodeSystemProcedureMyCore
37.75,Revision of pacemaker lead [electrode],Revision of pacemaker lead [electrode],http://fhir.hie.moh.gov.my/CodeSystem/procedure-my-core,CodeSystemProcedureMyCore
37.76,Replacement of transvenous atrial and/or ventricular lead(s) [electrode],Replacement of transvenous atrial and/or ventricular lead(s) [electrode],http://fhir.hie.moh.gov.my/CodeSystem/procedure-my-core,CodeSystemProcedureMyCore
37.77,Removal of pacemaker lead(s) [electrode] without replacement,Removal of pacemaker lead(s) [electrode] without replacement,http://fhir.hie.moh.gov.my/CodeSystem/procedure-my-core,CodeSystemProcedureMyCore
37.78,Insertion of temporary transvenous pacemaker system,Insertion of temporary transvenous pacemaker system,http://fhir.hie.moh.gov.my/CodeSystem/procedure-my-core,CodeSystemProcedureMyCore
37.79,Revision or relocation of pacemaker pocket,Revision or relocation of pacemaker pocket,http://fhir.hie.moh.gov.my/CodeSystem/procedure-my-core,CodeSystemProcedureMyCore
37.80,"Insertion of permanent pacemaker, initial or replacement, type of device not specified","Insertion of permanent pacemaker, initial or replacement, type of device not specified",http://fhir.hie.moh.gov.my/CodeSystem/procedure-my-core,CodeSystemProcedureMyCore
37.81,"Initial insertion of single-chamber device, not specified as rate responsive","Initial insertion of single-chamber device, not specified as rate responsive",http://fhir.hie.moh.gov.my/CodeSystem/procedure-my-core,CodeSystemProcedureMyCore
37.82,"Initial insertion of single-chamber device, rate responsive","Initial insertion of single-chamber device, rate responsive",http://fhir.hie.moh.gov.my/CodeSystem/procedure-my-core,CodeSystemProcedureMyCore
37.83,Initial insertion of dual-chamber device,Initial insertion of dual-chamber device,http://fhir.hie.moh.gov.my/CodeSystem/procedure-my-core,CodeSystemProcedureMyCore
37.85,"Replacement of any type pacemaker device with single- chamber device, not specified as rate responsive","Replacement of any type pacemaker device with single- chamber device, not specified as rate responsive",http://fhir.hie.moh.gov.my/CodeSystem/procedure-my-core,CodeSystemProcedureMyCore
37.86,"Replacement of any type of pacemaker device with single- chamber device, rate responsive","Replacement of any type of pacemaker device with single- chamber device, rate responsive",http://fhir.hie.moh.gov.my/CodeSystem/procedure-my-core,CodeSystemProcedureMyCore
37.87,Replacement of any type pacemaker device with dual- chamber device,Replacement of any type pacemaker device with dual- chamber device,http://fhir.hie.moh.gov.my/CodeSystem/procedure-my-core,CodeSystemProcedureMyCore
37.89,Revision or removal of pacemaker device,Revision or removal of pacemaker device,http://fhir.hie.moh.gov.my/CodeSystem/procedure-my-core,CodeSystemProcedureMyCore
37.90,Insertion of left atrial appendage device,Insertion of left atrial appendage device,http://fhir.hie.moh.gov.my/CodeSystem/procedure-my-core,CodeSystemProcedureMyCore
37.91,Open chest cardiac massage,Open chest cardiac massage,http://fhir.hie.moh.gov.my/CodeSystem/procedure-my-core,CodeSystemProcedureMyCore
37.92,Injection of therapeutic substance into heart,Injection of therapeutic substance into heart,http://fhir.hie.moh.gov.my/CodeSystem/procedure-my-core,CodeSystemProcedureMyCore
37.93,Injection of therapeutic substance into pericardium,Injection of therapeutic substance into pericardium,http://fhir.hie.moh.gov.my/CodeSystem/procedure-my-core,CodeSystemProcedureMyCore
37.94,"Implantation or replacement of automatic cardioverter/defibrillator, total system [AICD]","Implantation or replacement of automatic cardioverter/defibrillator, total system [AICD]",http://fhir.hie.moh.gov.my/CodeSystem/procedure-my-core,CodeSystemProcedureMyCore
37.95,Implantation of automatic cardioverter/defibrillator lead(s) only,Implantation of automatic cardioverter/defibrillator lead(s) only,http://fhir.hie.moh.gov.my/CodeSystem/procedure-my-core,CodeSystemProcedureMyCore
37.96,Implantation of automatic cardioverter/defibrillator pulse generator only,Implantation of automatic cardioverter/defibrillator pulse generator only,http://fhir.hie.moh.gov.my/CodeSystem/procedure-my-core,CodeSystemProcedureMyCore
37.97,Replacement of automatic cardioverter/defibrillator lead(s) only,Replacement of automatic cardioverter/defibrillator lead(s) only,http://fhir.hie.moh.gov.my/CodeSystem/procedure-my-core,CodeSystemProcedureMyCore
37.98,Replacement of automatic cardioverter/defibrillator pulse generator only,Replacement of automatic cardioverter/defibrillator pulse generator only,http://fhir.hie.moh.gov.my/CodeSystem/procedure-my-core,CodeSystemProcedureMyCore
37.99,Other operations on heart and pericardium,Other operations on heart and pericardium,http://fhir.hie.moh.gov.my/CodeSystem/procedure-my-core,CodeSystemProcedureMyCore
38.00,"Incision of vessel, unspecified site","Incision of vessel, unspecified site",http://fhir.hie.moh.gov.my/CodeSystem/procedure-my-core,CodeSystemProcedureMyCore
38.01,Incision of intracranial vessels,Incision of intracranial vessels,http://fhir.hie.moh.gov.my/CodeSystem/procedure-my-core,CodeSystemProcedureMyCore
38.02,Incision of other vessels of head and neck,Incision of other vessels of head and neck,http://fhir.hie.moh.gov.my/CodeSystem/procedure-my-core,CodeSystemProcedureMyCore
38.03,Incision of upper limb vessels,Incision of upper limb vessels,http://fhir.hie.moh.gov.my/CodeSystem/procedure-my-core,CodeSystemProcedureMyCore
38.04,Incision of aorta,Incision of aorta,http://fhir.hie.moh.gov.my/CodeSystem/procedure-my-core,CodeSystemProcedureMyCore
38.05,Incision of other thoracic vessels,Incision of other thoracic vessels,http://fhir.hie.moh.gov.my/CodeSystem/procedure-my-core,CodeSystemProcedureMyCore
38.06,Incision of abdominal arteries,Incision of abdominal arteries,http://fhir.hie.moh.gov.my/CodeSystem/procedure-my-core,CodeSystemProcedureMyCore
38.07,Incision of abdominal veins,Incision of abdominal veins,http://fhir.hie.moh.gov.my/CodeSystem/procedure-my-core,CodeSystemProcedureMyCore
38.08,Incision of lower limb arteries,Incision of lower limb arteries,http://fhir.hie.moh.gov.my/CodeSystem/procedure-my-core,CodeSystemProcedureMyCore
38.09,Incision of lower limb veins,Incision of lower limb veins,http://fhir.hie.moh.gov.my/CodeSystem/procedure-my-core,CodeSystemProcedureMyCore
38.10,"Endarterectomy, unspecified site","Endarterectomy, unspecified site",http://fhir.hie.moh.gov.my/CodeSystem/procedure-my-core,CodeSystemProcedureMyCore
38.11,Endarterectomy of intracranial vessels,Endarterectomy of intracranial vessels,http://fhir.hie.moh.gov.my/CodeSystem/procedure-my-core,CodeSystemProcedureMyCore
38.12,Endarterectomy of other vessels of head and neck,Endarterectomy of other vessels of head and neck,http://fhir.hie.moh.gov.my/CodeSystem/procedure-my-core,CodeSystemProcedureMyCore
38.13,Endarterectomy of upper limb vessels,Endarterectomy of upper limb vessels,http://fhir.hie.moh.gov.my/CodeSystem/procedure-my-core,CodeSystemProcedureMyCore
38.14,Endarterectomy of aorta,Endarterectomy of aorta,http://fhir.hie.moh.gov.my/CodeSystem/procedure-my-core,CodeSystemProcedureMyCore
38.15,Endarterectomy of other thoracic vessels,Endarterectomy of other thoracic vessels,http://fhir.hie.moh.gov.my/CodeSystem/procedure-my-core,CodeSystemProcedureMyCore
38.16,Endarterectomy of abdominal arteries,Endarterectomy of abdominal arteries,http://fhir.hie.moh.gov.my/CodeSystem/procedure-my-core,CodeSystemProcedureMyCore
38.18,Endarterectomy of lower limb arteries,Endarterectomy of lower limb arteries,http://fhir.hie.moh.gov.my/CodeSystem/procedure-my-core,CodeSystemProcedureMyCore
38.21,Biopsy of blood vessel,Biopsy of blood vessel,http://fhir.hie.moh.gov.my/CodeSystem/procedure-my-core,CodeSystemProcedureMyCore
38.22,Percutaneous angioscopy,Percutaneous angioscopy,http://fhir.hie.moh.gov.my/CodeSystem/procedure-my-core,CodeSystemProcedureMyCore
38.29,Other diagnostic procedures on blood vessels,Other diagnostic procedures on blood vessels,http://fhir.hie.moh.gov.my/CodeSystem/procedure-my-core,CodeSystemProcedureMyCore
38.30,"Resection of vessel with anastomosis, unspecified site","Resection of vessel with anastomosis, unspecified site",http://fhir.hie.moh.gov.my/CodeSystem/procedure-my-core,CodeSystemProcedureMyCore
38.31,Resection of intracranial vessels with anastomosis,Resection of intracranial vessels with anastomosis,http://fhir.hie.moh.gov.my/CodeSystem/procedure-my-core,CodeSystemProcedureMyCore
38.32,Resection of other vessels of head and neck with anastomosis,Resection of other vessels of head and neck with anastomosis,http://fhir.hie.moh.gov.my/CodeSystem/procedure-my-core,CodeSystemProcedureMyCore
38.33,Resection of upper limb vessels with anastomosis,Resection of upper limb vessels with anastomosis,http://fhir.hie.moh.gov.my/CodeSystem/procedure-my-core,CodeSystemProcedureMyCore
38.34,Resection of aorta with anastomosis,Resection of aorta with anastomosis,http://fhir.hie.moh.gov.my/CodeSystem/procedure-my-core,CodeSystemProcedureMyCore
38.35,Resection of other thoracic vessels with anastomosis,Resection of other thoracic vessels with anastomosis,http://fhir.hie.moh.gov.my/CodeSystem/procedure-my-core,CodeSystemProcedureMyCore
38.36,Resection of abdominal arteries with anastomosis,Resection of abdominal arteries with anastomosis,http://fhir.hie.moh.gov.my/CodeSystem/procedure-my-core,CodeSystemProcedureMyCore
38.37,Resection of abdominal veins with anastomosis,Resection of abdominal veins with anastomosis,http://fhir.hie.moh.gov.my/CodeSystem/procedure-my-core,CodeSystemProcedureMyCore
38.38,Resection of lower limb arteries with anastomosis,Resection of lower limb arteries with anastomosis,http://fhir.hie.moh.gov.my/CodeSystem/procedure-my-core,CodeSystemProcedureMyCore
38.39,Resection of lower limb veins with anastomosis,Resection of lower limb veins with anastomosis,http://fhir.hie.moh.gov.my/CodeSystem/procedure-my-core,CodeSystemProcedureMyCore
38.40,"Resection of vessel with replacement, unspecified site","Resection of vessel with replacement, unspecified site",http://fhir.hie.moh.gov.my/CodeSystem/procedure-my-core,CodeSystemProcedureMyCore
38.41,Resection of intracranial vessels with replacement,Resection of intracranial vessels with replacement,http://fhir.hie.moh.gov.my/CodeSystem/procedure-my-core,CodeSystemProcedureMyCore
38.42,Resection of other vessels of head and neck with replacement,Resection of other vessels of head and neck with replacement,http://fhir.hie.moh.gov.my/CodeSystem/procedure-my-core,CodeSystemProcedureMyCore
38.43,Resection of upper limb vessels with replacement,Resection of upper limb vessels with replacement,http://fhir.hie.moh.gov.my/CodeSystem/procedure-my-core,CodeSystemProcedureMyCore
38.44,Resection of abdominal aorta with replacement,Resection of abdominal aorta with replacement,http://fhir.hie.moh.gov.my/CodeSystem/procedure-my-core,CodeSystemProcedureMyCore
38.45,Resection of other thoracic vessels with replacement,Resection of other thoracic vessels with replacement,http://fhir.hie.moh.gov.my/CodeSystem/procedure-my-core,CodeSystemProcedureMyCore
38.46,Resection of abdominal arteries with replacement,Resection of abdominal arteries with replacement,http://fhir.hie.moh.gov.my/CodeSystem/procedure-my-core,CodeSystemProcedureMyCore
38.47,Resection of abdominal veins with replacement,Resection of abdominal veins with replacement,http://fhir.hie.moh.gov.my/CodeSystem/procedure-my-core,CodeSystemProcedureMyCore
38.48,Resection of lower limb arteries with replacement,Resection of lower limb arteries with replacement,http://fhir.hie.moh.gov.my/CodeSystem/procedure-my-core,CodeSystemProcedureMyCore
38.49,Resection of lower limb veins with replacement,Resection of lower limb veins with replacement,http://fhir.hie.moh.gov.my/CodeSystem/procedure-my-core,CodeSystemProcedureMyCore
38.50,"Ligation and stripping of varicose veins, unspecified site","Ligation and stripping of varicose veins, unspecified site",http://fhir.hie.moh.gov.my/CodeSystem/procedure-my-core,CodeSystemProcedureMyCore
38.51,Ligation and stripping of varicose veins of intracranial vessels,Ligation and stripping of varicose veins of intracranial vessels,http://fhir.hie.moh.gov.my/CodeSystem/procedure-my-core,CodeSystemProcedureMyCore
38.52,Ligation and stripping of varicose veins of other vessels of head and neck,Ligation and stripping of varicose veins of other vessels of head and neck,http://fhir.hie.moh.gov.my/CodeSystem/procedure-my-core,CodeSystemProcedureMyCore
38.53,Ligation and stripping of varicose veins of upper limb vessels,Ligation and stripping of varicose veins of upper limb vessels,http://fhir.hie.moh.gov.my/CodeSystem/procedure-my-core,CodeSystemProcedureMyCore
38.55,Ligation and stripping of varicose veins of other thoracic vessels,Ligation and stripping of varicose veins of other thoracic vessels,http://fhir.hie.moh.gov.my/CodeSystem/procedure-my-core,CodeSystemProcedureMyCore
38.57,Ligation and stripping of abdominal varicose veins,Ligation and stripping of abdominal varicose veins,http://fhir.hie.moh.gov.my/CodeSystem/procedure-my-core,CodeSystemProcedureMyCore
38.59,Ligation and stripping of lower limb varicose veins,Ligation and stripping of lower limb varicose veins,http://fhir.hie.moh.gov.my/CodeSystem/procedure-my-core,CodeSystemProcedureMyCore
38.60,"Other excision of vessels, unspecified site","Other excision of vessels, unspecified site",http://fhir.hie.moh.gov.my/CodeSystem/procedure-my-core,CodeSystemProcedureMyCore
38.61,Other excision of intracranial vessels,Other excision of intracranial vessels,http://fhir.hie.moh.gov.my/CodeSystem/procedure-my-core,CodeSystemProcedureMyCore
38.62,Other excision of other vessels of head and neck,Other excision of other vessels of head and neck,http://fhir.hie.moh.gov.my/CodeSystem/procedure-my-core,CodeSystemProcedureMyCore
38.63,Other excision of upper limb vessels,Other excision of upper limb vessels,http://fhir.hie.moh.gov.my/CodeSystem/procedure-my-core,CodeSystemProcedureMyCore
38.64,Other excision of aorta,Other excision of aorta,http://fhir.hie.moh.gov.my/CodeSystem/procedure-my-core,CodeSystemProcedureMyCore
38.65,Other excision of other thoracic vessels,Other excision of other thoracic vessels,http://fhir.hie.moh.gov.my/CodeSystem/procedure-my-core,CodeSystemProcedureMyCore
38.66,Other excision of abdominal arteries,Other excision of abdominal arteries,http://fhir.hie.moh.gov.my/CodeSystem/procedure-my-core,CodeSystemProcedureMyCore
38.67,Other excision of abdominal veins,Other excision of abdominal veins,http://fhir.hie.moh.gov.my/CodeSystem/procedure-my-core,CodeSystemProcedureMyCore
38.68,Other excision of lower limb arteries,Other excision of lower limb arteries,http://fhir.hie.moh.gov.my/CodeSystem/procedure-my-core,CodeSystemProcedureMyCore
38.69,Other excision of lower limb veins,Other excision of lower limb veins,http://fhir.hie.moh.gov.my/CodeSystem/procedure-my-core,CodeSystemProcedureMyCore
38.7,Interruption of the vena cava,Interruption of the vena cava,http://fhir.hie.moh.gov.my/CodeSystem/procedure-my-core,CodeSystemProcedureMyCore
38.80,"Other surgical occlusion of vessels, unspecified site","Other surgical occlusion of vessels, unspecified site",http://fhir.hie.moh.gov.my/CodeSystem/procedure-my-core,CodeSystemProcedureMyCore
38.81,Other surgical occlusion of intracranial vessels,Other surgical occlusion of intracranial vessels,http://fhir.hie.moh.gov.my/CodeSystem/procedure-my-core,CodeSystemProcedureMyCore
38.82,Other surgical occlusion of other vessels of head and neck,Other surgical occlusion of other vessels of head and neck,http://fhir.hie.moh.gov.my/CodeSystem/procedure-my-core,CodeSystemProcedureMyCore
38.83,Other surgical occlusion of upper limb vessels,Other surgical occlusion of upper limb vessels,http://fhir.hie.moh.gov.my/CodeSystem/procedure-my-core,CodeSystemProcedureMyCore
38.84,Other surgical occlusion of aorta,Other surgical occlusion of aorta,http://fhir.hie.moh.gov.my/CodeSystem/procedure-my-core,CodeSystemProcedureMyCore
38.85,Other surgical occlusion of other thoracic vessels,Other surgical occlusion of other thoracic vessels,http://fhir.hie.moh.gov.my/CodeSystem/procedure-my-core,CodeSystemProcedureMyCore
38.86,Other surgical occlusion of abdominal arteries,Other surgical occlusion of abdominal arteries,http://fhir.hie.moh.gov.my/CodeSystem/procedure-my-core,CodeSystemProcedureMyCore
38.87,Other surgical occlusion of abdominal veins,Other surgical occlusion of abdominal veins,http://fhir.hie.moh.gov.my/CodeSystem/procedure-my-core,CodeSystemProcedureMyCore
38.88,Other surgical occlusion of lower limb arteries,Other surgical occlusion of lower limb arteries,http://fhir.hie.moh.gov.my/CodeSystem/procedure-my-core,CodeSystemProcedureMyCore
38.89,Other surgical occlusion of lower limb veins,Other surgical occlusion of lower limb veins,http://fhir.hie.moh.gov.my/CodeSystem/procedure-my-core,CodeSystemProcedureMyCore
38.91,Arterial catheterization,Arterial catheterization,http://fhir.hie.moh.gov.my/CodeSystem/procedure-my-core,CodeSystemProcedureMyCore
38.92,Umbilical vein catheterization,Umbilical vein catheterization,http://fhir.hie.moh.gov.my/CodeSystem/procedure-my-core,CodeSystemProcedureMyCore
38.93,"Venous catheterization, not elsewhere classified","Venous catheterization, not elsewhere classified",http://fhir.hie.moh.gov.my/CodeSystem/procedure-my-core,CodeSystemProcedureMyCore
38.94,Venous cutdown,Venous cutdown,http://fhir.hie.moh.gov.my/CodeSystem/procedure-my-core,CodeSystemProcedureMyCore
38.95,Venous catheterization for renal dialysis,Venous catheterization for renal dialysis,http://fhir.hie.moh.gov.my/CodeSystem/procedure-my-core,CodeSystemProcedureMyCore
38.98,Other puncture of artery,Other puncture of artery,http://fhir.hie.moh.gov.my/CodeSystem/procedure-my-core,CodeSystemProcedureMyCore
38.99,Other puncture of vein,Other puncture of vein,http://fhir.hie.moh.gov.my/CodeSystem/procedure-my-core,CodeSystemProcedureMyCore
39.0,Systemic to pulmonary artery shunt,Systemic to pulmonary artery shunt,http://fhir.hie.moh.gov.my/CodeSystem/procedure-my-core,CodeSystemProcedureMyCore
39.1,Intra-abdominal venous shunt,Intra-abdominal venous shunt,http://fhir.hie.moh.gov.my/CodeSystem/procedure-my-core,CodeSystemProcedureMyCore
39.21,Caval-pulmonary artery anastomosis,Caval-pulmonary artery anastomosis,http://fhir.hie.moh.gov.my/CodeSystem/procedure-my-core,CodeSystemProcedureMyCore
39.22,Aorta-subclavian-carotid bypass,Aorta-subclavian-carotid bypass,http://fhir.hie.moh.gov.my/CodeSystem/procedure-my-core,CodeSystemProcedureMyCore
39.23,Other intrathoracic vascular shunt or bypass,Other intrathoracic vascular shunt or bypass,http://fhir.hie.moh.gov.my/CodeSystem/procedure-my-core,CodeSystemProcedureMyCore
39.24,Aorta-renal bypass,Aorta-renal bypass,http://fhir.hie.moh.gov.my/CodeSystem/procedure-my-core,CodeSystemProcedureMyCore
39.25,Aorta-iliac-femoral bypass,Aorta-iliac-femoral bypass,http://fhir.hie.moh.gov.my/CodeSystem/procedure-my-core,CodeSystemProcedureMyCore
39.26,Other intra-abdominal vascular shunt or bypass,Other intra-abdominal vascular shunt or bypass,http://fhir.hie.moh.gov.my/CodeSystem/procedure-my-core,CodeSystemProcedureMyCore
39.27,Arteriovenostomy for renal dialysis,Arteriovenostomy for renal dialysis,http://fhir.hie.moh.gov.my/CodeSystem/procedure-my-core,CodeSystemProcedureMyCore
39.28,Extracranial-intracranial (EC-IC) vascular bypass,Extracranial-intracranial (EC-IC) vascular bypass,http://fhir.hie.moh.gov.my/CodeSystem/procedure-my-core,CodeSystemProcedureMyCore
39.29,Other (peripheral) vascular shunt or bypass,Other (peripheral) vascular shunt or bypass,http://fhir.hie.moh.gov.my/CodeSystem/procedure-my-core,CodeSystemProcedureMyCore
39.30,Suture of unspecified blood vessel,Suture of unspecified blood vessel,http://fhir.hie.moh.gov.my/CodeSystem/procedure-my-core,CodeSystemProcedureMyCore
39.31,Suture of artery,Suture of artery,http://fhir.hie.moh.gov.my/CodeSystem/procedure-my-core,CodeSystemProcedureMyCore
39.32,Suture of vein,Suture of vein,http://fhir.hie.moh.gov.my/CodeSystem/procedure-my-core,CodeSystemProcedureMyCore
39.41,Control of hemorrhage following vascular surgery,Control of hemorrhage following vascular surgery,http://fhir.hie.moh.gov.my/CodeSystem/procedure-my-core,CodeSystemProcedureMyCore
39.42,Revision of arteriovenous shunt for renal dialysis,Revision of arteriovenous shunt for renal dialysis,http://fhir.hie.moh.gov.my/CodeSystem/procedure-my-core,CodeSystemProcedureMyCore
39.43,Removal of arteriovenous shunt for renal dialysis,Removal of arteriovenous shunt for renal dialysis,http://fhir.hie.moh.gov.my/CodeSystem/procedure-my-core,CodeSystemProcedureMyCore
39.49,Other revision of vascular procedure,Other revision of vascular procedure,http://fhir.hie.moh.gov.my/CodeSystem/procedure-my-core,CodeSystemProcedureMyCore
39.50,Angioplasty or atherectomy of other non-coronary vessel(s),Angioplasty or atherectomy of other non-coronary vessel(s),http://fhir.hie.moh.gov.my/CodeSystem/procedure-my-core,CodeSystemProcedureMyCore
39.51,Clipping of aneurysm,Clipping of aneurysm,http://fhir.hie.moh.gov.my/CodeSystem/procedure-my-core,CodeSystemProcedureMyCore
39.52,Other repair of aneurysm,Other repair of aneurysm,http://fhir.hie.moh.gov.my/CodeSystem/procedure-my-core,CodeSystemProcedureMyCore
39.53,Repair of arteriovenous fistula,Repair of arteriovenous fistula,http://fhir.hie.moh.gov.my/CodeSystem/procedure-my-core,CodeSystemProcedureMyCore
39.54,Re-entry operation (aorta),Re-entry operation (aorta),http://fhir.hie.moh.gov.my/CodeSystem/procedure-my-core,CodeSystemProcedureMyCore
39.55,Reimplantation of aberrant renal vessel,Reimplantation of aberrant renal vessel,http://fhir.hie.moh.gov.my/CodeSystem/procedure-my-core,CodeSystemProcedureMyCore
39.56,Repair of blood vessel with tissue patch graft,Repair of blood vessel with tissue patch graft,http://fhir.hie.moh.gov.my/CodeSystem/procedure-my-core,CodeSystemProcedureMyCore
39.57,Repair of blood vessel with synthetic patch graft,Repair of blood vessel with synthetic patch graft,http://fhir.hie.moh.gov.my/CodeSystem/procedure-my-core,CodeSystemProcedureMyCore
39.58,Repair of blood vessel with unspecified type of patch graft,Repair of blood vessel with unspecified type of patch graft,http://fhir.hie.moh.gov.my/CodeSystem/procedure-my-core,CodeSystemProcedureMyCore
39.59,Other repair of vessel,Other repair of vessel,http://fhir.hie.moh.gov.my/CodeSystem/procedure-my-core,CodeSystemProcedureMyCore
39.61,Extracorporeal circulation auxiliary to open heart surgery,Extracorporeal circulation auxiliary to open heart surgery,http://fhir.hie.moh.gov.my/CodeSystem/procedure-my-core,CodeSystemProcedureMyCore
39.62,Hypothermia (systemic) incidental to open heart surgery,Hypothermia (systemic) incidental to open heart surgery,http://fhir.hie.moh.gov.my/CodeSystem/procedure-my-core,CodeSystemProcedureMyCore
39.63,Cardioplegia,Cardioplegia,http://fhir.hie.moh.gov.my/CodeSystem/procedure-my-core,CodeSystemProcedureMyCore
39.64,Intraoperative cardiac pacemaker,Intraoperative cardiac pacemaker,http://fhir.hie.moh.gov.my/CodeSystem/procedure-my-core,CodeSystemProcedureMyCore
39.65,Extracorporeal membrane oxygenation [ECMO],Extracorporeal membrane oxygenation [ECMO],http://fhir.hie.moh.gov.my/CodeSystem/procedure-my-core,CodeSystemProcedureMyCore
39.66,Percutaneous cardiopulmonary bypass,Percutaneous cardiopulmonary bypass,http://fhir.hie.moh.gov.my/CodeSystem/procedure-my-core,CodeSystemProcedureMyCore
39.71,Endovascular implantation of graft in abdominal aorta,Endovascular implantation of graft in abdominal aorta,http://fhir.hie.moh.gov.my/CodeSystem/procedure-my-core,CodeSystemProcedureMyCore
39.72,Endovascular repair or occlusion of head and neck vessels,Endovascular repair or occlusion of head and neck vessels,http://fhir.hie.moh.gov.my/CodeSystem/procedure-my-core,CodeSystemProcedureMyCore
39.73,Endovascular implantation of graft in thoracic aorta,Endovascular implantation of graft in thoracic aorta,http://fhir.hie.moh.gov.my/CodeSystem/procedure-my-core,CodeSystemProcedureMyCore
39.79,Other endovascular graft repair (of aneurysm) of other vessels,Other endovascular graft repair (of aneurysm) of other vessels,http://fhir.hie.moh.gov.my/CodeSystem/procedure-my-core,CodeSystemProcedureMyCore
39.8,Operations on carotid body and other vascular bodies,Operations on carotid body and other vascular bodies,http://fhir.hie.moh.gov.my/CodeSystem/procedure-my-core,CodeSystemProcedureMyCore
39.90,Insertion of non-drug-eluting peripheral vessel stent(s),Insertion of non-drug-eluting peripheral vessel stent(s),http://fhir.hie.moh.gov.my/CodeSystem/procedure-my-core,CodeSystemProcedureMyCore
39.91,Freeing of vessel,Freeing of vessel,http://fhir.hie.moh.gov.my/CodeSystem/procedure-my-core,CodeSystemProcedureMyCore
39.92,Injection of sclerosing agent into vein,Injection of sclerosing agent into vein,http://fhir.hie.moh.gov.my/CodeSystem/procedure-my-core,CodeSystemProcedureMyCore
39.93,Insertion of vessel-to-vessel cannula,Insertion of vessel-to-vessel cannula,http://fhir.hie.moh.gov.my/CodeSystem/procedure-my-core,CodeSystemProcedureMyCore
39.94,Replacement of vessel-to-vessel cannula,Replacement of vessel-to-vessel cannula,http://fhir.hie.moh.gov.my/CodeSystem/procedure-my-core,CodeSystemProcedureMyCore
39.95,Hemodialysis,Hemodialysis,http://fhir.hie.moh.gov.my/CodeSystem/procedure-my-core,CodeSystemProcedureMyCore
39.96,Total body perfusion,Total body perfusion,http://fhir.hie.moh.gov.my/CodeSystem/procedure-my-core,CodeSystemProcedureMyCore
39.97,Other perfusion,Other perfusion,http://fhir.hie.moh.gov.my/CodeSystem/procedure-my-core,CodeSystemProcedureMyCore
39.98,"Control of hemorrhage, not otherwise specified","Control of hemorrhage, not otherwise specified",http://fhir.hie.moh.gov.my/CodeSystem/procedure-my-core,CodeSystemProcedureMyCore
39.99,Other operations on vessels,Other operations on vessels,http://fhir.hie.moh.gov.my/CodeSystem/procedure-my-core,CodeSystemProcedureMyCore
40.0,Incision of lymphatic structures,Incision of lymphatic structures,http://fhir.hie.moh.gov.my/CodeSystem/procedure-my-core,CodeSystemProcedureMyCore
40.11,Biopsy of lymphatic structure,Biopsy of lymphatic structure,http://fhir.hie.moh.gov.my/CodeSystem/procedure-my-core,CodeSystemProcedureMyCore
40.19,Other diagnostic procedures on lymphatic structures,Other diagnostic procedures on lymphatic structures,http://fhir.hie.moh.gov.my/CodeSystem/procedure-my-core,CodeSystemProcedureMyCore
40.21,Excision of deep cervical lymph node,Excision of deep cervical lymph node,http://fhir.hie.moh.gov.my/CodeSystem/procedure-my-core,CodeSystemProcedureMyCore
40.22,Excision of internal mammary lymph node,Excision of internal mammary lymph node,http://fhir.hie.moh.gov.my/CodeSystem/procedure-my-core,CodeSystemProcedureMyCore
40.23,Excision of axillary lymph node,Excision of axillary lymph node,http://fhir.hie.moh.gov.my/CodeSystem/procedure-my-core,CodeSystemProcedureMyCore
40.24,Excision of inguinal lymph node,Excision of inguinal lymph node,http://fhir.hie.moh.gov.my/CodeSystem/procedure-my-core,CodeSystemProcedureMyCore
40.29,Simple excision of other lymphatic structure,Simple excision of other lymphatic structure,http://fhir.hie.moh.gov.my/CodeSystem/procedure-my-core,CodeSystemProcedureMyCore
40.3,Regional lymph node excision,Regional lymph node excision,http://fhir.hie.moh.gov.my/CodeSystem/procedure-my-core,CodeSystemProcedureMyCore
40.40,"Radical neck dissection, not otherwise specified","Radical neck dissection, not otherwise specified",http://fhir.hie.moh.gov.my/CodeSystem/procedure-my-core,CodeSystemProcedureMyCore
40.41,"Radical neck dissection, unilateral","Radical neck dissection, unilateral",http://fhir.hie.moh.gov.my/CodeSystem/procedure-my-core,CodeSystemProcedureMyCore
40.42,"Radical neck dissection, bilateral","Radical neck dissection, bilateral",http://fhir.hie.moh.gov.my/CodeSystem/procedure-my-core,CodeSystemProcedureMyCore
40.50,"Radical excision of lymph nodes, not otherwise specified","Radical excision of lymph nodes, not otherwise specified",http://fhir.hie.moh.gov.my/CodeSystem/procedure-my-core,CodeSystemProcedureMyCore
40.51,Radical excision of axillary lymph nodes,Radical excision of axillary lymph nodes,http://fhir.hie.moh.gov.my/CodeSystem/procedure-my-core,CodeSystemProcedureMyCore
40.52,Radical excision of periaortic lymph nodes,Radical excision of periaortic lymph nodes,http://fhir.hie.moh.gov.my/CodeSystem/procedure-my-core,CodeSystemProcedureMyCore
40.53,Radical excision of iliac lymph nodes,Radical excision of iliac lymph nodes,http://fhir.hie.moh.gov.my/CodeSystem/procedure-my-core,CodeSystemProcedureMyCore
40.54,Radical groin dissection,Radical groin dissection,http://fhir.hie.moh.gov.my/CodeSystem/procedure-my-core,CodeSystemProcedureMyCore
40.59,Radical excision of other lymph nodes,Radical excision of other lymph nodes,http://fhir.hie.moh.gov.my/CodeSystem/procedure-my-core,CodeSystemProcedureMyCore
40.61,Cannulation of thoracic duct,Cannulation of thoracic duct,http://fhir.hie.moh.gov.my/CodeSystem/procedure-my-core,CodeSystemProcedureMyCore
40.62,Fistulization of thoracic duct,Fistulization of thoracic duct,http://fhir.hie.moh.gov.my/CodeSystem/procedure-my-core,CodeSystemProcedureMyCore
40.63,Closure of fistula of thoracic duct,Closure of fistula of thoracic duct,http://fhir.hie.moh.gov.my/CodeSystem/procedure-my-core,CodeSystemProcedureMyCore
40.64,Ligation of thoracic duct,Ligation of thoracic duct,http://fhir.hie.moh.gov.my/CodeSystem/procedure-my-core,CodeSystemProcedureMyCore
40.69,Other operations on thoracic duct,Other operations on thoracic duct,http://fhir.hie.moh.gov.my/CodeSystem/procedure-my-core,CodeSystemProcedureMyCore
40.9,Other operations on lymphatic structures,Other operations on lymphatic structures,http://fhir.hie.moh.gov.my/CodeSystem/procedure-my-core,CodeSystemProcedureMyCore
41.00,"Bone marrow transplant, not otherwise specified","Bone marrow transplant, not otherwise specified",http://fhir.hie.moh.gov.my/CodeSystem/procedure-my-core,CodeSystemProcedureMyCore
41.01,Autologous bone marrow transplant without purging,Autologous bone marrow transplant without purging,http://fhir.hie.moh.gov.my/CodeSystem/procedure-my-core,CodeSystemProcedureMyCore
41.02,Allogeneic bone marrow transplant with purging,Allogeneic bone marrow transplant with purging,http://fhir.hie.moh.gov.my/CodeSystem/procedure-my-core,CodeSystemProcedureMyCore
41.03,Allogeneic bone marrow transplant without purging,Allogeneic bone marrow transplant without purging,http://fhir.hie.moh.gov.my/CodeSystem/procedure-my-core,CodeSystemProcedureMyCore
41.04,Autologous hematopoietic stem cell transplant without purging,Autologous hematopoietic stem cell transplant without purging,http://fhir.hie.moh.gov.my/CodeSystem/procedure-my-core,CodeSystemProcedureMyCore
41.05,Allogeneic hematopoietic stem cell transplant without purging,Allogeneic hematopoietic stem cell transplant without purging,http://fhir.hie.moh.gov.my/CodeSystem/procedure-my-core,CodeSystemProcedureMyCore
41.06,Cord blood stem cell transplant,Cord blood stem cell transplant,http://fhir.hie.moh.gov.my/CodeSystem/procedure-my-core,CodeSystemProcedureMyCore
41.07,Autologous hematopoietic stem cell transplant with purging,Autologous hematopoietic stem cell transplant with purging,http://fhir.hie.moh.gov.my/CodeSystem/procedure-my-core,CodeSystemProcedureMyCore
41.08,Allogeneic hematopoietic stem cell transplant,Allogeneic hematopoietic stem cell transplant,http://fhir.hie.moh.gov.my/CodeSystem/procedure-my-core,CodeSystemProcedureMyCore
41.09,Autologous bone marrow transplant with purging,Autologous bone marrow transplant with purging,http://fhir.hie.moh.gov.my/CodeSystem/procedure-my-core,CodeSystemProcedureMyCore
41.1,Puncture of spleen,Puncture of spleen,http://fhir.hie.moh.gov.my/CodeSystem/procedure-my-core,CodeSystemProcedureMyCore
41.2,Splenotomy,Splenotomy,http://fhir.hie.moh.gov.my/CodeSystem/procedure-my-core,CodeSystemProcedureMyCore
41.31,Biopsy of bone marrow,Biopsy of bone marrow,http://fhir.hie.moh.gov.my/CodeSystem/procedure-my-core,CodeSystemProcedureMyCore
41.32,Closed [aspiration] [percutaneous] biopsy of spleen,Closed [aspiration] [percutaneous] biopsy of spleen,http://fhir.hie.moh.gov.my/CodeSystem/procedure-my-core,CodeSystemProcedureMyCore
41.33,Open biopsy of spleen,Open biopsy of spleen,http://fhir.hie.moh.gov.my/CodeSystem/procedure-my-core,CodeSystemProcedureMyCore
41.38,Other diagnostic procedures on bone marrow,Other diagnostic procedures on bone marrow,http://fhir.hie.moh.gov.my/CodeSystem/procedure-my-core,CodeSystemProcedureMyCore
41.39,Other diagnostic procedures on spleen,Other diagnostic procedures on spleen,http://fhir.hie.moh.gov.my/CodeSystem/procedure-my-core,CodeSystemProcedureMyCore
41.41,Marsupialization of splenic cyst,Marsupialization of splenic cyst,http://fhir.hie.moh.gov.my/CodeSystem/procedure-my-core,CodeSystemProcedureMyCore
41.42,Excision of lesion or tissue of spleen,Excision of lesion or tissue of spleen,http://fhir.hie.moh.gov.my/CodeSystem/procedure-my-core,CodeSystemProcedureMyCore
41.43,Partial splenectomy,Partial splenectomy,http://fhir.hie.moh.gov.my/CodeSystem/procedure-my-core,CodeSystemProcedureMyCore
41.5,Total splenectomy,Total splenectomy,http://fhir.hie.moh.gov.my/CodeSystem/procedure-my-core,CodeSystemProcedureMyCore
41.91,Aspiration of bone marrow from donor for transplant,Aspiration of bone marrow from donor for transplant,http://fhir.hie.moh.gov.my/CodeSystem/procedure-my-core,CodeSystemProcedureMyCore
41.92,Injection into bone marrow,Injection into bone marrow,http://fhir.hie.moh.gov.my/CodeSystem/procedure-my-core,CodeSystemProcedureMyCore
41.93,Excision of accessory spleen,Excision of accessory spleen,http://fhir.hie.moh.gov.my/CodeSystem/procedure-my-core,CodeSystemProcedureMyCore
41.94,Transplantation of spleen,Transplantation of spleen,http://fhir.hie.moh.gov.my/CodeSystem/procedure-my-core,CodeSystemProcedureMyCore
41.95,Repair and plastic operations on spleen,Repair and plastic operations on spleen,http://fhir.hie.moh.gov.my/CodeSystem/procedure-my-core,CodeSystemProcedureMyCore
41.98,Other operations on bone marrow,Other operations on bone marrow,http://fhir.hie.moh.gov.my/CodeSystem/procedure-my-core,CodeSystemProcedureMyCore
41.99,Other operations on spleen,Other operations on spleen,http://fhir.hie.moh.gov.my/CodeSystem/procedure-my-core,CodeSystemProcedureMyCore
42.01,Incision of esophageal web,Incision of esophageal web,http://fhir.hie.moh.gov.my/CodeSystem/procedure-my-core,CodeSystemProcedureMyCore
42.09,Other incision of esophagus,Other incision of esophagus,http://fhir.hie.moh.gov.my/CodeSystem/procedure-my-core,CodeSystemProcedureMyCore
42.10,"Esophagostomy, not otherwise specified","Esophagostomy, not otherwise specified",http://fhir.hie.moh.gov.my/CodeSystem/procedure-my-core,CodeSystemProcedureMyCore
42.11,Cervical esophagostomy,Cervical esophagostomy,http://fhir.hie.moh.gov.my/CodeSystem/procedure-my-core,CodeSystemProcedureMyCore
42.12,Exteriorization of esophageal pouch,Exteriorization of esophageal pouch,http://fhir.hie.moh.gov.my/CodeSystem/procedure-my-core,CodeSystemProcedureMyCore
42.19,Other external fistulization of esophagus,Other external fistulization of esophagus,http://fhir.hie.moh.gov.my/CodeSystem/procedure-my-core,CodeSystemProcedureMyCore
42.21,Operative esophagoscopy by incision,Operative esophagoscopy by incision,http://fhir.hie.moh.gov.my/CodeSystem/procedure-my-core,CodeSystemProcedureMyCore
42.22,Esophagoscopy through artificial stoma,Esophagoscopy through artificial stoma,http://fhir.hie.moh.gov.my/CodeSystem/procedure-my-core,CodeSystemProcedureMyCore
42.23,Other esophagoscopy,Other esophagoscopy,http://fhir.hie.moh.gov.my/CodeSystem/procedure-my-core,CodeSystemProcedureMyCore
42.24,Closed [endoscopic] biopsy of esophagus,Closed [endoscopic] biopsy of esophagus,http://fhir.hie.moh.gov.my/CodeSystem/procedure-my-core,CodeSystemProcedureMyCore
42.25,Open biopsy of esophagus,Open biopsy of esophagus,http://fhir.hie.moh.gov.my/CodeSystem/procedure-my-core,CodeSystemProcedureMyCore
42.29,Other diagnostic procedures on esophagus,Other diagnostic procedures on esophagus,http://fhir.hie.moh.gov.my/CodeSystem/procedure-my-core,CodeSystemProcedureMyCore
42.31,Local excision of esophageal diverticulum,Local excision of esophageal diverticulum,http://fhir.hie.moh.gov.my/CodeSystem/procedure-my-core,CodeSystemProcedureMyCore
42.32,Local excision of other lesion or tissue of esophagus,Local excision of other lesion or tissue of esophagus,http://fhir.hie.moh.gov.my/CodeSystem/procedure-my-core,CodeSystemProcedureMyCore
42.33,Endoscopic excision or destruction of lesion or tissue of esophagus,Endoscopic excision or destruction of lesion or tissue of esophagus,http://fhir.hie.moh.gov.my/CodeSystem/procedure-my-core,CodeSystemProcedureMyCore
42.39,Other destruction of lesion or tissue of esophagus,Other destruction of lesion or tissue of esophagus,http://fhir.hie.moh.gov.my/CodeSystem/procedure-my-core,CodeSystemProcedureMyCore
42.40,"Esophagectomy, not otherwise specified","Esophagectomy, not otherwise specified",http://fhir.hie.moh.gov.my/CodeSystem/procedure-my-core,CodeSystemProcedureMyCore
42.41,Partial esophagectomy,Partial esophagectomy,http://fhir.hie.moh.gov.my/CodeSystem/procedure-my-core,CodeSystemProcedureMyCore
42.42,Total esophagectomy,Total esophagectomy,http://fhir.hie.moh.gov.my/CodeSystem/procedure-my-core,CodeSystemProcedureMyCore
42.51,Intrathoracic esophagoesophagostomy,Intrathoracic esophagoesophagostomy,http://fhir.hie.moh.gov.my/CodeSystem/procedure-my-core,CodeSystemProcedureMyCore
42.52,Intrathoracic esophagogastrostomy,Intrathoracic esophagogastrostomy,http://fhir.hie.moh.gov.my/CodeSystem/procedure-my-core,CodeSystemProcedureMyCore
42.53,Intrathoracic esophageal anastomosis with interposition of small bowel,Intrathoracic esophageal anastomosis with interposition of small bowel,http://fhir.hie.moh.gov.my/CodeSystem/procedure-my-core,CodeSystemProcedureMyCore
42.54,Other intrathoracic esophagoenterostomy,Other intrathoracic esophagoenterostomy,http://fhir.hie.moh.gov.my/CodeSystem/procedure-my-core,CodeSystemProcedureMyCore
42.55,Intrathoracic esophageal anastomosis with interposition of colon,Intrathoracic esophageal anastomosis with interposition of colon,http://fhir.hie.moh.gov.my/CodeSystem/procedure-my-core,CodeSystemProcedureMyCore
42.56,Other intrathoracic esophagocolostomy,Other intrathoracic esophagocolostomy,http://fhir.hie.moh.gov.my/CodeSystem/procedure-my-core,CodeSystemProcedureMyCore
42.58,Intrathoracic esophageal anastomosis with other interposition,Intrathoracic esophageal anastomosis with other interposition,http://fhir.hie.moh.gov.my/CodeSystem/procedure-my-core,CodeSystemProcedureMyCore
42.59,Other intrathoracic anastomosis of esophagus,Other intrathoracic anastomosis of esophagus,http://fhir.hie.moh.gov.my/CodeSystem/procedure-my-core,CodeSystemProcedureMyCore
42.61,Antesternal esophagoesophagostomy,Antesternal esophagoesophagostomy,http://fhir.hie.moh.gov.my/CodeSystem/procedure-my-core,CodeSystemProcedureMyCore
42.62,Antesternal esophagogastrostomy,Antesternal esophagogastrostomy,http://fhir.hie.moh.gov.my/CodeSystem/procedure-my-core,CodeSystemProcedureMyCore
42.63,Antesternal esophageal anastomosis with interposition of small bowel,Antesternal esophageal anastomosis with interposition of small bowel,http://fhir.hie.moh.gov.my/CodeSystem/procedure-my-core,CodeSystemProcedureMyCore
42.64,Other antesternal esophagoenterostomy,Other antesternal esophagoenterostomy,http://fhir.hie.moh.gov.my/CodeSystem/procedure-my-core,CodeSystemProcedureMyCore
42.65,Antesternal esophageal anastomosis with interposition of colon,Antesternal esophageal anastomosis with interposition of colon,http://fhir.hie.moh.gov.my/CodeSystem/procedure-my-core,CodeSystemProcedureMyCore
42.66,Other antesternal esophagocolostomy,Other antesternal esophagocolostomy,http://fhir.hie.moh.gov.my/CodeSystem/procedure-my-core,CodeSystemProcedureMyCore
42.68,Other antesternal esophageal anastomosis with interposition,Other antesternal esophageal anastomosis with interposition,http://fhir.hie.moh.gov.my/CodeSystem/procedure-my-core,CodeSystemProcedureMyCore
42.69,Other antesternal anastomosis of esophagus,Other antesternal anastomosis of esophagus,http://fhir.hie.moh.gov.my/CodeSystem/procedure-my-core,CodeSystemProcedureMyCore
42.7,Esophagomyotomy,Esophagomyotomy,http://fhir.hie.moh.gov.my/CodeSystem/procedure-my-core,CodeSystemProcedureMyCore
42.81,Insertion of permanent tube into esophagus,Insertion of permanent tube into esophagus,http://fhir.hie.moh.gov.my/CodeSystem/procedure-my-core,CodeSystemProcedureMyCore
42.82,Suture of laceration of esophagus,Suture of laceration of esophagus,http://fhir.hie.moh.gov.my/CodeSystem/procedure-my-core,CodeSystemProcedureMyCore
42.83,Closure of esophagostomy,Closure of esophagostomy,http://fhir.hie.moh.gov.my/CodeSystem/procedure-my-core,CodeSystemProcedureMyCore
42.84,"Repair of esophageal fistula, not elsewhere classified","Repair of esophageal fistula, not elsewhere classified",http://fhir.hie.moh.gov.my/CodeSystem/procedure-my-core,CodeSystemProcedureMyCore
42.85,Repair of esophageal stricture,Repair of esophageal stricture,http://fhir.hie.moh.gov.my/CodeSystem/procedure-my-core,CodeSystemProcedureMyCore
42.86,Production of subcutaneous tunnel without esophageal anastomosis,Production of subcutaneous tunnel without esophageal anastomosis,http://fhir.hie.moh.gov.my/CodeSystem/procedure-my-core,CodeSystemProcedureMyCore
42.87,Other graft of esophagus,Other graft of esophagus,http://fhir.hie.moh.gov.my/CodeSystem/procedure-my-core,CodeSystemProcedureMyCore
42.89,Other repair of esophagus,Other repair of esophagus,http://fhir.hie.moh.gov.my/CodeSystem/procedure-my-core,CodeSystemProcedureMyCore
42.91,Ligation of esophageal varices,Ligation of esophageal varices,http://fhir.hie.moh.gov.my/CodeSystem/procedure-my-core,CodeSystemProcedureMyCore
42.92,Dilation of esophagus,Dilation of esophagus,http://fhir.hie.moh.gov.my/CodeSystem/procedure-my-core,CodeSystemProcedureMyCore
42.99,Other operations on esophagus,Other operations on esophagus,http://fhir.hie.moh.gov.my/CodeSystem/procedure-my-core,CodeSystemProcedureMyCore
43.0,Gastrotomy,Gastrotomy,http://fhir.hie.moh.gov.my/CodeSystem/procedure-my-core,CodeSystemProcedureMyCore
43.11,Percutaneous [endoscopic] gastrostomy [PEG],Percutaneous [endoscopic] gastrostomy [PEG],http://fhir.hie.moh.gov.my/CodeSystem/procedure-my-core,CodeSystemProcedureMyCore
43.19,Other gastrostomy,Other gastrostomy,http://fhir.hie.moh.gov.my/CodeSystem/procedure-my-core,CodeSystemProcedureMyCore
43.3,Pyloromyotomy,Pyloromyotomy,http://fhir.hie.moh.gov.my/CodeSystem/procedure-my-core,CodeSystemProcedureMyCore
43.41,Endoscopic excision or destruction of lesion or tissue of stomach,Endoscopic excision or destruction of lesion or tissue of stomach,http://fhir.hie.moh.gov.my/CodeSystem/procedure-my-core,CodeSystemProcedureMyCore
43.42,Local excision of other lesion or tissue of stomach,Local excision of other lesion or tissue of stomach,http://fhir.hie.moh.gov.my/CodeSystem/procedure-my-core,CodeSystemProcedureMyCore
43.49,Other destruction of lesion or tissue of stomach,Other destruction of lesion or tissue of stomach,http://fhir.hie.moh.gov.my/CodeSystem/procedure-my-core,CodeSystemProcedureMyCore
43.5,Partial gastrectomy with anastomosis to esophagus,Partial gastrectomy with anastomosis to esophagus,http://fhir.hie.moh.gov.my/CodeSystem/procedure-my-core,CodeSystemProcedureMyCore
43.6,Partial gastrectomy with anastomosis to duodenum,Partial gastrectomy with anastomosis to duodenum,http://fhir.hie.moh.gov.my/CodeSystem/procedure-my-core,CodeSystemProcedureMyCore
43.7,Partial gastrectomy with anastomosis to jejunum,Partial gastrectomy with anastomosis to jejunum,http://fhir.hie.moh.gov.my/CodeSystem/procedure-my-core,CodeSystemProcedureMyCore
43.81,Partial gastrectomy with jejunal transposition,Partial gastrectomy with jejunal transposition,http://fhir.hie.moh.gov.my/CodeSystem/procedure-my-core,CodeSystemProcedureMyCore
43.89,Other partial gastrectomy,Other partial gastrectomy,http://fhir.hie.moh.gov.my/CodeSystem/procedure-my-core,CodeSystemProcedureMyCore
43.91,Total gastrectomy with intestinal interposition,Total gastrectomy with intestinal interposition,http://fhir.hie.moh.gov.my/CodeSystem/procedure-my-core,CodeSystemProcedureMyCore
43.99,Other total gastrectomy,Other total gastrectomy,http://fhir.hie.moh.gov.my/CodeSystem/procedure-my-core,CodeSystemProcedureMyCore
44.00,"Vagotomy, not otherwise specified","Vagotomy, not otherwise specified",http://fhir.hie.moh.gov.my/CodeSystem/procedure-my-core,CodeSystemProcedureMyCore
44.01,Truncal vagotomy,Truncal vagotomy,http://fhir.hie.moh.gov.my/CodeSystem/procedure-my-core,CodeSystemProcedureMyCore
44.02,Highly selective vagotomy,Highly selective vagotomy,http://fhir.hie.moh.gov.my/CodeSystem/procedure-my-core,CodeSystemProcedureMyCore
44.03,Other selective vagotomy,Other selective vagotomy,http://fhir.hie.moh.gov.my/CodeSystem/procedure-my-core,CodeSystemProcedureMyCore
44.11,Transabdominal gastroscopy,Transabdominal gastroscopy,http://fhir.hie.moh.gov.my/CodeSystem/procedure-my-core,CodeSystemProcedureMyCore
44.12,Gastroscopy through artificial stoma,Gastroscopy through artificial stoma,http://fhir.hie.moh.gov.my/CodeSystem/procedure-my-core,CodeSystemProcedureMyCore
44.13,Other gastroscopy,Other gastroscopy,http://fhir.hie.moh.gov.my/CodeSystem/procedure-my-core,CodeSystemProcedureMyCore
44.14,Closed [endoscopic] biopsy of stomach,Closed [endoscopic] biopsy of stomach,http://fhir.hie.moh.gov.my/CodeSystem/procedure-my-core,CodeSystemProcedureMyCore
44.15,Open biopsy of stomach,Open biopsy of stomach,http://fhir.hie.moh.gov.my/CodeSystem/procedure-my-core,CodeSystemProcedureMyCore
44.19,Other diagnostic procedures on stomach,Other diagnostic procedures on stomach,http://fhir.hie.moh.gov.my/CodeSystem/procedure-my-core,CodeSystemProcedureMyCore
44.21,Dilation of pylorus by incision,Dilation of pylorus by incision,http://fhir.hie.moh.gov.my/CodeSystem/procedure-my-core,CodeSystemProcedureMyCore
44.22,Endoscopic dilation of pylorus,Endoscopic dilation of pylorus,http://fhir.hie.moh.gov.my/CodeSystem/procedure-my-core,CodeSystemProcedureMyCore
44.29,Other pyloroplasty,Other pyloroplasty,http://fhir.hie.moh.gov.my/CodeSystem/procedure-my-core,CodeSystemProcedureMyCore
44.31,High gastric bypass,High gastric bypass,http://fhir.hie.moh.gov.my/CodeSystem/procedure-my-core,CodeSystemProcedureMyCore
44.32,Percutaneous [endoscopic] gastrojejunostomy,Percutaneous [endoscopic] gastrojejunostomy,http://fhir.hie.moh.gov.my/CodeSystem/procedure-my-core,CodeSystemProcedureMyCore
44.38,Laparoscopic gastroenterostomy,Laparoscopic gastroenterostomy,http://fhir.hie.moh.gov.my/CodeSystem/procedure-my-core,CodeSystemProcedureMyCore
44.39,Other gastroenterostomy without gastrectomy,Other gastroenterostomy without gastrectomy,http://fhir.hie.moh.gov.my/CodeSystem/procedure-my-core,CodeSystemProcedureMyCore
44.40,"Suture of peptic ulcer, not otherwise specified","Suture of peptic ulcer, not otherwise specified",http://fhir.hie.moh.gov.my/CodeSystem/procedure-my-core,CodeSystemProcedureMyCore
44.41,Suture of gastric ulcer site,Suture of gastric ulcer site,http://fhir.hie.moh.gov.my/CodeSystem/procedure-my-core,CodeSystemProcedureMyCore
44.42,Suture of duodenal ulcer site,Suture of duodenal ulcer site,http://fhir.hie.moh.gov.my/CodeSystem/procedure-my-core,CodeSystemProcedureMyCore
44.43,Endoscopic control of gastric or duodenal bleeding,Endoscopic control of gastric or duodenal bleeding,http://fhir.hie.moh.gov.my/CodeSystem/procedure-my-core,CodeSystemProcedureMyCore
44.44,Transcatheter embolization for gastric or duodenal bleeding,Transcatheter embolization for gastric or duodenal bleeding,http://fhir.hie.moh.gov.my/CodeSystem/procedure-my-core,CodeSystemProcedureMyCore
44.49,Other control of hemorrhage of stomach or duodenum,Other control of hemorrhage of stomach or duodenum,http://fhir.hie.moh.gov.my/CodeSystem/procedure-my-core,CodeSystemProcedureMyCore
44.5,Revision of gastric anastomosis,Revision of gastric anastomosis,http://fhir.hie.moh.gov.my/CodeSystem/procedure-my-core,CodeSystemProcedureMyCore
44.61,Suture of laceration of stomach,Suture of laceration of stomach,http://fhir.hie.moh.gov.my/CodeSystem/procedure-my-core,CodeSystemProcedureMyCore
44.62,Closure of gastrostomy,Closure of gastrostomy,http://fhir.hie.moh.gov.my/CodeSystem/procedure-my-core,CodeSystemProcedureMyCore
44.63,Closure of other gastric fistula,Closure of other gastric fistula,http://fhir.hie.moh.gov.my/CodeSystem/procedure-my-core,CodeSystemProcedureMyCore
44.64,Gastropexy,Gastropexy,http://fhir.hie.moh.gov.my/CodeSystem/procedure-my-core,CodeSystemProcedureMyCore
44.65,Esophagogastroplasty,Esophagogastroplasty,http://fhir.hie.moh.gov.my/CodeSystem/procedure-my-core,CodeSystemProcedureMyCore
44.66,Other procedures for creation of esophagogastric sphincteric competence,Other procedures for creation of esophagogastric sphincteric competence,http://fhir.hie.moh.gov.my/CodeSystem/procedure-my-core,CodeSystemProcedureMyCore
44.67,Laparoscopic procedures for creation of esophagogastric sphincteric competence,Laparoscopic procedures for creation of esophagogastric sphincteric competence,http://fhir.hie.moh.gov.my/CodeSystem/procedure-my-core,CodeSystemProcedureMyCore
44.68,Laparoscopic gastroplasty,Laparoscopic gastroplasty,http://fhir.hie.moh.gov.my/CodeSystem/procedure-my-core,CodeSystemProcedureMyCore
44.69,Other repair of stomach,Other repair of stomach,http://fhir.hie.moh.gov.my/CodeSystem/procedure-my-core,CodeSystemProcedureMyCore
44.91,Ligation of gastric varices,Ligation of gastric varices,http://fhir.hie.moh.gov.my/CodeSystem/procedure-my-core,CodeSystemProcedureMyCore
44.92,Intraoperative manipulation of stomach,Intraoperative manipulation of stomach,http://fhir.hie.moh.gov.my/CodeSystem/procedure-my-core,CodeSystemProcedureMyCore
44.93,Insertion of gastric bubble (balloon),Insertion of gastric bubble (balloon),http://fhir.hie.moh.gov.my/CodeSystem/procedure-my-core,CodeSystemProcedureMyCore
44.94,Removal of gastric bubble (balloon),Removal of gastric bubble (balloon),http://fhir.hie.moh.gov.my/CodeSystem/procedure-my-core,CodeSystemProcedureMyCore
44.95,Laparoscopic gastric restrictive procedure,Laparoscopic gastric restrictive procedure,http://fhir.hie.moh.gov.my/CodeSystem/procedure-my-core,CodeSystemProcedureMyCore
44.96,Laparoscopic revision of gastric restrictive procedure,Laparoscopic revision of gastric restrictive procedure,http://fhir.hie.moh.gov.my/CodeSystem/procedure-my-core,CodeSystemProcedureMyCore
44.97,Laparoscopic removal of gastric restrictive device(s),Laparoscopic removal of gastric restrictive device(s),http://fhir.hie.moh.gov.my/CodeSystem/procedure-my-core,CodeSystemProcedureMyCore
44.98,(Laparoscopic) adjustment of size of adjustable gastric restrictive device,(Laparoscopic) adjustment of size of adjustable gastric restrictive device,http://fhir.hie.moh.gov.my/CodeSystem/procedure-my-core,CodeSystemProcedureMyCore
44.99,Other operations on stomach,Other operations on stomach,http://fhir.hie.moh.gov.my/CodeSystem/procedure-my-core,CodeSystemProcedureMyCore
45.00,"Incision of intestine, not otherwise specified","Incision of intestine, not otherwise specified",http://fhir.hie.moh.gov.my/CodeSystem/procedure-my-core,CodeSystemProcedureMyCore
45.01,Incision of duodenum,Incision of duodenum,http://fhir.hie.moh.gov.my/CodeSystem/procedure-my-core,CodeSystemProcedureMyCore
45.02,Other incision of small intestine,Other incision of small intestine,http://fhir.hie.moh.gov.my/CodeSystem/procedure-my-core,CodeSystemProcedureMyCore
45.03,Incision of large intestine,Incision of large intestine,http://fhir.hie.moh.gov.my/CodeSystem/procedure-my-core,CodeSystemProcedureMyCore
45.11,Transabdominal endoscopy of small intestine,Transabdominal endoscopy of small intestine,http://fhir.hie.moh.gov.my/CodeSystem/procedure-my-core,CodeSystemProcedureMyCore
45.12,Endoscopy of small intestine through artificial stoma,Endoscopy of small intestine through artificial stoma,http://fhir.hie.moh.gov.my/CodeSystem/procedure-my-core,CodeSystemProcedureMyCore
45.13,Other endoscopy of small intestine,Other endoscopy of small intestine,http://fhir.hie.moh.gov.my/CodeSystem/procedure-my-core,CodeSystemProcedureMyCore
45.14,Closed [endoscopic] biopsy of small intestine,Closed [endoscopic] biopsy of small intestine,http://fhir.hie.moh.gov.my/CodeSystem/procedure-my-core,CodeSystemProcedureMyCore
45.15,Open biopsy of small intestine,Open biopsy of small intestine,http://fhir.hie.moh.gov.my/CodeSystem/procedure-my-core,CodeSystemProcedureMyCore
45.16,Esophagogastroduodenoscopy [EGD] with closed biopsy,Esophagogastroduodenoscopy [EGD] with closed biopsy,http://fhir.hie.moh.gov.my/CodeSystem/procedure-my-core,CodeSystemProcedureMyCore
45.19,Other diagnostic procedures on small intestine,Other diagnostic procedures on small intestine,http://fhir.hie.moh.gov.my/CodeSystem/procedure-my-core,CodeSystemProcedureMyCore
45.21,Transabdominal endoscopy of large intestine,Transabdominal endoscopy of large intestine,http://fhir.hie.moh.gov.my/CodeSystem/procedure-my-core,CodeSystemProcedureMyCore
45.22,Endoscopy of large intestine through artificial stoma,Endoscopy of large intestine through artificial stoma,http://fhir.hie.moh.gov.my/CodeSystem/procedure-my-core,CodeSystemProcedureMyCore
45.23,Colonoscopy,Colonoscopy,http://fhir.hie.moh.gov.my/CodeSystem/procedure-my-core,CodeSystemProcedureMyCore
45.24,Flexible sigmoidoscopy,Flexible sigmoidoscopy,http://fhir.hie.moh.gov.my/CodeSystem/procedure-my-core,CodeSystemProcedureMyCore
45.25,Closed [endoscopic] biopsy of large intestine,Closed [endoscopic] biopsy of large intestine,http://fhir.hie.moh.gov.my/CodeSystem/procedure-my-core,CodeSystemProcedureMyCore
45.26,Open biopsy of large intestine,Open biopsy of large intestine,http://fhir.hie.moh.gov.my/CodeSystem/procedure-my-core,CodeSystemProcedureMyCore
45.27,"Intestinal biopsy, site unspecified","Intestinal biopsy, site unspecified",http://fhir.hie.moh.gov.my/CodeSystem/procedure-my-core,CodeSystemProcedureMyCore
45.28,Other diagnostic procedures on large intestine,Other diagnostic procedures on large intestine,http://fhir.hie.moh.gov.my/CodeSystem/procedure-my-core,CodeSystemProcedureMyCore
45.29,"Other diagnostic procedures on intestine, site unspecified","Other diagnostic procedures on intestine, site unspecified",http://fhir.hie.moh.gov.my/CodeSystem/procedure-my-core,CodeSystemProcedureMyCore
45.30,Endoscopic excision or destruction of lesion of duodenum,Endoscopic excision or destruction of lesion of duodenum,http://fhir.hie.moh.gov.my/CodeSystem/procedure-my-core,CodeSystemProcedureMyCore
45.31,Other local excision of lesion of duodenum,Other local excision of lesion of duodenum,http://fhir.hie.moh.gov.my/CodeSystem/procedure-my-core,CodeSystemProcedureMyCore
45.32,Other destruction of lesion of duodenum,Other destruction of lesion of duodenum,http://fhir.hie.moh.gov.my/CodeSystem/procedure-my-core,CodeSystemProcedureMyCore
45.33,"Local excision of lesion or tissue of small intestine, except duodenum","Local excision of lesion or tissue of small intestine, except duodenum",http://fhir.hie.moh.gov.my/CodeSystem/procedure-my-core,CodeSystemProcedureMyCore
45.34,"Other destruction of lesion of small intestine, except duodenum","Other destruction of lesion of small intestine, except duodenum",http://fhir.hie.moh.gov.my/CodeSystem/procedure-my-core,CodeSystemProcedureMyCore
45.41,Excision of lesion or tissue of large intestine,Excision of lesion or tissue of large intestine,http://fhir.hie.moh.gov.my/CodeSystem/procedure-my-core,CodeSystemProcedureMyCore
45.42,Endoscopic polypectomy of large intestine,Endoscopic polypectomy of large intestine,http://fhir.hie.moh.gov.my/CodeSystem/procedure-my-core,CodeSystemProcedureMyCore
45.43,Endoscopic destruction of other lesion or tissue of large intestine,Endoscopic destruction of other lesion or tissue of large intestine,http://fhir.hie.moh.gov.my/CodeSystem/procedure-my-core,CodeSystemProcedureMyCore
45.49,Other destruction of lesion of large intestine,Other destruction of lesion of large intestine,http://fhir.hie.moh.gov.my/CodeSystem/procedure-my-core,CodeSystemProcedureMyCore
45.50,"Isolation of intestinal segment, not otherwise specified","Isolation of intestinal segment, not otherwise specified",http://fhir.hie.moh.gov.my/CodeSystem/procedure-my-core,CodeSystemProcedureMyCore
45.51,Isolation of segment of small intestine,Isolation of segment of small intestine,http://fhir.hie.moh.gov.my/CodeSystem/procedure-my-core,CodeSystemProcedureMyCore
45.52,Isolation of segment of large intestine,Isolation of segment of large intestine,http://fhir.hie.moh.gov.my/CodeSystem/procedure-my-core,CodeSystemProcedureMyCore
45.61,Multiple segmental resection of small intestine,Multiple segmental resection of small intestine,http://fhir.hie.moh.gov.my/CodeSystem/procedure-my-core,CodeSystemProcedureMyCore
45.62,Other partial resection of small intestine,Other partial resection of small intestine,http://fhir.hie.moh.gov.my/CodeSystem/procedure-my-core,CodeSystemProcedureMyCore
45.63,Total removal of small intestine,Total removal of small intestine,http://fhir.hie.moh.gov.my/CodeSystem/procedure-my-core,CodeSystemProcedureMyCore
45.71,Multiple segmental resection of large intestine,Multiple segmental resection of large intestine,http://fhir.hie.moh.gov.my/CodeSystem/procedure-my-core,CodeSystemProcedureMyCore
45.72,Cecectomy,Cecectomy,http://fhir.hie.moh.gov.my/CodeSystem/procedure-my-core,CodeSystemProcedureMyCore
45.73,Right hemicolectomy,Right hemicolectomy,http://fhir.hie.moh.gov.my/CodeSystem/procedure-my-core,CodeSystemProcedureMyCore
45.74,Resection of transverse colon,Resection of transverse colon,http://fhir.hie.moh.gov.my/CodeSystem/procedure-my-core,CodeSystemProcedureMyCore
45.75,Left hemicolectomy,Left hemicolectomy,http://fhir.hie.moh.gov.my/CodeSystem/procedure-my-core,CodeSystemProcedureMyCore
45.76,Sigmoidectomy,Sigmoidectomy,http://fhir.hie.moh.gov.my/CodeSystem/procedure-my-core,CodeSystemProcedureMyCore
45.79,Other partial excision of large intestine,Other partial excision of large intestine,http://fhir.hie.moh.gov.my/CodeSystem/procedure-my-core,CodeSystemProcedureMyCore
45.8,Total intra-abdominal colectomy,Total intra-abdominal colectomy,http://fhir.hie.moh.gov.my/CodeSystem/procedure-my-core,CodeSystemProcedureMyCore
45.90,"Intestinal anastomosis, not otherwise specified","Intestinal anastomosis, not otherwise specified",http://fhir.hie.moh.gov.my/CodeSystem/procedure-my-core,CodeSystemProcedureMyCore
45.91,Small-to-small intestinal anastomosis,Small-to-small intestinal anastomosis,http://fhir.hie.moh.gov.my/CodeSystem/procedure-my-core,CodeSystemProcedureMyCore
45.92,Anastomosis of small intestine to rectal stump,Anastomosis of small intestine to rectal stump,http://fhir.hie.moh.gov.my/CodeSystem/procedure-my-core,CodeSystemProcedureMyCore
45.93,Other small-to-large intestinal anastomosis,Other small-to-large intestinal anastomosis,http://fhir.hie.moh.gov.my/CodeSystem/procedure-my-core,CodeSystemProcedureMyCore
45.94,Large-to-large intestinal anastomosis,Large-to-large intestinal anastomosis,http://fhir.hie.moh.gov.my/CodeSystem/procedure-my-core,CodeSystemProcedureMyCore
45.95,Anastomosis to anus,Anastomosis to anus,http://fhir.hie.moh.gov.my/CodeSystem/procedure-my-core,CodeSystemProcedureMyCore
46.01,Exteriorization of small intestine,Exteriorization of small intestine,http://fhir.hie.moh.gov.my/CodeSystem/procedure-my-core,CodeSystemProcedureMyCore
46.02,Resection of exteriorized segment of small intestine,Resection of exteriorized segment of small intestine,http://fhir.hie.moh.gov.my/CodeSystem/procedure-my-core,CodeSystemProcedureMyCore
46.03,Exteriorization of large intestine,Exteriorization of large intestine,http://fhir.hie.moh.gov.my/CodeSystem/procedure-my-core,CodeSystemProcedureMyCore
46.04,Resection of exteriorized segment of large intestine,Resection of exteriorized segment of large intestine,http://fhir.hie.moh.gov.my/CodeSystem/procedure-my-core,CodeSystemProcedureMyCore
46.10,"Colostomy, not otherwise specified","Colostomy, not otherwise specified",http://fhir.hie.moh.gov.my/CodeSystem/procedure-my-core,CodeSystemProcedureMyCore
46.11,Temporary colostomy,Temporary colostomy,http://fhir.hie.moh.gov.my/CodeSystem/procedure-my-core,CodeSystemProcedureMyCore
46.13,Permanent colostomy,Permanent colostomy,http://fhir.hie.moh.gov.my/CodeSystem/procedure-my-core,CodeSystemProcedureMyCore
46.14,Delayed opening of colostomy,Delayed opening of colostomy,http://fhir.hie.moh.gov.my/CodeSystem/procedure-my-core,CodeSystemProcedureMyCore
46.20,"Ileostomy, not otherwise specified","Ileostomy, not otherwise specified",http://fhir.hie.moh.gov.my/CodeSystem/procedure-my-core,CodeSystemProcedureMyCore
46.21,Temporary ileostomy,Temporary ileostomy,http://fhir.hie.moh.gov.my/CodeSystem/procedure-my-core,CodeSystemProcedureMyCore
46.22,Continent ileostomy,Continent ileostomy,http://fhir.hie.moh.gov.my/CodeSystem/procedure-my-core,CodeSystemProcedureMyCore
46.23,Other permanent ileostomy,Other permanent ileostomy,http://fhir.hie.moh.gov.my/CodeSystem/procedure-my-core,CodeSystemProcedureMyCore
46.24,Delayed opening of ileostomy,Delayed opening of ileostomy,http://fhir.hie.moh.gov.my/CodeSystem/procedure-my-core,CodeSystemProcedureMyCore
46.31,Delayed opening of other enterostomy,Delayed opening of other enterostomy,http://fhir.hie.moh.gov.my/CodeSystem/procedure-my-core,CodeSystemProcedureMyCore
46.32,Percutaneous (endoscopic) jejunostomy [PEJ],Percutaneous (endoscopic) jejunostomy [PEJ],http://fhir.hie.moh.gov.my/CodeSystem/procedure-my-core,CodeSystemProcedureMyCore
46.39,Other enterostomy,Other enterostomy,http://fhir.hie.moh.gov.my/CodeSystem/procedure-my-core,CodeSystemProcedureMyCore
46.40,"Revision of intestinal stoma, not otherwise specified","Revision of intestinal stoma, not otherwise specified",http://fhir.hie.moh.gov.my/CodeSystem/procedure-my-core,CodeSystemProcedureMyCore
46.41,Revision of stoma of small intestine,Revision of stoma of small intestine,http://fhir.hie.moh.gov.my/CodeSystem/procedure-my-core,CodeSystemProcedureMyCore
46.42,Repair of pericolostomy hernia,Repair of pericolostomy hernia,http://fhir.hie.moh.gov.my/CodeSystem/procedure-my-core,CodeSystemProcedureMyCore
46.43,Other revision of stoma of large intestine,Other revision of stoma of large intestine,http://fhir.hie.moh.gov.my/CodeSystem/procedure-my-core,CodeSystemProcedureMyCore
46.50,"Closure of intestinal stoma, not otherwise specified","Closure of intestinal stoma, not otherwise specified",http://fhir.hie.moh.gov.my/CodeSystem/procedure-my-core,CodeSystemProcedureMyCore
46.51,Closure of stoma of small intestine,Closure of stoma of small intestine,http://fhir.hie.moh.gov.my/CodeSystem/procedure-my-core,CodeSystemProcedureMyCore
46.52,Closure of stoma of large intestine,Closure of stoma of large intestine,http://fhir.hie.moh.gov.my/CodeSystem/procedure-my-core,CodeSystemProcedureMyCore
46.60,"Fixation of intestine, not otherwise specified","Fixation of intestine, not otherwise specified",http://fhir.hie.moh.gov.my/CodeSystem/procedure-my-core,CodeSystemProcedureMyCore
46.61,Fixation of small intestine to abdominal wall,Fixation of small intestine to abdominal wall,http://fhir.hie.moh.gov.my/CodeSystem/procedure-my-core,CodeSystemProcedureMyCore
46.62,Other fixation of small intestine,Other fixation of small intestine,http://fhir.hie.moh.gov.my/CodeSystem/procedure-my-core,CodeSystemProcedureMyCore
46.63,Fixation of large intestine to abdominal wall,Fixation of large intestine to abdominal wall,http://fhir.hie.moh.gov.my/CodeSystem/procedure-my-core,CodeSystemProcedureMyCore
46.64,Other fixation of large intestine,Other fixation of large intestine,http://fhir.hie.moh.gov.my/CodeSystem/procedure-my-core,CodeSystemProcedureMyCore
46.71,Suture of laceration of duodenum,Suture of laceration of duodenum,http://fhir.hie.moh.gov.my/CodeSystem/procedure-my-core,CodeSystemProcedureMyCore
46.72,Closure of fistula of duodenum,Closure of fistula of duodenum,http://fhir.hie.moh.gov.my/CodeSystem/procedure-my-core,CodeSystemProcedureMyCore
46.73,"Suture of laceration of small intestine, except duodenum","Suture of laceration of small intestine, except duodenum",http://fhir.hie.moh.gov.my/CodeSystem/procedure-my-core,CodeSystemProcedureMyCore
46.74,"Closure of fistula of small intestine, except duodenum","Closure of fistula of small intestine, except duodenum",http://fhir.hie.moh.gov.my/CodeSystem/procedure-my-core,CodeSystemProcedureMyCore
46.75,Suture of laceration of large intestine,Suture of laceration of large intestine,http://fhir.hie.moh.gov.my/CodeSystem/procedure-my-core,CodeSystemProcedureMyCore
46.76,Closure of fistula of large intestine,Closure of fistula of large intestine,http://fhir.hie.moh.gov.my/CodeSystem/procedure-my-core,CodeSystemProcedureMyCore
46.79,Other repair of intestine,Other repair of intestine,http://fhir.hie.moh.gov.my/CodeSystem/procedure-my-core,CodeSystemProcedureMyCore
46.80,"Intra-abdominal manipulation of intestine, not otherwise specified","Intra-abdominal manipulation of intestine, not otherwise specified",http://fhir.hie.moh.gov.my/CodeSystem/procedure-my-core,CodeSystemProcedureMyCore
46.81,Intra-abdominal manipulation of small intestine,Intra-abdominal manipulation of small intestine,http://fhir.hie.moh.gov.my/CodeSystem/procedure-my-core,CodeSystemProcedureMyCore
46.82,Intra-abdominal manipulation of large intestine,Intra-abdominal manipulation of large intestine,http://fhir.hie.moh.gov.my/CodeSystem/procedure-my-core,CodeSystemProcedureMyCore
46.85,Dilation of intestine,Dilation of intestine,http://fhir.hie.moh.gov.my/CodeSystem/procedure-my-core,CodeSystemProcedureMyCore
46.91,Myotomy of sigmoid colon,Myotomy of sigmoid colon,http://fhir.hie.moh.gov.my/CodeSystem/procedure-my-core,CodeSystemProcedureMyCore
46.92,Myotomy of other parts of colon,Myotomy of other parts of colon,http://fhir.hie.moh.gov.my/CodeSystem/procedure-my-core,CodeSystemProcedureMyCore
46.93,Revision of anastomosis of small intestine,Revision of anastomosis of small intestine,http://fhir.hie.moh.gov.my/CodeSystem/procedure-my-core,CodeSystemProcedureMyCore
46.94,Revision of anastomosis of large intestine,Revision of anastomosis of large intestine,http://fhir.hie.moh.gov.my/CodeSystem/procedure-my-core,CodeSystemProcedureMyCore
46.95,Local perfusion of small intestine,Local perfusion of small intestine,http://fhir.hie.moh.gov.my/CodeSystem/procedure-my-core,CodeSystemProcedureMyCore
46.96,Local perfusion of large intestine,Local perfusion of large intestine,http://fhir.hie.moh.gov.my/CodeSystem/procedure-my-core,CodeSystemProcedureMyCore
46.97,Transplant of intestine,Transplant of intestine,http://fhir.hie.moh.gov.my/CodeSystem/procedure-my-core,CodeSystemProcedureMyCore
46.99,Other operations on intestines,Other operations on intestines,http://fhir.hie.moh.gov.my/CodeSystem/procedure-my-core,CodeSystemProcedureMyCore
47.01,Laparoscopic appendectomy,Laparoscopic appendectomy,http://fhir.hie.moh.gov.my/CodeSystem/procedure-my-core,CodeSystemProcedureMyCore
47.09,Other appendectomy,Other appendectomy,http://fhir.hie.moh.gov.my/CodeSystem/procedure-my-core,CodeSystemProcedureMyCore
47.11,Laparoscopic incidental appendectomy,Laparoscopic incidental appendectomy,http://fhir.hie.moh.gov.my/CodeSystem/procedure-my-core,CodeSystemProcedureMyCore
47.19,Other incidental appendectomy,Other incidental appendectomy,http://fhir.hie.moh.gov.my/CodeSystem/procedure-my-core,CodeSystemProcedureMyCore
47.2,Drainage of appendiceal abscess,Drainage of appendiceal abscess,http://fhir.hie.moh.gov.my/CodeSystem/procedure-my-core,CodeSystemProcedureMyCore
47.91,Appendicostomy,Appendicostomy,http://fhir.hie.moh.gov.my/CodeSystem/procedure-my-core,CodeSystemProcedureMyCore
47.92,Closure of appendiceal fistula,Closure of appendiceal fistula,http://fhir.hie.moh.gov.my/CodeSystem/procedure-my-core,CodeSystemProcedureMyCore
47.99,Other operations on appendix,Other operations on appendix,http://fhir.hie.moh.gov.my/CodeSystem/procedure-my-core,CodeSystemProcedureMyCore
48.0,Proctotomy,Proctotomy,http://fhir.hie.moh.gov.my/CodeSystem/procedure-my-core,CodeSystemProcedureMyCore
48.1,Proctostomy,Proctostomy,http://fhir.hie.moh.gov.my/CodeSystem/procedure-my-core,CodeSystemProcedureMyCore
48.21,Transabdominal proctosigmoidoscopy,Transabdominal proctosigmoidoscopy,http://fhir.hie.moh.gov.my/CodeSystem/procedure-my-core,CodeSystemProcedureMyCore
48.22,Proctosigmoidoscopy through artificial stoma,Proctosigmoidoscopy through artificial stoma,http://fhir.hie.moh.gov.my/CodeSystem/procedure-my-core,CodeSystemProcedureMyCore
48.23,Rigid proctosigmoidoscopy,Rigid proctosigmoidoscopy,http://fhir.hie.moh.gov.my/CodeSystem/procedure-my-core,CodeSystemProcedureMyCore
48.24,Closed [endoscopic] biopsy of rectum,Closed [endoscopic] biopsy of rectum,http://fhir.hie.moh.gov.my/CodeSystem/procedure-my-core,CodeSystemProcedureMyCore
48.25,Open biopsy of rectum,Open biopsy of rectum,http://fhir.hie.moh.gov.my/CodeSystem/procedure-my-core,CodeSystemProcedureMyCore
48.26,Biopsy of perirectal tissue,Biopsy of perirectal tissue,http://fhir.hie.moh.gov.my/CodeSystem/procedure-my-core,CodeSystemProcedureMyCore
48.29,"Other diagnostic procedures on rectum, rectosigmoid and perirectal tissue","Other diagnostic procedures on rectum, rectosigmoid and perirectal tissue",http://fhir.hie.moh.gov.my/CodeSystem/procedure-my-core,CodeSystemProcedureMyCore
48.31,Radical electrocoagulation of rectal lesion or tissue,Radical electrocoagulation of rectal lesion or tissue,http://fhir.hie.moh.gov.my/CodeSystem/procedure-my-core,CodeSystemProcedureMyCore
48.32,Other electrocoagulation of rectal lesion or tissue,Other electrocoagulation of rectal lesion or tissue,http://fhir.hie.moh.gov.my/CodeSystem/procedure-my-core,CodeSystemProcedureMyCore
48.33,Destruction of rectal lesion or tissue by laser,Destruction of rectal lesion or tissue by laser,http://fhir.hie.moh.gov.my/CodeSystem/procedure-my-core,CodeSystemProcedureMyCore
48.34,Destruction of rectal lesion or tissue by cryosurgery,Destruction of rectal lesion or tissue by cryosurgery,http://fhir.hie.moh.gov.my/CodeSystem/procedure-my-core,CodeSystemProcedureMyCore
48.35,Local excision of rectal lesion or tissue,Local excision of rectal lesion or tissue,http://fhir.hie.moh.gov.my/CodeSystem/procedure-my-core,CodeSystemProcedureMyCore
48.36,[Endoscopic] polypectomy of rectum,[Endoscopic] polypectomy of rectum,http://fhir.hie.moh.gov.my/CodeSystem/procedure-my-core,CodeSystemProcedureMyCore
48.41,Soave submucosal resection of rectum,Soave submucosal resection of rectum,http://fhir.hie.moh.gov.my/CodeSystem/procedure-my-core,CodeSystemProcedureMyCore
48.49,Other pull-through resection of rectum,Other pull-through resection of rectum,http://fhir.hie.moh.gov.my/CodeSystem/procedure-my-core,CodeSystemProcedureMyCore
48.5,Abdominoperineal resection of rectum,Abdominoperineal resection of rectum,http://fhir.hie.moh.gov.my/CodeSystem/procedure-my-core,CodeSystemProcedureMyCore
48.61,Transsacral rectosigmoidectomy,Transsacral rectosigmoidectomy,http://fhir.hie.moh.gov.my/CodeSystem/procedure-my-core,CodeSystemProcedureMyCore
48.62,Anterior resection of rectum with synchronous colostomy,Anterior resection of rectum with synchronous colostomy,http://fhir.hie.moh.gov.my/CodeSystem/procedure-my-core,CodeSystemProcedureMyCore
48.63,Other anterior resection of rectum,Other anterior resection of rectum,http://fhir.hie.moh.gov.my/CodeSystem/procedure-my-core,CodeSystemProcedureMyCore
48.64,Posterior resection of rectum,Posterior resection of rectum,http://fhir.hie.moh.gov.my/CodeSystem/procedure-my-core,CodeSystemProcedureMyCore
48.65,Duhamel resection of rectum,Duhamel resection of rectum,http://fhir.hie.moh.gov.my/CodeSystem/procedure-my-core,CodeSystemProcedureMyCore
48.69,Other resection of rectum,Other resection of rectum,http://fhir.hie.moh.gov.my/CodeSystem/procedure-my-core,CodeSystemProcedureMyCore
48.71,Suture of laceration of rectum,Suture of laceration of rectum,http://fhir.hie.moh.gov.my/CodeSystem/procedure-my-core,CodeSystemProcedureMyCore
48.72,Closure of proctostomy,Closure of proctostomy,http://fhir.hie.moh.gov.my/CodeSystem/procedure-my-core,CodeSystemProcedureMyCore
48.73,Closure of other rectal fistula,Closure of other rectal fistula,http://fhir.hie.moh.gov.my/CodeSystem/procedure-my-core,CodeSystemProcedureMyCore
48.74,Rectorectostomy,Rectorectostomy,http://fhir.hie.moh.gov.my/CodeSystem/procedure-my-core,CodeSystemProcedureMyCore
48.75,Abdominal proctopexy,Abdominal proctopexy,http://fhir.hie.moh.gov.my/CodeSystem/procedure-my-core,CodeSystemProcedureMyCore
48.76,Other proctopexy,Other proctopexy,http://fhir.hie.moh.gov.my/CodeSystem/procedure-my-core,CodeSystemProcedureMyCore
48.79,Other repair of rectum,Other repair of rectum,http://fhir.hie.moh.gov.my/CodeSystem/procedure-my-core,CodeSystemProcedureMyCore
48.81,Incision of perirectal tissue,Incision of perirectal tissue,http://fhir.hie.moh.gov.my/CodeSystem/procedure-my-core,CodeSystemProcedureMyCore
48.82,Excision of perirectal tissue,Excision of perirectal tissue,http://fhir.hie.moh.gov.my/CodeSystem/procedure-my-core,CodeSystemProcedureMyCore
48.91,Incision of rectal stricture,Incision of rectal stricture,http://fhir.hie.moh.gov.my/CodeSystem/procedure-my-core,CodeSystemProcedureMyCore
48.92,Anorectal myectomy,Anorectal myectomy,http://fhir.hie.moh.gov.my/CodeSystem/procedure-my-core,CodeSystemProcedureMyCore
48.93,Repair of perirectal fistula,Repair of perirectal fistula,http://fhir.hie.moh.gov.my/CodeSystem/procedure-my-core,CodeSystemProcedureMyCore
48.99,Other operations on rectum and perirectal tissue,Other operations on rectum and perirectal tissue,http://fhir.hie.moh.gov.my/CodeSystem/procedure-my-core,CodeSystemProcedureMyCore
49.01,Incision of perianal abscess,Incision of perianal abscess,http://fhir.hie.moh.gov.my/CodeSystem/procedure-my-core,CodeSystemProcedureMyCore
49.02,Other incision of perianal tissue,Other incision of perianal tissue,http://fhir.hie.moh.gov.my/CodeSystem/procedure-my-core,CodeSystemProcedureMyCore
49.03,Excision of perianal skin tags,Excision of perianal skin tags,http://fhir.hie.moh.gov.my/CodeSystem/procedure-my-core,CodeSystemProcedureMyCore
49.04,Other excision of perianal tissue,Other excision of perianal tissue,http://fhir.hie.moh.gov.my/CodeSystem/procedure-my-core,CodeSystemProcedureMyCore
49.11,Anal fistulotomy,Anal fistulotomy,http://fhir.hie.moh.gov.my/CodeSystem/procedure-my-core,CodeSystemProcedureMyCore
49.12,Anal fistulectomy,Anal fistulectomy,http://fhir.hie.moh.gov.my/CodeSystem/procedure-my-core,CodeSystemProcedureMyCore
49.21,Anoscopy,Anoscopy,http://fhir.hie.moh.gov.my/CodeSystem/procedure-my-core,CodeSystemProcedureMyCore
49.22,Biopsy of perianal tissue,Biopsy of perianal tissue,http://fhir.hie.moh.gov.my/CodeSystem/procedure-my-core,CodeSystemProcedureMyCore
49.23,Biopsy of anus,Biopsy of anus,http://fhir.hie.moh.gov.my/CodeSystem/procedure-my-core,CodeSystemProcedureMyCore
49.29,Other diagnostic procedures on anus and perianal tissue,Other diagnostic procedures on anus and perianal tissue,http://fhir.hie.moh.gov.my/CodeSystem/procedure-my-core,CodeSystemProcedureMyCore
49.31,Endoscopic excision or destruction of lesion or tissue of anus,Endoscopic excision or destruction of lesion or tissue of anus,http://fhir.hie.moh.gov.my/CodeSystem/procedure-my-core,CodeSystemProcedureMyCore
49.39,Other local excision or destruction of lesion or tissue of anus,Other local excision or destruction of lesion or tissue of anus,http://fhir.hie.moh.gov.my/CodeSystem/procedure-my-core,CodeSystemProcedureMyCore
49.41,Reduction of hemorrhoids,Reduction of hemorrhoids,http://fhir.hie.moh.gov.my/CodeSystem/procedure-my-core,CodeSystemProcedureMyCore
49.42,Injection of hemorrhoids,Injection of hemorrhoids,http://fhir.hie.moh.gov.my/CodeSystem/procedure-my-core,CodeSystemProcedureMyCore
49.43,Cauterization of hemorrhoids,Cauterization of hemorrhoids,http://fhir.hie.moh.gov.my/CodeSystem/procedure-my-core,CodeSystemProcedureMyCore
49.44,Destruction of hemorrhoids by cryotherapy,Destruction of hemorrhoids by cryotherapy,http://fhir.hie.moh.gov.my/CodeSystem/procedure-my-core,CodeSystemProcedureMyCore
49.45,Ligation of hemorrhoids,Ligation of hemorrhoids,http://fhir.hie.moh.gov.my/CodeSystem/procedure-my-core,CodeSystemProcedureMyCore
49.46,Excision of hemorrhoids,Excision of hemorrhoids,http://fhir.hie.moh.gov.my/CodeSystem/procedure-my-core,CodeSystemProcedureMyCore
49.47,Evacuation of thrombosed hemorrhoids,Evacuation of thrombosed hemorrhoids,http://fhir.hie.moh.gov.my/CodeSystem/procedure-my-core,CodeSystemProcedureMyCore
49.49,Other procedures on hemorrhoids,Other procedures on hemorrhoids,http://fhir.hie.moh.gov.my/CodeSystem/procedure-my-core,CodeSystemProcedureMyCore
49.51,Left lateral anal sphincterotomy,Left lateral anal sphincterotomy,http://fhir.hie.moh.gov.my/CodeSystem/procedure-my-core,CodeSystemProcedureMyCore
49.52,Posterior anal sphincterotomy,Posterior anal sphincterotomy,http://fhir.hie.moh.gov.my/CodeSystem/procedure-my-core,CodeSystemProcedureMyCore
49.59,Other anal sphincterotomy,Other anal sphincterotomy,http://fhir.hie.moh.gov.my/CodeSystem/procedure-my-core,CodeSystemProcedureMyCore
49.6,Excision of anus,Excision of anus,http://fhir.hie.moh.gov.my/CodeSystem/procedure-my-core,CodeSystemProcedureMyCore
49.71,Suture of laceration of anus,Suture of laceration of anus,http://fhir.hie.moh.gov.my/CodeSystem/procedure-my-core,CodeSystemProcedureMyCore
49.72,Anal cerclage,Anal cerclage,http://fhir.hie.moh.gov.my/CodeSystem/procedure-my-core,CodeSystemProcedureMyCore
49.73,Closure of anal fistula,Closure of anal fistula,http://fhir.hie.moh.gov.my/CodeSystem/procedure-my-core,CodeSystemProcedureMyCore
49.74,Gracilis muscle transplant for anal incontinence,Gracilis muscle transplant for anal incontinence,http://fhir.hie.moh.gov.my/CodeSystem/procedure-my-core,CodeSystemProcedureMyCore
49.75,Implantation or revision of artificial anal sphincter,Implantation or revision of artificial anal sphincter,http://fhir.hie.moh.gov.my/CodeSystem/procedure-my-core,CodeSystemProcedureMyCore
49.76,Removal of artificial anal sphincter,Removal of artificial anal sphincter,http://fhir.hie.moh.gov.my/CodeSystem/procedure-my-core,CodeSystemProcedureMyCore
49.79,Other repair of anal sphincter,Other repair of anal sphincter,http://fhir.hie.moh.gov.my/CodeSystem/procedure-my-core,CodeSystemProcedureMyCore
49.91,Incision of anal septum,Incision of anal septum,http://fhir.hie.moh.gov.my/CodeSystem/procedure-my-core,CodeSystemProcedureMyCore
49.92,Insertion of subcutaneous electrical anal stimulator,Insertion of subcutaneous electrical anal stimulator,http://fhir.hie.moh.gov.my/CodeSystem/procedure-my-core,CodeSystemProcedureMyCore
49.93,Other incision of anus,Other incision of anus,http://fhir.hie.moh.gov.my/CodeSystem/procedure-my-core,CodeSystemProcedureMyCore
49.94,Reduction of anal prolapse,Reduction of anal prolapse,http://fhir.hie.moh.gov.my/CodeSystem/procedure-my-core,CodeSystemProcedureMyCore
49.95,Control of (postoperative) hemorrhage of anus,Control of (postoperative) hemorrhage of anus,http://fhir.hie.moh.gov.my/CodeSystem/procedure-my-core,CodeSystemProcedureMyCore
49.99,Other operations on anus,Other operations on anus,http://fhir.hie.moh.gov.my/CodeSystem/procedure-my-core,CodeSystemProcedureMyCore
50.0,Hepatotomy,Hepatotomy,http://fhir.hie.moh.gov.my/CodeSystem/procedure-my-core,CodeSystemProcedureMyCore
50.11,Closed (percutaneous) [needle] biopsy of liver,Closed (percutaneous) [needle] biopsy of liver,http://fhir.hie.moh.gov.my/CodeSystem/procedure-my-core,CodeSystemProcedureMyCore
50.12,Open biopsy of liver,Open biopsy of liver,http://fhir.hie.moh.gov.my/CodeSystem/procedure-my-core,CodeSystemProcedureMyCore
50.19,Other diagnostic procedures on liver,Other diagnostic procedures on liver,http://fhir.hie.moh.gov.my/CodeSystem/procedure-my-core,CodeSystemProcedureMyCore
50.21,Marsupialization of lesion of liver,Marsupialization of lesion of liver,http://fhir.hie.moh.gov.my/CodeSystem/procedure-my-core,CodeSystemProcedureMyCore
50.22,Partial hepatectomy,Partial hepatectomy,http://fhir.hie.moh.gov.my/CodeSystem/procedure-my-core,CodeSystemProcedureMyCore
50.29,Other destruction of lesion of liver,Other destruction of lesion of liver,http://fhir.hie.moh.gov.my/CodeSystem/procedure-my-core,CodeSystemProcedureMyCore
50.3,Lobectomy of liver,Lobectomy of liver,http://fhir.hie.moh.gov.my/CodeSystem/procedure-my-core,CodeSystemProcedureMyCore
50.4,Total hepatectomy,Total hepatectomy,http://fhir.hie.moh.gov.my/CodeSystem/procedure-my-core,CodeSystemProcedureMyCore
50.51,Auxiliary liver transplant,Auxiliary liver transplant,http://fhir.hie.moh.gov.my/CodeSystem/procedure-my-core,CodeSystemProcedureMyCore
50.59,Other transplant of liver,Other transplant of liver,http://fhir.hie.moh.gov.my/CodeSystem/procedure-my-core,CodeSystemProcedureMyCore
50.61,Closure of laceration of liver,Closure of laceration of liver,http://fhir.hie.moh.gov.my/CodeSystem/procedure-my-core,CodeSystemProcedureMyCore
50.69,Other repair of liver,Other repair of liver,http://fhir.hie.moh.gov.my/CodeSystem/procedure-my-core,CodeSystemProcedureMyCore
50.91,Percutaneous aspiration of liver,Percutaneous aspiration of liver,http://fhir.hie.moh.gov.my/CodeSystem/procedure-my-core,CodeSystemProcedureMyCore
50.92,Extracorporeal hepatic assistance,Extracorporeal hepatic assistance,http://fhir.hie.moh.gov.my/CodeSystem/procedure-my-core,CodeSystemProcedureMyCore
50.93,Localized perfusion of liver,Localized perfusion of liver,http://fhir.hie.moh.gov.my/CodeSystem/procedure-my-core,CodeSystemProcedureMyCore
50.94,Other injection of therapeutic substance into liver,Other injection of therapeutic substance into liver,http://fhir.hie.moh.gov.my/CodeSystem/procedure-my-core,CodeSystemProcedureMyCore
50.99,Other operations on liver,Other operations on liver,http://fhir.hie.moh.gov.my/CodeSystem/procedure-my-core,CodeSystemProcedureMyCore
51.01,Percutaneous aspiration of gallbladder,Percutaneous aspiration of gallbladder,http://fhir.hie.moh.gov.my/CodeSystem/procedure-my-core,CodeSystemProcedureMyCore
51.02,Trocar cholecystostomy,Trocar cholecystostomy,http://fhir.hie.moh.gov.my/CodeSystem/procedure-my-core,CodeSystemProcedureMyCore
51.03,Other cholecystostomy,Other cholecystostomy,http://fhir.hie.moh.gov.my/CodeSystem/procedure-my-core,CodeSystemProcedureMyCore
51.04,Other cholecystotomy,Other cholecystotomy,http://fhir.hie.moh.gov.my/CodeSystem/procedure-my-core,CodeSystemProcedureMyCore
51.10,Endoscopic retrograde cholangiopancreatography [ERCP],Endoscopic retrograde cholangiopancreatography [ERCP],http://fhir.hie.moh.gov.my/CodeSystem/procedure-my-core,CodeSystemProcedureMyCore
51.11,Endoscopic retrograde cholangiography [ERC],Endoscopic retrograde cholangiography [ERC],http://fhir.hie.moh.gov.my/CodeSystem/procedure-my-core,CodeSystemProcedureMyCore
51.12,Percutaneous biopsy of gallbladder or bile ducts,Percutaneous biopsy of gallbladder or bile ducts,http://fhir.hie.moh.gov.my/CodeSystem/procedure-my-core,CodeSystemProcedureMyCore
51.13,Open biopsy of gallbladder or bile ducts,Open biopsy of gallbladder or bile ducts,http://fhir.hie.moh.gov.my/CodeSystem/procedure-my-core,CodeSystemProcedureMyCore
51.14,Other closed [endoscopic] biopsy of biliary duct or sphincter of Oddi,Other closed [endoscopic] biopsy of biliary duct or sphincter of Oddi,http://fhir.hie.moh.gov.my/CodeSystem/procedure-my-core,CodeSystemProcedureMyCore
51.15,Pressure measurement of sphincter of Oddi,Pressure measurement of sphincter of Oddi,http://fhir.hie.moh.gov.my/CodeSystem/procedure-my-core,CodeSystemProcedureMyCore
51.19,Other diagnostic procedures on biliary tract,Other diagnostic procedures on biliary tract,http://fhir.hie.moh.gov.my/CodeSystem/procedure-my-core,CodeSystemProcedureMyCore
51.21,Other partial cholecystectomy,Other partial cholecystectomy,http://fhir.hie.moh.gov.my/CodeSystem/procedure-my-core,CodeSystemProcedureMyCore
51.22,Cholecystectomy,Cholecystectomy,http://fhir.hie.moh.gov.my/CodeSystem/procedure-my-core,CodeSystemProcedureMyCore
51.23,Laparoscopic cholecystectomy,Laparoscopic cholecystectomy,http://fhir.hie.moh.gov.my/CodeSystem/procedure-my-core,CodeSystemProcedureMyCore
51.24,Laparoscopic partial cholecystectomy,Laparoscopic partial cholecystectomy,http://fhir.hie.moh.gov.my/CodeSystem/procedure-my-core,CodeSystemProcedureMyCore
51.31,Anastomosis of gallbladder to hepatic ducts,Anastomosis of gallbladder to hepatic ducts,http://fhir.hie.moh.gov.my/CodeSystem/procedure-my-core,CodeSystemProcedureMyCore
51.32,Anastomosis of gallbladder to intestine,Anastomosis of gallbladder to intestine,http://fhir.hie.moh.gov.my/CodeSystem/procedure-my-core,CodeSystemProcedureMyCore
51.33,Anastomosis of gallbladder to pancreas,Anastomosis of gallbladder to pancreas,http://fhir.hie.moh.gov.my/CodeSystem/procedure-my-core,CodeSystemProcedureMyCore
51.34,Anastomosis of gallbladder to stomach,Anastomosis of gallbladder to stomach,http://fhir.hie.moh.gov.my/CodeSystem/procedure-my-core,CodeSystemProcedureMyCore
51.35,Other gallbladder anastomosis,Other gallbladder anastomosis,http://fhir.hie.moh.gov.my/CodeSystem/procedure-my-core,CodeSystemProcedureMyCore
51.36,Choledochoenterostomy,Choledochoenterostomy,http://fhir.hie.moh.gov.my/CodeSystem/procedure-my-core,CodeSystemProcedureMyCore
51.37,Anastomosis of hepatic duct to gastrointestinal tract,Anastomosis of hepatic duct to gastrointestinal tract,http://fhir.hie.moh.gov.my/CodeSystem/procedure-my-core,CodeSystemProcedureMyCore
51.39,Other bile duct anastomosis,Other bile duct anastomosis,http://fhir.hie.moh.gov.my/CodeSystem/procedure-my-core,CodeSystemProcedureMyCore
51.41,Common duct exploration for removal of calculus,Common duct exploration for removal of calculus,http://fhir.hie.moh.gov.my/CodeSystem/procedure-my-core,CodeSystemProcedureMyCore
51.42,Common duct exploration for relief of other obstruction,Common duct exploration for relief of other obstruction,http://fhir.hie.moh.gov.my/CodeSystem/procedure-my-core,CodeSystemProcedureMyCore
51.43,Insertion of choledochohepatic tube for decompression,Insertion of choledochohepatic tube for decompression,http://fhir.hie.moh.gov.my/CodeSystem/procedure-my-core,CodeSystemProcedureMyCore
51.49,Incision of other bile ducts for relief of obstruction,Incision of other bile ducts for relief of obstruction,http://fhir.hie.moh.gov.my/CodeSystem/procedure-my-core,CodeSystemProcedureMyCore
51.51,Exploration of common duct,Exploration of common duct,http://fhir.hie.moh.gov.my/CodeSystem/procedure-my-core,CodeSystemProcedureMyCore
51.59,Other incision of other bile duct,Other incision of other bile duct,http://fhir.hie.moh.gov.my/CodeSystem/procedure-my-core,CodeSystemProcedureMyCore
51.61,Excision of cystic duct remnant,Excision of cystic duct remnant,http://fhir.hie.moh.gov.my/CodeSystem/procedure-my-core,CodeSystemProcedureMyCore
51.62,Excision of ampulla of Vater (with reimplantation of common duct),Excision of ampulla of Vater (with reimplantation of common duct),http://fhir.hie.moh.gov.my/CodeSystem/procedure-my-core,CodeSystemProcedureMyCore
51.63,Other excision of common duct,Other excision of common duct,http://fhir.hie.moh.gov.my/CodeSystem/procedure-my-core,CodeSystemProcedureMyCore
51.64,Endoscopic excision or destruction of lesion of biliary ducts or sphincter of Oddi,Endoscopic excision or destruction of lesion of biliary ducts or sphincter of Oddi,http://fhir.hie.moh.gov.my/CodeSystem/procedure-my-core,CodeSystemProcedureMyCore
51.69,Excision of other bile duct,Excision of other bile duct,http://fhir.hie.moh.gov.my/CodeSystem/procedure-my-core,CodeSystemProcedureMyCore
51.71,Simple suture of common bile duct,Simple suture of common bile duct,http://fhir.hie.moh.gov.my/CodeSystem/procedure-my-core,CodeSystemProcedureMyCore
51.72,Choledochoplasty,Choledochoplasty,http://fhir.hie.moh.gov.my/CodeSystem/procedure-my-core,CodeSystemProcedureMyCore
51.79,"Repair of bile duct, except common","Repair of bile duct, except common",http://fhir.hie.moh.gov.my/CodeSystem/procedure-my-core,CodeSystemProcedureMyCore
51.81,Dilation of sphincter of Oddi,Dilation of sphincter of Oddi,http://fhir.hie.moh.gov.my/CodeSystem/procedure-my-core,CodeSystemProcedureMyCore
51.82,Pancreatic sphincterotomy,Pancreatic sphincterotomy,http://fhir.hie.moh.gov.my/CodeSystem/procedure-my-core,CodeSystemProcedureMyCore
51.83,Pancreatic sphincteroplasty,Pancreatic sphincteroplasty,http://fhir.hie.moh.gov.my/CodeSystem/procedure-my-core,CodeSystemProcedureMyCore
51.84,Endoscopic dilation of ampulla and biliary duct,Endoscopic dilation of ampulla and biliary duct,http://fhir.hie.moh.gov.my/CodeSystem/procedure-my-core,CodeSystemProcedureMyCore
51.85,Endoscopic sphincterotomy and papillotomy,Endoscopic sphincterotomy and papillotomy,http://fhir.hie.moh.gov.my/CodeSystem/procedure-my-core,CodeSystemProcedureMyCore
51.86,Endoscopic insertion of nasobiliary drainage tube,Endoscopic insertion of nasobiliary drainage tube,http://fhir.hie.moh.gov.my/CodeSystem/procedure-my-core,CodeSystemProcedureMyCore
51.87,Endoscopic insertion of stent (tube) into bile duct,Endoscopic insertion of stent (tube) into bile duct,http://fhir.hie.moh.gov.my/CodeSystem/procedure-my-core,CodeSystemProcedureMyCore
51.88,Endoscopic removal of stone(s) from biliary tract,Endoscopic removal of stone(s) from biliary tract,http://fhir.hie.moh.gov.my/CodeSystem/procedure-my-core,CodeSystemProcedureMyCore
51.89,Other operations on sphincter of Oddi,Other operations on sphincter of Oddi,http://fhir.hie.moh.gov.my/CodeSystem/procedure-my-core,CodeSystemProcedureMyCore
51.91,Repair of laceration of gallbladder,Repair of laceration of gallbladder,http://fhir.hie.moh.gov.my/CodeSystem/procedure-my-core,CodeSystemProcedureMyCore
51.92,Closure of cholecystostomy,Closure of cholecystostomy,http://fhir.hie.moh.gov.my/CodeSystem/procedure-my-core,CodeSystemProcedureMyCore
51.93,Closure of other biliary fistula,Closure of other biliary fistula,http://fhir.hie.moh.gov.my/CodeSystem/procedure-my-core,CodeSystemProcedureMyCore
51.94,Revision of anastomosis of biliary tract,Revision of anastomosis of biliary tract,http://fhir.hie.moh.gov.my/CodeSystem/procedure-my-core,CodeSystemProcedureMyCore
51.95,Removal of prosthetic device from bile duct,Removal of prosthetic device from bile duct,http://fhir.hie.moh.gov.my/CodeSystem/procedure-my-core,CodeSystemProcedureMyCore
51.96,Percutaneous extraction of common duct stones,Percutaneous extraction of common duct stones,http://fhir.hie.moh.gov.my/CodeSystem/procedure-my-core,CodeSystemProcedureMyCore
51.98,Other percutaneous procedures on biliary tract,Other percutaneous procedures on biliary tract,http://fhir.hie.moh.gov.my/CodeSystem/procedure-my-core,CodeSystemProcedureMyCore
51.99,Other operations on biliary tract,Other operations on biliary tract,http://fhir.hie.moh.gov.my/CodeSystem/procedure-my-core,CodeSystemProcedureMyCore
52.01,Drainage of pancreatic cyst by catheter,Drainage of pancreatic cyst by catheter,http://fhir.hie.moh.gov.my/CodeSystem/procedure-my-core,CodeSystemProcedureMyCore
52.09,Other pancreatotomy,Other pancreatotomy,http://fhir.hie.moh.gov.my/CodeSystem/procedure-my-core,CodeSystemProcedureMyCore
52.11,Closed [aspiration] [needle] [percutaneous] biopsy of pancreas,Closed [aspiration] [needle] [percutaneous] biopsy of pancreas,http://fhir.hie.moh.gov.my/CodeSystem/procedure-my-core,CodeSystemProcedureMyCore
52.12,Open biopsy of pancreas,Open biopsy of pancreas,http://fhir.hie.moh.gov.my/CodeSystem/procedure-my-core,CodeSystemProcedureMyCore
52.13,Endoscopic retrograde pancreatography [ERP],Endoscopic retrograde pancreatography [ERP],http://fhir.hie.moh.gov.my/CodeSystem/procedure-my-core,CodeSystemProcedureMyCore
52.14,Closed [endoscopic] biopsy of pancreatic duct,Closed [endoscopic] biopsy of pancreatic duct,http://fhir.hie.moh.gov.my/CodeSystem/procedure-my-core,CodeSystemProcedureMyCore
52.19,Other diagnostic procedures on pancreas,Other diagnostic procedures on pancreas,http://fhir.hie.moh.gov.my/CodeSystem/procedure-my-core,CodeSystemProcedureMyCore
52.21,Endoscopic excision or destruction of lesion or tissue of pancreatic duct,Endoscopic excision or destruction of lesion or tissue of pancreatic duct,http://fhir.hie.moh.gov.my/CodeSystem/procedure-my-core,CodeSystemProcedureMyCore
52.22,Other excision or destruction of lesion or tissue of pancreas or pancreatic duct,Other excision or destruction of lesion or tissue of pancreas or pancreatic duct,http://fhir.hie.moh.gov.my/CodeSystem/procedure-my-core,CodeSystemProcedureMyCore
52.3,Marsupialization of pancreatic cyst,Marsupialization of pancreatic cyst,http://fhir.hie.moh.gov.my/CodeSystem/procedure-my-core,CodeSystemProcedureMyCore
52.4,Internal drainage of pancreatic cyst,Internal drainage of pancreatic cyst,http://fhir.hie.moh.gov.my/CodeSystem/procedure-my-core,CodeSystemProcedureMyCore
52.51,Proximal pancreatectomy,Proximal pancreatectomy,http://fhir.hie.moh.gov.my/CodeSystem/procedure-my-core,CodeSystemProcedureMyCore
52.52,Distal pancreatectomy,Distal pancreatectomy,http://fhir.hie.moh.gov.my/CodeSystem/procedure-my-core,CodeSystemProcedureMyCore
52.53,Radical subtotal pancreatectomy,Radical subtotal pancreatectomy,http://fhir.hie.moh.gov.my/CodeSystem/procedure-my-core,CodeSystemProcedureMyCore
52.59,Other partial pancreatectomy,Other partial pancreatectomy,http://fhir.hie.moh.gov.my/CodeSystem/procedure-my-core,CodeSystemProcedureMyCore
52.6,Total pancreatectomy,Total pancreatectomy,http://fhir.hie.moh.gov.my/CodeSystem/procedure-my-core,CodeSystemProcedureMyCore
52.7,Radical pancreaticoduodenectomy,Radical pancreaticoduodenectomy,http://fhir.hie.moh.gov.my/CodeSystem/procedure-my-core,CodeSystemProcedureMyCore
52.80,"Pancreatic transplant, not otherwise specified","Pancreatic transplant, not otherwise specified",http://fhir.hie.moh.gov.my/CodeSystem/procedure-my-core,CodeSystemProcedureMyCore
52.81,Reimplantation of pancreatic tissue,Reimplantation of pancreatic tissue,http://fhir.hie.moh.gov.my/CodeSystem/procedure-my-core,CodeSystemProcedureMyCore
52.82,Homotransplant of pancreas,Homotransplant of pancreas,http://fhir.hie.moh.gov.my/CodeSystem/procedure-my-core,CodeSystemProcedureMyCore
52.83,Heterotransplant of pancreas,Heterotransplant of pancreas,http://fhir.hie.moh.gov.my/CodeSystem/procedure-my-core,CodeSystemProcedureMyCore
52.84,Autotransplantation of cells of Islets of Langerhans,Autotransplantation of cells of Islets of Langerhans,http://fhir.hie.moh.gov.my/CodeSystem/procedure-my-core,CodeSystemProcedureMyCore
52.85,Allotransplantation of cells of Islets of Langerhans,Allotransplantation of cells of Islets of Langerhans,http://fhir.hie.moh.gov.my/CodeSystem/procedure-my-core,CodeSystemProcedureMyCore
52.86,"Transplantation of cells of Islets of Langerhans, not otherwise specified","Transplantation of cells of Islets of Langerhans, not otherwise specified",http://fhir.hie.moh.gov.my/CodeSystem/procedure-my-core,CodeSystemProcedureMyCore
52.92,Cannulation of pancreatic duct,Cannulation of pancreatic duct,http://fhir.hie.moh.gov.my/CodeSystem/procedure-my-core,CodeSystemProcedureMyCore
52.93,Endoscopic insertion of stent (tube) into pancreatic duct,Endoscopic insertion of stent (tube) into pancreatic duct,http://fhir.hie.moh.gov.my/CodeSystem/procedure-my-core,CodeSystemProcedureMyCore
52.94,Endoscopic removal of stone(s) from pancreatic duct,Endoscopic removal of stone(s) from pancreatic duct,http://fhir.hie.moh.gov.my/CodeSystem/procedure-my-core,CodeSystemProcedureMyCore
52.95,Other repair of pancreas,Other repair of pancreas,http://fhir.hie.moh.gov.my/CodeSystem/procedure-my-core,CodeSystemProcedureMyCore
52.96,Anastomosis of pancreas,Anastomosis of pancreas,http://fhir.hie.moh.gov.my/CodeSystem/procedure-my-core,CodeSystemProcedureMyCore
52.97,Endoscopic insertion of nasopancreatic drainage tube,Endoscopic insertion of nasopancreatic drainage tube,http://fhir.hie.moh.gov.my/CodeSystem/procedure-my-core,CodeSystemProcedureMyCore
52.98,Endoscopic dilation of pancreatic duct,Endoscopic dilation of pancreatic duct,http://fhir.hie.moh.gov.my/CodeSystem/procedure-my-core,CodeSystemProcedureMyCore
52.99,Other operations on pancreas,Other operations on pancreas,http://fhir.hie.moh.gov.my/CodeSystem/procedure-my-core,CodeSystemProcedureMyCore
53.00,"Unilateral repair of inguinal hernia, not otherwise specified","Unilateral repair of inguinal hernia, not otherwise specified",http://fhir.hie.moh.gov.my/CodeSystem/procedure-my-core,CodeSystemProcedureMyCore
53.01,Unilateral repair of direct inguinal hernia,Unilateral repair of direct inguinal hernia,http://fhir.hie.moh.gov.my/CodeSystem/procedure-my-core,CodeSystemProcedureMyCore
53.02,Unilateral repair of indirect inguinal hernia,Unilateral repair of indirect inguinal hernia,http://fhir.hie.moh.gov.my/CodeSystem/procedure-my-core,CodeSystemProcedureMyCore
53.03,Unilateral repair of direct inguinal hernia with graft or prosthesis,Unilateral repair of direct inguinal hernia with graft or prosthesis,http://fhir.hie.moh.gov.my/CodeSystem/procedure-my-core,CodeSystemProcedureMyCore
53.04,Unilateral repair of indirect inguinal hernia with graft or prosthesis,Unilateral repair of indirect inguinal hernia with graft or prosthesis,http://fhir.hie.moh.gov.my/CodeSystem/procedure-my-core,CodeSystemProcedureMyCore
53.05,"Unilateral repair of inguinal hernia with graft or prosthesis, not otherwise specified","Unilateral repair of inguinal hernia with graft or prosthesis, not otherwise specified",http://fhir.hie.moh.gov.my/CodeSystem/procedure-my-core,CodeSystemProcedureMyCore
53.10,"Bilateral repair of inguinal hernia, not otherwise specified","Bilateral repair of inguinal hernia, not otherwise specified",http://fhir.hie.moh.gov.my/CodeSystem/procedure-my-core,CodeSystemProcedureMyCore
53.11,Bilateral repair of direct inguinal hernia,Bilateral repair of direct inguinal hernia,http://fhir.hie.moh.gov.my/CodeSystem/procedure-my-core,CodeSystemProcedureMyCore
53.12,Bilateral repair of indirect inguinal hernia,Bilateral repair of indirect inguinal hernia,http://fhir.hie.moh.gov.my/CodeSystem/procedure-my-core,CodeSystemProcedureMyCore
53.13,"Bilateral repair of inguinal hernia, one direct and one indirect","Bilateral repair of inguinal hernia, one direct and one indirect",http://fhir.hie.moh.gov.my/CodeSystem/procedure-my-core,CodeSystemProcedureMyCore
53.14,Bilateral repair of direct inguinal hernia with graft or prosthesis,Bilateral repair of direct inguinal hernia with graft or prosthesis,http://fhir.hie.moh.gov.my/CodeSystem/procedure-my-core,CodeSystemProcedureMyCore
53.15,Bilateral repair of indirect inguinal hernia with graft or prosthesis,Bilateral repair of indirect inguinal hernia with graft or prosthesis,http://fhir.hie.moh.gov.my/CodeSystem/procedure-my-core,CodeSystemProcedureMyCore
53.16,"Bilateral repair of inguinal hernia, one direct and one indirect, with graft or prosthesis","Bilateral repair of inguinal hernia, one direct and one indirect, with graft or prosthesis",http://fhir.hie.moh.gov.my/CodeSystem/procedure-my-core,CodeSystemProcedureMyCore
53.17,"Bilateral inguinal hernia repair with graft or prosthesis, not otherwise specified","Bilateral inguinal hernia repair with graft or prosthesis, not otherwise specified",http://fhir.hie.moh.gov.my/CodeSystem/procedure-my-core,CodeSystemProcedureMyCore
53.21,Unilateral repair of femoral hernia with graft or prosthesis,Unilateral repair of femoral hernia with graft or prosthesis,http://fhir.hie.moh.gov.my/CodeSystem/procedure-my-core,CodeSystemProcedureMyCore
53.29,Other unilateral femoral herniorrhaphy,Other unilateral femoral herniorrhaphy,http://fhir.hie.moh.gov.my/CodeSystem/procedure-my-core,CodeSystemProcedureMyCore
53.31,Bilateral repair of femoral hernia with graft or prosthesis,Bilateral repair of femoral hernia with graft or prosthesis,http://fhir.hie.moh.gov.my/CodeSystem/procedure-my-core,CodeSystemProcedureMyCore
53.39,Other bilateral femoral herniorrhaphy,Other bilateral femoral herniorrhaphy,http://fhir.hie.moh.gov.my/CodeSystem/procedure-my-core,CodeSystemProcedureMyCore
53.41,Repair of umbilical hernia with prosthesis,Repair of umbilical hernia with prosthesis,http://fhir.hie.moh.gov.my/CodeSystem/procedure-my-core,CodeSystemProcedureMyCore
53.49,Other umbilical herniorrhaphy,Other umbilical herniorrhaphy,http://fhir.hie.moh.gov.my/CodeSystem/procedure-my-core,CodeSystemProcedureMyCore
53.51,Incisional hernia repair,Incisional hernia repair,http://fhir.hie.moh.gov.my/CodeSystem/procedure-my-core,CodeSystemProcedureMyCore
53.59,Repair of other hernia of anterior abdominal wall,Repair of other hernia of anterior abdominal wall,http://fhir.hie.moh.gov.my/CodeSystem/procedure-my-core,CodeSystemProcedureMyCore
53.61,Incisional hernia repair with prosthesis,Incisional hernia repair with prosthesis,http://fhir.hie.moh.gov.my/CodeSystem/procedure-my-core,CodeSystemProcedureMyCore
53.69,Repair of other hernia of anterior abdominal wall with prosthesis,Repair of other hernia of anterior abdominal wall with prosthesis,http://fhir.hie.moh.gov.my/CodeSystem/procedure-my-core,CodeSystemProcedureMyCore
53.7,"Repair of diaphragmatic hernia, abdominal approach","Repair of diaphragmatic hernia, abdominal approach",http://fhir.hie.moh.gov.my/CodeSystem/procedure-my-core,CodeSystemProcedureMyCore
53.80,"Repair of diaphragmatic hernia with thoracic approach, not otherwise specified","Repair of diaphragmatic hernia with thoracic approach, not otherwise specified",http://fhir.hie.moh.gov.my/CodeSystem/procedure-my-core,CodeSystemProcedureMyCore
53.81,Plication of the diaphragm,Plication of the diaphragm,http://fhir.hie.moh.gov.my/CodeSystem/procedure-my-core,CodeSystemProcedureMyCore
53.82,Repair of parasternal hernia,Repair of parasternal hernia,http://fhir.hie.moh.gov.my/CodeSystem/procedure-my-core,CodeSystemProcedureMyCore
53.9,Other hernia repair,Other hernia repair,http://fhir.hie.moh.gov.my/CodeSystem/procedure-my-core,CodeSystemProcedureMyCore
54.0,Incision of abdominal wall,Incision of abdominal wall,http://fhir.hie.moh.gov.my/CodeSystem/procedure-my-core,CodeSystemProcedureMyCore
54.11,Exploratory laparotomy,Exploratory laparotomy,http://fhir.hie.moh.gov.my/CodeSystem/procedure-my-core,CodeSystemProcedureMyCore
54.12,Reopening of recent laparotomy site,Reopening of recent laparotomy site,http://fhir.hie.moh.gov.my/CodeSystem/procedure-my-core,CodeSystemProcedureMyCore
54.19,Other laparotomy,Other laparotomy,http://fhir.hie.moh.gov.my/CodeSystem/procedure-my-core,CodeSystemProcedureMyCore
54.21,Laparoscopy,Laparoscopy,http://fhir.hie.moh.gov.my/CodeSystem/procedure-my-core,CodeSystemProcedureMyCore
54.22,Biopsy of abdominal wall or umbilicus,Biopsy of abdominal wall or umbilicus,http://fhir.hie.moh.gov.my/CodeSystem/procedure-my-core,CodeSystemProcedureMyCore
54.23,Biopsy of peritoneum,Biopsy of peritoneum,http://fhir.hie.moh.gov.my/CodeSystem/procedure-my-core,CodeSystemProcedureMyCore
54.24,Closed [percutaneous] [needle] biopsy of intra-abdominal mass,Closed [percutaneous] [needle] biopsy of intra-abdominal mass,http://fhir.hie.moh.gov.my/CodeSystem/procedure-my-core,CodeSystemProcedureMyCore
54.25,Peritoneal lavage,Peritoneal lavage,http://fhir.hie.moh.gov.my/CodeSystem/procedure-my-core,CodeSystemProcedureMyCore
54.29,Other diagnostic procedures on abdominal region,Other diagnostic procedures on abdominal region,http://fhir.hie.moh.gov.my/CodeSystem/procedure-my-core,CodeSystemProcedureMyCore
54.3,Excision or destruction of lesion or tissue of abdominal wall or umbilicus,Excision or destruction of lesion or tissue of abdominal wall or umbilicus,http://fhir.hie.moh.gov.my/CodeSystem/procedure-my-core,CodeSystemProcedureMyCore
54.4,Excision or destruction of peritoneal tissue,Excision or destruction of peritoneal tissue,http://fhir.hie.moh.gov.my/CodeSystem/procedure-my-core,CodeSystemProcedureMyCore
54.51,Laparoscopic lysis of peritoneal adhesions,Laparoscopic lysis of peritoneal adhesions,http://fhir.hie.moh.gov.my/CodeSystem/procedure-my-core,CodeSystemProcedureMyCore
54.59,Other lysis of peritoneal adhesions,Other lysis of peritoneal adhesions,http://fhir.hie.moh.gov.my/CodeSystem/procedure-my-core,CodeSystemProcedureMyCore
54.61,Reclosure of postoperative disruption of abdominal wall,Reclosure of postoperative disruption of abdominal wall,http://fhir.hie.moh.gov.my/CodeSystem/procedure-my-core,CodeSystemProcedureMyCore
54.62,Delayed closure of granulating abdominal wound,Delayed closure of granulating abdominal wound,http://fhir.hie.moh.gov.my/CodeSystem/procedure-my-core,CodeSystemProcedureMyCore
54.63,Other suture of abdominal wall,Other suture of abdominal wall,http://fhir.hie.moh.gov.my/CodeSystem/procedure-my-core,CodeSystemProcedureMyCore
54.64,Suture of peritoneum,Suture of peritoneum,http://fhir.hie.moh.gov.my/CodeSystem/procedure-my-core,CodeSystemProcedureMyCore
54.71,Repair of gastroschisis,Repair of gastroschisis,http://fhir.hie.moh.gov.my/CodeSystem/procedure-my-core,CodeSystemProcedureMyCore
54.72,Other repair of abdominal wall,Other repair of abdominal wall,http://fhir.hie.moh.gov.my/CodeSystem/procedure-my-core,CodeSystemProcedureMyCore
54.73,Other repair of peritoneum,Other repair of peritoneum,http://fhir.hie.moh.gov.my/CodeSystem/procedure-my-core,CodeSystemProcedureMyCore
54.74,Other repair of omentum,Other repair of omentum,http://fhir.hie.moh.gov.my/CodeSystem/procedure-my-core,CodeSystemProcedureMyCore
54.75,Other repair of mesentery,Other repair of mesentery,http://fhir.hie.moh.gov.my/CodeSystem/procedure-my-core,CodeSystemProcedureMyCore
54.91,Percutaneous abdominal drainage,Percutaneous abdominal drainage,http://fhir.hie.moh.gov.my/CodeSystem/procedure-my-core,CodeSystemProcedureMyCore
54.92,Removal of foreign body from peritoneal cavity,Removal of foreign body from peritoneal cavity,http://fhir.hie.moh.gov.my/CodeSystem/procedure-my-core,CodeSystemProcedureMyCore
54.93,Creation of cutaneoperitoneal fistula,Creation of cutaneoperitoneal fistula,http://fhir.hie.moh.gov.my/CodeSystem/procedure-my-core,CodeSystemProcedureMyCore
54.94,Creation of peritoneovascular shunt,Creation of peritoneovascular shunt,http://fhir.hie.moh.gov.my/CodeSystem/procedure-my-core,CodeSystemProcedureMyCore
54.95,Incision of peritoneum,Incision of peritoneum,http://fhir.hie.moh.gov.my/CodeSystem/procedure-my-core,CodeSystemProcedureMyCore
54.96,Injection of air into peritoneal cavity,Injection of air into peritoneal cavity,http://fhir.hie.moh.gov.my/CodeSystem/procedure-my-core,CodeSystemProcedureMyCore
54.97,Injection of locally-acting therapeutic substance into peritoneal cavity,Injection of locally-acting therapeutic substance into peritoneal cavity,http://fhir.hie.moh.gov.my/CodeSystem/procedure-my-core,CodeSystemProcedureMyCore
54.98,Peritoneal dialysis,Peritoneal dialysis,http://fhir.hie.moh.gov.my/CodeSystem/procedure-my-core,CodeSystemProcedureMyCore
54.99,Other operations of abdominal region,Other operations of abdominal region,http://fhir.hie.moh.gov.my/CodeSystem/procedure-my-core,CodeSystemProcedureMyCore
55.01,Nephrotomy,Nephrotomy,http://fhir.hie.moh.gov.my/CodeSystem/procedure-my-core,CodeSystemProcedureMyCore
55.02,Nephrostomy,Nephrostomy,http://fhir.hie.moh.gov.my/CodeSystem/procedure-my-core,CodeSystemProcedureMyCore
55.03,Percutaneous nephrostomy without fragmentation,Percutaneous nephrostomy without fragmentation,http://fhir.hie.moh.gov.my/CodeSystem/procedure-my-core,CodeSystemProcedureMyCore
55.04,Percutaneous nephrostomy with fragmentation,Percutaneous nephrostomy with fragmentation,http://fhir.hie.moh.gov.my/CodeSystem/procedure-my-core,CodeSystemProcedureMyCore
55.11,Pyelotomy,Pyelotomy,http://fhir.hie.moh.gov.my/CodeSystem/procedure-my-core,CodeSystemProcedureMyCore
55.12,Pyelostomy,Pyelostomy,http://fhir.hie.moh.gov.my/CodeSystem/procedure-my-core,CodeSystemProcedureMyCore
55.21,Nephroscopy,Nephroscopy,http://fhir.hie.moh.gov.my/CodeSystem/procedure-my-core,CodeSystemProcedureMyCore
55.22,Pyeloscopy,Pyeloscopy,http://fhir.hie.moh.gov.my/CodeSystem/procedure-my-core,CodeSystemProcedureMyCore
55.23,Closed [percutaneous] [needle] biopsy of kidney,Closed [percutaneous] [needle] biopsy of kidney,http://fhir.hie.moh.gov.my/CodeSystem/procedure-my-core,CodeSystemProcedureMyCore
55.24,Open biopsy of kidney,Open biopsy of kidney,http://fhir.hie.moh.gov.my/CodeSystem/procedure-my-core,CodeSystemProcedureMyCore
55.29,Other diagnostic procedures on kidney,Other diagnostic procedures on kidney,http://fhir.hie.moh.gov.my/CodeSystem/procedure-my-core,CodeSystemProcedureMyCore
55.31,Marsupialization of kidney lesion,Marsupialization of kidney lesion,http://fhir.hie.moh.gov.my/CodeSystem/procedure-my-core,CodeSystemProcedureMyCore
55.39,Other local destruction or excision of renal lesion or tissue,Other local destruction or excision of renal lesion or tissue,http://fhir.hie.moh.gov.my/CodeSystem/procedure-my-core,CodeSystemProcedureMyCore
55.4,Partial nephrectomy,Partial nephrectomy,http://fhir.hie.moh.gov.my/CodeSystem/procedure-my-core,CodeSystemProcedureMyCore
55.51,Nephroureterectomy,Nephroureterectomy,http://fhir.hie.moh.gov.my/CodeSystem/procedure-my-core,CodeSystemProcedureMyCore
55.52,Nephrectomy of remaining kidney,Nephrectomy of remaining kidney,http://fhir.hie.moh.gov.my/CodeSystem/procedure-my-core,CodeSystemProcedureMyCore
55.53,Removal of transplanted or rejected kidney,Removal of transplanted or rejected kidney,http://fhir.hie.moh.gov.my/CodeSystem/procedure-my-core,CodeSystemProcedureMyCore
55.54,Bilateral nephrectomy,Bilateral nephrectomy,http://fhir.hie.moh.gov.my/CodeSystem/procedure-my-core,CodeSystemProcedureMyCore
55.61,Renal autotransplantation,Renal autotransplantation,http://fhir.hie.moh.gov.my/CodeSystem/procedure-my-core,CodeSystemProcedureMyCore
55.69,Other kidney transplantation,Other kidney transplantation,http://fhir.hie.moh.gov.my/CodeSystem/procedure-my-core,CodeSystemProcedureMyCore
55.7,Nephropexy,Nephropexy,http://fhir.hie.moh.gov.my/CodeSystem/procedure-my-core,CodeSystemProcedureMyCore
55.81,Suture of laceration of kidney,Suture of laceration of kidney,http://fhir.hie.moh.gov.my/CodeSystem/procedure-my-core,CodeSystemProcedureMyCore
55.82,Closure of nephrostomy and pyelostomy,Closure of nephrostomy and pyelostomy,http://fhir.hie.moh.gov.my/CodeSystem/procedure-my-core,CodeSystemProcedureMyCore
55.83,Closure of other fistula of kidney,Closure of other fistula of kidney,http://fhir.hie.moh.gov.my/CodeSystem/procedure-my-core,CodeSystemProcedureMyCore
55.84,Reduction of torsion of renal pedicle,Reduction of torsion of renal pedicle,http://fhir.hie.moh.gov.my/CodeSystem/procedure-my-core,CodeSystemProcedureMyCore
55.85,Symphysiotomy for horseshoe kidney,Symphysiotomy for horseshoe kidney,http://fhir.hie.moh.gov.my/CodeSystem/procedure-my-core,CodeSystemProcedureMyCore
55.86,Anastomosis of kidney,Anastomosis of kidney,http://fhir.hie.moh.gov.my/CodeSystem/procedure-my-core,CodeSystemProcedureMyCore
55.87,Correction of ureteropelvic junction,Correction of ureteropelvic junction,http://fhir.hie.moh.gov.my/CodeSystem/procedure-my-core,CodeSystemProcedureMyCore
55.89,Other repair of kidney,Other repair of kidney,http://fhir.hie.moh.gov.my/CodeSystem/procedure-my-core,CodeSystemProcedureMyCore
55.91,Decapsulation of kidney,Decapsulation of kidney,http://fhir.hie.moh.gov.my/CodeSystem/procedure-my-core,CodeSystemProcedureMyCore
55.92,Percutaneous aspiration of kidney (pelvis),Percutaneous aspiration of kidney (pelvis),http://fhir.hie.moh.gov.my/CodeSystem/procedure-my-core,CodeSystemProcedureMyCore
55.93,Replacement of nephrostomy tube,Replacement of nephrostomy tube,http://fhir.hie.moh.gov.my/CodeSystem/procedure-my-core,CodeSystemProcedureMyCore
55.94,Replacement of pyelostomy tube,Replacement of pyelostomy tube,http://fhir.hie.moh.gov.my/CodeSystem/procedure-my-core,CodeSystemProcedureMyCore
55.95,Local perfusion of kidney,Local perfusion of kidney,http://fhir.hie.moh.gov.my/CodeSystem/procedure-my-core,CodeSystemProcedureMyCore
55.96,Other injection of therapeutic substance into kidney,Other injection of therapeutic substance into kidney,http://fhir.hie.moh.gov.my/CodeSystem/procedure-my-core,CodeSystemProcedureMyCore
55.97,Implantation or replacement of mechanical kidney,Implantation or replacement of mechanical kidney,http://fhir.hie.moh.gov.my/CodeSystem/procedure-my-core,CodeSystemProcedureMyCore
55.98,Removal of mechanical kidney,Removal of mechanical kidney,http://fhir.hie.moh.gov.my/CodeSystem/procedure-my-core,CodeSystemProcedureMyCore
55.99,Other operations on kidney,Other operations on kidney,http://fhir.hie.moh.gov.my/CodeSystem/procedure-my-core,CodeSystemProcedureMyCore
56.0,Transurethral removal of obstruction from ureter and renal pelvis,Transurethral removal of obstruction from ureter and renal pelvis,http://fhir.hie.moh.gov.my/CodeSystem/procedure-my-core,CodeSystemProcedureMyCore
56.1,Ureteral meatotomy,Ureteral meatotomy,http://fhir.hie.moh.gov.my/CodeSystem/procedure-my-core,CodeSystemProcedureMyCore
56.2,Ureterotomy,Ureterotomy,http://fhir.hie.moh.gov.my/CodeSystem/procedure-my-core,CodeSystemProcedureMyCore
56.31,Ureteroscopy,Ureteroscopy,http://fhir.hie.moh.gov.my/CodeSystem/procedure-my-core,CodeSystemProcedureMyCore
56.32,Closed percutaneous biopsy of ureter,Closed percutaneous biopsy of ureter,http://fhir.hie.moh.gov.my/CodeSystem/procedure-my-core,CodeSystemProcedureMyCore
56.33,Closed endoscopic biopsy of ureter,Closed endoscopic biopsy of ureter,http://fhir.hie.moh.gov.my/CodeSystem/procedure-my-core,CodeSystemProcedureMyCore
56.34,Open biopsy of ureter,Open biopsy of ureter,http://fhir.hie.moh.gov.my/CodeSystem/procedure-my-core,CodeSystemProcedureMyCore
56.35,Endoscopy (cystoscopy) (looposcopy) of ileal conduit,Endoscopy (cystoscopy) (looposcopy) of ileal conduit,http://fhir.hie.moh.gov.my/CodeSystem/procedure-my-core,CodeSystemProcedureMyCore
56.39,Other diagnostic procedures on ureter,Other diagnostic procedures on ureter,http://fhir.hie.moh.gov.my/CodeSystem/procedure-my-core,CodeSystemProcedureMyCore
56.40,"Ureterectomy, not otherwise specified","Ureterectomy, not otherwise specified",http://fhir.hie.moh.gov.my/CodeSystem/procedure-my-core,CodeSystemProcedureMyCore
56.41,Partial ureterectomy,Partial ureterectomy,http://fhir.hie.moh.gov.my/CodeSystem/procedure-my-core,CodeSystemProcedureMyCore
56.42,Total ureterectomy,Total ureterectomy,http://fhir.hie.moh.gov.my/CodeSystem/procedure-my-core,CodeSystemProcedureMyCore
56.51,Formation of cutaneous uretero-ileostomy,Formation of cutaneous uretero-ileostomy,http://fhir.hie.moh.gov.my/CodeSystem/procedure-my-core,CodeSystemProcedureMyCore
56.52,Revision of cutaneous uretero-ileostomy,Revision of cutaneous uretero-ileostomy,http://fhir.hie.moh.gov.my/CodeSystem/procedure-my-core,CodeSystemProcedureMyCore
56.61,Formation of other cutaneous ureterostomy,Formation of other cutaneous ureterostomy,http://fhir.hie.moh.gov.my/CodeSystem/procedure-my-core,CodeSystemProcedureMyCore
56.62,Revision of other cutaneous ureterostomy,Revision of other cutaneous ureterostomy,http://fhir.hie.moh.gov.my/CodeSystem/procedure-my-core,CodeSystemProcedureMyCore
56.71,Urinary diversion to intestine,Urinary diversion to intestine,http://fhir.hie.moh.gov.my/CodeSystem/procedure-my-core,CodeSystemProcedureMyCore
56.72,Revision of ureterointestinal anastomosis,Revision of ureterointestinal anastomosis,http://fhir.hie.moh.gov.my/CodeSystem/procedure-my-core,CodeSystemProcedureMyCore
56.73,"Nephrocystanastomosis, not otherwise specified","Nephrocystanastomosis, not otherwise specified",http://fhir.hie.moh.gov.my/CodeSystem/procedure-my-core,CodeSystemProcedureMyCore
56.74,Ureteroneocystostomy,Ureteroneocystostomy,http://fhir.hie.moh.gov.my/CodeSystem/procedure-my-core,CodeSystemProcedureMyCore
56.75,Transureteroureterostomy,Transureteroureterostomy,http://fhir.hie.moh.gov.my/CodeSystem/procedure-my-core,CodeSystemProcedureMyCore
56.79,Other anastomosis or bypass of ureter,Other anastomosis or bypass of ureter,http://fhir.hie.moh.gov.my/CodeSystem/procedure-my-core,CodeSystemProcedureMyCore
56.81,Lysis of intraluminal adhesions of ureter,Lysis of intraluminal adhesions of ureter,http://fhir.hie.moh.gov.my/CodeSystem/procedure-my-core,CodeSystemProcedureMyCore
56.82,Suture of laceration of ureter,Suture of laceration of ureter,http://fhir.hie.moh.gov.my/CodeSystem/procedure-my-core,CodeSystemProcedureMyCore
56.83,Closure of ureterostomy,Closure of ureterostomy,http://fhir.hie.moh.gov.my/CodeSystem/procedure-my-core,CodeSystemProcedureMyCore
56.84,Closure of other fistula of ureter,Closure of other fistula of ureter,http://fhir.hie.moh.gov.my/CodeSystem/procedure-my-core,CodeSystemProcedureMyCore
56.85,Ureteropexy,Ureteropexy,http://fhir.hie.moh.gov.my/CodeSystem/procedure-my-core,CodeSystemProcedureMyCore
56.86,Removal of ligature from ureter,Removal of ligature from ureter,http://fhir.hie.moh.gov.my/CodeSystem/procedure-my-core,CodeSystemProcedureMyCore
56.89,Other repair of ureter,Other repair of ureter,http://fhir.hie.moh.gov.my/CodeSystem/procedure-my-core,CodeSystemProcedureMyCore
56.91,Dilation of ureteral meatus,Dilation of ureteral meatus,http://fhir.hie.moh.gov.my/CodeSystem/procedure-my-core,CodeSystemProcedureMyCore
56.92,Implantation of electronic ureteral stimulator,Implantation of electronic ureteral stimulator,http://fhir.hie.moh.gov.my/CodeSystem/procedure-my-core,CodeSystemProcedureMyCore
56.93,Replacement of electronic ureteral stimulator,Replacement of electronic ureteral stimulator,http://fhir.hie.moh.gov.my/CodeSystem/procedure-my-core,CodeSystemProcedureMyCore
56.94,Removal of electronic ureteral stimulator,Removal of electronic ureteral stimulator,http://fhir.hie.moh.gov.my/CodeSystem/procedure-my-core,CodeSystemProcedureMyCore
56.95,Ligation of ureter,Ligation of ureter,http://fhir.hie.moh.gov.my/CodeSystem/procedure-my-core,CodeSystemProcedureMyCore
56.99,Other operations on ureter,Other operations on ureter,http://fhir.hie.moh.gov.my/CodeSystem/procedure-my-core,CodeSystemProcedureMyCore
57.0,Transurethral clearance of bladder,Transurethral clearance of bladder,http://fhir.hie.moh.gov.my/CodeSystem/procedure-my-core,CodeSystemProcedureMyCore
57.11,Percutaneous aspiration of bladder,Percutaneous aspiration of bladder,http://fhir.hie.moh.gov.my/CodeSystem/procedure-my-core,CodeSystemProcedureMyCore
57.12,Lysis of intraluminal adhesions with incision into bladder,Lysis of intraluminal adhesions with incision into bladder,http://fhir.hie.moh.gov.my/CodeSystem/procedure-my-core,CodeSystemProcedureMyCore
57.17,Percutaneous cystostomy,Percutaneous cystostomy,http://fhir.hie.moh.gov.my/CodeSystem/procedure-my-core,CodeSystemProcedureMyCore
57.18,Other suprapubic cystostomy,Other suprapubic cystostomy,http://fhir.hie.moh.gov.my/CodeSystem/procedure-my-core,CodeSystemProcedureMyCore
57.19,Other cystotomy,Other cystotomy,http://fhir.hie.moh.gov.my/CodeSystem/procedure-my-core,CodeSystemProcedureMyCore
57.21,Vesicostomy,Vesicostomy,http://fhir.hie.moh.gov.my/CodeSystem/procedure-my-core,CodeSystemProcedureMyCore
57.22,Revision or closure of vesicostomy,Revision or closure of vesicostomy,http://fhir.hie.moh.gov.my/CodeSystem/procedure-my-core,CodeSystemProcedureMyCore
57.31,Cystoscopy through artificial stoma,Cystoscopy through artificial stoma,http://fhir.hie.moh.gov.my/CodeSystem/procedure-my-core,CodeSystemProcedureMyCore
57.32,Other cystoscopy,Other cystoscopy,http://fhir.hie.moh.gov.my/CodeSystem/procedure-my-core,CodeSystemProcedureMyCore
57.33,Closed [transurethral] biopsy of bladder,Closed [transurethral] biopsy of bladder,http://fhir.hie.moh.gov.my/CodeSystem/procedure-my-core,CodeSystemProcedureMyCore
57.34,Open biopsy of bladder,Open biopsy of bladder,http://fhir.hie.moh.gov.my/CodeSystem/procedure-my-core,CodeSystemProcedureMyCore
57.39,Other diagnostic procedures on bladder,Other diagnostic procedures on bladder,http://fhir.hie.moh.gov.my/CodeSystem/procedure-my-core,CodeSystemProcedureMyCore
57.41,Transurethral lysis of intraluminal adhesions,Transurethral lysis of intraluminal adhesions,http://fhir.hie.moh.gov.my/CodeSystem/procedure-my-core,CodeSystemProcedureMyCore
57.49,Other transurethral excision or destruction of lesion or tissue of bladder,Other transurethral excision or destruction of lesion or tissue of bladder,http://fhir.hie.moh.gov.my/CodeSystem/procedure-my-core,CodeSystemProcedureMyCore
57.51,Excision of urachus,Excision of urachus,http://fhir.hie.moh.gov.my/CodeSystem/procedure-my-core,CodeSystemProcedureMyCore
57.59,Open excision or destruction of other lesion or tissue of bladder,Open excision or destruction of other lesion or tissue of bladder,http://fhir.hie.moh.gov.my/CodeSystem/procedure-my-core,CodeSystemProcedureMyCore
57.6,Partial cystectomy,Partial cystectomy,http://fhir.hie.moh.gov.my/CodeSystem/procedure-my-core,CodeSystemProcedureMyCore
57.71,Radical cystectomy,Radical cystectomy,http://fhir.hie.moh.gov.my/CodeSystem/procedure-my-core,CodeSystemProcedureMyCore
57.79,Other total cystectomy,Other total cystectomy,http://fhir.hie.moh.gov.my/CodeSystem/procedure-my-core,CodeSystemProcedureMyCore
57.81,Suture of laceration of bladder,Suture of laceration of bladder,http://fhir.hie.moh.gov.my/CodeSystem/procedure-my-core,CodeSystemProcedureMyCore
57.82,Closure of cystostomy,Closure of cystostomy,http://fhir.hie.moh.gov.my/CodeSystem/procedure-my-core,CodeSystemProcedureMyCore
57.83,Repair of fistula involving bladder and intestine,Repair of fistula involving bladder and intestine,http://fhir.hie.moh.gov.my/CodeSystem/procedure-my-core,CodeSystemProcedureMyCore
57.84,Repair of other fistula of bladder,Repair of other fistula of bladder,http://fhir.hie.moh.gov.my/CodeSystem/procedure-my-core,CodeSystemProcedureMyCore
57.85,Cystourethroplasty and plastic repair of bladder neck,Cystourethroplasty and plastic repair of bladder neck,http://fhir.hie.moh.gov.my/CodeSystem/procedure-my-core,CodeSystemProcedureMyCore
57.86,Repair of bladder exstrophy,Repair of bladder exstrophy,http://fhir.hie.moh.gov.my/CodeSystem/procedure-my-core,CodeSystemProcedureMyCore
57.87,Reconstruction of urinary bladder,Reconstruction of urinary bladder,http://fhir.hie.moh.gov.my/CodeSystem/procedure-my-core,CodeSystemProcedureMyCore
57.88,Other anastomosis of bladder,Other anastomosis of bladder,http://fhir.hie.moh.gov.my/CodeSystem/procedure-my-core,CodeSystemProcedureMyCore
57.89,Other repair of bladder,Other repair of bladder,http://fhir.hie.moh.gov.my/CodeSystem/procedure-my-core,CodeSystemProcedureMyCore
57.91,Sphincterotomy of bladder,Sphincterotomy of bladder,http://fhir.hie.moh.gov.my/CodeSystem/procedure-my-core,CodeSystemProcedureMyCore
57.92,Dilation of bladder neck,Dilation of bladder neck,http://fhir.hie.moh.gov.my/CodeSystem/procedure-my-core,CodeSystemProcedureMyCore
57.93,Control of (postoperative) hemorrhage of bladder,Control of (postoperative) hemorrhage of bladder,http://fhir.hie.moh.gov.my/CodeSystem/procedure-my-core,CodeSystemProcedureMyCore
57.94,Insertion of indwelling urinary catheter,Insertion of indwelling urinary catheter,http://fhir.hie.moh.gov.my/CodeSystem/procedure-my-core,CodeSystemProcedureMyCore
57.95,Replacement of indwelling urinary catheter,Replacement of indwelling urinary catheter,http://fhir.hie.moh.gov.my/CodeSystem/procedure-my-core,CodeSystemProcedureMyCore
57.96,Implantation of electronic bladder stimulator,Implantation of electronic bladder stimulator,http://fhir.hie.moh.gov.my/CodeSystem/procedure-my-core,CodeSystemProcedureMyCore
57.97,Replacement of electronic bladder stimulator,Replacement of electronic bladder stimulator,http://fhir.hie.moh.gov.my/CodeSystem/procedure-my-core,CodeSystemProcedureMyCore
57.98,Removal of electronic bladder stimulator,Removal of electronic bladder stimulator,http://fhir.hie.moh.gov.my/CodeSystem/procedure-my-core,CodeSystemProcedureMyCore
57.99,Other operations on bladder,Other operations on bladder,http://fhir.hie.moh.gov.my/CodeSystem/procedure-my-core,CodeSystemProcedureMyCore
58.0,Urethrotomy,Urethrotomy,http://fhir.hie.moh.gov.my/CodeSystem/procedure-my-core,CodeSystemProcedureMyCore
58.1,Urethral meatotomy,Urethral meatotomy,http://fhir.hie.moh.gov.my/CodeSystem/procedure-my-core,CodeSystemProcedureMyCore
58.21,Perineal urethroscopy,Perineal urethroscopy,http://fhir.hie.moh.gov.my/CodeSystem/procedure-my-core,CodeSystemProcedureMyCore
58.22,Other urethroscopy,Other urethroscopy,http://fhir.hie.moh.gov.my/CodeSystem/procedure-my-core,CodeSystemProcedureMyCore
58.23,Biopsy of urethra,Biopsy of urethra,http://fhir.hie.moh.gov.my/CodeSystem/procedure-my-core,CodeSystemProcedureMyCore
58.24,Biopsy of periurethral tissue,Biopsy of periurethral tissue,http://fhir.hie.moh.gov.my/CodeSystem/procedure-my-core,CodeSystemProcedureMyCore
58.29,Other diagnostic procedures on urethra and periurethral tissue,Other diagnostic procedures on urethra and periurethral tissue,http://fhir.hie.moh.gov.my/CodeSystem/procedure-my-core,CodeSystemProcedureMyCore
58.31,Endoscopic excision or destruction of lesion or tissue of urethra,Endoscopic excision or destruction of lesion or tissue of urethra,http://fhir.hie.moh.gov.my/CodeSystem/procedure-my-core,CodeSystemProcedureMyCore
58.39,Other local excision or destruction of lesion or tissue of urethra,Other local excision or destruction of lesion or tissue of urethra,http://fhir.hie.moh.gov.my/CodeSystem/procedure-my-core,CodeSystemProcedureMyCore
58.41,Suture of laceration of urethra,Suture of laceration of urethra,http://fhir.hie.moh.gov.my/CodeSystem/procedure-my-core,CodeSystemProcedureMyCore
58.42,Closure of urethrostomy,Closure of urethrostomy,http://fhir.hie.moh.gov.my/CodeSystem/procedure-my-core,CodeSystemProcedureMyCore
58.43,Closure of other fistula of urethra,Closure of other fistula of urethra,http://fhir.hie.moh.gov.my/CodeSystem/procedure-my-core,CodeSystemProcedureMyCore
58.44,Reanastomosis of urethra,Reanastomosis of urethra,http://fhir.hie.moh.gov.my/CodeSystem/procedure-my-core,CodeSystemProcedureMyCore
58.45,Repair of hypospadias or epispadias,Repair of hypospadias or epispadias,http://fhir.hie.moh.gov.my/CodeSystem/procedure-my-core,CodeSystemProcedureMyCore
58.46,Other reconstruction of urethra,Other reconstruction of urethra,http://fhir.hie.moh.gov.my/CodeSystem/procedure-my-core,CodeSystemProcedureMyCore
58.47,Urethral meatoplasty,Urethral meatoplasty,http://fhir.hie.moh.gov.my/CodeSystem/procedure-my-core,CodeSystemProcedureMyCore
58.49,Other repair of urethra,Other repair of urethra,http://fhir.hie.moh.gov.my/CodeSystem/procedure-my-core,CodeSystemProcedureMyCore
58.5,Release of urethral stricture,Release of urethral stricture,http://fhir.hie.moh.gov.my/CodeSystem/procedure-my-core,CodeSystemProcedureMyCore
58.6,Dilation of urethra,Dilation of urethra,http://fhir.hie.moh.gov.my/CodeSystem/procedure-my-core,CodeSystemProcedureMyCore
58.91,Incision of periurethral tissue,Incision of periurethral tissue,http://fhir.hie.moh.gov.my/CodeSystem/procedure-my-core,CodeSystemProcedureMyCore
58.92,Excision of periurethral tissue,Excision of periurethral tissue,http://fhir.hie.moh.gov.my/CodeSystem/procedure-my-core,CodeSystemProcedureMyCore
58.93,Implantation of artificial urinary sphincter [AUS],Implantation of artificial urinary sphincter [AUS],http://fhir.hie.moh.gov.my/CodeSystem/procedure-my-core,CodeSystemProcedureMyCore
58.99,Other operations on urethra and periurethral tissue,Other operations on urethra and periurethral tissue,http://fhir.hie.moh.gov.my/CodeSystem/procedure-my-core,CodeSystemProcedureMyCore
59.00,"Retroperitoneal dissection, not otherwise specified","Retroperitoneal dissection, not otherwise specified",http://fhir.hie.moh.gov.my/CodeSystem/procedure-my-core,CodeSystemProcedureMyCore
59.02,Other lysis of perirenal or periureteral adhesions,Other lysis of perirenal or periureteral adhesions,http://fhir.hie.moh.gov.my/CodeSystem/procedure-my-core,CodeSystemProcedureMyCore
59.03,Laparoscopic lysis of perirenal or periureteral adhesions,Laparoscopic lysis of perirenal or periureteral adhesions,http://fhir.hie.moh.gov.my/CodeSystem/procedure-my-core,CodeSystemProcedureMyCore
59.09,Other incision of perirenal or periureteral tissue,Other incision of perirenal or periureteral tissue,http://fhir.hie.moh.gov.my/CodeSystem/procedure-my-core,CodeSystemProcedureMyCore
59.11,Other lysis of perivesical adhesions,Other lysis of perivesical adhesions,http://fhir.hie.moh.gov.my/CodeSystem/procedure-my-core,CodeSystemProcedureMyCore
59.12,Laparoscopic lysis of perivesical adhesions,Laparoscopic lysis of perivesical adhesions,http://fhir.hie.moh.gov.my/CodeSystem/procedure-my-core,CodeSystemProcedureMyCore
59.19,Other incision of perivesical tissue,Other incision of perivesical tissue,http://fhir.hie.moh.gov.my/CodeSystem/procedure-my-core,CodeSystemProcedureMyCore
59.21,Biopsy of perirenal or perivesical tissue,Biopsy of perirenal or perivesical tissue,http://fhir.hie.moh.gov.my/CodeSystem/procedure-my-core,CodeSystemProcedureMyCore
59.29,"Other diagnostic procedures on perirenal tissue, perivesical tissue, and retroperitoneum","Other diagnostic procedures on perirenal tissue, perivesical tissue, and retroperitoneum",http://fhir.hie.moh.gov.my/CodeSystem/procedure-my-core,CodeSystemProcedureMyCore
59.3,Plication of urethrovesical junction,Plication of urethrovesical junction,http://fhir.hie.moh.gov.my/CodeSystem/procedure-my-core,CodeSystemProcedureMyCore
59.4,Suprapubic sling operation,Suprapubic sling operation,http://fhir.hie.moh.gov.my/CodeSystem/procedure-my-core,CodeSystemProcedureMyCore
59.5,Retropubic urethral suspension,Retropubic urethral suspension,http://fhir.hie.moh.gov.my/CodeSystem/procedure-my-core,CodeSystemProcedureMyCore
59.6,Paraurethral suspension,Paraurethral suspension,http://fhir.hie.moh.gov.my/CodeSystem/procedure-my-core,CodeSystemProcedureMyCore
59.71,Levator muscle operation for urethrovesical suspension,Levator muscle operation for urethrovesical suspension,http://fhir.hie.moh.gov.my/CodeSystem/procedure-my-core,CodeSystemProcedureMyCore
59.72,Injection of implant into urethra and/or bladder neck,Injection of implant into urethra and/or bladder neck,http://fhir.hie.moh.gov.my/CodeSystem/procedure-my-core,CodeSystemProcedureMyCore
59.79,Other repair of urinary stress incontinence,Other repair of urinary stress incontinence,http://fhir.hie.moh.gov.my/CodeSystem/procedure-my-core,CodeSystemProcedureMyCore
59.8,Ureteral catheterization,Ureteral catheterization,http://fhir.hie.moh.gov.my/CodeSystem/procedure-my-core,CodeSystemProcedureMyCore
59.91,Excision of perirenal or perivesical tissue,Excision of perirenal or perivesical tissue,http://fhir.hie.moh.gov.my/CodeSystem/procedure-my-core,CodeSystemProcedureMyCore
59.92,Other operations on perirenal or perivesical tissue,Other operations on perirenal or perivesical tissue,http://fhir.hie.moh.gov.my/CodeSystem/procedure-my-core,CodeSystemProcedureMyCore
59.93,Replacement of ureterostomy tube,Replacement of ureterostomy tube,http://fhir.hie.moh.gov.my/CodeSystem/procedure-my-core,CodeSystemProcedureMyCore
59.94,Replacement of cystostomy tube,Replacement of cystostomy tube,http://fhir.hie.moh.gov.my/CodeSystem/procedure-my-core,CodeSystemProcedureMyCore
59.95,Ultrasonic fragmentation of urinary stones,Ultrasonic fragmentation of urinary stones,http://fhir.hie.moh.gov.my/CodeSystem/procedure-my-core,CodeSystemProcedureMyCore
59.99,Other operations on urinary system,Other operations on urinary system,http://fhir.hie.moh.gov.my/CodeSystem/procedure-my-core,CodeSystemProcedureMyCore
60.0,Incision of prostate,Incision of prostate,http://fhir.hie.moh.gov.my/CodeSystem/procedure-my-core,CodeSystemProcedureMyCore
60.11,Closed [percutaneous] [needle] biopsy of prostate,Closed [percutaneous] [needle] biopsy of prostate,http://fhir.hie.moh.gov.my/CodeSystem/procedure-my-core,CodeSystemProcedureMyCore
60.12,Open biopsy of prostate,Open biopsy of prostate,http://fhir.hie.moh.gov.my/CodeSystem/procedure-my-core,CodeSystemProcedureMyCore
60.13,Closed [percutaneous] biopsy of seminal vesicles,Closed [percutaneous] biopsy of seminal vesicles,http://fhir.hie.moh.gov.my/CodeSystem/procedure-my-core,CodeSystemProcedureMyCore
60.14,Open biopsy of seminal vesicles,Open biopsy of seminal vesicles,http://fhir.hie.moh.gov.my/CodeSystem/procedure-my-core,CodeSystemProcedureMyCore
60.15,Biopsy of periprostatic tissue,Biopsy of periprostatic tissue,http://fhir.hie.moh.gov.my/CodeSystem/procedure-my-core,CodeSystemProcedureMyCore
60.18,Other diagnostic procedures on prostate and periprostatic tissue,Other diagnostic procedures on prostate and periprostatic tissue,http://fhir.hie.moh.gov.my/CodeSystem/procedure-my-core,CodeSystemProcedureMyCore
60.19,Other diagnostic procedures on seminal vesicles,Other diagnostic procedures on seminal vesicles,http://fhir.hie.moh.gov.my/CodeSystem/procedure-my-core,CodeSystemProcedureMyCore
60.21,Transurethral (ultrasound) guided laser induced prostatectomy (TULIP),Transurethral (ultrasound) guided laser induced prostatectomy (TULIP),http://fhir.hie.moh.gov.my/CodeSystem/procedure-my-core,CodeSystemProcedureMyCore
60.29,Other transurethral prostatectomy,Other transurethral prostatectomy,http://fhir.hie.moh.gov.my/CodeSystem/procedure-my-core,CodeSystemProcedureMyCore
60.3,Suprapubic prostatectomy,Suprapubic prostatectomy,http://fhir.hie.moh.gov.my/CodeSystem/procedure-my-core,CodeSystemProcedureMyCore
60.4,Retropubic prostatectomy,Retropubic prostatectomy,http://fhir.hie.moh.gov.my/CodeSystem/procedure-my-core,CodeSystemProcedureMyCore
60.5,Radical prostatectomy,Radical prostatectomy,http://fhir.hie.moh.gov.my/CodeSystem/procedure-my-core,CodeSystemProcedureMyCore
60.61,Local excision of lesion of prostate,Local excision of lesion of prostate,http://fhir.hie.moh.gov.my/CodeSystem/procedure-my-core,CodeSystemProcedureMyCore
60.62,Perineal prostatectomy,Perineal prostatectomy,http://fhir.hie.moh.gov.my/CodeSystem/procedure-my-core,CodeSystemProcedureMyCore
60.69,Other prostatectomy,Other prostatectomy,http://fhir.hie.moh.gov.my/CodeSystem/procedure-my-core,CodeSystemProcedureMyCore
60.71,Percutaneous aspiration of seminal vesicle,Percutaneous aspiration of seminal vesicle,http://fhir.hie.moh.gov.my/CodeSystem/procedure-my-core,CodeSystemProcedureMyCore
60.72,Incision of seminal vesicle,Incision of seminal vesicle,http://fhir.hie.moh.gov.my/CodeSystem/procedure-my-core,CodeSystemProcedureMyCore
60.73,Excision of seminal vesicle,Excision of seminal vesicle,http://fhir.hie.moh.gov.my/CodeSystem/procedure-my-core,CodeSystemProcedureMyCore
60.79,Other operations on seminal vesicles,Other operations on seminal vesicles,http://fhir.hie.moh.gov.my/CodeSystem/procedure-my-core,CodeSystemProcedureMyCore
60.81,Incision of periprostatic tissue,Incision of periprostatic tissue,http://fhir.hie.moh.gov.my/CodeSystem/procedure-my-core,CodeSystemProcedureMyCore
60.82,Excision of periprostatic tissue,Excision of periprostatic tissue,http://fhir.hie.moh.gov.my/CodeSystem/procedure-my-core,CodeSystemProcedureMyCore
60.91,Percutaneous aspiration of prostate,Percutaneous aspiration of prostate,http://fhir.hie.moh.gov.my/CodeSystem/procedure-my-core,CodeSystemProcedureMyCore
60.92,Injection into prostate,Injection into prostate,http://fhir.hie.moh.gov.my/CodeSystem/procedure-my-core,CodeSystemProcedureMyCore
60.93,Repair of prostate,Repair of prostate,http://fhir.hie.moh.gov.my/CodeSystem/procedure-my-core,CodeSystemProcedureMyCore
60.94,Control of (postoperative) hemorrhage of prostate,Control of (postoperative) hemorrhage of prostate,http://fhir.hie.moh.gov.my/CodeSystem/procedure-my-core,CodeSystemProcedureMyCore
60.95,Transurethral balloon dilation of the prostatic urethra,Transurethral balloon dilation of the prostatic urethra,http://fhir.hie.moh.gov.my/CodeSystem/procedure-my-core,CodeSystemProcedureMyCore
60.96,Transurethral destruction of prostate tissue by microwave thermotherapy,Transurethral destruction of prostate tissue by microwave thermotherapy,http://fhir.hie.moh.gov.my/CodeSystem/procedure-my-core,CodeSystemProcedureMyCore
60.97,Other transurethral destruction of prostate tissue by other thermotherapy,Other transurethral destruction of prostate tissue by other thermotherapy,http://fhir.hie.moh.gov.my/CodeSystem/procedure-my-core,CodeSystemProcedureMyCore
60.99,Other operations on prostate,Other operations on prostate,http://fhir.hie.moh.gov.my/CodeSystem/procedure-my-core,CodeSystemProcedureMyCore
61.0,Incision and drainage of scrotum and tunica vaginalis,Incision and drainage of scrotum and tunica vaginalis,http://fhir.hie.moh.gov.my/CodeSystem/procedure-my-core,CodeSystemProcedureMyCore
61.11,Biopsy of scrotum or tunica vaginalis,Biopsy of scrotum or tunica vaginalis,http://fhir.hie.moh.gov.my/CodeSystem/procedure-my-core,CodeSystemProcedureMyCore
61.19,Other diagnostic procedures on scrotum and tunica vaginalis,Other diagnostic procedures on scrotum and tunica vaginalis,http://fhir.hie.moh.gov.my/CodeSystem/procedure-my-core,CodeSystemProcedureMyCore
61.2,Excision of hydrocele (of tunica vaginalis),Excision of hydrocele (of tunica vaginalis),http://fhir.hie.moh.gov.my/CodeSystem/procedure-my-core,CodeSystemProcedureMyCore
61.3,Excision or destruction of lesion or tissue of scrotum,Excision or destruction of lesion or tissue of scrotum,http://fhir.hie.moh.gov.my/CodeSystem/procedure-my-core,CodeSystemProcedureMyCore
61.41,Suture of laceration of scrotum and tunica vaginalis,Suture of laceration of scrotum and tunica vaginalis,http://fhir.hie.moh.gov.my/CodeSystem/procedure-my-core,CodeSystemProcedureMyCore
61.42,Repair of scrotal fistula,Repair of scrotal fistula,http://fhir.hie.moh.gov.my/CodeSystem/procedure-my-core,CodeSystemProcedureMyCore
61.49,Other repair of scrotum and tunica vaginalis,Other repair of scrotum and tunica vaginalis,http://fhir.hie.moh.gov.my/CodeSystem/procedure-my-core,CodeSystemProcedureMyCore
61.91,Percutaneous aspiration of tunica vaginalis,Percutaneous aspiration of tunica vaginalis,http://fhir.hie.moh.gov.my/CodeSystem/procedure-my-core,CodeSystemProcedureMyCore
61.92,Excision of lesion of tunica vaginalis other than hydrocele,Excision of lesion of tunica vaginalis other than hydrocele,http://fhir.hie.moh.gov.my/CodeSystem/procedure-my-core,CodeSystemProcedureMyCore
61.99,Other operations on scrotum and tunica vaginalis,Other operations on scrotum and tunica vaginalis,http://fhir.hie.moh.gov.my/CodeSystem/procedure-my-core,CodeSystemProcedureMyCore
62.0,Incision of testis,Incision of testis,http://fhir.hie.moh.gov.my/CodeSystem/procedure-my-core,CodeSystemProcedureMyCore
62.11,Closed [percutaneous] [needle] biopsy of testis,Closed [percutaneous] [needle] biopsy of testis,http://fhir.hie.moh.gov.my/CodeSystem/procedure-my-core,CodeSystemProcedureMyCore
62.12,Open biopsy of testis,Open biopsy of testis,http://fhir.hie.moh.gov.my/CodeSystem/procedure-my-core,CodeSystemProcedureMyCore
62.19,Other diagnostic procedures on testes,Other diagnostic procedures on testes,http://fhir.hie.moh.gov.my/CodeSystem/procedure-my-core,CodeSystemProcedureMyCore
62.2,Excision or destruction of testicular lesion,Excision or destruction of testicular lesion,http://fhir.hie.moh.gov.my/CodeSystem/procedure-my-core,CodeSystemProcedureMyCore
62.3,Unilateral orchiectomy,Unilateral orchiectomy,http://fhir.hie.moh.gov.my/CodeSystem/procedure-my-core,CodeSystemProcedureMyCore
62.41,Removal of both testes at same operative episode,Removal of both testes at same operative episode,http://fhir.hie.moh.gov.my/CodeSystem/procedure-my-core,CodeSystemProcedureMyCore
62.42,Removal of remaining testis,Removal of remaining testis,http://fhir.hie.moh.gov.my/CodeSystem/procedure-my-core,CodeSystemProcedureMyCore
62.5,Orchiopexy,Orchiopexy,http://fhir.hie.moh.gov.my/CodeSystem/procedure-my-core,CodeSystemProcedureMyCore
62.61,Suture of laceration of testis,Suture of laceration of testis,http://fhir.hie.moh.gov.my/CodeSystem/procedure-my-core,CodeSystemProcedureMyCore
62.69,Other repair of testis,Other repair of testis,http://fhir.hie.moh.gov.my/CodeSystem/procedure-my-core,CodeSystemProcedureMyCore
62.7,Insertion of testicular prosthesis,Insertion of testicular prosthesis,http://fhir.hie.moh.gov.my/CodeSystem/procedure-my-core,CodeSystemProcedureMyCore
62.91,Aspiration of testis,Aspiration of testis,http://fhir.hie.moh.gov.my/CodeSystem/procedure-my-core,CodeSystemProcedureMyCore
62.92,Injection of therapeutic substance into testis,Injection of therapeutic substance into testis,http://fhir.hie.moh.gov.my/CodeSystem/procedure-my-core,CodeSystemProcedureMyCore
62.99,Other operations on testes,Other operations on testes,http://fhir.hie.moh.gov.my/CodeSystem/procedure-my-core,CodeSystemProcedureMyCore
63.01,"Biopsy of spermatic cord, epididymis, or vas deferens","Biopsy of spermatic cord, epididymis, or vas deferens",http://fhir.hie.moh.gov.my/CodeSystem/procedure-my-core,CodeSystemProcedureMyCore
63.09,"Other diagnostic procedures on spermatic cord, epididymis, and vas deferens","Other diagnostic procedures on spermatic cord, epididymis, and vas deferens",http://fhir.hie.moh.gov.my/CodeSystem/procedure-my-core,CodeSystemProcedureMyCore
63.1,Excision of varicocele and hydrocele of spermatic cord,Excision of varicocele and hydrocele of spermatic cord,http://fhir.hie.moh.gov.my/CodeSystem/procedure-my-core,CodeSystemProcedureMyCore
63.2,Excision of cyst of epididymis,Excision of cyst of epididymis,http://fhir.hie.moh.gov.my/CodeSystem/procedure-my-core,CodeSystemProcedureMyCore
63.3,Excision of other lesion or tissue of spermatic cord and epididymis,Excision of other lesion or tissue of spermatic cord and epididymis,http://fhir.hie.moh.gov.my/CodeSystem/procedure-my-core,CodeSystemProcedureMyCore
63.4,Epididymectomy,Epididymectomy,http://fhir.hie.moh.gov.my/CodeSystem/procedure-my-core,CodeSystemProcedureMyCore
63.51,Suture of laceration of spermatic cord and epididymis,Suture of laceration of spermatic cord and epididymis,http://fhir.hie.moh.gov.my/CodeSystem/procedure-my-core,CodeSystemProcedureMyCore
63.52,Reduction of torsion of testis or spermatic cord,Reduction of torsion of testis or spermatic cord,http://fhir.hie.moh.gov.my/CodeSystem/procedure-my-core,CodeSystemProcedureMyCore
63.53,Transplantation of spermatic cord,Transplantation of spermatic cord,http://fhir.hie.moh.gov.my/CodeSystem/procedure-my-core,CodeSystemProcedureMyCore
63.59,Other repair of spermatic cord and epididymis,Other repair of spermatic cord and epididymis,http://fhir.hie.moh.gov.my/CodeSystem/procedure-my-core,CodeSystemProcedureMyCore
63.6,Vasotomy,Vasotomy,http://fhir.hie.moh.gov.my/CodeSystem/procedure-my-core,CodeSystemProcedureMyCore
63.70,"Male sterilization procedure, not otherwise specified","Male sterilization procedure, not otherwise specified",http://fhir.hie.moh.gov.my/CodeSystem/procedure-my-core,CodeSystemProcedureMyCore
63.71,Ligation of vas deferens,Ligation of vas deferens,http://fhir.hie.moh.gov.my/CodeSystem/procedure-my-core,CodeSystemProcedureMyCore
63.72,Ligation of spermatic cord,Ligation of spermatic cord,http://fhir.hie.moh.gov.my/CodeSystem/procedure-my-core,CodeSystemProcedureMyCore
63.73,Vasectomy,Vasectomy,http://fhir.hie.moh.gov.my/CodeSystem/procedure-my-core,CodeSystemProcedureMyCore
63.81,Suture of laceration of vas deferens and epididymis,Suture of laceration of vas deferens and epididymis,http://fhir.hie.moh.gov.my/CodeSystem/procedure-my-core,CodeSystemProcedureMyCore
63.82,Reconstruction of surgically divided vas deferens,Reconstruction of surgically divided vas deferens,http://fhir.hie.moh.gov.my/CodeSystem/procedure-my-core,CodeSystemProcedureMyCore
63.83,Epididymovasostomy,Epididymovasostomy,http://fhir.hie.moh.gov.my/CodeSystem/procedure-my-core,CodeSystemProcedureMyCore
63.84,Removal of ligature from vas deferens,Removal of ligature from vas deferens,http://fhir.hie.moh.gov.my/CodeSystem/procedure-my-core,CodeSystemProcedureMyCore
63.85,Removal of valve from vas deferens,Removal of valve from vas deferens,http://fhir.hie.moh.gov.my/CodeSystem/procedure-my-core,CodeSystemProcedureMyCore
63.89,Other repair of vas deferens and epididymis,Other repair of vas deferens and epididymis,http://fhir.hie.moh.gov.my/CodeSystem/procedure-my-core,CodeSystemProcedureMyCore
63.91,Aspiration of spermatocele,Aspiration of spermatocele,http://fhir.hie.moh.gov.my/CodeSystem/procedure-my-core,CodeSystemProcedureMyCore
63.92,Epididymotomy,Epididymotomy,http://fhir.hie.moh.gov.my/CodeSystem/procedure-my-core,CodeSystemProcedureMyCore
63.93,Incision of spermatic cord,Incision of spermatic cord,http://fhir.hie.moh.gov.my/CodeSystem/procedure-my-core,CodeSystemProcedureMyCore
63.94,Lysis of adhesions of spermatic cord,Lysis of adhesions of spermatic cord,http://fhir.hie.moh.gov.my/CodeSystem/procedure-my-core,CodeSystemProcedureMyCore
63.95,Insertion of valve in vas deferens,Insertion of valve in vas deferens,http://fhir.hie.moh.gov.my/CodeSystem/procedure-my-core,CodeSystemProcedureMyCore
63.99,"Other operations on spermatic card, epididymis, and vas deferens","Other operations on spermatic card, epididymis, and vas deferens",http://fhir.hie.moh.gov.my/CodeSystem/procedure-my-core,CodeSystemProcedureMyCore
64.0,Circumcision,Circumcision,http://fhir.hie.moh.gov.my/CodeSystem/procedure-my-core,CodeSystemProcedureMyCore
64.11,Biopsy of penis,Biopsy of penis,http://fhir.hie.moh.gov.my/CodeSystem/procedure-my-core,CodeSystemProcedureMyCore
64.19,Other diagnostic procedures on penis,Other diagnostic procedures on penis,http://fhir.hie.moh.gov.my/CodeSystem/procedure-my-core,CodeSystemProcedureMyCore
64.2,Local excision or destruction of lesion of penis,Local excision or destruction of lesion of penis,http://fhir.hie.moh.gov.my/CodeSystem/procedure-my-core,CodeSystemProcedureMyCore
64.3,Amputation of penis,Amputation of penis,http://fhir.hie.moh.gov.my/CodeSystem/procedure-my-core,CodeSystemProcedureMyCore
64.41,Suture of laceration of penis,Suture of laceration of penis,http://fhir.hie.moh.gov.my/CodeSystem/procedure-my-core,CodeSystemProcedureMyCore
64.42,Release of chordee,Release of chordee,http://fhir.hie.moh.gov.my/CodeSystem/procedure-my-core,CodeSystemProcedureMyCore
64.43,Construction of penis,Construction of penis,http://fhir.hie.moh.gov.my/CodeSystem/procedure-my-core,CodeSystemProcedureMyCore
64.44,Reconstruction of penis,Reconstruction of penis,http://fhir.hie.moh.gov.my/CodeSystem/procedure-my-core,CodeSystemProcedureMyCore
64.45,Replantation of penis,Replantation of penis,http://fhir.hie.moh.gov.my/CodeSystem/procedure-my-core,CodeSystemProcedureMyCore
64.49,Other repair of penis,Other repair of penis,http://fhir.hie.moh.gov.my/CodeSystem/procedure-my-core,CodeSystemProcedureMyCore
64.5,"Operations for sex transformation, not elsewhere classified","Operations for sex transformation, not elsewhere classified",http://fhir.hie.moh.gov.my/CodeSystem/procedure-my-core,CodeSystemProcedureMyCore
64.91,Dorsal or lateral slit of prepuce,Dorsal or lateral slit of prepuce,http://fhir.hie.moh.gov.my/CodeSystem/procedure-my-core,CodeSystemProcedureMyCore
64.92,Incision of penis,Incision of penis,http://fhir.hie.moh.gov.my/CodeSystem/procedure-my-core,CodeSystemProcedureMyCore
64.93,Division of penile adhesions,Division of penile adhesions,http://fhir.hie.moh.gov.my/CodeSystem/procedure-my-core,CodeSystemProcedureMyCore
64.94,Fitting of external prosthesis of penis,Fitting of external prosthesis of penis,http://fhir.hie.moh.gov.my/CodeSystem/procedure-my-core,CodeSystemProcedureMyCore
64.95,Insertion or replacement of non-inflatable penile prosthesis,Insertion or replacement of non-inflatable penile prosthesis,http://fhir.hie.moh.gov.my/CodeSystem/procedure-my-core,CodeSystemProcedureMyCore
64.96,Removal of internal prosthesis of penis,Removal of internal prosthesis of penis,http://fhir.hie.moh.gov.my/CodeSystem/procedure-my-core,CodeSystemProcedureMyCore
64.97,Insertion or replacement of inflatable penile prosthesis,Insertion or replacement of inflatable penile prosthesis,http://fhir.hie.moh.gov.my/CodeSystem/procedure-my-core,CodeSystemProcedureMyCore
64.98,Other operations on penis,Other operations on penis,http://fhir.hie.moh.gov.my/CodeSystem/procedure-my-core,CodeSystemProcedureMyCore
64.99,Other operations on male genital organs,Other operations on male genital organs,http://fhir.hie.moh.gov.my/CodeSystem/procedure-my-core,CodeSystemProcedureMyCore
65.01,Laparoscopic oophorotomy,Laparoscopic oophorotomy,http://fhir.hie.moh.gov.my/CodeSystem/procedure-my-core,CodeSystemProcedureMyCore
65.09,Other oophorotomy,Other oophorotomy,http://fhir.hie.moh.gov.my/CodeSystem/procedure-my-core,CodeSystemProcedureMyCore
65.11,Aspiration biopsy of ovary,Aspiration biopsy of ovary,http://fhir.hie.moh.gov.my/CodeSystem/procedure-my-core,CodeSystemProcedureMyCore
65.12,Other biopsy of ovary,Other biopsy of ovary,http://fhir.hie.moh.gov.my/CodeSystem/procedure-my-core,CodeSystemProcedureMyCore
65.13,Laparoscopic biopsy of ovary,Laparoscopic biopsy of ovary,http://fhir.hie.moh.gov.my/CodeSystem/procedure-my-core,CodeSystemProcedureMyCore
65.14,Other laparoscopic diagnostic procedures on ovaries,Other laparoscopic diagnostic procedures on ovaries,http://fhir.hie.moh.gov.my/CodeSystem/procedure-my-core,CodeSystemProcedureMyCore
65.19,Other diagnostic procedures on ovaries,Other diagnostic procedures on ovaries,http://fhir.hie.moh.gov.my/CodeSystem/procedure-my-core,CodeSystemProcedureMyCore
65.21,Marsupialization of ovarian cyst,Marsupialization of ovarian cyst,http://fhir.hie.moh.gov.my/CodeSystem/procedure-my-core,CodeSystemProcedureMyCore
65.22,Wedge resection of ovary,Wedge resection of ovary,http://fhir.hie.moh.gov.my/CodeSystem/procedure-my-core,CodeSystemProcedureMyCore
65.23,Laparoscopic marsupialization of ovarian cyst,Laparoscopic marsupialization of ovarian cyst,http://fhir.hie.moh.gov.my/CodeSystem/procedure-my-core,CodeSystemProcedureMyCore
65.24,Laparoscopic wedge resection of ovary,Laparoscopic wedge resection of ovary,http://fhir.hie.moh.gov.my/CodeSystem/procedure-my-core,CodeSystemProcedureMyCore
65.25,Other laparoscopic local excision or destruction of ovary,Other laparoscopic local excision or destruction of ovary,http://fhir.hie.moh.gov.my/CodeSystem/procedure-my-core,CodeSystemProcedureMyCore
65.29,Other local excision or destruction of ovary,Other local excision or destruction of ovary,http://fhir.hie.moh.gov.my/CodeSystem/procedure-my-core,CodeSystemProcedureMyCore
65.31,Laparoscopic unilateral oophorectomy,Laparoscopic unilateral oophorectomy,http://fhir.hie.moh.gov.my/CodeSystem/procedure-my-core,CodeSystemProcedureMyCore
65.39,Other unilateral oophorectomy,Other unilateral oophorectomy,http://fhir.hie.moh.gov.my/CodeSystem/procedure-my-core,CodeSystemProcedureMyCore
65.41,Laparoscopic unilateral salpingo-oophorectomy,Laparoscopic unilateral salpingo-oophorectomy,http://fhir.hie.moh.gov.my/CodeSystem/procedure-my-core,CodeSystemProcedureMyCore
65.49,Other unilateral salpingo-oophorectomy,Other unilateral salpingo-oophorectomy,http://fhir.hie.moh.gov.my/CodeSystem/procedure-my-core,CodeSystemProcedureMyCore
65.51,Other removal of both ovaries at same operative episode,Other removal of both ovaries at same operative episode,http://fhir.hie.moh.gov.my/CodeSystem/procedure-my-core,CodeSystemProcedureMyCore
65.52,Other removal of remaining ovary,Other removal of remaining ovary,http://fhir.hie.moh.gov.my/CodeSystem/procedure-my-core,CodeSystemProcedureMyCore
65.53,Laparoscopic removal of both ovaries at same operative episode,Laparoscopic removal of both ovaries at same operative episode,http://fhir.hie.moh.gov.my/CodeSystem/procedure-my-core,CodeSystemProcedureMyCore
65.54,Laparoscopic removal of remaining ovary,Laparoscopic removal of remaining ovary,http://fhir.hie.moh.gov.my/CodeSystem/procedure-my-core,CodeSystemProcedureMyCore
65.61,Other removal of both ovaries and tubes at same operative episode,Other removal of both ovaries and tubes at same operative episode,http://fhir.hie.moh.gov.my/CodeSystem/procedure-my-core,CodeSystemProcedureMyCore
65.62,Other removal of remaining ovary and tube,Other removal of remaining ovary and tube,http://fhir.hie.moh.gov.my/CodeSystem/procedure-my-core,CodeSystemProcedureMyCore
65.63,Laparoscopic removal of both ovaries and tubes at same operative episode,Laparoscopic removal of both ovaries and tubes at same operative episode,http://fhir.hie.moh.gov.my/CodeSystem/procedure-my-core,CodeSystemProcedureMyCore
65.64,Laparoscopic removal of remaining ovary and tube,Laparoscopic removal of remaining ovary and tube,http://fhir.hie.moh.gov.my/CodeSystem/procedure-my-core,CodeSystemProcedureMyCore
65.71,Other simple suture of ovary,Other simple suture of ovary,http://fhir.hie.moh.gov.my/CodeSystem/procedure-my-core,CodeSystemProcedureMyCore
65.72,Other reimplantation of ovary,Other reimplantation of ovary,http://fhir.hie.moh.gov.my/CodeSystem/procedure-my-core,CodeSystemProcedureMyCore
65.73,Other salpingo-oophoroplasty,Other salpingo-oophoroplasty,http://fhir.hie.moh.gov.my/CodeSystem/procedure-my-core,CodeSystemProcedureMyCore
65.74,Laparoscopic simple suture of ovary,Laparoscopic simple suture of ovary,http://fhir.hie.moh.gov.my/CodeSystem/procedure-my-core,CodeSystemProcedureMyCore
65.75,Laparoscopic reimplantation of ovary,Laparoscopic reimplantation of ovary,http://fhir.hie.moh.gov.my/CodeSystem/procedure-my-core,CodeSystemProcedureMyCore
65.76,Laparoscopic salpingo-oophoroplasty,Laparoscopic salpingo-oophoroplasty,http://fhir.hie.moh.gov.my/CodeSystem/procedure-my-core,CodeSystemProcedureMyCore
65.79,Other repair of ovary,Other repair of ovary,http://fhir.hie.moh.gov.my/CodeSystem/procedure-my-core,CodeSystemProcedureMyCore
65.81,Laparoscopic lysis of adhesions of ovary and fallopian tube,Laparoscopic lysis of adhesions of ovary and fallopian tube,http://fhir.hie.moh.gov.my/CodeSystem/procedure-my-core,CodeSystemProcedureMyCore
65.89,Other lysis of adhesions of ovary and fallopian tube,Other lysis of adhesions of ovary and fallopian tube,http://fhir.hie.moh.gov.my/CodeSystem/procedure-my-core,CodeSystemProcedureMyCore
65.91,Aspiration of ovary,Aspiration of ovary,http://fhir.hie.moh.gov.my/CodeSystem/procedure-my-core,CodeSystemProcedureMyCore
65.92,Transplantation of ovary,Transplantation of ovary,http://fhir.hie.moh.gov.my/CodeSystem/procedure-my-core,CodeSystemProcedureMyCore
65.93,Manual rupture of ovarian cyst,Manual rupture of ovarian cyst,http://fhir.hie.moh.gov.my/CodeSystem/procedure-my-core,CodeSystemProcedureMyCore
65.94,Ovarian denervation,Ovarian denervation,http://fhir.hie.moh.gov.my/CodeSystem/procedure-my-core,CodeSystemProcedureMyCore
65.95,Release of torsion of ovary,Release of torsion of ovary,http://fhir.hie.moh.gov.my/CodeSystem/procedure-my-core,CodeSystemProcedureMyCore
65.99,Other operations on ovary,Other operations on ovary,http://fhir.hie.moh.gov.my/CodeSystem/procedure-my-core,CodeSystemProcedureMyCore
66.01,Salpingotomy,Salpingotomy,http://fhir.hie.moh.gov.my/CodeSystem/procedure-my-core,CodeSystemProcedureMyCore
66.02,Salpingostomy,Salpingostomy,http://fhir.hie.moh.gov.my/CodeSystem/procedure-my-core,CodeSystemProcedureMyCore
66.11,Biopsy of fallopian tube,Biopsy of fallopian tube,http://fhir.hie.moh.gov.my/CodeSystem/procedure-my-core,CodeSystemProcedureMyCore
66.19,Other diagnostic procedures on fallopian tubes,Other diagnostic procedures on fallopian tubes,http://fhir.hie.moh.gov.my/CodeSystem/procedure-my-core,CodeSystemProcedureMyCore
66.21,Bilateral endoscopic ligation and crushing of fallopian tubes,Bilateral endoscopic ligation and crushing of fallopian tubes,http://fhir.hie.moh.gov.my/CodeSystem/procedure-my-core,CodeSystemProcedureMyCore
66.22,Bilateral endoscopic ligation and division of fallopian tubes,Bilateral endoscopic ligation and division of fallopian tubes,http://fhir.hie.moh.gov.my/CodeSystem/procedure-my-core,CodeSystemProcedureMyCore
66.29,Other bilateral endoscopic destruction or occlusion of fallopian tubes,Other bilateral endoscopic destruction or occlusion of fallopian tubes,http://fhir.hie.moh.gov.my/CodeSystem/procedure-my-core,CodeSystemProcedureMyCore
66.31,Other bilateral ligation and crushing of fallopian tubes,Other bilateral ligation and crushing of fallopian tubes,http://fhir.hie.moh.gov.my/CodeSystem/procedure-my-core,CodeSystemProcedureMyCore
66.32,Other bilateral ligation and division of fallopian tubes,Other bilateral ligation and division of fallopian tubes,http://fhir.hie.moh.gov.my/CodeSystem/procedure-my-core,CodeSystemProcedureMyCore
66.39,Other bilateral destruction or occlusion of fallopian tubes,Other bilateral destruction or occlusion of fallopian tubes,http://fhir.hie.moh.gov.my/CodeSystem/procedure-my-core,CodeSystemProcedureMyCore
66.4,Total unilateral salpingectomy,Total unilateral salpingectomy,http://fhir.hie.moh.gov.my/CodeSystem/procedure-my-core,CodeSystemProcedureMyCore
66.51,Removal of both fallopian tubes at same operative episode,Removal of both fallopian tubes at same operative episode,http://fhir.hie.moh.gov.my/CodeSystem/procedure-my-core,CodeSystemProcedureMyCore
66.52,Removal of remaining fallopian tube,Removal of remaining fallopian tube,http://fhir.hie.moh.gov.my/CodeSystem/procedure-my-core,CodeSystemProcedureMyCore
66.61,Excision or destruction of lesion of fallopian tube,Excision or destruction of lesion of fallopian tube,http://fhir.hie.moh.gov.my/CodeSystem/procedure-my-core,CodeSystemProcedureMyCore
66.62,Salpingectomy with removal of tubal pregnancy,Salpingectomy with removal of tubal pregnancy,http://fhir.hie.moh.gov.my/CodeSystem/procedure-my-core,CodeSystemProcedureMyCore
66.63,"Bilateral partial salpingectomy, not otherwise specified","Bilateral partial salpingectomy, not otherwise specified",http://fhir.hie.moh.gov.my/CodeSystem/procedure-my-core,CodeSystemProcedureMyCore
66.69,Other partial salpingectomy,Other partial salpingectomy,http://fhir.hie.moh.gov.my/CodeSystem/procedure-my-core,CodeSystemProcedureMyCore
66.71,Simple suture of fallopian tube,Simple suture of fallopian tube,http://fhir.hie.moh.gov.my/CodeSystem/procedure-my-core,CodeSystemProcedureMyCore
66.72,Salpingo-oophorostomy,Salpingo-oophorostomy,http://fhir.hie.moh.gov.my/CodeSystem/procedure-my-core,CodeSystemProcedureMyCore
66.73,Salpingo-salpingostomy,Salpingo-salpingostomy,http://fhir.hie.moh.gov.my/CodeSystem/procedure-my-core,CodeSystemProcedureMyCore
66.74,Salpingo-uterostomy,Salpingo-uterostomy,http://fhir.hie.moh.gov.my/CodeSystem/procedure-my-core,CodeSystemProcedureMyCore
66.79,Other repair of fallopian tube,Other repair of fallopian tube,http://fhir.hie.moh.gov.my/CodeSystem/procedure-my-core,CodeSystemProcedureMyCore
66.8,Insufflation of fallopian tube,Insufflation of fallopian tube,http://fhir.hie.moh.gov.my/CodeSystem/procedure-my-core,CodeSystemProcedureMyCore
66.91,Aspiration of fallopian tube,Aspiration of fallopian tube,http://fhir.hie.moh.gov.my/CodeSystem/procedure-my-core,CodeSystemProcedureMyCore
66.92,Unilateral destruction or occlusion of fallopian tube,Unilateral destruction or occlusion of fallopian tube,http://fhir.hie.moh.gov.my/CodeSystem/procedure-my-core,CodeSystemProcedureMyCore
66.93,Implantation or replacement of prosthesis of fallopian tube,Implantation or replacement of prosthesis of fallopian tube,http://fhir.hie.moh.gov.my/CodeSystem/procedure-my-core,CodeSystemProcedureMyCore
66.94,Removal of prosthesis of fallopian tube,Removal of prosthesis of fallopian tube,http://fhir.hie.moh.gov.my/CodeSystem/procedure-my-core,CodeSystemProcedureMyCore
66.95,Insufflation of therapeutic agent into fallopian tubes,Insufflation of therapeutic agent into fallopian tubes,http://fhir.hie.moh.gov.my/CodeSystem/procedure-my-core,CodeSystemProcedureMyCore
66.96,Dilation of fallopian tube,Dilation of fallopian tube,http://fhir.hie.moh.gov.my/CodeSystem/procedure-my-core,CodeSystemProcedureMyCore
66.97,Burying of fimbriae in uterine wall,Burying of fimbriae in uterine wall,http://fhir.hie.moh.gov.my/CodeSystem/procedure-my-core,CodeSystemProcedureMyCore
66.99,Other operations on fallopian tubes,Other operations on fallopian tubes,http://fhir.hie.moh.gov.my/CodeSystem/procedure-my-core,CodeSystemProcedureMyCore
67.0,Dilation of cervical canal,Dilation of cervical canal,http://fhir.hie.moh.gov.my/CodeSystem/procedure-my-core,CodeSystemProcedureMyCore
67.11,Endocervical biopsy,Endocervical biopsy,http://fhir.hie.moh.gov.my/CodeSystem/procedure-my-core,CodeSystemProcedureMyCore
67.12,Other cervical biopsy,Other cervical biopsy,http://fhir.hie.moh.gov.my/CodeSystem/procedure-my-core,CodeSystemProcedureMyCore
67.19,Other diagnostic procedures on cervix,Other diagnostic procedures on cervix,http://fhir.hie.moh.gov.my/CodeSystem/procedure-my-core,CodeSystemProcedureMyCore
67.2,Conization of cervix,Conization of cervix,http://fhir.hie.moh.gov.my/CodeSystem/procedure-my-core,CodeSystemProcedureMyCore
67.31,Marsupialization of cervical cyst,Marsupialization of cervical cyst,http://fhir.hie.moh.gov.my/CodeSystem/procedure-my-core,CodeSystemProcedureMyCore
67.32,Destruction of lesion of cervix by cauterization,Destruction of lesion of cervix by cauterization,http://fhir.hie.moh.gov.my/CodeSystem/procedure-my-core,CodeSystemProcedureMyCore
67.33,Destruction of lesion of cervix by cryosurgery,Destruction of lesion of cervix by cryosurgery,http://fhir.hie.moh.gov.my/CodeSystem/procedure-my-core,CodeSystemProcedureMyCore
67.39,Other excision or destruction of lesion or tissue of cervix,Other excision or destruction of lesion or tissue of cervix,http://fhir.hie.moh.gov.my/CodeSystem/procedure-my-core,CodeSystemProcedureMyCore
67.4,Amputation of cervix,Amputation of cervix,http://fhir.hie.moh.gov.my/CodeSystem/procedure-my-core,CodeSystemProcedureMyCore
67.51,Transabdominal cerclage of cervix,Transabdominal cerclage of cervix,http://fhir.hie.moh.gov.my/CodeSystem/procedure-my-core,CodeSystemProcedureMyCore
67.59,Other repair of internal cervical os,Other repair of internal cervical os,http://fhir.hie.moh.gov.my/CodeSystem/procedure-my-core,CodeSystemProcedureMyCore
67.61,Suture of laceration of cervix,Suture of laceration of cervix,http://fhir.hie.moh.gov.my/CodeSystem/procedure-my-core,CodeSystemProcedureMyCore
67.62,Repair of fistula of cervix,Repair of fistula of cervix,http://fhir.hie.moh.gov.my/CodeSystem/procedure-my-core,CodeSystemProcedureMyCore
67.69,Other repair of cervix,Other repair of cervix,http://fhir.hie.moh.gov.my/CodeSystem/procedure-my-core,CodeSystemProcedureMyCore
68.0,Hysterotomy,Hysterotomy,http://fhir.hie.moh.gov.my/CodeSystem/procedure-my-core,CodeSystemProcedureMyCore
68.11,Digital examination of uterus,Digital examination of uterus,http://fhir.hie.moh.gov.my/CodeSystem/procedure-my-core,CodeSystemProcedureMyCore
68.12,Hysteroscopy,Hysteroscopy,http://fhir.hie.moh.gov.my/CodeSystem/procedure-my-core,CodeSystemProcedureMyCore
68.13,Open biopsy of uterus,Open biopsy of uterus,http://fhir.hie.moh.gov.my/CodeSystem/procedure-my-core,CodeSystemProcedureMyCore
68.14,Open biopsy of uterine ligaments,Open biopsy of uterine ligaments,http://fhir.hie.moh.gov.my/CodeSystem/procedure-my-core,CodeSystemProcedureMyCore
68.15,Closed biopsy of uterine ligaments,Closed biopsy of uterine ligaments,http://fhir.hie.moh.gov.my/CodeSystem/procedure-my-core,CodeSystemProcedureMyCore
68.16,Closed biopsy of uterus,Closed biopsy of uterus,http://fhir.hie.moh.gov.my/CodeSystem/procedure-my-core,CodeSystemProcedureMyCore
68.19,Other diagnostic procedures on uterus and supporting structures,Other diagnostic procedures on uterus and supporting structures,http://fhir.hie.moh.gov.my/CodeSystem/procedure-my-core,CodeSystemProcedureMyCore
68.21,Division of endometrial synechiae,Division of endometrial synechiae,http://fhir.hie.moh.gov.my/CodeSystem/procedure-my-core,CodeSystemProcedureMyCore
68.22,Incision or excision of congenital septum of uterus,Incision or excision of congenital septum of uterus,http://fhir.hie.moh.gov.my/CodeSystem/procedure-my-core,CodeSystemProcedureMyCore
68.23,Endometrial ablation,Endometrial ablation,http://fhir.hie.moh.gov.my/CodeSystem/procedure-my-core,CodeSystemProcedureMyCore
68.29,Other excision or destruction of lesion of uterus,Other excision or destruction of lesion of uterus,http://fhir.hie.moh.gov.my/CodeSystem/procedure-my-core,CodeSystemProcedureMyCore
68.31,Laparoscopic supracervical hysterectomy [LSH],Laparoscopic supracervical hysterectomy [LSH],http://fhir.hie.moh.gov.my/CodeSystem/procedure-my-core,CodeSystemProcedureMyCore
68.39,"Other subtotal abdominal hysterectomy, NOS","Other subtotal abdominal hysterectomy, NOS",http://fhir.hie.moh.gov.my/CodeSystem/procedure-my-core,CodeSystemProcedureMyCore
68.4,Total abdominal hysterectomy,Total abdominal hysterectomy,http://fhir.hie.moh.gov.my/CodeSystem/procedure-my-core,CodeSystemProcedureMyCore
68.51,Laparoscopically assisted vaginal hysterectomy (LAVH),Laparoscopically assisted vaginal hysterectomy (LAVH),http://fhir.hie.moh.gov.my/CodeSystem/procedure-my-core,CodeSystemProcedureMyCore
68.59,Other vaginal hysterectomy,Other vaginal hysterectomy,http://fhir.hie.moh.gov.my/CodeSystem/procedure-my-core,CodeSystemProcedureMyCore
68.6,Radical abdominal hysterectomy,Radical abdominal hysterectomy,http://fhir.hie.moh.gov.my/CodeSystem/procedure-my-core,CodeSystemProcedureMyCore
68.7,Radical vaginal hysterectomy,Radical vaginal hysterectomy,http://fhir.hie.moh.gov.my/CodeSystem/procedure-my-core,CodeSystemProcedureMyCore
68.8,Pelvic evisceration,Pelvic evisceration,http://fhir.hie.moh.gov.my/CodeSystem/procedure-my-core,CodeSystemProcedureMyCore
68.9,Other and unspecified hysterectomy,Other and unspecified hysterectomy,http://fhir.hie.moh.gov.my/CodeSystem/procedure-my-core,CodeSystemProcedureMyCore
69.01,Dilation and curettage for termination of pregnancy,Dilation and curettage for termination of pregnancy,http://fhir.hie.moh.gov.my/CodeSystem/procedure-my-core,CodeSystemProcedureMyCore
69.02,Dilation and curettage following delivery or abortion,Dilation and curettage following delivery or abortion,http://fhir.hie.moh.gov.my/CodeSystem/procedure-my-core,CodeSystemProcedureMyCore
69.09,Other dilation and curettage,Other dilation and curettage,http://fhir.hie.moh.gov.my/CodeSystem/procedure-my-core,CodeSystemProcedureMyCore
69.19,Other excision or destruction of uterus and supporting structures,Other excision or destruction of uterus and supporting structures,http://fhir.hie.moh.gov.my/CodeSystem/procedure-my-core,CodeSystemProcedureMyCore
69.21,Interposition operation,Interposition operation,http://fhir.hie.moh.gov.my/CodeSystem/procedure-my-core,CodeSystemProcedureMyCore
69.22,Other uterine suspension,Other uterine suspension,http://fhir.hie.moh.gov.my/CodeSystem/procedure-my-core,CodeSystemProcedureMyCore
69.23,Vaginal repair of chronic inversion of uterus,Vaginal repair of chronic inversion of uterus,http://fhir.hie.moh.gov.my/CodeSystem/procedure-my-core,CodeSystemProcedureMyCore
69.29,Other repair of uterus and supporting structures,Other repair of uterus and supporting structures,http://fhir.hie.moh.gov.my/CodeSystem/procedure-my-core,CodeSystemProcedureMyCore
69.3,Paracervical uterine denervation,Paracervical uterine denervation,http://fhir.hie.moh.gov.my/CodeSystem/procedure-my-core,CodeSystemProcedureMyCore
69.41,Suture of laceration of uterus,Suture of laceration of uterus,http://fhir.hie.moh.gov.my/CodeSystem/procedure-my-core,CodeSystemProcedureMyCore
69.42,Closure of fistula of uterus,Closure of fistula of uterus,http://fhir.hie.moh.gov.my/CodeSystem/procedure-my-core,CodeSystemProcedureMyCore
69.49,Other repair of uterus,Other repair of uterus,http://fhir.hie.moh.gov.my/CodeSystem/procedure-my-core,CodeSystemProcedureMyCore
69.51,Aspiration curettage of uterus for termination of pregnancy,Aspiration curettage of uterus for termination of pregnancy,http://fhir.hie.moh.gov.my/CodeSystem/procedure-my-core,CodeSystemProcedureMyCore
69.52,Aspiration curettage following delivery or abortion,Aspiration curettage following delivery or abortion,http://fhir.hie.moh.gov.my/CodeSystem/procedure-my-core,CodeSystemProcedureMyCore
69.59,Other aspiration curettage of uterus,Other aspiration curettage of uterus,http://fhir.hie.moh.gov.my/CodeSystem/procedure-my-core,CodeSystemProcedureMyCore
69.6,Menstrual extraction or regulation,Menstrual extraction or regulation,http://fhir.hie.moh.gov.my/CodeSystem/procedure-my-core,CodeSystemProcedureMyCore
69.7,Insertion of intrauterine contraceptive device,Insertion of intrauterine contraceptive device,http://fhir.hie.moh.gov.my/CodeSystem/procedure-my-core,CodeSystemProcedureMyCore
69.91,Insertion of therapeutic device into uterus,Insertion of therapeutic device into uterus,http://fhir.hie.moh.gov.my/CodeSystem/procedure-my-core,CodeSystemProcedureMyCore
69.92,Artificial insemination,Artificial insemination,http://fhir.hie.moh.gov.my/CodeSystem/procedure-my-core,CodeSystemProcedureMyCore
69.93,Insertion of laminaria,Insertion of laminaria,http://fhir.hie.moh.gov.my/CodeSystem/procedure-my-core,CodeSystemProcedureMyCore
69.94,Manual replacement of inverted uterus,Manual replacement of inverted uterus,http://fhir.hie.moh.gov.my/CodeSystem/procedure-my-core,CodeSystemProcedureMyCore
69.95,Incision of cervix,Incision of cervix,http://fhir.hie.moh.gov.my/CodeSystem/procedure-my-core,CodeSystemProcedureMyCore
69.96,Removal of cerclage material from cervix,Removal of cerclage material from cervix,http://fhir.hie.moh.gov.my/CodeSystem/procedure-my-core,CodeSystemProcedureMyCore
69.97,Removal of other penetrating foreign body from cervix,Removal of other penetrating foreign body from cervix,http://fhir.hie.moh.gov.my/CodeSystem/procedure-my-core,CodeSystemProcedureMyCore
69.98,Other operations on supporting structures of uterus,Other operations on supporting structures of uterus,http://fhir.hie.moh.gov.my/CodeSystem/procedure-my-core,CodeSystemProcedureMyCore
69.99,Other operations on cervix and uterus,Other operations on cervix and uterus,http://fhir.hie.moh.gov.my/CodeSystem/procedure-my-core,CodeSystemProcedureMyCore
70.0,Culdocentesis,Culdocentesis,http://fhir.hie.moh.gov.my/CodeSystem/procedure-my-core,CodeSystemProcedureMyCore
70.11,Hymenotomy,Hymenotomy,http://fhir.hie.moh.gov.my/CodeSystem/procedure-my-core,CodeSystemProcedureMyCore
70.12,Culdotomy,Culdotomy,http://fhir.hie.moh.gov.my/CodeSystem/procedure-my-core,CodeSystemProcedureMyCore
70.13,Lysis of intraluminal adhesions of vagina,Lysis of intraluminal adhesions of vagina,http://fhir.hie.moh.gov.my/CodeSystem/procedure-my-core,CodeSystemProcedureMyCore
70.14,Other vaginotomy,Other vaginotomy,http://fhir.hie.moh.gov.my/CodeSystem/procedure-my-core,CodeSystemProcedureMyCore
70.21,Vaginoscopy,Vaginoscopy,http://fhir.hie.moh.gov.my/CodeSystem/procedure-my-core,CodeSystemProcedureMyCore
70.22,Culdoscopy,Culdoscopy,http://fhir.hie.moh.gov.my/CodeSystem/procedure-my-core,CodeSystemProcedureMyCore
70.23,Biopsy of cul-de-sac,Biopsy of cul-de-sac,http://fhir.hie.moh.gov.my/CodeSystem/procedure-my-core,CodeSystemProcedureMyCore
70.24,Vaginal biopsy,Vaginal biopsy,http://fhir.hie.moh.gov.my/CodeSystem/procedure-my-core,CodeSystemProcedureMyCore
70.29,Other diagnostic procedures on vagina and cul-de-sac,Other diagnostic procedures on vagina and cul-de-sac,http://fhir.hie.moh.gov.my/CodeSystem/procedure-my-core,CodeSystemProcedureMyCore
70.31,Hymenectomy,Hymenectomy,http://fhir.hie.moh.gov.my/CodeSystem/procedure-my-core,CodeSystemProcedureMyCore
70.32,Excision or destruction of lesion of cul-de-sac,Excision or destruction of lesion of cul-de-sac,http://fhir.hie.moh.gov.my/CodeSystem/procedure-my-core,CodeSystemProcedureMyCore
70.33,Excision or destruction of lesion of vagina,Excision or destruction of lesion of vagina,http://fhir.hie.moh.gov.my/CodeSystem/procedure-my-core,CodeSystemProcedureMyCore
70.4,Obliteration and total excision of vagina,Obliteration and total excision of vagina,http://fhir.hie.moh.gov.my/CodeSystem/procedure-my-core,CodeSystemProcedureMyCore
70.50,Repair of cystocele and rectocele,Repair of cystocele and rectocele,http://fhir.hie.moh.gov.my/CodeSystem/procedure-my-core,CodeSystemProcedureMyCore
70.51,Repair of cystocele,Repair of cystocele,http://fhir.hie.moh.gov.my/CodeSystem/procedure-my-core,CodeSystemProcedureMyCore
70.52,Repair of rectocele,Repair of rectocele,http://fhir.hie.moh.gov.my/CodeSystem/procedure-my-core,CodeSystemProcedureMyCore
70.61,Vaginal construction,Vaginal construction,http://fhir.hie.moh.gov.my/CodeSystem/procedure-my-core,CodeSystemProcedureMyCore
70.62,Vaginal reconstruction,Vaginal reconstruction,http://fhir.hie.moh.gov.my/CodeSystem/procedure-my-core,CodeSystemProcedureMyCore
70.71,Suture of laceration of vagina,Suture of laceration of vagina,http://fhir.hie.moh.gov.my/CodeSystem/procedure-my-core,CodeSystemProcedureMyCore
70.72,Repair of colovaginal fistula,Repair of colovaginal fistula,http://fhir.hie.moh.gov.my/CodeSystem/procedure-my-core,CodeSystemProcedureMyCore
70.73,Repair of rectovaginal fistula,Repair of rectovaginal fistula,http://fhir.hie.moh.gov.my/CodeSystem/procedure-my-core,CodeSystemProcedureMyCore
70.74,Repair of other vaginoenteric fistula,Repair of other vaginoenteric fistula,http://fhir.hie.moh.gov.my/CodeSystem/procedure-my-core,CodeSystemProcedureMyCore
70.75,Repair of other fistula of vagina,Repair of other fistula of vagina,http://fhir.hie.moh.gov.my/CodeSystem/procedure-my-core,CodeSystemProcedureMyCore
70.76,Hymenorrhaphy,Hymenorrhaphy,http://fhir.hie.moh.gov.my/CodeSystem/procedure-my-core,CodeSystemProcedureMyCore
70.77,Vaginal suspension and fixation,Vaginal suspension and fixation,http://fhir.hie.moh.gov.my/CodeSystem/procedure-my-core,CodeSystemProcedureMyCore
70.79,Other repair of vagina,Other repair of vagina,http://fhir.hie.moh.gov.my/CodeSystem/procedure-my-core,CodeSystemProcedureMyCore
70.8,Obliteration of vaginal vault,Obliteration of vaginal vault,http://fhir.hie.moh.gov.my/CodeSystem/procedure-my-core,CodeSystemProcedureMyCore
70.91,Other operations on vagina,Other operations on vagina,http://fhir.hie.moh.gov.my/CodeSystem/procedure-my-core,CodeSystemProcedureMyCore
70.92,Other operations on cul-de-sac,Other operations on cul-de-sac,http://fhir.hie.moh.gov.my/CodeSystem/procedure-my-core,CodeSystemProcedureMyCore
71.01,Lysis of vulvar adhesions,Lysis of vulvar adhesions,http://fhir.hie.moh.gov.my/CodeSystem/procedure-my-core,CodeSystemProcedureMyCore
71.09,Other incision of vulva and perineum,Other incision of vulva and perineum,http://fhir.hie.moh.gov.my/CodeSystem/procedure-my-core,CodeSystemProcedureMyCore
71.11,Biopsy of vulva,Biopsy of vulva,http://fhir.hie.moh.gov.my/CodeSystem/procedure-my-core,CodeSystemProcedureMyCore
71.19,Other diagnostic procedures on vulva,Other diagnostic procedures on vulva,http://fhir.hie.moh.gov.my/CodeSystem/procedure-my-core,CodeSystemProcedureMyCore
71.21,Percutaneous aspiration of Bartholins gland (cyst),Percutaneous aspiration of Bartholins gland (cyst),http://fhir.hie.moh.gov.my/CodeSystem/procedure-my-core,CodeSystemProcedureMyCore
71.22,Incision of Bartholins gland (cyst),Incision of Bartholins gland (cyst),http://fhir.hie.moh.gov.my/CodeSystem/procedure-my-core,CodeSystemProcedureMyCore
71.23,Marsupialization of Bartholins gland (cyst),Marsupialization of Bartholins gland (cyst),http://fhir.hie.moh.gov.my/CodeSystem/procedure-my-core,CodeSystemProcedureMyCore
71.24,Excision or other destruction of Bartholins gland (cyst),Excision or other destruction of Bartholins gland (cyst),http://fhir.hie.moh.gov.my/CodeSystem/procedure-my-core,CodeSystemProcedureMyCore
71.29,Other operations on Bartholins gland,Other operations on Bartholins gland,http://fhir.hie.moh.gov.my/CodeSystem/procedure-my-core,CodeSystemProcedureMyCore
71.3,Other local excision or destruction of vulva and perineum,Other local excision or destruction of vulva and perineum,http://fhir.hie.moh.gov.my/CodeSystem/procedure-my-core,CodeSystemProcedureMyCore
71.4,Operations on clitoris,Operations on clitoris,http://fhir.hie.moh.gov.my/CodeSystem/procedure-my-core,CodeSystemProcedureMyCore
71.5,Radical vulvectomy,Radical vulvectomy,http://fhir.hie.moh.gov.my/CodeSystem/procedure-my-core,CodeSystemProcedureMyCore
71.61,Unilateral vulvectomy,Unilateral vulvectomy,http://fhir.hie.moh.gov.my/CodeSystem/procedure-my-core,CodeSystemProcedureMyCore
71.62,Bilateral vulvectomy,Bilateral vulvectomy,http://fhir.hie.moh.gov.my/CodeSystem/procedure-my-core,CodeSystemProcedureMyCore
71.71,Suture of laceration of vulva or perineum,Suture of laceration of vulva or perineum,http://fhir.hie.moh.gov.my/CodeSystem/procedure-my-core,CodeSystemProcedureMyCore
71.72,Repair of fistula of vulva or perineum,Repair of fistula of vulva or perineum,http://fhir.hie.moh.gov.my/CodeSystem/procedure-my-core,CodeSystemProcedureMyCore
71.79,Other repair of vulva and perineum,Other repair of vulva and perineum,http://fhir.hie.moh.gov.my/CodeSystem/procedure-my-core,CodeSystemProcedureMyCore
71.8,Other operations on vulva,Other operations on vulva,http://fhir.hie.moh.gov.my/CodeSystem/procedure-my-core,CodeSystemProcedureMyCore
71.9,Other operations on female genital organs,Other operations on female genital organs,http://fhir.hie.moh.gov.my/CodeSystem/procedure-my-core,CodeSystemProcedureMyCore
72.0,Low forceps operation,Low forceps operation,http://fhir.hie.moh.gov.my/CodeSystem/procedure-my-core,CodeSystemProcedureMyCore
72.1,Low forceps operation with episiotomy,Low forceps operation with episiotomy,http://fhir.hie.moh.gov.my/CodeSystem/procedure-my-core,CodeSystemProcedureMyCore
72.21,Mid forceps operation with episiotomy,Mid forceps operation with episiotomy,http://fhir.hie.moh.gov.my/CodeSystem/procedure-my-core,CodeSystemProcedureMyCore
72.29,Other mid forceps operation,Other mid forceps operation,http://fhir.hie.moh.gov.my/CodeSystem/procedure-my-core,CodeSystemProcedureMyCore
72.31,High forceps operation with episiotomy,High forceps operation with episiotomy,http://fhir.hie.moh.gov.my/CodeSystem/procedure-my-core,CodeSystemProcedureMyCore
72.39,Other high forceps operation,Other high forceps operation,http://fhir.hie.moh.gov.my/CodeSystem/procedure-my-core,CodeSystemProcedureMyCore
72.4,Forceps rotation of fetal head,Forceps rotation of fetal head,http://fhir.hie.moh.gov.my/CodeSystem/procedure-my-core,CodeSystemProcedureMyCore
72.51,Partial breech extraction with forceps to aftercoming head,Partial breech extraction with forceps to aftercoming head,http://fhir.hie.moh.gov.my/CodeSystem/procedure-my-core,CodeSystemProcedureMyCore
72.52,Other partial breech extraction,Other partial breech extraction,http://fhir.hie.moh.gov.my/CodeSystem/procedure-my-core,CodeSystemProcedureMyCore
72.53,Total breech extraction with forceps to aftercoming head,Total breech extraction with forceps to aftercoming head,http://fhir.hie.moh.gov.my/CodeSystem/procedure-my-core,CodeSystemProcedureMyCore
72.54,Other total breech extraction,Other total breech extraction,http://fhir.hie.moh.gov.my/CodeSystem/procedure-my-core,CodeSystemProcedureMyCore
72.6,Forceps application to aftercoming head,Forceps application to aftercoming head,http://fhir.hie.moh.gov.my/CodeSystem/procedure-my-core,CodeSystemProcedureMyCore
72.71,Vacuum extraction with episiotomy,Vacuum extraction with episiotomy,http://fhir.hie.moh.gov.my/CodeSystem/procedure-my-core,CodeSystemProcedureMyCore
72.79,Other vacuum extraction,Other vacuum extraction,http://fhir.hie.moh.gov.my/CodeSystem/procedure-my-core,CodeSystemProcedureMyCore
72.8,Other specified instrumental delivery,Other specified instrumental delivery,http://fhir.hie.moh.gov.my/CodeSystem/procedure-my-core,CodeSystemProcedureMyCore
72.9,Unspecified instrumental delivery,Unspecified instrumental delivery,http://fhir.hie.moh.gov.my/CodeSystem/procedure-my-core,CodeSystemProcedureMyCore
73.01,Induction of labor by artificial rupture of membranes,Induction of labor by artificial rupture of membranes,http://fhir.hie.moh.gov.my/CodeSystem/procedure-my-core,CodeSystemProcedureMyCore
73.09,Other artificial rupture of membranes,Other artificial rupture of membranes,http://fhir.hie.moh.gov.my/CodeSystem/procedure-my-core,CodeSystemProcedureMyCore
73.1,Other surgical induction of labor,Other surgical induction of labor,http://fhir.hie.moh.gov.my/CodeSystem/procedure-my-core,CodeSystemProcedureMyCore
73.21,Internal and combined version without extraction,Internal and combined version without extraction,http://fhir.hie.moh.gov.my/CodeSystem/procedure-my-core,CodeSystemProcedureMyCore
73.22,Internal and combined version with extraction,Internal and combined version with extraction,http://fhir.hie.moh.gov.my/CodeSystem/procedure-my-core,CodeSystemProcedureMyCore
73.3,Failed forceps,Failed forceps,http://fhir.hie.moh.gov.my/CodeSystem/procedure-my-core,CodeSystemProcedureMyCore
73.4,Medical induction of labor,Medical induction of labor,http://fhir.hie.moh.gov.my/CodeSystem/procedure-my-core,CodeSystemProcedureMyCore
73.51,Manual rotation of fetal head,Manual rotation of fetal head,http://fhir.hie.moh.gov.my/CodeSystem/procedure-my-core,CodeSystemProcedureMyCore
73.59,Other manually assisted delivery,Other manually assisted delivery,http://fhir.hie.moh.gov.my/CodeSystem/procedure-my-core,CodeSystemProcedureMyCore
73.6,Episiotomy,Episiotomy,http://fhir.hie.moh.gov.my/CodeSystem/procedure-my-core,CodeSystemProcedureMyCore
73.8,Operations on fetus to facilitate delivery,Operations on fetus to facilitate delivery,http://fhir.hie.moh.gov.my/CodeSystem/procedure-my-core,CodeSystemProcedureMyCore
73.91,External version to assist delivery,External version to assist delivery,http://fhir.hie.moh.gov.my/CodeSystem/procedure-my-core,CodeSystemProcedureMyCore
73.92,Replacement of prolapsed umbilical cord,Replacement of prolapsed umbilical cord,http://fhir.hie.moh.gov.my/CodeSystem/procedure-my-core,CodeSystemProcedureMyCore
73.93,Incision of cervix to assist delivery,Incision of cervix to assist delivery,http://fhir.hie.moh.gov.my/CodeSystem/procedure-my-core,CodeSystemProcedureMyCore
73.94,Pubiotomy to assist delivery,Pubiotomy to assist delivery,http://fhir.hie.moh.gov.my/CodeSystem/procedure-my-core,CodeSystemProcedureMyCore
73.99,Other operations to assist delivery,Other operations to assist delivery,http://fhir.hie.moh.gov.my/CodeSystem/procedure-my-core,CodeSystemProcedureMyCore
74.0,Classical cesarean section,Classical cesarean section,http://fhir.hie.moh.gov.my/CodeSystem/procedure-my-core,CodeSystemProcedureMyCore
74.1,Low cervical cesarean section,Low cervical cesarean section,http://fhir.hie.moh.gov.my/CodeSystem/procedure-my-core,CodeSystemProcedureMyCore
74.2,Extraperitoneal cesarean section,Extraperitoneal cesarean section,http://fhir.hie.moh.gov.my/CodeSystem/procedure-my-core,CodeSystemProcedureMyCore
74.3,Removal of extratubal ectopic pregnancy,Removal of extratubal ectopic pregnancy,http://fhir.hie.moh.gov.my/CodeSystem/procedure-my-core,CodeSystemProcedureMyCore
74.4,Cesarean section of other specified type,Cesarean section of other specified type,http://fhir.hie.moh.gov.my/CodeSystem/procedure-my-core,CodeSystemProcedureMyCore
74.91,Hysterotomy to terminate pregnancy,Hysterotomy to terminate pregnancy,http://fhir.hie.moh.gov.my/CodeSystem/procedure-my-core,CodeSystemProcedureMyCore
74.99,Other cesarean section of unspecified type,Other cesarean section of unspecified type,http://fhir.hie.moh.gov.my/CodeSystem/procedure-my-core,CodeSystemProcedureMyCore
75.0,Intra-amniotic injection for abortion,Intra-amniotic injection for abortion,http://fhir.hie.moh.gov.my/CodeSystem/procedure-my-core,CodeSystemProcedureMyCore
75.1,Diagnostic amniocentesis,Diagnostic amniocentesis,http://fhir.hie.moh.gov.my/CodeSystem/procedure-my-core,CodeSystemProcedureMyCore
75.2,Intrauterine transfusion,Intrauterine transfusion,http://fhir.hie.moh.gov.my/CodeSystem/procedure-my-core,CodeSystemProcedureMyCore
75.31,Amnioscopy,Amnioscopy,http://fhir.hie.moh.gov.my/CodeSystem/procedure-my-core,CodeSystemProcedureMyCore
75.32,Fetal EKG (scalp),Fetal EKG (scalp),http://fhir.hie.moh.gov.my/CodeSystem/procedure-my-core,CodeSystemProcedureMyCore
75.33,Fetal blood sampling and biopsy,Fetal blood sampling and biopsy,http://fhir.hie.moh.gov.my/CodeSystem/procedure-my-core,CodeSystemProcedureMyCore
75.34,Other fetal monitoring,Other fetal monitoring,http://fhir.hie.moh.gov.my/CodeSystem/procedure-my-core,CodeSystemProcedureMyCore
75.35,Other diagnostic procedures on fetus and amnion,Other diagnostic procedures on fetus and amnion,http://fhir.hie.moh.gov.my/CodeSystem/procedure-my-core,CodeSystemProcedureMyCore
75.36,Correction of fetal defect,Correction of fetal defect,http://fhir.hie.moh.gov.my/CodeSystem/procedure-my-core,CodeSystemProcedureMyCore
75.37,Amnioinfusion,Amnioinfusion,http://fhir.hie.moh.gov.my/CodeSystem/procedure-my-core,CodeSystemProcedureMyCore
75.38,Fetal pulse oximetry,Fetal pulse oximetry,http://fhir.hie.moh.gov.my/CodeSystem/procedure-my-core,CodeSystemProcedureMyCore
75.4,Manual removal of retained placenta,Manual removal of retained placenta,http://fhir.hie.moh.gov.my/CodeSystem/procedure-my-core,CodeSystemProcedureMyCore
75.50,"Repair of current obstetric laceration of uterus, not otherwise specified","Repair of current obstetric laceration of uterus, not otherwise specified",http://fhir.hie.moh.gov.my/CodeSystem/procedure-my-core,CodeSystemProcedureMyCore
75.51,Repair of current obstetric laceration of cervix,Repair of current obstetric laceration of cervix,http://fhir.hie.moh.gov.my/CodeSystem/procedure-my-core,CodeSystemProcedureMyCore
75.52,Repair of current obstetric laceration of corpus uteri,Repair of current obstetric laceration of corpus uteri,http://fhir.hie.moh.gov.my/CodeSystem/procedure-my-core,CodeSystemProcedureMyCore
75.61,Repair of current obstetric laceration of bladder and urethra,Repair of current obstetric laceration of bladder and urethra,http://fhir.hie.moh.gov.my/CodeSystem/procedure-my-core,CodeSystemProcedureMyCore
75.62,Repair of current obstetric laceration of rectum and sphincter ani,Repair of current obstetric laceration of rectum and sphincter ani,http://fhir.hie.moh.gov.my/CodeSystem/procedure-my-core,CodeSystemProcedureMyCore
75.69,Repair of other current obstetric laceration,Repair of other current obstetric laceration,http://fhir.hie.moh.gov.my/CodeSystem/procedure-my-core,CodeSystemProcedureMyCore
75.7,"Manual exploration of uterine cavity, postpartum","Manual exploration of uterine cavity, postpartum",http://fhir.hie.moh.gov.my/CodeSystem/procedure-my-core,CodeSystemProcedureMyCore
75.8,Obstetric tamponade of uterus or vagina,Obstetric tamponade of uterus or vagina,http://fhir.hie.moh.gov.my/CodeSystem/procedure-my-core,CodeSystemProcedureMyCore
75.91,Evacuation of obstetrical incisional hematoma of perineum,Evacuation of obstetrical incisional hematoma of perineum,http://fhir.hie.moh.gov.my/CodeSystem/procedure-my-core,CodeSystemProcedureMyCore
75.92,Evacuation of other hematoma of vulva or vagina,Evacuation of other hematoma of vulva or vagina,http://fhir.hie.moh.gov.my/CodeSystem/procedure-my-core,CodeSystemProcedureMyCore
75.93,Surgical correction of inverted uterus,Surgical correction of inverted uterus,http://fhir.hie.moh.gov.my/CodeSystem/procedure-my-core,CodeSystemProcedureMyCore
75.94,Immediate postpartum manual replacement of inverted uterus,Immediate postpartum manual replacement of inverted uterus,http://fhir.hie.moh.gov.my/CodeSystem/procedure-my-core,CodeSystemProcedureMyCore
75.99,Other obstetric operations,Other obstetric operations,http://fhir.hie.moh.gov.my/CodeSystem/procedure-my-core,CodeSystemProcedureMyCore
76.01,Sequestrectomy of facial bone,Sequestrectomy of facial bone,http://fhir.hie.moh.gov.my/CodeSystem/procedure-my-core,CodeSystemProcedureMyCore
76.09,Other incision of facial bone,Other incision of facial bone,http://fhir.hie.moh.gov.my/CodeSystem/procedure-my-core,CodeSystemProcedureMyCore
76.11,Biopsy of facial bone,Biopsy of facial bone,http://fhir.hie.moh.gov.my/CodeSystem/procedure-my-core,CodeSystemProcedureMyCore
76.19,Other diagnostic procedures on facial bones and joints,Other diagnostic procedures on facial bones and joints,http://fhir.hie.moh.gov.my/CodeSystem/procedure-my-core,CodeSystemProcedureMyCore
76.2,Local excision or destruction of lesion of facial bone,Local excision or destruction of lesion of facial bone,http://fhir.hie.moh.gov.my/CodeSystem/procedure-my-core,CodeSystemProcedureMyCore
76.31,Partial mandibulectomy,Partial mandibulectomy,http://fhir.hie.moh.gov.my/CodeSystem/procedure-my-core,CodeSystemProcedureMyCore
76.39,Partial ostectomy of other facial bone,Partial ostectomy of other facial bone,http://fhir.hie.moh.gov.my/CodeSystem/procedure-my-core,CodeSystemProcedureMyCore
76.41,Total mandibulectomy with synchronous reconstruction,Total mandibulectomy with synchronous reconstruction,http://fhir.hie.moh.gov.my/CodeSystem/procedure-my-core,CodeSystemProcedureMyCore
76.42,Other total mandibulectomy,Other total mandibulectomy,http://fhir.hie.moh.gov.my/CodeSystem/procedure-my-core,CodeSystemProcedureMyCore
76.43,Other reconstruction of mandible,Other reconstruction of mandible,http://fhir.hie.moh.gov.my/CodeSystem/procedure-my-core,CodeSystemProcedureMyCore
76.44,Total ostectomy of other facial bone with synchronous reconstruction,Total ostectomy of other facial bone with synchronous reconstruction,http://fhir.hie.moh.gov.my/CodeSystem/procedure-my-core,CodeSystemProcedureMyCore
76.45,Other total ostectomy of other facial bone,Other total ostectomy of other facial bone,http://fhir.hie.moh.gov.my/CodeSystem/procedure-my-core,CodeSystemProcedureMyCore
76.46,Other reconstruction of other facial bone,Other reconstruction of other facial bone,http://fhir.hie.moh.gov.my/CodeSystem/procedure-my-core,CodeSystemProcedureMyCore
76.5,Temporomandibular arthroplasty,Temporomandibular arthroplasty,http://fhir.hie.moh.gov.my/CodeSystem/procedure-my-core,CodeSystemProcedureMyCore
76.61,Closed osteoplasty [osteotomy] of mandibular ramus,Closed osteoplasty [osteotomy] of mandibular ramus,http://fhir.hie.moh.gov.my/CodeSystem/procedure-my-core,CodeSystemProcedureMyCore
76.62,Open osteoplasty [osteotomy] of mandibular ramus,Open osteoplasty [osteotomy] of mandibular ramus,http://fhir.hie.moh.gov.my/CodeSystem/procedure-my-core,CodeSystemProcedureMyCore
76.63,Osteoplasty [osteotomy] of body of mandible,Osteoplasty [osteotomy] of body of mandible,http://fhir.hie.moh.gov.my/CodeSystem/procedure-my-core,CodeSystemProcedureMyCore
76.64,Other orthognathic surgery on mandible,Other orthognathic surgery on mandible,http://fhir.hie.moh.gov.my/CodeSystem/procedure-my-core,CodeSystemProcedureMyCore
76.65,Segmental osteoplasty [osteotomy] of maxilla,Segmental osteoplasty [osteotomy] of maxilla,http://fhir.hie.moh.gov.my/CodeSystem/procedure-my-core,CodeSystemProcedureMyCore
76.66,Total osteoplasty [osteotomy] of maxilla,Total osteoplasty [osteotomy] of maxilla,http://fhir.hie.moh.gov.my/CodeSystem/procedure-my-core,CodeSystemProcedureMyCore
76.67,Reduction genioplasty,Reduction genioplasty,http://fhir.hie.moh.gov.my/CodeSystem/procedure-my-core,CodeSystemProcedureMyCore
76.68,Augmentation genioplasty,Augmentation genioplasty,http://fhir.hie.moh.gov.my/CodeSystem/procedure-my-core,CodeSystemProcedureMyCore
76.69,Other facial bone repair,Other facial bone repair,http://fhir.hie.moh.gov.my/CodeSystem/procedure-my-core,CodeSystemProcedureMyCore
76.70,"Reduction of facial fracture, not otherwise specified","Reduction of facial fracture, not otherwise specified",http://fhir.hie.moh.gov.my/CodeSystem/procedure-my-core,CodeSystemProcedureMyCore
76.71,Closed reduction of malar and zygomatic fracture,Closed reduction of malar and zygomatic fracture,http://fhir.hie.moh.gov.my/CodeSystem/procedure-my-core,CodeSystemProcedureMyCore
76.72,Open reduction of malar and zygomatic fracture,Open reduction of malar and zygomatic fracture,http://fhir.hie.moh.gov.my/CodeSystem/procedure-my-core,CodeSystemProcedureMyCore
76.73,Closed reduction of maxillary fracture,Closed reduction of maxillary fracture,http://fhir.hie.moh.gov.my/CodeSystem/procedure-my-core,CodeSystemProcedureMyCore
76.74,Open reduction of maxillary fracture,Open reduction of maxillary fracture,http://fhir.hie.moh.gov.my/CodeSystem/procedure-my-core,CodeSystemProcedureMyCore
76.75,Closed reduction of mandibular fracture,Closed reduction of mandibular fracture,http://fhir.hie.moh.gov.my/CodeSystem/procedure-my-core,CodeSystemProcedureMyCore
76.76,Open reduction of mandibular fracture,Open reduction of mandibular fracture,http://fhir.hie.moh.gov.my/CodeSystem/procedure-my-core,CodeSystemProcedureMyCore
76.77,Open reduction of alveolar fracture,Open reduction of alveolar fracture,http://fhir.hie.moh.gov.my/CodeSystem/procedure-my-core,CodeSystemProcedureMyCore
76.78,Other closed reduction of facial fracture,Other closed reduction of facial fracture,http://fhir.hie.moh.gov.my/CodeSystem/procedure-my-core,CodeSystemProcedureMyCore
76.79,Other open reduction of facial fracture,Other open reduction of facial fracture,http://fhir.hie.moh.gov.my/CodeSystem/procedure-my-core,CodeSystemProcedureMyCore
76.91,Bone graft to facial bone,Bone graft to facial bone,http://fhir.hie.moh.gov.my/CodeSystem/procedure-my-core,CodeSystemProcedureMyCore
76.92,Insertion of synthetic implant in facial bone,Insertion of synthetic implant in facial bone,http://fhir.hie.moh.gov.my/CodeSystem/procedure-my-core,CodeSystemProcedureMyCore
76.93,Closed reduction of temporomandibular dislocation,Closed reduction of temporomandibular dislocation,http://fhir.hie.moh.gov.my/CodeSystem/procedure-my-core,CodeSystemProcedureMyCore
76.94,Open reduction of temporomandibular dislocation,Open reduction of temporomandibular dislocation,http://fhir.hie.moh.gov.my/CodeSystem/procedure-my-core,CodeSystemProcedureMyCore
76.95,Other manipulation of temporomandibular joint,Other manipulation of temporomandibular joint,http://fhir.hie.moh.gov.my/CodeSystem/procedure-my-core,CodeSystemProcedureMyCore
76.96,Injection of therapeutic substance into temporomandibular joint,Injection of therapeutic substance into temporomandibular joint,http://fhir.hie.moh.gov.my/CodeSystem/procedure-my-core,CodeSystemProcedureMyCore
76.97,Removal of internal fixation device from facial bone,Removal of internal fixation device from facial bone,http://fhir.hie.moh.gov.my/CodeSystem/procedure-my-core,CodeSystemProcedureMyCore
76.99,Other operations on facial bones and joints,Other operations on facial bones and joints,http://fhir.hie.moh.gov.my/CodeSystem/procedure-my-core,CodeSystemProcedureMyCore
77.00,"Sequestrectomy, unspecified site","Sequestrectomy, unspecified site",http://fhir.hie.moh.gov.my/CodeSystem/procedure-my-core,CodeSystemProcedureMyCore
77.01,"Sequestrectomy of scapula, clavicle, and thorax [ribs and sternum]","Sequestrectomy of scapula, clavicle, and thorax [ribs and sternum]",http://fhir.hie.moh.gov.my/CodeSystem/procedure-my-core,CodeSystemProcedureMyCore
77.02,Sequestrectomy of humerus,Sequestrectomy of humerus,http://fhir.hie.moh.gov.my/CodeSystem/procedure-my-core,CodeSystemProcedureMyCore
77.03,Sequestrectomy of radius and ulna,Sequestrectomy of radius and ulna,http://fhir.hie.moh.gov.my/CodeSystem/procedure-my-core,CodeSystemProcedureMyCore
77.04,Sequestrectomy of carpals and metacarpals,Sequestrectomy of carpals and metacarpals,http://fhir.hie.moh.gov.my/CodeSystem/procedure-my-core,CodeSystemProcedureMyCore
77.05,Sequestrectomy of femur,Sequestrectomy of femur,http://fhir.hie.moh.gov.my/CodeSystem/procedure-my-core,CodeSystemProcedureMyCore
77.06,Sequestrectomy of patella,Sequestrectomy of patella,http://fhir.hie.moh.gov.my/CodeSystem/procedure-my-core,CodeSystemProcedureMyCore
77.07,Sequestrectomy of tibia and fibula,Sequestrectomy of tibia and fibula,http://fhir.hie.moh.gov.my/CodeSystem/procedure-my-core,CodeSystemProcedureMyCore
77.08,Sequestrectomy of tarsals and metatarsals,Sequestrectomy of tarsals and metatarsals,http://fhir.hie.moh.gov.my/CodeSystem/procedure-my-core,CodeSystemProcedureMyCore
77.09,"Sequestrectomy of other bone, except facial bones","Sequestrectomy of other bone, except facial bones",http://fhir.hie.moh.gov.my/CodeSystem/procedure-my-core,CodeSystemProcedureMyCore
77.10,"Other incision of bone without division, unspecified site","Other incision of bone without division, unspecified site",http://fhir.hie.moh.gov.my/CodeSystem/procedure-my-core,CodeSystemProcedureMyCore
77.11,"Other incision of scapula, clavicle, and thorax [ribs and sternum] without division","Other incision of scapula, clavicle, and thorax [ribs and sternum] without division",http://fhir.hie.moh.gov.my/CodeSystem/procedure-my-core,CodeSystemProcedureMyCore
77.12,Other incision of humerus without division,Other incision of humerus without division,http://fhir.hie.moh.gov.my/CodeSystem/procedure-my-core,CodeSystemProcedureMyCore
77.13,Other incision of radius and ulna without division,Other incision of radius and ulna without division,http://fhir.hie.moh.gov.my/CodeSystem/procedure-my-core,CodeSystemProcedureMyCore
77.14,Other incision of carpals and metacarpals without division,Other incision of carpals and metacarpals without division,http://fhir.hie.moh.gov.my/CodeSystem/procedure-my-core,CodeSystemProcedureMyCore
77.15,Other incision of femur without division,Other incision of femur without division,http://fhir.hie.moh.gov.my/CodeSystem/procedure-my-core,CodeSystemProcedureMyCore
77.16,Other incision of patella without division,Other incision of patella without division,http://fhir.hie.moh.gov.my/CodeSystem/procedure-my-core,CodeSystemProcedureMyCore
77.17,Other incision of tibia and fibula without division,Other incision of tibia and fibula without division,http://fhir.hie.moh.gov.my/CodeSystem/procedure-my-core,CodeSystemProcedureMyCore
77.18,Other incision of tarsals and metatarsals without division,Other incision of tarsals and metatarsals without division,http://fhir.hie.moh.gov.my/CodeSystem/procedure-my-core,CodeSystemProcedureMyCore
77.19,"Other incision of other bone, except facial bones, without division","Other incision of other bone, except facial bones, without division",http://fhir.hie.moh.gov.my/CodeSystem/procedure-my-core,CodeSystemProcedureMyCore
77.20,"Wedge osteotomy, unspecified site","Wedge osteotomy, unspecified site",http://fhir.hie.moh.gov.my/CodeSystem/procedure-my-core,CodeSystemProcedureMyCore
77.21,"Wedge osteotomy of scapula, clavicle, and thorax [ribs and sternum]","Wedge osteotomy of scapula, clavicle, and thorax [ribs and sternum]",http://fhir.hie.moh.gov.my/CodeSystem/procedure-my-core,CodeSystemProcedureMyCore
77.22,Wedge osteotomy of humerus,Wedge osteotomy of humerus,http://fhir.hie.moh.gov.my/CodeSystem/procedure-my-core,CodeSystemProcedureMyCore
77.23,Wedge osteotomy of radius and ulna,Wedge osteotomy of radius and ulna,http://fhir.hie.moh.gov.my/CodeSystem/procedure-my-core,CodeSystemProcedureMyCore
77.24,Wedge osteotomy of carpals and metacarpals,Wedge osteotomy of carpals and metacarpals,http://fhir.hie.moh.gov.my/CodeSystem/procedure-my-core,CodeSystemProcedureMyCore
77.25,Wedge osteotomy of femur,Wedge osteotomy of femur,http://fhir.hie.moh.gov.my/CodeSystem/procedure-my-core,CodeSystemProcedureMyCore
77.26,Wedge osteotomy of patella,Wedge osteotomy of patella,http://fhir.hie.moh.gov.my/CodeSystem/procedure-my-core,CodeSystemProcedureMyCore
77.27,Wedge osteotomy of tibia and fibula,Wedge osteotomy of tibia and fibula,http://fhir.hie.moh.gov.my/CodeSystem/procedure-my-core,CodeSystemProcedureMyCore
77.28,Wedge osteotomy of tarsals and metatarsals,Wedge osteotomy of tarsals and metatarsals,http://fhir.hie.moh.gov.my/CodeSystem/procedure-my-core,CodeSystemProcedureMyCore
77.29,"Wedge osteotomy of other bone, except facial bones","Wedge osteotomy of other bone, except facial bones",http://fhir.hie.moh.gov.my/CodeSystem/procedure-my-core,CodeSystemProcedureMyCore
77.30,"Other division of bone, unspecified site","Other division of bone, unspecified site",http://fhir.hie.moh.gov.my/CodeSystem/procedure-my-core,CodeSystemProcedureMyCore
77.31,"Other division of scapula, clavicle, and thorax [ribs and sternum]","Other division of scapula, clavicle, and thorax [ribs and sternum]",http://fhir.hie.moh.gov.my/CodeSystem/procedure-my-core,CodeSystemProcedureMyCore
77.32,Other division of humerus,Other division of humerus,http://fhir.hie.moh.gov.my/CodeSystem/procedure-my-core,CodeSystemProcedureMyCore
77.33,Other division of radius and ulna,Other division of radius and ulna,http://fhir.hie.moh.gov.my/CodeSystem/procedure-my-core,CodeSystemProcedureMyCore
77.34,Other division of carpals and metacarpals,Other division of carpals and metacarpals,http://fhir.hie.moh.gov.my/CodeSystem/procedure-my-core,CodeSystemProcedureMyCore
77.35,Other division of femur,Other division of femur,http://fhir.hie.moh.gov.my/CodeSystem/procedure-my-core,CodeSystemProcedureMyCore
77.36,Other division of patella,Other division of patella,http://fhir.hie.moh.gov.my/CodeSystem/procedure-my-core,CodeSystemProcedureMyCore
77.37,Other division of tibia and fibula,Other division of tibia and fibula,http://fhir.hie.moh.gov.my/CodeSystem/procedure-my-core,CodeSystemProcedureMyCore
77.38,Other division of tarsals and metatarsals,Other division of tarsals and metatarsals,http://fhir.hie.moh.gov.my/CodeSystem/procedure-my-core,CodeSystemProcedureMyCore
77.39,"Other division of other bone, except facial bones","Other division of other bone, except facial bones",http://fhir.hie.moh.gov.my/CodeSystem/procedure-my-core,CodeSystemProcedureMyCore
77.40,"Biopsy of bone, unspecified site","Biopsy of bone, unspecified site",http://fhir.hie.moh.gov.my/CodeSystem/procedure-my-core,CodeSystemProcedureMyCore
77.41,"Biopsy of scapula, clavicle, and thorax [ribs and sternum]","Biopsy of scapula, clavicle, and thorax [ribs and sternum]",http://fhir.hie.moh.gov.my/CodeSystem/procedure-my-core,CodeSystemProcedureMyCore
77.42,Biopsy of humerus,Biopsy of humerus,http://fhir.hie.moh.gov.my/CodeSystem/procedure-my-core,CodeSystemProcedureMyCore
77.43,Biopsy of radius and ulna,Biopsy of radius and ulna,http://fhir.hie.moh.gov.my/CodeSystem/procedure-my-core,CodeSystemProcedureMyCore
77.44,Biopsy of carpals and metacarpals,Biopsy of carpals and metacarpals,http://fhir.hie.moh.gov.my/CodeSystem/procedure-my-core,CodeSystemProcedureMyCore
77.45,Biopsy of femur,Biopsy of femur,http://fhir.hie.moh.gov.my/CodeSystem/procedure-my-core,CodeSystemProcedureMyCore
77.46,Biopsy of patella,Biopsy of patella,http://fhir.hie.moh.gov.my/CodeSystem/procedure-my-core,CodeSystemProcedureMyCore
77.47,Biopsy of tibia and fibula,Biopsy of tibia and fibula,http://fhir.hie.moh.gov.my/CodeSystem/procedure-my-core,CodeSystemProcedureMyCore
77.48,Biopsy of tarsals and metatarsals,Biopsy of tarsals and metatarsals,http://fhir.hie.moh.gov.my/CodeSystem/procedure-my-core,CodeSystemProcedureMyCore
77.49,"Biopsy of other bone, except facial bones","Biopsy of other bone, except facial bones",http://fhir.hie.moh.gov.my/CodeSystem/procedure-my-core,CodeSystemProcedureMyCore
77.51,Bunionectomy with soft tissue correction and osteotomy of the first metatarsal,Bunionectomy with soft tissue correction and osteotomy of the first metatarsal,http://fhir.hie.moh.gov.my/CodeSystem/procedure-my-core,CodeSystemProcedureMyCore
77.52,Bunionectomy with soft tissue correction and arthrodesis,Bunionectomy with soft tissue correction and arthrodesis,http://fhir.hie.moh.gov.my/CodeSystem/procedure-my-core,CodeSystemProcedureMyCore
77.53,Other bunionectomy with soft tissue correction,Other bunionectomy with soft tissue correction,http://fhir.hie.moh.gov.my/CodeSystem/procedure-my-core,CodeSystemProcedureMyCore
77.54,Excision or correction of bunionette,Excision or correction of bunionette,http://fhir.hie.moh.gov.my/CodeSystem/procedure-my-core,CodeSystemProcedureMyCore
77.56,Repair of hammer toe,Repair of hammer toe,http://fhir.hie.moh.gov.my/CodeSystem/procedure-my-core,CodeSystemProcedureMyCore
77.57,Repair of claw toe,Repair of claw toe,http://fhir.hie.moh.gov.my/CodeSystem/procedure-my-core,CodeSystemProcedureMyCore
77.58,"Other excision, fusion and repair of toes","Other excision, fusion and repair of toes",http://fhir.hie.moh.gov.my/CodeSystem/procedure-my-core,CodeSystemProcedureMyCore
77.59,Other bunionectomy,Other bunionectomy,http://fhir.hie.moh.gov.my/CodeSystem/procedure-my-core,CodeSystemProcedureMyCore
77.60,"Local excision of lesion or tissue of bone, unspecified site","Local excision of lesion or tissue of bone, unspecified site",http://fhir.hie.moh.gov.my/CodeSystem/procedure-my-core,CodeSystemProcedureMyCore
77.61,"Local excision of lesion or tissue of scapula, clavicle, and thorax [ribs and sternum]","Local excision of lesion or tissue of scapula, clavicle, and thorax [ribs and sternum]",http://fhir.hie.moh.gov.my/CodeSystem/procedure-my-core,CodeSystemProcedureMyCore
77.62,Local excision of lesion or tissue of humerus,Local excision of lesion or tissue of humerus,http://fhir.hie.moh.gov.my/CodeSystem/procedure-my-core,CodeSystemProcedureMyCore
77.63,Local excision of lesion or tissue of radius and ulna,Local excision of lesion or tissue of radius and ulna,http://fhir.hie.moh.gov.my/CodeSystem/procedure-my-core,CodeSystemProcedureMyCore
77.64,Local excision of lesion or tissue of carpals and metacarpals,Local excision of lesion or tissue of carpals and metacarpals,http://fhir.hie.moh.gov.my/CodeSystem/procedure-my-core,CodeSystemProcedureMyCore
77.65,Local excision of lesion or tissue of femur,Local excision of lesion or tissue of femur,http://fhir.hie.moh.gov.my/CodeSystem/procedure-my-core,CodeSystemProcedureMyCore
77.66,Local excision of lesion or tissue of patella,Local excision of lesion or tissue of patella,http://fhir.hie.moh.gov.my/CodeSystem/procedure-my-core,CodeSystemProcedureMyCore
77.67,Local excision of lesion or tissue of tibia and fibula,Local excision of lesion or tissue of tibia and fibula,http://fhir.hie.moh.gov.my/CodeSystem/procedure-my-core,CodeSystemProcedureMyCore
77.68,Local excision of lesion or tissue of tarsals and metatarsals,Local excision of lesion or tissue of tarsals and metatarsals,http://fhir.hie.moh.gov.my/CodeSystem/procedure-my-core,CodeSystemProcedureMyCore
77.69,"Local excision of lesion or tissue of other bone, except facial bones","Local excision of lesion or tissue of other bone, except facial bones",http://fhir.hie.moh.gov.my/CodeSystem/procedure-my-core,CodeSystemProcedureMyCore
77.70,"Excision of bone for graft, unspecified site","Excision of bone for graft, unspecified site",http://fhir.hie.moh.gov.my/CodeSystem/procedure-my-core,CodeSystemProcedureMyCore
77.71,"Excision of scapula, clavicle, and thorax [ribs and sternum] for graft","Excision of scapula, clavicle, and thorax [ribs and sternum] for graft",http://fhir.hie.moh.gov.my/CodeSystem/procedure-my-core,CodeSystemProcedureMyCore
77.72,Excision of humerus for graft,Excision of humerus for graft,http://fhir.hie.moh.gov.my/CodeSystem/procedure-my-core,CodeSystemProcedureMyCore
77.73,Excision of radius and ulna for graft,Excision of radius and ulna for graft,http://fhir.hie.moh.gov.my/CodeSystem/procedure-my-core,CodeSystemProcedureMyCore
77.74,Excision of carpals and metacarpals for graft,Excision of carpals and metacarpals for graft,http://fhir.hie.moh.gov.my/CodeSystem/procedure-my-core,CodeSystemProcedureMyCore
77.75,Excision of femur for graft,Excision of femur for graft,http://fhir.hie.moh.gov.my/CodeSystem/procedure-my-core,CodeSystemProcedureMyCore
77.76,Excision of patella for graft,Excision of patella for graft,http://fhir.hie.moh.gov.my/CodeSystem/procedure-my-core,CodeSystemProcedureMyCore
77.77,Excision of tibia and fibula for graft,Excision of tibia and fibula for graft,http://fhir.hie.moh.gov.my/CodeSystem/procedure-my-core,CodeSystemProcedureMyCore
77.78,Excision of tarsals and metatarsals for graft,Excision of tarsals and metatarsals for graft,http://fhir.hie.moh.gov.my/CodeSystem/procedure-my-core,CodeSystemProcedureMyCore
77.79,"Excision of other bone for graft, except facial bones","Excision of other bone for graft, except facial bones",http://fhir.hie.moh.gov.my/CodeSystem/procedure-my-core,CodeSystemProcedureMyCore
77.80,"Other partial ostectomy, unspecified site","Other partial ostectomy, unspecified site",http://fhir.hie.moh.gov.my/CodeSystem/procedure-my-core,CodeSystemProcedureMyCore
77.81,"Other partial ostectomy of scapula, clavicle, and thorax [ribs and sternum]","Other partial ostectomy of scapula, clavicle, and thorax [ribs and sternum]",http://fhir.hie.moh.gov.my/CodeSystem/procedure-my-core,CodeSystemProcedureMyCore
77.82,Other partial ostectomy of humerus,Other partial ostectomy of humerus,http://fhir.hie.moh.gov.my/CodeSystem/procedure-my-core,CodeSystemProcedureMyCore
77.83,Other partial ostectomy of radius and ulna,Other partial ostectomy of radius and ulna,http://fhir.hie.moh.gov.my/CodeSystem/procedure-my-core,CodeSystemProcedureMyCore
77.84,Other partial ostectomy of carpals and metacarpals,Other partial ostectomy of carpals and metacarpals,http://fhir.hie.moh.gov.my/CodeSystem/procedure-my-core,CodeSystemProcedureMyCore
77.85,Other partial ostectomy of femur,Other partial ostectomy of femur,http://fhir.hie.moh.gov.my/CodeSystem/procedure-my-core,CodeSystemProcedureMyCore
77.86,Other partial ostectomy of patella,Other partial ostectomy of patella,http://fhir.hie.moh.gov.my/CodeSystem/procedure-my-core,CodeSystemProcedureMyCore
77.87,Other partial ostectomy of tibia and fibula,Other partial ostectomy of tibia and fibula,http://fhir.hie.moh.gov.my/CodeSystem/procedure-my-core,CodeSystemProcedureMyCore
77.88,Other partial ostectomy of tarsals and metatarsals,Other partial ostectomy of tarsals and metatarsals,http://fhir.hie.moh.gov.my/CodeSystem/procedure-my-core,CodeSystemProcedureMyCore
77.89,"Other partial ostectomy of other bone, except facial bones","Other partial ostectomy of other bone, except facial bones",http://fhir.hie.moh.gov.my/CodeSystem/procedure-my-core,CodeSystemProcedureMyCore
77.90,"Total ostectomy, unspecified site","Total ostectomy, unspecified site",http://fhir.hie.moh.gov.my/CodeSystem/procedure-my-core,CodeSystemProcedureMyCore
77.91,"Total ostectomy of scapula, clavicle, and thorax [ribs and sternum]","Total ostectomy of scapula, clavicle, and thorax [ribs and sternum]",http://fhir.hie.moh.gov.my/CodeSystem/procedure-my-core,CodeSystemProcedureMyCore
77.92,Total ostectomy of humerus,Total ostectomy of humerus,http://fhir.hie.moh.gov.my/CodeSystem/procedure-my-core,CodeSystemProcedureMyCore
77.93,Total ostectomy of radius and ulna,Total ostectomy of radius and ulna,http://fhir.hie.moh.gov.my/CodeSystem/procedure-my-core,CodeSystemProcedureMyCore
77.94,Total ostectomy of carpals and metacarpals,Total ostectomy of carpals and metacarpals,http://fhir.hie.moh.gov.my/CodeSystem/procedure-my-core,CodeSystemProcedureMyCore
77.95,Total ostectomy of femur,Total ostectomy of femur,http://fhir.hie.moh.gov.my/CodeSystem/procedure-my-core,CodeSystemProcedureMyCore
77.96,Total ostectomy of patella,Total ostectomy of patella,http://fhir.hie.moh.gov.my/CodeSystem/procedure-my-core,CodeSystemProcedureMyCore
77.97,Total ostectomy of tibia and fibula,Total ostectomy of tibia and fibula,http://fhir.hie.moh.gov.my/CodeSystem/procedure-my-core,CodeSystemProcedureMyCore
77.98,Total ostectomy of tarsals and metatarsals,Total ostectomy of tarsals and metatarsals,http://fhir.hie.moh.gov.my/CodeSystem/procedure-my-core,CodeSystemProcedureMyCore
77.99,"Total ostectomy of other bone, except facial bones","Total ostectomy of other bone, except facial bones",http://fhir.hie.moh.gov.my/CodeSystem/procedure-my-core,CodeSystemProcedureMyCore
78.00,"Bone graft, unspecified site","Bone graft, unspecified site",http://fhir.hie.moh.gov.my/CodeSystem/procedure-my-core,CodeSystemProcedureMyCore
78.01,"Bone graft of scapula, clavicle, and thorax [ribs and sternum]","Bone graft of scapula, clavicle, and thorax [ribs and sternum]",http://fhir.hie.moh.gov.my/CodeSystem/procedure-my-core,CodeSystemProcedureMyCore
78.02,Bone graft of humerus,Bone graft of humerus,http://fhir.hie.moh.gov.my/CodeSystem/procedure-my-core,CodeSystemProcedureMyCore
78.03,Bone graft of radius and ulna,Bone graft of radius and ulna,http://fhir.hie.moh.gov.my/CodeSystem/procedure-my-core,CodeSystemProcedureMyCore
78.04,Bone graft of carpals and metacarpals,Bone graft of carpals and metacarpals,http://fhir.hie.moh.gov.my/CodeSystem/procedure-my-core,CodeSystemProcedureMyCore
78.05,Bone graft of femur,Bone graft of femur,http://fhir.hie.moh.gov.my/CodeSystem/procedure-my-core,CodeSystemProcedureMyCore
78.06,Bone graft of patella,Bone graft of patella,http://fhir.hie.moh.gov.my/CodeSystem/procedure-my-core,CodeSystemProcedureMyCore
78.07,Bone graft of tibia and fibula,Bone graft of tibia and fibula,http://fhir.hie.moh.gov.my/CodeSystem/procedure-my-core,CodeSystemProcedureMyCore
78.08,Bone graft of tarsals and metatarsals,Bone graft of tarsals and metatarsals,http://fhir.hie.moh.gov.my/CodeSystem/procedure-my-core,CodeSystemProcedureMyCore
78.09,"Bone graft of other bone, except facial bones","Bone graft of other bone, except facial bones",http://fhir.hie.moh.gov.my/CodeSystem/procedure-my-core,CodeSystemProcedureMyCore
78.10,"Application of external fixation device, unspecified site","Application of external fixation device, unspecified site",http://fhir.hie.moh.gov.my/CodeSystem/procedure-my-core,CodeSystemProcedureMyCore
78.11,"Application of external fixation device, scapula, clavicle, and thorax [ribs and sternum]","Application of external fixation device, scapula, clavicle, and thorax [ribs and sternum]",http://fhir.hie.moh.gov.my/CodeSystem/procedure-my-core,CodeSystemProcedureMyCore
78.12,"Application of external fixation device, humerus","Application of external fixation device, humerus",http://fhir.hie.moh.gov.my/CodeSystem/procedure-my-core,CodeSystemProcedureMyCore
78.13,"Application of external fixation device, radius and ulna","Application of external fixation device, radius and ulna",http://fhir.hie.moh.gov.my/CodeSystem/procedure-my-core,CodeSystemProcedureMyCore
78.14,"Application of external fixation device, carpals and metacarpals","Application of external fixation device, carpals and metacarpals",http://fhir.hie.moh.gov.my/CodeSystem/procedure-my-core,CodeSystemProcedureMyCore
78.15,"Application of external fixation device, femur","Application of external fixation device, femur",http://fhir.hie.moh.gov.my/CodeSystem/procedure-my-core,CodeSystemProcedureMyCore
78.16,"Application of external fixation device, patella","Application of external fixation device, patella",http://fhir.hie.moh.gov.my/CodeSystem/procedure-my-core,CodeSystemProcedureMyCore
78.17,"Application of external fixation device, tibia and fibula","Application of external fixation device, tibia and fibula",http://fhir.hie.moh.gov.my/CodeSystem/procedure-my-core,CodeSystemProcedureMyCore
78.18,"Application of external fixation device, tarsals and metatarsals","Application of external fixation device, tarsals and metatarsals",http://fhir.hie.moh.gov.my/CodeSystem/procedure-my-core,CodeSystemProcedureMyCore
78.19,"Application of external fixation device, other","Application of external fixation device, other",http://fhir.hie.moh.gov.my/CodeSystem/procedure-my-core,CodeSystemProcedureMyCore
78.20,"Limb shortening procedures, unspecified site","Limb shortening procedures, unspecified site",http://fhir.hie.moh.gov.my/CodeSystem/procedure-my-core,CodeSystemProcedureMyCore
78.22,"Limb shortening procedures, humerus","Limb shortening procedures, humerus",http://fhir.hie.moh.gov.my/CodeSystem/procedure-my-core,CodeSystemProcedureMyCore
78.23,"Limb shortening procedures, radius and ulna","Limb shortening procedures, radius and ulna",http://fhir.hie.moh.gov.my/CodeSystem/procedure-my-core,CodeSystemProcedureMyCore
78.24,"Limb shortening procedures, carpals and metacarpals","Limb shortening procedures, carpals and metacarpals",http://fhir.hie.moh.gov.my/CodeSystem/procedure-my-core,CodeSystemProcedureMyCore
78.25,"Limb shortening procedures, femur","Limb shortening procedures, femur",http://fhir.hie.moh.gov.my/CodeSystem/procedure-my-core,CodeSystemProcedureMyCore
78.27,"Limb shortening procedures, tibia and fibula","Limb shortening procedures, tibia and fibula",http://fhir.hie.moh.gov.my/CodeSystem/procedure-my-core,CodeSystemProcedureMyCore
78.28,"Limb shortening procedures, tarsals and metatarsals","Limb shortening procedures, tarsals and metatarsals",http://fhir.hie.moh.gov.my/CodeSystem/procedure-my-core,CodeSystemProcedureMyCore
78.29,"Limb shortening procedures, other","Limb shortening procedures, other",http://fhir.hie.moh.gov.my/CodeSystem/procedure-my-core,CodeSystemProcedureMyCore
78.30,"Limb lengthening procedures, unspecified site","Limb lengthening procedures, unspecified site",http://fhir.hie.moh.gov.my/CodeSystem/procedure-my-core,CodeSystemProcedureMyCore
78.32,"Limb lengthening procedures, humerus","Limb lengthening procedures, humerus",http://fhir.hie.moh.gov.my/CodeSystem/procedure-my-core,CodeSystemProcedureMyCore
78.33,"Limb lengthening procedures, radius and ulna","Limb lengthening procedures, radius and ulna",http://fhir.hie.moh.gov.my/CodeSystem/procedure-my-core,CodeSystemProcedureMyCore
78.34,"Limb lengthening procedures, carpals and metacarpals","Limb lengthening procedures, carpals and metacarpals",http://fhir.hie.moh.gov.my/CodeSystem/procedure-my-core,CodeSystemProcedureMyCore
78.35,"Limb lengthening procedures, femur","Limb lengthening procedures, femur",http://fhir.hie.moh.gov.my/CodeSystem/procedure-my-core,CodeSystemProcedureMyCore
78.37,"Limb lengthening procedures, tibia and fibula","Limb lengthening procedures, tibia and fibula",http://fhir.hie.moh.gov.my/CodeSystem/procedure-my-core,CodeSystemProcedureMyCore
78.38,"Limb lengthening procedures, tarsals and metatarsals","Limb lengthening procedures, tarsals and metatarsals",http://fhir.hie.moh.gov.my/CodeSystem/procedure-my-core,CodeSystemProcedureMyCore
78.39,"Limb lengthening procedures, other","Limb lengthening procedures, other",http://fhir.hie.moh.gov.my/CodeSystem/procedure-my-core,CodeSystemProcedureMyCore
78.40,"Other repair or plastic operations on bone, unspecified site","Other repair or plastic operations on bone, unspecified site",http://fhir.hie.moh.gov.my/CodeSystem/procedure-my-core,CodeSystemProcedureMyCore
78.41,"Other repair or plastic operations on scapula, clavicle, and thorax [ribs and sternum]","Other repair or plastic operations on scapula, clavicle, and thorax [ribs and sternum]",http://fhir.hie.moh.gov.my/CodeSystem/procedure-my-core,CodeSystemProcedureMyCore
78.42,Other repair or plastic operation on humerus,Other repair or plastic operation on humerus,http://fhir.hie.moh.gov.my/CodeSystem/procedure-my-core,CodeSystemProcedureMyCore
78.43,Other repair or plastic operations on radius and ulna,Other repair or plastic operations on radius and ulna,http://fhir.hie.moh.gov.my/CodeSystem/procedure-my-core,CodeSystemProcedureMyCore
78.44,Other repair or plastic operations on carpals and metacarpals,Other repair or plastic operations on carpals and metacarpals,http://fhir.hie.moh.gov.my/CodeSystem/procedure-my-core,CodeSystemProcedureMyCore
78.45,Other repair or plastic operations on femur,Other repair or plastic operations on femur,http://fhir.hie.moh.gov.my/CodeSystem/procedure-my-core,CodeSystemProcedureMyCore
78.46,Other repair or plastic operations on patella,Other repair or plastic operations on patella,http://fhir.hie.moh.gov.my/CodeSystem/procedure-my-core,CodeSystemProcedureMyCore
78.47,Other repair or plastic operations on tibia and fibula,Other repair or plastic operations on tibia and fibula,http://fhir.hie.moh.gov.my/CodeSystem/procedure-my-core,CodeSystemProcedureMyCore
78.48,Other repair or plastic operations on tarsals and metatarsals,Other repair or plastic operations on tarsals and metatarsals,http://fhir.hie.moh.gov.my/CodeSystem/procedure-my-core,CodeSystemProcedureMyCore
78.49,"Other repair or plastic operations on other bone, except facial bones","Other repair or plastic operations on other bone, except facial bones",http://fhir.hie.moh.gov.my/CodeSystem/procedure-my-core,CodeSystemProcedureMyCore
78.50,"Internal fixation of bone without fracture reduction, unspecified site","Internal fixation of bone without fracture reduction, unspecified site",http://fhir.hie.moh.gov.my/CodeSystem/procedure-my-core,CodeSystemProcedureMyCore
78.51,"Internal fixation of scapula, clavicle, and thorax [ribs and sternum] without fracture reduction","Internal fixation of scapula, clavicle, and thorax [ribs and sternum] without fracture reduction",http://fhir.hie.moh.gov.my/CodeSystem/procedure-my-core,CodeSystemProcedureMyCore
78.52,Internal fixation of humerus without fracture reduction,Internal fixation of humerus without fracture reduction,http://fhir.hie.moh.gov.my/CodeSystem/procedure-my-core,CodeSystemProcedureMyCore
78.53,Internal fixation of radius and ulna without fracture reduction,Internal fixation of radius and ulna without fracture reduction,http://fhir.hie.moh.gov.my/CodeSystem/procedure-my-core,CodeSystemProcedureMyCore
78.54,Internal fixation of carpals and metacarpals without fracture reduction,Internal fixation of carpals and metacarpals without fracture reduction,http://fhir.hie.moh.gov.my/CodeSystem/procedure-my-core,CodeSystemProcedureMyCore
78.55,Internal fixation of femur without fracture reduction,Internal fixation of femur without fracture reduction,http://fhir.hie.moh.gov.my/CodeSystem/procedure-my-core,CodeSystemProcedureMyCore
78.56,Internal fixation of patella without fracture reduction,Internal fixation of patella without fracture reduction,http://fhir.hie.moh.gov.my/CodeSystem/procedure-my-core,CodeSystemProcedureMyCore
78.57,Internal fixation of tibia and fibula without fracture reduction,Internal fixation of tibia and fibula without fracture reduction,http://fhir.hie.moh.gov.my/CodeSystem/procedure-my-core,CodeSystemProcedureMyCore
78.58,Internal fixation of tarsals and metatarsals without fracture reduction,Internal fixation of tarsals and metatarsals without fracture reduction,http://fhir.hie.moh.gov.my/CodeSystem/procedure-my-core,CodeSystemProcedureMyCore
78.59,"Internal fixation of other bone, except facial bones, without fracture reduction","Internal fixation of other bone, except facial bones, without fracture reduction",http://fhir.hie.moh.gov.my/CodeSystem/procedure-my-core,CodeSystemProcedureMyCore
78.60,"Removal of implanted device, unspecified site","Removal of implanted device, unspecified site",http://fhir.hie.moh.gov.my/CodeSystem/procedure-my-core,CodeSystemProcedureMyCore
78.61,"Removal of implanted device from scapula, clavicle, and thorax [ribs and sternum]","Removal of implanted device from scapula, clavicle, and thorax [ribs and sternum]",http://fhir.hie.moh.gov.my/CodeSystem/procedure-my-core,CodeSystemProcedureMyCore
78.62,Removal of implanted device from humerus,Removal of implanted device from humerus,http://fhir.hie.moh.gov.my/CodeSystem/procedure-my-core,CodeSystemProcedureMyCore
78.63,Removal of implanted device from radius and ulna,Removal of implanted device from radius and ulna,http://fhir.hie.moh.gov.my/CodeSystem/procedure-my-core,CodeSystemProcedureMyCore
78.64,Removal of implanted device from carpals and metacarpals,Removal of implanted device from carpals and metacarpals,http://fhir.hie.moh.gov.my/CodeSystem/procedure-my-core,CodeSystemProcedureMyCore
78.65,Removal of implanted device from femur,Removal of implanted device from femur,http://fhir.hie.moh.gov.my/CodeSystem/procedure-my-core,CodeSystemProcedureMyCore
78.66,Removal of implanted device from patella,Removal of implanted device from patella,http://fhir.hie.moh.gov.my/CodeSystem/procedure-my-core,CodeSystemProcedureMyCore
78.67,Removal of implanted device from tibia and fibula,Removal of implanted device from tibia and fibula,http://fhir.hie.moh.gov.my/CodeSystem/procedure-my-core,CodeSystemProcedureMyCore
78.68,Removal of implanted device from tarsal and metatarsals,Removal of implanted device from tarsal and metatarsals,http://fhir.hie.moh.gov.my/CodeSystem/procedure-my-core,CodeSystemProcedureMyCore
78.69,Removal of implanted device from other,Removal of implanted device from other,http://fhir.hie.moh.gov.my/CodeSystem/procedure-my-core,CodeSystemProcedureMyCore
78.70,"Osteoclasis, unspecified site","Osteoclasis, unspecified site",http://fhir.hie.moh.gov.my/CodeSystem/procedure-my-core,CodeSystemProcedureMyCore
78.71,"Osteoclasis of scapula, clavicle, and thorax [ribs and sternum]","Osteoclasis of scapula, clavicle, and thorax [ribs and sternum]",http://fhir.hie.moh.gov.my/CodeSystem/procedure-my-core,CodeSystemProcedureMyCore
78.72,Osteoclasis of humerus,Osteoclasis of humerus,http://fhir.hie.moh.gov.my/CodeSystem/procedure-my-core,CodeSystemProcedureMyCore
78.73,Osteoclasis of radius and ulna,Osteoclasis of radius and ulna,http://fhir.hie.moh.gov.my/CodeSystem/procedure-my-core,CodeSystemProcedureMyCore
78.74,Osteoclasis of carpals and metacarpals,Osteoclasis of carpals and metacarpals,http://fhir.hie.moh.gov.my/CodeSystem/procedure-my-core,CodeSystemProcedureMyCore
78.75,Osteoclasis of femur,Osteoclasis of femur,http://fhir.hie.moh.gov.my/CodeSystem/procedure-my-core,CodeSystemProcedureMyCore
78.76,Osteoclasis of patella,Osteoclasis of patella,http://fhir.hie.moh.gov.my/CodeSystem/procedure-my-core,CodeSystemProcedureMyCore
78.77,Osteoclasis of tibia and fibula,Osteoclasis of tibia and fibula,http://fhir.hie.moh.gov.my/CodeSystem/procedure-my-core,CodeSystemProcedureMyCore
78.78,Osteoclasis of tarsals and metatarsals,Osteoclasis of tarsals and metatarsals,http://fhir.hie.moh.gov.my/CodeSystem/procedure-my-core,CodeSystemProcedureMyCore
78.79,"Osteoclasis of other bone, except facial bones","Osteoclasis of other bone, except facial bones",http://fhir.hie.moh.gov.my/CodeSystem/procedure-my-core,CodeSystemProcedureMyCore
78.80,"Diagnostic procedures on bone, not elsewhere classified, unspecified site","Diagnostic procedures on bone, not elsewhere classified, unspecified site",http://fhir.hie.moh.gov.my/CodeSystem/procedure-my-core,CodeSystemProcedureMyCore
78.81,"Diagnostic procedures on scapula, clavicle, and thorax [ribs and sternum] not elsewhere classified","Diagnostic procedures on scapula, clavicle, and thorax [ribs and sternum] not elsewhere classified",http://fhir.hie.moh.gov.my/CodeSystem/procedure-my-core,CodeSystemProcedureMyCore
78.82,"Diagnostic procedures on humerus, not elsewhere classified","Diagnostic procedures on humerus, not elsewhere classified",http://fhir.hie.moh.gov.my/CodeSystem/procedure-my-core,CodeSystemProcedureMyCore
78.83,"Diagnostic procedures on radius and ulna, not elsewhere classified","Diagnostic procedures on radius and ulna, not elsewhere classified",http://fhir.hie.moh.gov.my/CodeSystem/procedure-my-core,CodeSystemProcedureMyCore
78.84,"Diagnostic procedures on carpals and metacarpals, not elsewhere classified","Diagnostic procedures on carpals and metacarpals, not elsewhere classified",http://fhir.hie.moh.gov.my/CodeSystem/procedure-my-core,CodeSystemProcedureMyCore
78.85,"Diagnostic procedures on femur, not elsewhere classified","Diagnostic procedures on femur, not elsewhere classified",http://fhir.hie.moh.gov.my/CodeSystem/procedure-my-core,CodeSystemProcedureMyCore
78.86,"Diagnostic procedures on patella, not elsewhere classified","Diagnostic procedures on patella, not elsewhere classified",http://fhir.hie.moh.gov.my/CodeSystem/procedure-my-core,CodeSystemProcedureMyCore
78.87,"Diagnostic procedures on tibia and fibula, not elsewhere classified","Diagnostic procedures on tibia and fibula, not elsewhere classified",http://fhir.hie.moh.gov.my/CodeSystem/procedure-my-core,CodeSystemProcedureMyCore
78.88,"Diagnostic procedures on tarsals and metatarsals, not elsewhere classified","Diagnostic procedures on tarsals and metatarsals, not elsewhere classified",http://fhir.hie.moh.gov.my/CodeSystem/procedure-my-core,CodeSystemProcedureMyCore
78.89,"Diagnostic procedures on other bone, except facial bones, not elsewhere classified","Diagnostic procedures on other bone, except facial bones, not elsewhere classified",http://fhir.hie.moh.gov.my/CodeSystem/procedure-my-core,CodeSystemProcedureMyCore
78.90,"Insertion of bone growth stimulator, unspecified site","Insertion of bone growth stimulator, unspecified site",http://fhir.hie.moh.gov.my/CodeSystem/procedure-my-core,CodeSystemProcedureMyCore
78.91,"Insertion of bone growth stimulator into scapula, clavicle and thorax [ribs and sternum]","Insertion of bone growth stimulator into scapula, clavicle and thorax [ribs and sternum]",http://fhir.hie.moh.gov.my/CodeSystem/procedure-my-core,CodeSystemProcedureMyCore
78.92,Insertion of bone growth stimulator into humerus,Insertion of bone growth stimulator into humerus,http://fhir.hie.moh.gov.my/CodeSystem/procedure-my-core,CodeSystemProcedureMyCore
78.93,Insertion of bone growth stimulator into radius and ulna,Insertion of bone growth stimulator into radius and ulna,http://fhir.hie.moh.gov.my/CodeSystem/procedure-my-core,CodeSystemProcedureMyCore
78.94,Insertion of bone growth stimulator into carpals and metacarpals,Insertion of bone growth stimulator into carpals and metacarpals,http://fhir.hie.moh.gov.my/CodeSystem/procedure-my-core,CodeSystemProcedureMyCore
78.95,Insertion of bone growth stimulator into femur,Insertion of bone growth stimulator into femur,http://fhir.hie.moh.gov.my/CodeSystem/procedure-my-core,CodeSystemProcedureMyCore
78.96,Insertion of bone growth stimulator into patella,Insertion of bone growth stimulator into patella,http://fhir.hie.moh.gov.my/CodeSystem/procedure-my-core,CodeSystemProcedureMyCore
78.97,Insertion of bone growth stimulator into tibia and fibula,Insertion of bone growth stimulator into tibia and fibula,http://fhir.hie.moh.gov.my/CodeSystem/procedure-my-core,CodeSystemProcedureMyCore
78.98,Insertion of bone growth stimulator into tarsals and metatarsals,Insertion of bone growth stimulator into tarsals and metatarsals,http://fhir.hie.moh.gov.my/CodeSystem/procedure-my-core,CodeSystemProcedureMyCore
78.99,Insertion of bone growth stimulator into other bone,Insertion of bone growth stimulator into other bone,http://fhir.hie.moh.gov.my/CodeSystem/procedure-my-core,CodeSystemProcedureMyCore
79.00,"Closed reduction of fracture without internal fixation, unspecified site","Closed reduction of fracture without internal fixation, unspecified site",http://fhir.hie.moh.gov.my/CodeSystem/procedure-my-core,CodeSystemProcedureMyCore
79.01,Closed reduction of fracture of humerus without internal fixation,Closed reduction of fracture of humerus without internal fixation,http://fhir.hie.moh.gov.my/CodeSystem/procedure-my-core,CodeSystemProcedureMyCore
79.02,Closed reduction of fracture of radius and ulna without internal fixation,Closed reduction of fracture of radius and ulna without internal fixation,http://fhir.hie.moh.gov.my/CodeSystem/procedure-my-core,CodeSystemProcedureMyCore
79.03,Closed reduction of fracture of carpals and metacarpals without internal fixation,Closed reduction of fracture of carpals and metacarpals without internal fixation,http://fhir.hie.moh.gov.my/CodeSystem/procedure-my-core,CodeSystemProcedureMyCore
79.04,Closed reduction of fracture of phalanges of hand without internal fixation,Closed reduction of fracture of phalanges of hand without internal fixation,http://fhir.hie.moh.gov.my/CodeSystem/procedure-my-core,CodeSystemProcedureMyCore
79.05,Closed reduction of fracture of femur without internal fixation,Closed reduction of fracture of femur without internal fixation,http://fhir.hie.moh.gov.my/CodeSystem/procedure-my-core,CodeSystemProcedureMyCore
79.06,Closed reduction of fracture of tibia and fibula without internal fixation,Closed reduction of fracture of tibia and fibula without internal fixation,http://fhir.hie.moh.gov.my/CodeSystem/procedure-my-core,CodeSystemProcedureMyCore
79.07,Closed reduction of fracture of tarsals and metatarsals without internal fixation,Closed reduction of fracture of tarsals and metatarsals without internal fixation,http://fhir.hie.moh.gov.my/CodeSystem/procedure-my-core,CodeSystemProcedureMyCore
79.08,Closed reduction of fracture of phalanges of foot without internal fixation,Closed reduction of fracture of phalanges of foot without internal fixation,http://fhir.hie.moh.gov.my/CodeSystem/procedure-my-core,CodeSystemProcedureMyCore
79.09,Closed reduction of fracture of other specified bone without internal fixation,Closed reduction of fracture of other specified bone without internal fixation,http://fhir.hie.moh.gov.my/CodeSystem/procedure-my-core,CodeSystemProcedureMyCore
79.10,"Closed reduction of fracture with internal fixation, unspecified site","Closed reduction of fracture with internal fixation, unspecified site",http://fhir.hie.moh.gov.my/CodeSystem/procedure-my-core,CodeSystemProcedureMyCore
79.11,Closed reduction of fracture of humerus with internal fixation,Closed reduction of fracture of humerus with internal fixation,http://fhir.hie.moh.gov.my/CodeSystem/procedure-my-core,CodeSystemProcedureMyCore
79.12,Closed reduction of fracture of radius and ulna with internal fixation,Closed reduction of fracture of radius and ulna with internal fixation,http://fhir.hie.moh.gov.my/CodeSystem/procedure-my-core,CodeSystemProcedureMyCore
79.13,Closed reduction of fracture of carpals and metacarpals with internal fixation,Closed reduction of fracture of carpals and metacarpals with internal fixation,http://fhir.hie.moh.gov.my/CodeSystem/procedure-my-core,CodeSystemProcedureMyCore
79.14,Closed reduction of fracture of phalanges of hand with internal fixation,Closed reduction of fracture of phalanges of hand with internal fixation,http://fhir.hie.moh.gov.my/CodeSystem/procedure-my-core,CodeSystemProcedureMyCore
79.15,Closed reduction of fracture of femur with internal fixation,Closed reduction of fracture of femur with internal fixation,http://fhir.hie.moh.gov.my/CodeSystem/procedure-my-core,CodeSystemProcedureMyCore
79.16,Closed reduction of fracture of tibia and fibula with internal fixation,Closed reduction of fracture of tibia and fibula with internal fixation,http://fhir.hie.moh.gov.my/CodeSystem/procedure-my-core,CodeSystemProcedureMyCore
79.17,Closed reduction of fracture of tarsals and metatarsals with internal fixation,Closed reduction of fracture of tarsals and metatarsals with internal fixation,http://fhir.hie.moh.gov.my/CodeSystem/procedure-my-core,CodeSystemProcedureMyCore
79.18,Closed reduction of fracture of phalanges of foot with internal fixation,Closed reduction of fracture of phalanges of foot with internal fixation,http://fhir.hie.moh.gov.my/CodeSystem/procedure-my-core,CodeSystemProcedureMyCore
79.19,Closed reduction of fracture of other specified bone with internal fixation,Closed reduction of fracture of other specified bone with internal fixation,http://fhir.hie.moh.gov.my/CodeSystem/procedure-my-core,CodeSystemProcedureMyCore
79.20,"Open reduction of fracture without internal fixation, unspecified site","Open reduction of fracture without internal fixation, unspecified site",http://fhir.hie.moh.gov.my/CodeSystem/procedure-my-core,CodeSystemProcedureMyCore
79.21,Open reduction of fracture of humerus without internal fixation,Open reduction of fracture of humerus without internal fixation,http://fhir.hie.moh.gov.my/CodeSystem/procedure-my-core,CodeSystemProcedureMyCore
79.22,Open reduction of fracture of radius and ulna without internal fixation,Open reduction of fracture of radius and ulna without internal fixation,http://fhir.hie.moh.gov.my/CodeSystem/procedure-my-core,CodeSystemProcedureMyCore
79.23,Open reduction of fracture of carpals and metacarpals without internal fixation,Open reduction of fracture of carpals and metacarpals without internal fixation,http://fhir.hie.moh.gov.my/CodeSystem/procedure-my-core,CodeSystemProcedureMyCore
79.24,Open reduction of fracture of phalanges of hand without internal fixation,Open reduction of fracture of phalanges of hand without internal fixation,http://fhir.hie.moh.gov.my/CodeSystem/procedure-my-core,CodeSystemProcedureMyCore
79.25,Open reduction of fracture of femur without internal fixation,Open reduction of fracture of femur without internal fixation,http://fhir.hie.moh.gov.my/CodeSystem/procedure-my-core,CodeSystemProcedureMyCore
79.26,Open reduction of fracture of tibia and fibula without internal fixation,Open reduction of fracture of tibia and fibula without internal fixation,http://fhir.hie.moh.gov.my/CodeSystem/procedure-my-core,CodeSystemProcedureMyCore
79.27,Open reduction of fracture of tarsals and metatarsals without internal fixation,Open reduction of fracture of tarsals and metatarsals without internal fixation,http://fhir.hie.moh.gov.my/CodeSystem/procedure-my-core,CodeSystemProcedureMyCore
79.28,Open reduction of fracture of phalanges of foot without internal fixation,Open reduction of fracture of phalanges of foot without internal fixation,http://fhir.hie.moh.gov.my/CodeSystem/procedure-my-core,CodeSystemProcedureMyCore
79.29,"Open reduction of fracture of other specified bone, except facial bones, without internal fixation","Open reduction of fracture of other specified bone, except facial bones, without internal fixation",http://fhir.hie.moh.gov.my/CodeSystem/procedure-my-core,CodeSystemProcedureMyCore
79.30,"Open reduction of fracture with internal fixation, unspecified site","Open reduction of fracture with internal fixation, unspecified site",http://fhir.hie.moh.gov.my/CodeSystem/procedure-my-core,CodeSystemProcedureMyCore
79.31,Open reduction of fracture of humerus with internal fixation,Open reduction of fracture of humerus with internal fixation,http://fhir.hie.moh.gov.my/CodeSystem/procedure-my-core,CodeSystemProcedureMyCore
79.32,Open reduction of fracture of radius and ulna with internal fixation,Open reduction of fracture of radius and ulna with internal fixation,http://fhir.hie.moh.gov.my/CodeSystem/procedure-my-core,CodeSystemProcedureMyCore
79.33,Open reduction of fracture of carpals and metacarpals with internal fixation,Open reduction of fracture of carpals and metacarpals with internal fixation,http://fhir.hie.moh.gov.my/CodeSystem/procedure-my-core,CodeSystemProcedureMyCore
79.34,Open reduction of fracture of phalanges of hand with internal fixation,Open reduction of fracture of phalanges of hand with internal fixation,http://fhir.hie.moh.gov.my/CodeSystem/procedure-my-core,CodeSystemProcedureMyCore
79.35,Open reduction of fracture of femur with internal fixation,Open reduction of fracture of femur with internal fixation,http://fhir.hie.moh.gov.my/CodeSystem/procedure-my-core,CodeSystemProcedureMyCore
79.36,Open reduction of fracture of tibia and fibula with internal fixation,Open reduction of fracture of tibia and fibula with internal fixation,http://fhir.hie.moh.gov.my/CodeSystem/procedure-my-core,CodeSystemProcedureMyCore
79.37,Open reduction of fracture of tarsals and metatarsals with internal fixation,Open reduction of fracture of tarsals and metatarsals with internal fixation,http://fhir.hie.moh.gov.my/CodeSystem/procedure-my-core,CodeSystemProcedureMyCore
79.38,Open reduction of fracture of phalanges of foot with internal fixation,Open reduction of fracture of phalanges of foot with internal fixation,http://fhir.hie.moh.gov.my/CodeSystem/procedure-my-core,CodeSystemProcedureMyCore
79.39,"Open reduction of fracture of other specified bone, except facial bones, with internal fixation","Open reduction of fracture of other specified bone, except facial bones, with internal fixation",http://fhir.hie.moh.gov.my/CodeSystem/procedure-my-core,CodeSystemProcedureMyCore
79.40,"Closed reduction of separated epiphysis, unspecified site","Closed reduction of separated epiphysis, unspecified site",http://fhir.hie.moh.gov.my/CodeSystem/procedure-my-core,CodeSystemProcedureMyCore
79.41,Closed reduction of separated epiphysis of humerus,Closed reduction of separated epiphysis of humerus,http://fhir.hie.moh.gov.my/CodeSystem/procedure-my-core,CodeSystemProcedureMyCore
79.42,Closed reduction of separated epiphysis of radius and ulna,Closed reduction of separated epiphysis of radius and ulna,http://fhir.hie.moh.gov.my/CodeSystem/procedure-my-core,CodeSystemProcedureMyCore
79.45,Closed reduction of separated epiphysis of femur,Closed reduction of separated epiphysis of femur,http://fhir.hie.moh.gov.my/CodeSystem/procedure-my-core,CodeSystemProcedureMyCore
79.46,Closed reduction of separated epiphysis of tibia and fibula,Closed reduction of separated epiphysis of tibia and fibula,http://fhir.hie.moh.gov.my/CodeSystem/procedure-my-core,CodeSystemProcedureMyCore
79.49,Closed reduction of separated epiphysis of other specified bone,Closed reduction of separated epiphysis of other specified bone,http://fhir.hie.moh.gov.my/CodeSystem/procedure-my-core,CodeSystemProcedureMyCore
79.50,"Open reduction of separated epiphysis, unspecified site","Open reduction of separated epiphysis, unspecified site",http://fhir.hie.moh.gov.my/CodeSystem/procedure-my-core,CodeSystemProcedureMyCore
79.51,Open reduction of separated epiphysis of humerus,Open reduction of separated epiphysis of humerus,http://fhir.hie.moh.gov.my/CodeSystem/procedure-my-core,CodeSystemProcedureMyCore
79.52,Open reduction of separated epiphysis of radius and ulna,Open reduction of separated epiphysis of radius and ulna,http://fhir.hie.moh.gov.my/CodeSystem/procedure-my-core,CodeSystemProcedureMyCore
79.55,Open reduction of separated epiphysis of femur,Open reduction of separated epiphysis of femur,http://fhir.hie.moh.gov.my/CodeSystem/procedure-my-core,CodeSystemProcedureMyCore
79.56,Open reduction of separated epiphysis of tibia and fibula,Open reduction of separated epiphysis of tibia and fibula,http://fhir.hie.moh.gov.my/CodeSystem/procedure-my-core,CodeSystemProcedureMyCore
79.59,Open reduction of separated epiphysis of other specified bone,Open reduction of separated epiphysis of other specified bone,http://fhir.hie.moh.gov.my/CodeSystem/procedure-my-core,CodeSystemProcedureMyCore
79.60,"Debridement of open fracture, unspecified site","Debridement of open fracture, unspecified site",http://fhir.hie.moh.gov.my/CodeSystem/procedure-my-core,CodeSystemProcedureMyCore
79.61,Debridement of open fracture of humerus,Debridement of open fracture of humerus,http://fhir.hie.moh.gov.my/CodeSystem/procedure-my-core,CodeSystemProcedureMyCore
79.62,Debridement of open fracture of radius and ulna,Debridement of open fracture of radius and ulna,http://fhir.hie.moh.gov.my/CodeSystem/procedure-my-core,CodeSystemProcedureMyCore
79.63,Debridement of open fracture of carpals and metacarpals,Debridement of open fracture of carpals and metacarpals,http://fhir.hie.moh.gov.my/CodeSystem/procedure-my-core,CodeSystemProcedureMyCore
79.64,Debridement of open fracture of phalanges of hand,Debridement of open fracture of phalanges of hand,http://fhir.hie.moh.gov.my/CodeSystem/procedure-my-core,CodeSystemProcedureMyCore
79.65,Debridement of open fracture of femur,Debridement of open fracture of femur,http://fhir.hie.moh.gov.my/CodeSystem/procedure-my-core,CodeSystemProcedureMyCore
79.66,Debridement of open fracture of tibia and fibula,Debridement of open fracture of tibia and fibula,http://fhir.hie.moh.gov.my/CodeSystem/procedure-my-core,CodeSystemProcedureMyCore
79.67,Debridement of open fracture of tarsals and metatarsals,Debridement of open fracture of tarsals and metatarsals,http://fhir.hie.moh.gov.my/CodeSystem/procedure-my-core,CodeSystemProcedureMyCore
79.68,Debridement of open fracture of phalanges of foot,Debridement of open fracture of phalanges of foot,http://fhir.hie.moh.gov.my/CodeSystem/procedure-my-core,CodeSystemProcedureMyCore
79.69,"Debridement of open fracture of other specified bone, except facial bones","Debridement of open fracture of other specified bone, except facial bones",http://fhir.hie.moh.gov.my/CodeSystem/procedure-my-core,CodeSystemProcedureMyCore
79.70,Closed reduction of dislocation of unspecified site,Closed reduction of dislocation of unspecified site,http://fhir.hie.moh.gov.my/CodeSystem/procedure-my-core,CodeSystemProcedureMyCore
79.71,Closed reduction of dislocation of shoulder,Closed reduction of dislocation of shoulder,http://fhir.hie.moh.gov.my/CodeSystem/procedure-my-core,CodeSystemProcedureMyCore
79.72,Closed reduction of dislocation of elbow,Closed reduction of dislocation of elbow,http://fhir.hie.moh.gov.my/CodeSystem/procedure-my-core,CodeSystemProcedureMyCore
79.73,Closed reduction of dislocation of wrist,Closed reduction of dislocation of wrist,http://fhir.hie.moh.gov.my/CodeSystem/procedure-my-core,CodeSystemProcedureMyCore
79.74,Closed reduction of dislocation of hand and finger,Closed reduction of dislocation of hand and finger,http://fhir.hie.moh.gov.my/CodeSystem/procedure-my-core,CodeSystemProcedureMyCore
79.75,Closed reduction of dislocation of hip,Closed reduction of dislocation of hip,http://fhir.hie.moh.gov.my/CodeSystem/procedure-my-core,CodeSystemProcedureMyCore
79.76,Closed reduction of dislocation of knee,Closed reduction of dislocation of knee,http://fhir.hie.moh.gov.my/CodeSystem/procedure-my-core,CodeSystemProcedureMyCore
79.77,Closed reduction of dislocation of ankle,Closed reduction of dislocation of ankle,http://fhir.hie.moh.gov.my/CodeSystem/procedure-my-core,CodeSystemProcedureMyCore
79.78,Closed reduction of dislocation of foot and toe,Closed reduction of dislocation of foot and toe,http://fhir.hie.moh.gov.my/CodeSystem/procedure-my-core,CodeSystemProcedureMyCore
79.79,"Closed reduction of dislocation of other specified site, except temporomandibular","Closed reduction of dislocation of other specified site, except temporomandibular",http://fhir.hie.moh.gov.my/CodeSystem/procedure-my-core,CodeSystemProcedureMyCore
79.80,Open reduction of dislocation of unspecified site,Open reduction of dislocation of unspecified site,http://fhir.hie.moh.gov.my/CodeSystem/procedure-my-core,CodeSystemProcedureMyCore
79.81,Open reduction of dislocation of shoulder,Open reduction of dislocation of shoulder,http://fhir.hie.moh.gov.my/CodeSystem/procedure-my-core,CodeSystemProcedureMyCore
79.82,Open reduction of dislocation of elbow,Open reduction of dislocation of elbow,http://fhir.hie.moh.gov.my/CodeSystem/procedure-my-core,CodeSystemProcedureMyCore
79.83,Open reduction of dislocation of wrist,Open reduction of dislocation of wrist,http://fhir.hie.moh.gov.my/CodeSystem/procedure-my-core,CodeSystemProcedureMyCore
79.84,Open reduction of dislocation of hand and finger,Open reduction of dislocation of hand and finger,http://fhir.hie.moh.gov.my/CodeSystem/procedure-my-core,CodeSystemProcedureMyCore
79.85,Open reduction of dislocation of hip,Open reduction of dislocation of hip,http://fhir.hie.moh.gov.my/CodeSystem/procedure-my-core,CodeSystemProcedureMyCore
79.86,Open reduction of dislocation of knee,Open reduction of dislocation of knee,http://fhir.hie.moh.gov.my/CodeSystem/procedure-my-core,CodeSystemProcedureMyCore
79.87,Open reduction of dislocation of ankle,Open reduction of dislocation of ankle,http://fhir.hie.moh.gov.my/CodeSystem/procedure-my-core,CodeSystemProcedureMyCore
79.88,Open reduction of dislocation of foot and toe,Open reduction of dislocation of foot and toe,http://fhir.hie.moh.gov.my/CodeSystem/procedure-my-core,CodeSystemProcedureMyCore
79.89,"Open reduction of dislocation of other specified site, except temporomandibular","Open reduction of dislocation of other specified site, except temporomandibular",http://fhir.hie.moh.gov.my/CodeSystem/procedure-my-core,CodeSystemProcedureMyCore
79.90,"Unspecified operation on bone injury, unspecified site","Unspecified operation on bone injury, unspecified site",http://fhir.hie.moh.gov.my/CodeSystem/procedure-my-core,CodeSystemProcedureMyCore
79.91,Unspecified operation on bone injury of humerus,Unspecified operation on bone injury of humerus,http://fhir.hie.moh.gov.my/CodeSystem/procedure-my-core,CodeSystemProcedureMyCore
79.92,Unspecified operation on bone injury of radius and ulna,Unspecified operation on bone injury of radius and ulna,http://fhir.hie.moh.gov.my/CodeSystem/procedure-my-core,CodeSystemProcedureMyCore
79.93,Unspecified operation on bone injury of carpals and metacarpals,Unspecified operation on bone injury of carpals and metacarpals,http://fhir.hie.moh.gov.my/CodeSystem/procedure-my-core,CodeSystemProcedureMyCore
79.94,Unspecified operation on bone injury of phalanges of hand,Unspecified operation on bone injury of phalanges of hand,http://fhir.hie.moh.gov.my/CodeSystem/procedure-my-core,CodeSystemProcedureMyCore
79.95,Unspecified operation on bone injury of femur,Unspecified operation on bone injury of femur,http://fhir.hie.moh.gov.my/CodeSystem/procedure-my-core,CodeSystemProcedureMyCore
79.96,Unspecified operation on bone injury of tibia and fibula,Unspecified operation on bone injury of tibia and fibula,http://fhir.hie.moh.gov.my/CodeSystem/procedure-my-core,CodeSystemProcedureMyCore
79.97,Unspecified operation on bone injury of tarsals and metatarsals,Unspecified operation on bone injury of tarsals and metatarsals,http://fhir.hie.moh.gov.my/CodeSystem/procedure-my-core,CodeSystemProcedureMyCore
79.98,Unspecified operation on bone injury of phalanges of foot,Unspecified operation on bone injury of phalanges of foot,http://fhir.hie.moh.gov.my/CodeSystem/procedure-my-core,CodeSystemProcedureMyCore
79.99,Unspecified operation on bone injury of other specified bone,Unspecified operation on bone injury of other specified bone,http://fhir.hie.moh.gov.my/CodeSystem/procedure-my-core,CodeSystemProcedureMyCore
80.00,"Arthrotomy for removal of prosthesis, unspecified site","Arthrotomy for removal of prosthesis, unspecified site",http://fhir.hie.moh.gov.my/CodeSystem/procedure-my-core,CodeSystemProcedureMyCore
80.01,Arthrotomy for removal of prosthesis of shoulder,Arthrotomy for removal of prosthesis of shoulder,http://fhir.hie.moh.gov.my/CodeSystem/procedure-my-core,CodeSystemProcedureMyCore
80.02,Arthrotomy for removal of prosthesis of elbow,Arthrotomy for removal of prosthesis of elbow,http://fhir.hie.moh.gov.my/CodeSystem/procedure-my-core,CodeSystemProcedureMyCore
80.03,Arthrotomy for removal of prosthesis of wrist,Arthrotomy for removal of prosthesis of wrist,http://fhir.hie.moh.gov.my/CodeSystem/procedure-my-core,CodeSystemProcedureMyCore
80.04,Arthrotomy for removal of prosthesis of hand and finger,Arthrotomy for removal of prosthesis of hand and finger,http://fhir.hie.moh.gov.my/CodeSystem/procedure-my-core,CodeSystemProcedureMyCore
80.05,Arthrotomy for removal of prosthesis of hip,Arthrotomy for removal of prosthesis of hip,http://fhir.hie.moh.gov.my/CodeSystem/procedure-my-core,CodeSystemProcedureMyCore
80.06,Arthrotomy for removal of prosthesis of knee,Arthrotomy for removal of prosthesis of knee,http://fhir.hie.moh.gov.my/CodeSystem/procedure-my-core,CodeSystemProcedureMyCore
80.07,Arthrotomy for removal of prosthesis of ankle,Arthrotomy for removal of prosthesis of ankle,http://fhir.hie.moh.gov.my/CodeSystem/procedure-my-core,CodeSystemProcedureMyCore
80.08,Arthrotomy for removal of prosthesis of foot and toe,Arthrotomy for removal of prosthesis of foot and toe,http://fhir.hie.moh.gov.my/CodeSystem/procedure-my-core,CodeSystemProcedureMyCore
80.09,Arthrotomy for removal of prosthesis of other specified site,Arthrotomy for removal of prosthesis of other specified site,http://fhir.hie.moh.gov.my/CodeSystem/procedure-my-core,CodeSystemProcedureMyCore
80.10,"Other arthrotomy, unspecified site","Other arthrotomy, unspecified site",http://fhir.hie.moh.gov.my/CodeSystem/procedure-my-core,CodeSystemProcedureMyCore
80.11,Other arthrotomy of shoulder,Other arthrotomy of shoulder,http://fhir.hie.moh.gov.my/CodeSystem/procedure-my-core,CodeSystemProcedureMyCore
80.12,Other arthrotomy of elbow,Other arthrotomy of elbow,http://fhir.hie.moh.gov.my/CodeSystem/procedure-my-core,CodeSystemProcedureMyCore
80.13,Other arthrotomy of wrist,Other arthrotomy of wrist,http://fhir.hie.moh.gov.my/CodeSystem/procedure-my-core,CodeSystemProcedureMyCore
80.14,Other arthrotomy of hand and finger,Other arthrotomy of hand and finger,http://fhir.hie.moh.gov.my/CodeSystem/procedure-my-core,CodeSystemProcedureMyCore
80.15,Other arthrotomy of hip,Other arthrotomy of hip,http://fhir.hie.moh.gov.my/CodeSystem/procedure-my-core,CodeSystemProcedureMyCore
80.16,Other arthrotomy of knee,Other arthrotomy of knee,http://fhir.hie.moh.gov.my/CodeSystem/procedure-my-core,CodeSystemProcedureMyCore
80.17,Other arthrotomy of ankle,Other arthrotomy of ankle,http://fhir.hie.moh.gov.my/CodeSystem/procedure-my-core,CodeSystemProcedureMyCore
80.18,Other arthrotomy of foot and toe,Other arthrotomy of foot and toe,http://fhir.hie.moh.gov.my/CodeSystem/procedure-my-core,CodeSystemProcedureMyCore
80.19,Other arthrotomy of other specified site,Other arthrotomy of other specified site,http://fhir.hie.moh.gov.my/CodeSystem/procedure-my-core,CodeSystemProcedureMyCore
80.20,"Arthroscopy, unspecified site","Arthroscopy, unspecified site",http://fhir.hie.moh.gov.my/CodeSystem/procedure-my-core,CodeSystemProcedureMyCore
80.21,Arthroscopy of shoulder,Arthroscopy of shoulder,http://fhir.hie.moh.gov.my/CodeSystem/procedure-my-core,CodeSystemProcedureMyCore
80.22,Arthroscopy of elbow,Arthroscopy of elbow,http://fhir.hie.moh.gov.my/CodeSystem/procedure-my-core,CodeSystemProcedureMyCore
80.23,Arthroscopy of wrist,Arthroscopy of wrist,http://fhir.hie.moh.gov.my/CodeSystem/procedure-my-core,CodeSystemProcedureMyCore
80.24,Arthroscopy of hand and finger,Arthroscopy of hand and finger,http://fhir.hie.moh.gov.my/CodeSystem/procedure-my-core,CodeSystemProcedureMyCore
80.25,Arthroscopy of hip,Arthroscopy of hip,http://fhir.hie.moh.gov.my/CodeSystem/procedure-my-core,CodeSystemProcedureMyCore
80.26,Arthroscopy of knee,Arthroscopy of knee,http://fhir.hie.moh.gov.my/CodeSystem/procedure-my-core,CodeSystemProcedureMyCore
80.27,Arthroscopy of ankle,Arthroscopy of ankle,http://fhir.hie.moh.gov.my/CodeSystem/procedure-my-core,CodeSystemProcedureMyCore
80.28,Arthroscopy of foot and toe,Arthroscopy of foot and toe,http://fhir.hie.moh.gov.my/CodeSystem/procedure-my-core,CodeSystemProcedureMyCore
80.29,Arthroscopy of other specified site,Arthroscopy of other specified site,http://fhir.hie.moh.gov.my/CodeSystem/procedure-my-core,CodeSystemProcedureMyCore
80.30,"Biopsy of joint structure, unspecified site","Biopsy of joint structure, unspecified site",http://fhir.hie.moh.gov.my/CodeSystem/procedure-my-core,CodeSystemProcedureMyCore
80.31,Biopsy of joint structure of shoulder,Biopsy of joint structure of shoulder,http://fhir.hie.moh.gov.my/CodeSystem/procedure-my-core,CodeSystemProcedureMyCore
80.32,Biopsy of joint structure of elbow,Biopsy of joint structure of elbow,http://fhir.hie.moh.gov.my/CodeSystem/procedure-my-core,CodeSystemProcedureMyCore
80.33,Biopsy of joint structure of wrist,Biopsy of joint structure of wrist,http://fhir.hie.moh.gov.my/CodeSystem/procedure-my-core,CodeSystemProcedureMyCore
80.34,Biopsy of joint structure of hand and finger,Biopsy of joint structure of hand and finger,http://fhir.hie.moh.gov.my/CodeSystem/procedure-my-core,CodeSystemProcedureMyCore
80.35,Biopsy of joint structure of hip,Biopsy of joint structure of hip,http://fhir.hie.moh.gov.my/CodeSystem/procedure-my-core,CodeSystemProcedureMyCore
80.36,Biopsy of joint structure of knee,Biopsy of joint structure of knee,http://fhir.hie.moh.gov.my/CodeSystem/procedure-my-core,CodeSystemProcedureMyCore
80.37,Biopsy of joint structure of ankle,Biopsy of joint structure of ankle,http://fhir.hie.moh.gov.my/CodeSystem/procedure-my-core,CodeSystemProcedureMyCore
80.38,Biopsy of joint structure of foot and toe,Biopsy of joint structure of foot and toe,http://fhir.hie.moh.gov.my/CodeSystem/procedure-my-core,CodeSystemProcedureMyCore
80.39,Biopsy of joint structure of other specified site,Biopsy of joint structure of other specified site,http://fhir.hie.moh.gov.my/CodeSystem/procedure-my-core,CodeSystemProcedureMyCore
80.40,"Division of joint capsule, ligament, or cartilage, unspecified site","Division of joint capsule, ligament, or cartilage, unspecified site",http://fhir.hie.moh.gov.my/CodeSystem/procedure-my-core,CodeSystemProcedureMyCore
80.41,"Division of joint capsule, ligament, or cartilage of shoulder","Division of joint capsule, ligament, or cartilage of shoulder",http://fhir.hie.moh.gov.my/CodeSystem/procedure-my-core,CodeSystemProcedureMyCore
80.42,"Division of joint capsule, ligament, or cartilage of elbow","Division of joint capsule, ligament, or cartilage of elbow",http://fhir.hie.moh.gov.my/CodeSystem/procedure-my-core,CodeSystemProcedureMyCore
80.43,"Division of joint capsule, ligament, or cartilage of wrist","Division of joint capsule, ligament, or cartilage of wrist",http://fhir.hie.moh.gov.my/CodeSystem/procedure-my-core,CodeSystemProcedureMyCore
80.44,"Division of joint capsule, ligament, or cartilage of hand and finger","Division of joint capsule, ligament, or cartilage of hand and finger",http://fhir.hie.moh.gov.my/CodeSystem/procedure-my-core,CodeSystemProcedureMyCore
80.45,"Division of joint capsule, ligament, or cartilage of hip","Division of joint capsule, ligament, or cartilage of hip",http://fhir.hie.moh.gov.my/CodeSystem/procedure-my-core,CodeSystemProcedureMyCore
80.46,"Division of joint capsule, ligament, or cartilage of knee","Division of joint capsule, ligament, or cartilage of knee",http://fhir.hie.moh.gov.my/CodeSystem/procedure-my-core,CodeSystemProcedureMyCore
80.47,"Division of joint capsule, ligament, or cartilage of ankle","Division of joint capsule, ligament, or cartilage of ankle",http://fhir.hie.moh.gov.my/CodeSystem/procedure-my-core,CodeSystemProcedureMyCore
80.48,"Division of joint capsule, ligament, or cartilage of foot and toe","Division of joint capsule, ligament, or cartilage of foot and toe",http://fhir.hie.moh.gov.my/CodeSystem/procedure-my-core,CodeSystemProcedureMyCore
80.49,"Division of joint capsule, ligament, or cartilage of other specified site","Division of joint capsule, ligament, or cartilage of other specified site",http://fhir.hie.moh.gov.my/CodeSystem/procedure-my-core,CodeSystemProcedureMyCore
80.50,"Excision or destruction of intervertebral disc, unspecified","Excision or destruction of intervertebral disc, unspecified",http://fhir.hie.moh.gov.my/CodeSystem/procedure-my-core,CodeSystemProcedureMyCore
80.51,Excision of intervertebral disc,Excision of intervertebral disc,http://fhir.hie.moh.gov.my/CodeSystem/procedure-my-core,CodeSystemProcedureMyCore
80.52,Intervertebral chemonucleolysis,Intervertebral chemonucleolysis,http://fhir.hie.moh.gov.my/CodeSystem/procedure-my-core,CodeSystemProcedureMyCore
80.59,Other destruction of intervertebral disc,Other destruction of intervertebral disc,http://fhir.hie.moh.gov.my/CodeSystem/procedure-my-core,CodeSystemProcedureMyCore
80.6,Excision of semilunar cartilage of knee,Excision of semilunar cartilage of knee,http://fhir.hie.moh.gov.my/CodeSystem/procedure-my-core,CodeSystemProcedureMyCore
80.70,"Synovectomy, unspecified site","Synovectomy, unspecified site",http://fhir.hie.moh.gov.my/CodeSystem/procedure-my-core,CodeSystemProcedureMyCore
80.71,Synovectomy of shoulder,Synovectomy of shoulder,http://fhir.hie.moh.gov.my/CodeSystem/procedure-my-core,CodeSystemProcedureMyCore
80.72,Synovectomy of elbow,Synovectomy of elbow,http://fhir.hie.moh.gov.my/CodeSystem/procedure-my-core,CodeSystemProcedureMyCore
80.73,Synovectomy of wrist,Synovectomy of wrist,http://fhir.hie.moh.gov.my/CodeSystem/procedure-my-core,CodeSystemProcedureMyCore
80.74,Synovectomy of hand and finger,Synovectomy of hand and finger,http://fhir.hie.moh.gov.my/CodeSystem/procedure-my-core,CodeSystemProcedureMyCore
80.75,Synovectomy of hip,Synovectomy of hip,http://fhir.hie.moh.gov.my/CodeSystem/procedure-my-core,CodeSystemProcedureMyCore
80.76,Synovectomy of knee,Synovectomy of knee,http://fhir.hie.moh.gov.my/CodeSystem/procedure-my-core,CodeSystemProcedureMyCore
80.77,Synovectomy of ankle,Synovectomy of ankle,http://fhir.hie.moh.gov.my/CodeSystem/procedure-my-core,CodeSystemProcedureMyCore
80.78,Synovectomy of foot and toe,Synovectomy of foot and toe,http://fhir.hie.moh.gov.my/CodeSystem/procedure-my-core,CodeSystemProcedureMyCore
80.79,Synovectomy of other specified site,Synovectomy of other specified site,http://fhir.hie.moh.gov.my/CodeSystem/procedure-my-core,CodeSystemProcedureMyCore
80.80,"Other local excision or destruction of lesion of joint, unspecified site","Other local excision or destruction of lesion of joint, unspecified site",http://fhir.hie.moh.gov.my/CodeSystem/procedure-my-core,CodeSystemProcedureMyCore
80.81,Other local excision or destruction of lesion of shoulder joint,Other local excision or destruction of lesion of shoulder joint,http://fhir.hie.moh.gov.my/CodeSystem/procedure-my-core,CodeSystemProcedureMyCore
80.82,Other local excision or destruction of lesion of elbow joint,Other local excision or destruction of lesion of elbow joint,http://fhir.hie.moh.gov.my/CodeSystem/procedure-my-core,CodeSystemProcedureMyCore
80.83,Other local excision or destruction of lesion of wrist joint,Other local excision or destruction of lesion of wrist joint,http://fhir.hie.moh.gov.my/CodeSystem/procedure-my-core,CodeSystemProcedureMyCore
80.84,Other local excision or destruction of lesion of joint of hand and finger,Other local excision or destruction of lesion of joint of hand and finger,http://fhir.hie.moh.gov.my/CodeSystem/procedure-my-core,CodeSystemProcedureMyCore
80.85,Other local excision or destruction of lesion of hip joint,Other local excision or destruction of lesion of hip joint,http://fhir.hie.moh.gov.my/CodeSystem/procedure-my-core,CodeSystemProcedureMyCore
80.86,Other local excision or destruction of lesion of knee joint,Other local excision or destruction of lesion of knee joint,http://fhir.hie.moh.gov.my/CodeSystem/procedure-my-core,CodeSystemProcedureMyCore
80.87,Other local excision or destruction of lesion of ankle joint,Other local excision or destruction of lesion of ankle joint,http://fhir.hie.moh.gov.my/CodeSystem/procedure-my-core,CodeSystemProcedureMyCore
80.88,Other local excision or destruction of lesion of joint of foot and toe,Other local excision or destruction of lesion of joint of foot and toe,http://fhir.hie.moh.gov.my/CodeSystem/procedure-my-core,CodeSystemProcedureMyCore
80.89,Other local excision or destruction of lesion of joint of other specified site,Other local excision or destruction of lesion of joint of other specified site,http://fhir.hie.moh.gov.my/CodeSystem/procedure-my-core,CodeSystemProcedureMyCore
80.90,"Other excision of joint, unspecified site","Other excision of joint, unspecified site",http://fhir.hie.moh.gov.my/CodeSystem/procedure-my-core,CodeSystemProcedureMyCore
80.91,Other excision of shoulder joint,Other excision of shoulder joint,http://fhir.hie.moh.gov.my/CodeSystem/procedure-my-core,CodeSystemProcedureMyCore
80.92,Other excision of elbow joint,Other excision of elbow joint,http://fhir.hie.moh.gov.my/CodeSystem/procedure-my-core,CodeSystemProcedureMyCore
80.93,Other excision of wrist joint,Other excision of wrist joint,http://fhir.hie.moh.gov.my/CodeSystem/procedure-my-core,CodeSystemProcedureMyCore
80.94,Other excision of joint of hand and finger,Other excision of joint of hand and finger,http://fhir.hie.moh.gov.my/CodeSystem/procedure-my-core,CodeSystemProcedureMyCore
80.95,Other excision of hip joint,Other excision of hip joint,http://fhir.hie.moh.gov.my/CodeSystem/procedure-my-core,CodeSystemProcedureMyCore
80.96,Other excision of knee joint,Other excision of knee joint,http://fhir.hie.moh.gov.my/CodeSystem/procedure-my-core,CodeSystemProcedureMyCore
80.97,Other excision of ankle joint,Other excision of ankle joint,http://fhir.hie.moh.gov.my/CodeSystem/procedure-my-core,CodeSystemProcedureMyCore
80.98,Other excision of joint of foot and toe,Other excision of joint of foot and toe,http://fhir.hie.moh.gov.my/CodeSystem/procedure-my-core,CodeSystemProcedureMyCore
80.99,Other excision of joint of other specified site,Other excision of joint of other specified site,http://fhir.hie.moh.gov.my/CodeSystem/procedure-my-core,CodeSystemProcedureMyCore
81.00,"Spinal fusion, not otherwise specified","Spinal fusion, not otherwise specified",http://fhir.hie.moh.gov.my/CodeSystem/procedure-my-core,CodeSystemProcedureMyCore
81.01,Atlas-axis spinal fusion,Atlas-axis spinal fusion,http://fhir.hie.moh.gov.my/CodeSystem/procedure-my-core,CodeSystemProcedureMyCore
81.02,"Other cervical fusion, anterior technique","Other cervical fusion, anterior technique",http://fhir.hie.moh.gov.my/CodeSystem/procedure-my-core,CodeSystemProcedureMyCore
81.03,"Other cervical fusion, posterior technique","Other cervical fusion, posterior technique",http://fhir.hie.moh.gov.my/CodeSystem/procedure-my-core,CodeSystemProcedureMyCore
81.04,"Dorsal and dorsolumbar fusion, anterior technique","Dorsal and dorsolumbar fusion, anterior technique",http://fhir.hie.moh.gov.my/CodeSystem/procedure-my-core,CodeSystemProcedureMyCore
81.05,"Dorsal and dorsolumbar fusion, posterior technique","Dorsal and dorsolumbar fusion, posterior technique",http://fhir.hie.moh.gov.my/CodeSystem/procedure-my-core,CodeSystemProcedureMyCore
81.06,"Lumbar and lumbosacral fusion, anterior technique","Lumbar and lumbosacral fusion, anterior technique",http://fhir.hie.moh.gov.my/CodeSystem/procedure-my-core,CodeSystemProcedureMyCore
81.07,"Lumbar and lumbosacral fusion, lateral transverse process technique","Lumbar and lumbosacral fusion, lateral transverse process technique",http://fhir.hie.moh.gov.my/CodeSystem/procedure-my-core,CodeSystemProcedureMyCore
81.08,"Lumbar and lumbosacral fusion, posterior technique","Lumbar and lumbosacral fusion, posterior technique",http://fhir.hie.moh.gov.my/CodeSystem/procedure-my-core,CodeSystemProcedureMyCore
81.11,Ankle fusion,Ankle fusion,http://fhir.hie.moh.gov.my/CodeSystem/procedure-my-core,CodeSystemProcedureMyCore
81.12,Triple arthrodesis,Triple arthrodesis,http://fhir.hie.moh.gov.my/CodeSystem/procedure-my-core,CodeSystemProcedureMyCore
81.13,Subtalar fusion,Subtalar fusion,http://fhir.hie.moh.gov.my/CodeSystem/procedure-my-core,CodeSystemProcedureMyCore
81.14,Midtarsal fusion,Midtarsal fusion,http://fhir.hie.moh.gov.my/CodeSystem/procedure-my-core,CodeSystemProcedureMyCore
81.15,Tarsometatarsal fusion,Tarsometatarsal fusion,http://fhir.hie.moh.gov.my/CodeSystem/procedure-my-core,CodeSystemProcedureMyCore
81.16,Metatarsophalangeal fusion,Metatarsophalangeal fusion,http://fhir.hie.moh.gov.my/CodeSystem/procedure-my-core,CodeSystemProcedureMyCore
81.17,Other fusion of foot,Other fusion of foot,http://fhir.hie.moh.gov.my/CodeSystem/procedure-my-core,CodeSystemProcedureMyCore
81.20,Arthrodesis of unspecified joint,Arthrodesis of unspecified joint,http://fhir.hie.moh.gov.my/CodeSystem/procedure-my-core,CodeSystemProcedureMyCore
81.21,Arthrodesis of hip,Arthrodesis of hip,http://fhir.hie.moh.gov.my/CodeSystem/procedure-my-core,CodeSystemProcedureMyCore
81.22,Arthrodesis of knee,Arthrodesis of knee,http://fhir.hie.moh.gov.my/CodeSystem/procedure-my-core,CodeSystemProcedureMyCore
81.23,Arthrodesis of shoulder,Arthrodesis of shoulder,http://fhir.hie.moh.gov.my/CodeSystem/procedure-my-core,CodeSystemProcedureMyCore
81.24,Arthrodesis of elbow,Arthrodesis of elbow,http://fhir.hie.moh.gov.my/CodeSystem/procedure-my-core,CodeSystemProcedureMyCore
81.25,Carporadial fusion,Carporadial fusion,http://fhir.hie.moh.gov.my/CodeSystem/procedure-my-core,CodeSystemProcedureMyCore
81.26,Metacarpocarpal fusion,Metacarpocarpal fusion,http://fhir.hie.moh.gov.my/CodeSystem/procedure-my-core,CodeSystemProcedureMyCore
81.27,Metacarpophalangeal fusion,Metacarpophalangeal fusion,http://fhir.hie.moh.gov.my/CodeSystem/procedure-my-core,CodeSystemProcedureMyCore
81.28,Interphalangeal fusion,Interphalangeal fusion,http://fhir.hie.moh.gov.my/CodeSystem/procedure-my-core,CodeSystemProcedureMyCore
81.29,Arthrodesis of other specified joints,Arthrodesis of other specified joints,http://fhir.hie.moh.gov.my/CodeSystem/procedure-my-core,CodeSystemProcedureMyCore
81.30,"Refusion of spine, not otherwise specified","Refusion of spine, not otherwise specified",http://fhir.hie.moh.gov.my/CodeSystem/procedure-my-core,CodeSystemProcedureMyCore
81.31,Refusion of atlas-axis spine,Refusion of atlas-axis spine,http://fhir.hie.moh.gov.my/CodeSystem/procedure-my-core,CodeSystemProcedureMyCore
81.32,"Refusion of other cervical spine, anterior technique","Refusion of other cervical spine, anterior technique",http://fhir.hie.moh.gov.my/CodeSystem/procedure-my-core,CodeSystemProcedureMyCore
81.33,"Refusion of other cervical spine, posterior technique","Refusion of other cervical spine, posterior technique",http://fhir.hie.moh.gov.my/CodeSystem/procedure-my-core,CodeSystemProcedureMyCore
81.34,"Refusion of dorsal and dorsolumbar spine, anterior technique","Refusion of dorsal and dorsolumbar spine, anterior technique",http://fhir.hie.moh.gov.my/CodeSystem/procedure-my-core,CodeSystemProcedureMyCore
81.35,"Refusion of dorsal and dorsolumbar spine, posterior technique","Refusion of dorsal and dorsolumbar spine, posterior technique",http://fhir.hie.moh.gov.my/CodeSystem/procedure-my-core,CodeSystemProcedureMyCore
81.36,"Refusion of lumbar and lumbosacral spine, anterior technique","Refusion of lumbar and lumbosacral spine, anterior technique",http://fhir.hie.moh.gov.my/CodeSystem/procedure-my-core,CodeSystemProcedureMyCore
81.37,"Refusion of lumbar and lumbosacral spine, lateral transverse process technique","Refusion of lumbar and lumbosacral spine, lateral transverse process technique",http://fhir.hie.moh.gov.my/CodeSystem/procedure-my-core,CodeSystemProcedureMyCore
81.38,"Refusion of lumbar and lumbosacral spine, posterior technique","Refusion of lumbar and lumbosacral spine, posterior technique",http://fhir.hie.moh.gov.my/CodeSystem/procedure-my-core,CodeSystemProcedureMyCore
81.39,"Refusion of spine, not elsewhere classified","Refusion of spine, not elsewhere classified",http://fhir.hie.moh.gov.my/CodeSystem/procedure-my-core,CodeSystemProcedureMyCore
81.40,"Repair of hip, not elsewhere classified","Repair of hip, not elsewhere classified",http://fhir.hie.moh.gov.my/CodeSystem/procedure-my-core,CodeSystemProcedureMyCore
81.42,Five-in-one repair of knee,Five-in-one repair of knee,http://fhir.hie.moh.gov.my/CodeSystem/procedure-my-core,CodeSystemProcedureMyCore
81.43,Triad knee repair,Triad knee repair,http://fhir.hie.moh.gov.my/CodeSystem/procedure-my-core,CodeSystemProcedureMyCore
81.44,Patellar stabilization,Patellar stabilization,http://fhir.hie.moh.gov.my/CodeSystem/procedure-my-core,CodeSystemProcedureMyCore
81.45,Other repair of the cruciate ligaments,Other repair of the cruciate ligaments,http://fhir.hie.moh.gov.my/CodeSystem/procedure-my-core,CodeSystemProcedureMyCore
81.46,Other repair of the collateral ligaments,Other repair of the collateral ligaments,http://fhir.hie.moh.gov.my/CodeSystem/procedure-my-core,CodeSystemProcedureMyCore
81.47,Other repair of knee,Other repair of knee,http://fhir.hie.moh.gov.my/CodeSystem/procedure-my-core,CodeSystemProcedureMyCore
81.49,Other repair of ankle,Other repair of ankle,http://fhir.hie.moh.gov.my/CodeSystem/procedure-my-core,CodeSystemProcedureMyCore
81.51,Total hip replacement,Total hip replacement,http://fhir.hie.moh.gov.my/CodeSystem/procedure-my-core,CodeSystemProcedureMyCore
81.52,Partial hip replacement,Partial hip replacement,http://fhir.hie.moh.gov.my/CodeSystem/procedure-my-core,CodeSystemProcedureMyCore
81.53,Revision of hip replacement,Revision of hip replacement,http://fhir.hie.moh.gov.my/CodeSystem/procedure-my-core,CodeSystemProcedureMyCore
81.54,Total knee replacement,Total knee replacement,http://fhir.hie.moh.gov.my/CodeSystem/procedure-my-core,CodeSystemProcedureMyCore
81.55,Revision of knee replacement,Revision of knee replacement,http://fhir.hie.moh.gov.my/CodeSystem/procedure-my-core,CodeSystemProcedureMyCore
81.56,Total ankle replacement,Total ankle replacement,http://fhir.hie.moh.gov.my/CodeSystem/procedure-my-core,CodeSystemProcedureMyCore
81.57,Replacement of joint of foot and toe,Replacement of joint of foot and toe,http://fhir.hie.moh.gov.my/CodeSystem/procedure-my-core,CodeSystemProcedureMyCore
81.59,"Revision of joint replacement of lower extremity, not elsewhere classified","Revision of joint replacement of lower extremity, not elsewhere classified",http://fhir.hie.moh.gov.my/CodeSystem/procedure-my-core,CodeSystemProcedureMyCore
81.61,"360 degree spinal fusion, single incision approach","360 degree spinal fusion, single incision approach",http://fhir.hie.moh.gov.my/CodeSystem/procedure-my-core,CodeSystemProcedureMyCore
81.62,Fusion or refusion of 2-3 vertebrae,Fusion or refusion of 2-3 vertebrae,http://fhir.hie.moh.gov.my/CodeSystem/procedure-my-core,CodeSystemProcedureMyCore
81.63,Fusion or refusion of 4-8 vertebrae,Fusion or refusion of 4-8 vertebrae,http://fhir.hie.moh.gov.my/CodeSystem/procedure-my-core,CodeSystemProcedureMyCore
81.64,Fusion or refusion of 9 or more vertebrae,Fusion or refusion of 9 or more vertebrae,http://fhir.hie.moh.gov.my/CodeSystem/procedure-my-core,CodeSystemProcedureMyCore
81.65,Vertebroplasty,Vertebroplasty,http://fhir.hie.moh.gov.my/CodeSystem/procedure-my-core,CodeSystemProcedureMyCore
81.66,Kyphoplasty,Kyphoplasty,http://fhir.hie.moh.gov.my/CodeSystem/procedure-my-core,CodeSystemProcedureMyCore
81.71,Arthroplasty of metacarpophalangeal and interphalangeal joint with implant,Arthroplasty of metacarpophalangeal and interphalangeal joint with implant,http://fhir.hie.moh.gov.my/CodeSystem/procedure-my-core,CodeSystemProcedureMyCore
81.72,Arthroplasty of metacarpophalangeal and interphalangeal joint without implant,Arthroplasty of metacarpophalangeal and interphalangeal joint without implant,http://fhir.hie.moh.gov.my/CodeSystem/procedure-my-core,CodeSystemProcedureMyCore
81.73,Total wrist replacement,Total wrist replacement,http://fhir.hie.moh.gov.my/CodeSystem/procedure-my-core,CodeSystemProcedureMyCore
81.74,Arthroplasty of carpocarpal or carpometacarpal joint with implant,Arthroplasty of carpocarpal or carpometacarpal joint with implant,http://fhir.hie.moh.gov.my/CodeSystem/procedure-my-core,CodeSystemProcedureMyCore
81.75,Arthroplasty of carpocarpal or carpometacarpal joint without implant,Arthroplasty of carpocarpal or carpometacarpal joint without implant,http://fhir.hie.moh.gov.my/CodeSystem/procedure-my-core,CodeSystemProcedureMyCore
81.79,"Other repair of hand, fingers, and wrist","Other repair of hand, fingers, and wrist",http://fhir.hie.moh.gov.my/CodeSystem/procedure-my-core,CodeSystemProcedureMyCore
81.80,Total shoulder replacement,Total shoulder replacement,http://fhir.hie.moh.gov.my/CodeSystem/procedure-my-core,CodeSystemProcedureMyCore
81.81,Partial shoulder replacement,Partial shoulder replacement,http://fhir.hie.moh.gov.my/CodeSystem/procedure-my-core,CodeSystemProcedureMyCore
81.82,Repair of recurrent dislocation of shoulder,Repair of recurrent dislocation of shoulder,http://fhir.hie.moh.gov.my/CodeSystem/procedure-my-core,CodeSystemProcedureMyCore
81.83,Other repair of shoulder,Other repair of shoulder,http://fhir.hie.moh.gov.my/CodeSystem/procedure-my-core,CodeSystemProcedureMyCore
81.84,Total elbow replacement,Total elbow replacement,http://fhir.hie.moh.gov.my/CodeSystem/procedure-my-core,CodeSystemProcedureMyCore
81.85,Other repair of elbow,Other repair of elbow,http://fhir.hie.moh.gov.my/CodeSystem/procedure-my-core,CodeSystemProcedureMyCore
81.91,Arthrocentesis,Arthrocentesis,http://fhir.hie.moh.gov.my/CodeSystem/procedure-my-core,CodeSystemProcedureMyCore
81.92,Injection of therapeutic substance into joint or ligament,Injection of therapeutic substance into joint or ligament,http://fhir.hie.moh.gov.my/CodeSystem/procedure-my-core,CodeSystemProcedureMyCore
81.93,Suture of capsule or ligament of upper extremity,Suture of capsule or ligament of upper extremity,http://fhir.hie.moh.gov.my/CodeSystem/procedure-my-core,CodeSystemProcedureMyCore
81.94,Suture of capsule or ligament of ankle and foot,Suture of capsule or ligament of ankle and foot,http://fhir.hie.moh.gov.my/CodeSystem/procedure-my-core,CodeSystemProcedureMyCore
81.95,Suture of capsule or ligament of other lower extremity,Suture of capsule or ligament of other lower extremity,http://fhir.hie.moh.gov.my/CodeSystem/procedure-my-core,CodeSystemProcedureMyCore
81.96,Other repair of joint,Other repair of joint,http://fhir.hie.moh.gov.my/CodeSystem/procedure-my-core,CodeSystemProcedureMyCore
81.97,Revision of joint replacement of upper extremity,Revision of joint replacement of upper extremity,http://fhir.hie.moh.gov.my/CodeSystem/procedure-my-core,CodeSystemProcedureMyCore
81.98,Other diagnostic procedures on joint structures,Other diagnostic procedures on joint structures,http://fhir.hie.moh.gov.my/CodeSystem/procedure-my-core,CodeSystemProcedureMyCore
81.99,Other operations on joint structures,Other operations on joint structures,http://fhir.hie.moh.gov.my/CodeSystem/procedure-my-core,CodeSystemProcedureMyCore
82.01,Exploration of tendon sheath of hand,Exploration of tendon sheath of hand,http://fhir.hie.moh.gov.my/CodeSystem/procedure-my-core,CodeSystemProcedureMyCore
82.02,Myotomy of hand,Myotomy of hand,http://fhir.hie.moh.gov.my/CodeSystem/procedure-my-core,CodeSystemProcedureMyCore
82.03,Bursotomy of hand,Bursotomy of hand,http://fhir.hie.moh.gov.my/CodeSystem/procedure-my-core,CodeSystemProcedureMyCore
82.04,Incision and drainage of palmar or thenar space,Incision and drainage of palmar or thenar space,http://fhir.hie.moh.gov.my/CodeSystem/procedure-my-core,CodeSystemProcedureMyCore
82.09,Other incision of soft tissue of hand,Other incision of soft tissue of hand,http://fhir.hie.moh.gov.my/CodeSystem/procedure-my-core,CodeSystemProcedureMyCore
82.11,Tenotomy of hand,Tenotomy of hand,http://fhir.hie.moh.gov.my/CodeSystem/procedure-my-core,CodeSystemProcedureMyCore
82.12,Fasciotomy of hand,Fasciotomy of hand,http://fhir.hie.moh.gov.my/CodeSystem/procedure-my-core,CodeSystemProcedureMyCore
82.19,Other division of soft tissue of hand,Other division of soft tissue of hand,http://fhir.hie.moh.gov.my/CodeSystem/procedure-my-core,CodeSystemProcedureMyCore
82.21,Excision of lesion of tendon sheath of hand,Excision of lesion of tendon sheath of hand,http://fhir.hie.moh.gov.my/CodeSystem/procedure-my-core,CodeSystemProcedureMyCore
82.22,Excision of lesion of muscle of hand,Excision of lesion of muscle of hand,http://fhir.hie.moh.gov.my/CodeSystem/procedure-my-core,CodeSystemProcedureMyCore
82.29,Excision of other lesion of soft tissue of hand,Excision of other lesion of soft tissue of hand,http://fhir.hie.moh.gov.my/CodeSystem/procedure-my-core,CodeSystemProcedureMyCore
82.31,Bursectomy of hand,Bursectomy of hand,http://fhir.hie.moh.gov.my/CodeSystem/procedure-my-core,CodeSystemProcedureMyCore
82.32,Excision of tendon of hand for graft,Excision of tendon of hand for graft,http://fhir.hie.moh.gov.my/CodeSystem/procedure-my-core,CodeSystemProcedureMyCore
82.33,Other tenonectomy of hand,Other tenonectomy of hand,http://fhir.hie.moh.gov.my/CodeSystem/procedure-my-core,CodeSystemProcedureMyCore
82.34,Excision of muscle or fascia of hand for graft,Excision of muscle or fascia of hand for graft,http://fhir.hie.moh.gov.my/CodeSystem/procedure-my-core,CodeSystemProcedureMyCore
82.35,Other fasciectomy of hand,Other fasciectomy of hand,http://fhir.hie.moh.gov.my/CodeSystem/procedure-my-core,CodeSystemProcedureMyCore
82.36,Other myectomy of hand,Other myectomy of hand,http://fhir.hie.moh.gov.my/CodeSystem/procedure-my-core,CodeSystemProcedureMyCore
82.39,Other excision of soft tissue of hand,Other excision of soft tissue of hand,http://fhir.hie.moh.gov.my/CodeSystem/procedure-my-core,CodeSystemProcedureMyCore
82.41,Suture of tendon sheath of hand,Suture of tendon sheath of hand,http://fhir.hie.moh.gov.my/CodeSystem/procedure-my-core,CodeSystemProcedureMyCore
82.42,Delayed suture of flexor tendon of hand,Delayed suture of flexor tendon of hand,http://fhir.hie.moh.gov.my/CodeSystem/procedure-my-core,CodeSystemProcedureMyCore
82.43,Delayed suture of other tendon of hand,Delayed suture of other tendon of hand,http://fhir.hie.moh.gov.my/CodeSystem/procedure-my-core,CodeSystemProcedureMyCore
82.44,Other suture of flexor tendon of hand,Other suture of flexor tendon of hand,http://fhir.hie.moh.gov.my/CodeSystem/procedure-my-core,CodeSystemProcedureMyCore
82.45,Other suture of other tendon of hand,Other suture of other tendon of hand,http://fhir.hie.moh.gov.my/CodeSystem/procedure-my-core,CodeSystemProcedureMyCore
82.46,Suture of muscle or fascia of hand,Suture of muscle or fascia of hand,http://fhir.hie.moh.gov.my/CodeSystem/procedure-my-core,CodeSystemProcedureMyCore
82.51,Advancement of tendon of hand,Advancement of tendon of hand,http://fhir.hie.moh.gov.my/CodeSystem/procedure-my-core,CodeSystemProcedureMyCore
82.52,Recession of tendon of hand,Recession of tendon of hand,http://fhir.hie.moh.gov.my/CodeSystem/procedure-my-core,CodeSystemProcedureMyCore
82.53,Reattachment of tendon of hand,Reattachment of tendon of hand,http://fhir.hie.moh.gov.my/CodeSystem/procedure-my-core,CodeSystemProcedureMyCore
82.54,Reattachment of muscle of hand,Reattachment of muscle of hand,http://fhir.hie.moh.gov.my/CodeSystem/procedure-my-core,CodeSystemProcedureMyCore
82.55,Other change in hand muscle or tendon length,Other change in hand muscle or tendon length,http://fhir.hie.moh.gov.my/CodeSystem/procedure-my-core,CodeSystemProcedureMyCore
82.56,Other hand tendon transfer or transplantation,Other hand tendon transfer or transplantation,http://fhir.hie.moh.gov.my/CodeSystem/procedure-my-core,CodeSystemProcedureMyCore
82.57,Other hand tendon transposition,Other hand tendon transposition,http://fhir.hie.moh.gov.my/CodeSystem/procedure-my-core,CodeSystemProcedureMyCore
82.58,Other hand muscle transfer or transplantation,Other hand muscle transfer or transplantation,http://fhir.hie.moh.gov.my/CodeSystem/procedure-my-core,CodeSystemProcedureMyCore
82.59,Other hand muscle transposition,Other hand muscle transposition,http://fhir.hie.moh.gov.my/CodeSystem/procedure-my-core,CodeSystemProcedureMyCore
82.61,Pollicization operation carrying over nerves and blood supply,Pollicization operation carrying over nerves and blood supply,http://fhir.hie.moh.gov.my/CodeSystem/procedure-my-core,CodeSystemProcedureMyCore
82.69,Other reconstruction of thumb,Other reconstruction of thumb,http://fhir.hie.moh.gov.my/CodeSystem/procedure-my-core,CodeSystemProcedureMyCore
82.71,Tendon pulley reconstruction of hand,Tendon pulley reconstruction of hand,http://fhir.hie.moh.gov.my/CodeSystem/procedure-my-core,CodeSystemProcedureMyCore
82.72,Plastic operation on hand with graft of muscle or fascia,Plastic operation on hand with graft of muscle or fascia,http://fhir.hie.moh.gov.my/CodeSystem/procedure-my-core,CodeSystemProcedureMyCore
82.79,Plastic operation on hand with other graft or implant,Plastic operation on hand with other graft or implant,http://fhir.hie.moh.gov.my/CodeSystem/procedure-my-core,CodeSystemProcedureMyCore
82.81,"Transfer of finger, except thumb","Transfer of finger, except thumb",http://fhir.hie.moh.gov.my/CodeSystem/procedure-my-core,CodeSystemProcedureMyCore
82.82,Repair of cleft hand,Repair of cleft hand,http://fhir.hie.moh.gov.my/CodeSystem/procedure-my-core,CodeSystemProcedureMyCore
82.83,Repair of macrodactyly,Repair of macrodactyly,http://fhir.hie.moh.gov.my/CodeSystem/procedure-my-core,CodeSystemProcedureMyCore
82.84,Repair of mallet finger,Repair of mallet finger,http://fhir.hie.moh.gov.my/CodeSystem/procedure-my-core,CodeSystemProcedureMyCore
82.85,Other tenodesis of hand,Other tenodesis of hand,http://fhir.hie.moh.gov.my/CodeSystem/procedure-my-core,CodeSystemProcedureMyCore
82.86,Other tenoplasty of hand,Other tenoplasty of hand,http://fhir.hie.moh.gov.my/CodeSystem/procedure-my-core,CodeSystemProcedureMyCore
82.89,Other plastic operations on hand,Other plastic operations on hand,http://fhir.hie.moh.gov.my/CodeSystem/procedure-my-core,CodeSystemProcedureMyCore
82.91,Lysis of adhesions of hand,Lysis of adhesions of hand,http://fhir.hie.moh.gov.my/CodeSystem/procedure-my-core,CodeSystemProcedureMyCore
82.92,Aspiration of bursa of hand,Aspiration of bursa of hand,http://fhir.hie.moh.gov.my/CodeSystem/procedure-my-core,CodeSystemProcedureMyCore
82.93,Aspiration of other soft tissue of hand,Aspiration of other soft tissue of hand,http://fhir.hie.moh.gov.my/CodeSystem/procedure-my-core,CodeSystemProcedureMyCore
82.94,Injection of therapeutic substance into bursa of hand,Injection of therapeutic substance into bursa of hand,http://fhir.hie.moh.gov.my/CodeSystem/procedure-my-core,CodeSystemProcedureMyCore
82.95,Injection of therapeutic substance into tendon of hand,Injection of therapeutic substance into tendon of hand,http://fhir.hie.moh.gov.my/CodeSystem/procedure-my-core,CodeSystemProcedureMyCore
82.96,Other injection of locally-acting therapeutic substance into soft tissue of hand,Other injection of locally-acting therapeutic substance into soft tissue of hand,http://fhir.hie.moh.gov.my/CodeSystem/procedure-my-core,CodeSystemProcedureMyCore
82.99,"Other operations on muscle, tendon, and fascia of hand","Other operations on muscle, tendon, and fascia of hand",http://fhir.hie.moh.gov.my/CodeSystem/procedure-my-core,CodeSystemProcedureMyCore
83.01,Exploration of tendon sheath,Exploration of tendon sheath,http://fhir.hie.moh.gov.my/CodeSystem/procedure-my-core,CodeSystemProcedureMyCore
83.02,Myotomy,Myotomy,http://fhir.hie.moh.gov.my/CodeSystem/procedure-my-core,CodeSystemProcedureMyCore
83.03,Bursotomy,Bursotomy,http://fhir.hie.moh.gov.my/CodeSystem/procedure-my-core,CodeSystemProcedureMyCore
83.09,Other incision of soft tissue,Other incision of soft tissue,http://fhir.hie.moh.gov.my/CodeSystem/procedure-my-core,CodeSystemProcedureMyCore
83.11,Achillotenotomy,Achillotenotomy,http://fhir.hie.moh.gov.my/CodeSystem/procedure-my-core,CodeSystemProcedureMyCore
83.12,Adductor tenotomy of hip,Adductor tenotomy of hip,http://fhir.hie.moh.gov.my/CodeSystem/procedure-my-core,CodeSystemProcedureMyCore
83.13,Other tenotomy,Other tenotomy,http://fhir.hie.moh.gov.my/CodeSystem/procedure-my-core,CodeSystemProcedureMyCore
83.14,Fasciotomy,Fasciotomy,http://fhir.hie.moh.gov.my/CodeSystem/procedure-my-core,CodeSystemProcedureMyCore
83.19,Other division of soft tissue,Other division of soft tissue,http://fhir.hie.moh.gov.my/CodeSystem/procedure-my-core,CodeSystemProcedureMyCore
83.21,Biopsy of soft tissue,Biopsy of soft tissue,http://fhir.hie.moh.gov.my/CodeSystem/procedure-my-core,CodeSystemProcedureMyCore
83.29,"Other diagnostic procedures on muscle, tendon, fascia, and bursa, including that of hand","Other diagnostic procedures on muscle, tendon, fascia, and bursa, including that of hand",http://fhir.hie.moh.gov.my/CodeSystem/procedure-my-core,CodeSystemProcedureMyCore
83.31,Excision of lesion of tendon sheath,Excision of lesion of tendon sheath,http://fhir.hie.moh.gov.my/CodeSystem/procedure-my-core,CodeSystemProcedureMyCore
83.32,Excision of lesion of muscle,Excision of lesion of muscle,http://fhir.hie.moh.gov.my/CodeSystem/procedure-my-core,CodeSystemProcedureMyCore
83.39,Excision of lesion of other soft tissue,Excision of lesion of other soft tissue,http://fhir.hie.moh.gov.my/CodeSystem/procedure-my-core,CodeSystemProcedureMyCore
83.41,Excision of tendon for graft,Excision of tendon for graft,http://fhir.hie.moh.gov.my/CodeSystem/procedure-my-core,CodeSystemProcedureMyCore
83.42,Other tenonectomy,Other tenonectomy,http://fhir.hie.moh.gov.my/CodeSystem/procedure-my-core,CodeSystemProcedureMyCore
83.43,Excision of muscle or fascia for graft,Excision of muscle or fascia for graft,http://fhir.hie.moh.gov.my/CodeSystem/procedure-my-core,CodeSystemProcedureMyCore
83.44,Other fasciectomy,Other fasciectomy,http://fhir.hie.moh.gov.my/CodeSystem/procedure-my-core,CodeSystemProcedureMyCore
83.45,Other myectomy,Other myectomy,http://fhir.hie.moh.gov.my/CodeSystem/procedure-my-core,CodeSystemProcedureMyCore
83.49,Other excision of soft tissue,Other excision of soft tissue,http://fhir.hie.moh.gov.my/CodeSystem/procedure-my-core,CodeSystemProcedureMyCore
83.5,Bursectomy,Bursectomy,http://fhir.hie.moh.gov.my/CodeSystem/procedure-my-core,CodeSystemProcedureMyCore
83.61,Suture of tendon sheath,Suture of tendon sheath,http://fhir.hie.moh.gov.my/CodeSystem/procedure-my-core,CodeSystemProcedureMyCore
83.62,Delayed suture of tendon,Delayed suture of tendon,http://fhir.hie.moh.gov.my/CodeSystem/procedure-my-core,CodeSystemProcedureMyCore
83.63,Rotator cuff repair,Rotator cuff repair,http://fhir.hie.moh.gov.my/CodeSystem/procedure-my-core,CodeSystemProcedureMyCore
83.64,Other suture of tendon,Other suture of tendon,http://fhir.hie.moh.gov.my/CodeSystem/procedure-my-core,CodeSystemProcedureMyCore
83.65,Other suture of muscle or fascia,Other suture of muscle or fascia,http://fhir.hie.moh.gov.my/CodeSystem/procedure-my-core,CodeSystemProcedureMyCore
83.71,Advancement of tendon,Advancement of tendon,http://fhir.hie.moh.gov.my/CodeSystem/procedure-my-core,CodeSystemProcedureMyCore
83.72,Recession of tendon,Recession of tendon,http://fhir.hie.moh.gov.my/CodeSystem/procedure-my-core,CodeSystemProcedureMyCore
83.73,Reattachment of tendon,Reattachment of tendon,http://fhir.hie.moh.gov.my/CodeSystem/procedure-my-core,CodeSystemProcedureMyCore
83.74,Reattachment of muscle,Reattachment of muscle,http://fhir.hie.moh.gov.my/CodeSystem/procedure-my-core,CodeSystemProcedureMyCore
83.75,Tendon transfer or transplantation,Tendon transfer or transplantation,http://fhir.hie.moh.gov.my/CodeSystem/procedure-my-core,CodeSystemProcedureMyCore
83.76,Other tendon transposition,Other tendon transposition,http://fhir.hie.moh.gov.my/CodeSystem/procedure-my-core,CodeSystemProcedureMyCore
83.77,Muscle transfer or transplantation,Muscle transfer or transplantation,http://fhir.hie.moh.gov.my/CodeSystem/procedure-my-core,CodeSystemProcedureMyCore
83.79,Other muscle transposition,Other muscle transposition,http://fhir.hie.moh.gov.my/CodeSystem/procedure-my-core,CodeSystemProcedureMyCore
83.81,Tendon graft,Tendon graft,http://fhir.hie.moh.gov.my/CodeSystem/procedure-my-core,CodeSystemProcedureMyCore
83.82,Graft of muscle or fascia,Graft of muscle or fascia,http://fhir.hie.moh.gov.my/CodeSystem/procedure-my-core,CodeSystemProcedureMyCore
83.83,Tendon pulley reconstruction other than hand,Tendon pulley reconstruction other than hand,http://fhir.hie.moh.gov.my/CodeSystem/procedure-my-core,CodeSystemProcedureMyCore
83.84,"Release of clubfoot, not elsewhere classified","Release of clubfoot, not elsewhere classified",http://fhir.hie.moh.gov.my/CodeSystem/procedure-my-core,CodeSystemProcedureMyCore
83.85,Other change in muscle or tendon length,Other change in muscle or tendon length,http://fhir.hie.moh.gov.my/CodeSystem/procedure-my-core,CodeSystemProcedureMyCore
83.86,Quadricepsplasty,Quadricepsplasty,http://fhir.hie.moh.gov.my/CodeSystem/procedure-my-core,CodeSystemProcedureMyCore
83.87,Other plastic operations on muscle,Other plastic operations on muscle,http://fhir.hie.moh.gov.my/CodeSystem/procedure-my-core,CodeSystemProcedureMyCore
83.88,Other plastic operations on tendon,Other plastic operations on tendon,http://fhir.hie.moh.gov.my/CodeSystem/procedure-my-core,CodeSystemProcedureMyCore
83.89,Other plastic operations on fascia,Other plastic operations on fascia,http://fhir.hie.moh.gov.my/CodeSystem/procedure-my-core,CodeSystemProcedureMyCore
83.91,"Lysis of adhesions of muscle, tendon, fascia, and bursa","Lysis of adhesions of muscle, tendon, fascia, and bursa",http://fhir.hie.moh.gov.my/CodeSystem/procedure-my-core,CodeSystemProcedureMyCore
83.92,Insertion or replacement of skeletal muscle stimulator,Insertion or replacement of skeletal muscle stimulator,http://fhir.hie.moh.gov.my/CodeSystem/procedure-my-core,CodeSystemProcedureMyCore
83.93,Removal of skeletal muscle stimulator,Removal of skeletal muscle stimulator,http://fhir.hie.moh.gov.my/CodeSystem/procedure-my-core,CodeSystemProcedureMyCore
83.94,Aspiration of bursa,Aspiration of bursa,http://fhir.hie.moh.gov.my/CodeSystem/procedure-my-core,CodeSystemProcedureMyCore
83.95,Aspiration of other soft tissue,Aspiration of other soft tissue,http://fhir.hie.moh.gov.my/CodeSystem/procedure-my-core,CodeSystemProcedureMyCore
83.96,Injection of therapeutic substance into bursa,Injection of therapeutic substance into bursa,http://fhir.hie.moh.gov.my/CodeSystem/procedure-my-core,CodeSystemProcedureMyCore
83.97,Injection of therapeutic substance into tendon,Injection of therapeutic substance into tendon,http://fhir.hie.moh.gov.my/CodeSystem/procedure-my-core,CodeSystemProcedureMyCore
83.98,Injection of locally acting therapeutic substance into other soft tissue,Injection of locally acting therapeutic substance into other soft tissue,http://fhir.hie.moh.gov.my/CodeSystem/procedure-my-core,CodeSystemProcedureMyCore
83.99,"Other operations on muscle, tendon, fascia, and bursa","Other operations on muscle, tendon, fascia, and bursa",http://fhir.hie.moh.gov.my/CodeSystem/procedure-my-core,CodeSystemProcedureMyCore
84.00,"Upper limb amputation, not otherwise specified","Upper limb amputation, not otherwise specified",http://fhir.hie.moh.gov.my/CodeSystem/procedure-my-core,CodeSystemProcedureMyCore
84.01,Amputation and disarticulation of finger,Amputation and disarticulation of finger,http://fhir.hie.moh.gov.my/CodeSystem/procedure-my-core,CodeSystemProcedureMyCore
84.02,Amputation and disarticulation of thumb,Amputation and disarticulation of thumb,http://fhir.hie.moh.gov.my/CodeSystem/procedure-my-core,CodeSystemProcedureMyCore
84.03,Amputation through hand,Amputation through hand,http://fhir.hie.moh.gov.my/CodeSystem/procedure-my-core,CodeSystemProcedureMyCore
84.04,Disarticulation of wrist,Disarticulation of wrist,http://fhir.hie.moh.gov.my/CodeSystem/procedure-my-core,CodeSystemProcedureMyCore
84.05,Amputation through forearm,Amputation through forearm,http://fhir.hie.moh.gov.my/CodeSystem/procedure-my-core,CodeSystemProcedureMyCore
84.06,Disarticulation of elbow,Disarticulation of elbow,http://fhir.hie.moh.gov.my/CodeSystem/procedure-my-core,CodeSystemProcedureMyCore
84.07,Amputation through humerus,Amputation through humerus,http://fhir.hie.moh.gov.my/CodeSystem/procedure-my-core,CodeSystemProcedureMyCore
84.08,Disarticulation of shoulder,Disarticulation of shoulder,http://fhir.hie.moh.gov.my/CodeSystem/procedure-my-core,CodeSystemProcedureMyCore
84.09,Interthoracoscapular amputation,Interthoracoscapular amputation,http://fhir.hie.moh.gov.my/CodeSystem/procedure-my-core,CodeSystemProcedureMyCore
84.10,"Lower limb amputation, not otherwise specified","Lower limb amputation, not otherwise specified",http://fhir.hie.moh.gov.my/CodeSystem/procedure-my-core,CodeSystemProcedureMyCore
84.11,Amputation of toe,Amputation of toe,http://fhir.hie.moh.gov.my/CodeSystem/procedure-my-core,CodeSystemProcedureMyCore
84.12,Amputation through foot,Amputation through foot,http://fhir.hie.moh.gov.my/CodeSystem/procedure-my-core,CodeSystemProcedureMyCore
84.13,Disarticulation of ankle,Disarticulation of ankle,http://fhir.hie.moh.gov.my/CodeSystem/procedure-my-core,CodeSystemProcedureMyCore
84.14,Amputation of ankle through malleoli of tibia and fibula,Amputation of ankle through malleoli of tibia and fibula,http://fhir.hie.moh.gov.my/CodeSystem/procedure-my-core,CodeSystemProcedureMyCore
84.15,Other amputation below knee,Other amputation below knee,http://fhir.hie.moh.gov.my/CodeSystem/procedure-my-core,CodeSystemProcedureMyCore
84.16,Disarticulation of knee,Disarticulation of knee,http://fhir.hie.moh.gov.my/CodeSystem/procedure-my-core,CodeSystemProcedureMyCore
84.17,Amputation above knee,Amputation above knee,http://fhir.hie.moh.gov.my/CodeSystem/procedure-my-core,CodeSystemProcedureMyCore
84.18,Disarticulation of hip,Disarticulation of hip,http://fhir.hie.moh.gov.my/CodeSystem/procedure-my-core,CodeSystemProcedureMyCore
84.19,Abdominopelvic amputation,Abdominopelvic amputation,http://fhir.hie.moh.gov.my/CodeSystem/procedure-my-core,CodeSystemProcedureMyCore
84.21,Thumb reattachment,Thumb reattachment,http://fhir.hie.moh.gov.my/CodeSystem/procedure-my-core,CodeSystemProcedureMyCore
84.22,Finger reattachment,Finger reattachment,http://fhir.hie.moh.gov.my/CodeSystem/procedure-my-core,CodeSystemProcedureMyCore
84.23,"Forearm, wrist, or hand reattachment","Forearm, wrist, or hand reattachment",http://fhir.hie.moh.gov.my/CodeSystem/procedure-my-core,CodeSystemProcedureMyCore
84.24,Upper arm reattachment,Upper arm reattachment,http://fhir.hie.moh.gov.my/CodeSystem/procedure-my-core,CodeSystemProcedureMyCore
84.25,Toe reattachment,Toe reattachment,http://fhir.hie.moh.gov.my/CodeSystem/procedure-my-core,CodeSystemProcedureMyCore
84.26,Foot reattachment,Foot reattachment,http://fhir.hie.moh.gov.my/CodeSystem/procedure-my-core,CodeSystemProcedureMyCore
84.27,Lower leg or ankle reattachment,Lower leg or ankle reattachment,http://fhir.hie.moh.gov.my/CodeSystem/procedure-my-core,CodeSystemProcedureMyCore
84.28,Thigh reattachment,Thigh reattachment,http://fhir.hie.moh.gov.my/CodeSystem/procedure-my-core,CodeSystemProcedureMyCore
84.29,Other reattachment of extremity,Other reattachment of extremity,http://fhir.hie.moh.gov.my/CodeSystem/procedure-my-core,CodeSystemProcedureMyCore
84.3,Revision of amputation stump,Revision of amputation stump,http://fhir.hie.moh.gov.my/CodeSystem/procedure-my-core,CodeSystemProcedureMyCore
84.40,"Implantation or fitting of prosthetic limb device, not otherwise specified","Implantation or fitting of prosthetic limb device, not otherwise specified",http://fhir.hie.moh.gov.my/CodeSystem/procedure-my-core,CodeSystemProcedureMyCore
84.41,Fitting of prosthesis of upper arm and shoulder,Fitting of prosthesis of upper arm and shoulder,http://fhir.hie.moh.gov.my/CodeSystem/procedure-my-core,CodeSystemProcedureMyCore
84.42,Fitting of prosthesis of lower arm and hand,Fitting of prosthesis of lower arm and hand,http://fhir.hie.moh.gov.my/CodeSystem/procedure-my-core,CodeSystemProcedureMyCore
84.43,"Fitting of prosthesis of arm, not otherwise specified","Fitting of prosthesis of arm, not otherwise specified",http://fhir.hie.moh.gov.my/CodeSystem/procedure-my-core,CodeSystemProcedureMyCore
84.44,Implantation of prosthetic device of arm,Implantation of prosthetic device of arm,http://fhir.hie.moh.gov.my/CodeSystem/procedure-my-core,CodeSystemProcedureMyCore
84.45,Fitting of prosthesis above knee,Fitting of prosthesis above knee,http://fhir.hie.moh.gov.my/CodeSystem/procedure-my-core,CodeSystemProcedureMyCore
84.46,Fitting of prosthesis below knee,Fitting of prosthesis below knee,http://fhir.hie.moh.gov.my/CodeSystem/procedure-my-core,CodeSystemProcedureMyCore
84.47,"Fitting of prosthesis of leg, not otherwise specified","Fitting of prosthesis of leg, not otherwise specified",http://fhir.hie.moh.gov.my/CodeSystem/procedure-my-core,CodeSystemProcedureMyCore
84.48,Implantation of prosthetic device of leg,Implantation of prosthetic device of leg,http://fhir.hie.moh.gov.my/CodeSystem/procedure-my-core,CodeSystemProcedureMyCore
84.51,Insertion of interbody spinal fusion device,Insertion of interbody spinal fusion device,http://fhir.hie.moh.gov.my/CodeSystem/procedure-my-core,CodeSystemProcedureMyCore
84.52,Insertion of recombinant bone morphogenetic protein rhBMP,Insertion of recombinant bone morphogenetic protein rhBMP,http://fhir.hie.moh.gov.my/CodeSystem/procedure-my-core,CodeSystemProcedureMyCore
84.53,Implantation of internal limb lengthening device with kinetic distraction,Implantation of internal limb lengthening device with kinetic distraction,http://fhir.hie.moh.gov.my/CodeSystem/procedure-my-core,CodeSystemProcedureMyCore
84.54,Implantation of other internal limb lengthening device,Implantation of other internal limb lengthening device,http://fhir.hie.moh.gov.my/CodeSystem/procedure-my-core,CodeSystemProcedureMyCore
84.55,Insertion of bone void filler,Insertion of bone void filler,http://fhir.hie.moh.gov.my/CodeSystem/procedure-my-core,CodeSystemProcedureMyCore
84.59,Insertion of other spinal devices,Insertion of other spinal devices,http://fhir.hie.moh.gov.my/CodeSystem/procedure-my-core,CodeSystemProcedureMyCore
84.60,"Insertion of spinal disc prosthesis, not otherwise specified","Insertion of spinal disc prosthesis, not otherwise specified",http://fhir.hie.moh.gov.my/CodeSystem/procedure-my-core,CodeSystemProcedureMyCore
84.61,"Insertion of partial spinal disc prosthesis, cervical","Insertion of partial spinal disc prosthesis, cervical",http://fhir.hie.moh.gov.my/CodeSystem/procedure-my-core,CodeSystemProcedureMyCore
84.62,"Insertion of total spinal disc prosthesis, cervical","Insertion of total spinal disc prosthesis, cervical",http://fhir.hie.moh.gov.my/CodeSystem/procedure-my-core,CodeSystemProcedureMyCore
84.63,"Insertion of spinal disc prosthesis, thoracic","Insertion of spinal disc prosthesis, thoracic",http://fhir.hie.moh.gov.my/CodeSystem/procedure-my-core,CodeSystemProcedureMyCore
84.64,"Insertion of partial spinal disc prosthesis, lumbosacral","Insertion of partial spinal disc prosthesis, lumbosacral",http://fhir.hie.moh.gov.my/CodeSystem/procedure-my-core,CodeSystemProcedureMyCore
84.65,"Insertion of total spinal disc prosthesis, lumbosacral","Insertion of total spinal disc prosthesis, lumbosacral",http://fhir.hie.moh.gov.my/CodeSystem/procedure-my-core,CodeSystemProcedureMyCore
84.66,"Revision or replacement of artificial spinal disc prosthesis, cervical","Revision or replacement of artificial spinal disc prosthesis, cervical",http://fhir.hie.moh.gov.my/CodeSystem/procedure-my-core,CodeSystemProcedureMyCore
84.67,"Revision or replacement of artificial spinal disc prosthesis, thoracic","Revision or replacement of artificial spinal disc prosthesis, thoracic",http://fhir.hie.moh.gov.my/CodeSystem/procedure-my-core,CodeSystemProcedureMyCore
84.68,"Revision or replacement of artificial spinal disc prosthesis, lumbosacral","Revision or replacement of artificial spinal disc prosthesis, lumbosacral",http://fhir.hie.moh.gov.my/CodeSystem/procedure-my-core,CodeSystemProcedureMyCore
84.69,"Revision or replacement of artificial spinal disc prosthesis, not otherwise specified","Revision or replacement of artificial spinal disc prosthesis, not otherwise specified",http://fhir.hie.moh.gov.my/CodeSystem/procedure-my-core,CodeSystemProcedureMyCore
84.91,"Amputation, not otherwise specified","Amputation, not otherwise specified",http://fhir.hie.moh.gov.my/CodeSystem/procedure-my-core,CodeSystemProcedureMyCore
84.92,Separation of equal conjoined twins,Separation of equal conjoined twins,http://fhir.hie.moh.gov.my/CodeSystem/procedure-my-core,CodeSystemProcedureMyCore
84.93,Separation of unequal conjoined twins,Separation of unequal conjoined twins,http://fhir.hie.moh.gov.my/CodeSystem/procedure-my-core,CodeSystemProcedureMyCore
84.99,Other operations on musculoskeletal system,Other operations on musculoskeletal system,http://fhir.hie.moh.gov.my/CodeSystem/procedure-my-core,CodeSystemProcedureMyCore
85.0,Mastotomy,Mastotomy,http://fhir.hie.moh.gov.my/CodeSystem/procedure-my-core,CodeSystemProcedureMyCore
85.11,Closed [percutaneous] [needle] biopsy of breast,Closed [percutaneous] [needle] biopsy of breast,http://fhir.hie.moh.gov.my/CodeSystem/procedure-my-core,CodeSystemProcedureMyCore
85.12,Open biopsy of breast,Open biopsy of breast,http://fhir.hie.moh.gov.my/CodeSystem/procedure-my-core,CodeSystemProcedureMyCore
85.19,Other diagnostic procedures on breast,Other diagnostic procedures on breast,http://fhir.hie.moh.gov.my/CodeSystem/procedure-my-core,CodeSystemProcedureMyCore
85.20,"Excision or destruction of breast tissue, not otherwise specified","Excision or destruction of breast tissue, not otherwise specified",http://fhir.hie.moh.gov.my/CodeSystem/procedure-my-core,CodeSystemProcedureMyCore
85.21,Local excision of lesion of breast,Local excision of lesion of breast,http://fhir.hie.moh.gov.my/CodeSystem/procedure-my-core,CodeSystemProcedureMyCore
85.22,Resection of quadrant of breast,Resection of quadrant of breast,http://fhir.hie.moh.gov.my/CodeSystem/procedure-my-core,CodeSystemProcedureMyCore
85.23,Subtotal mastectomy,Subtotal mastectomy,http://fhir.hie.moh.gov.my/CodeSystem/procedure-my-core,CodeSystemProcedureMyCore
85.24,Excision of ectopic breast tissue,Excision of ectopic breast tissue,http://fhir.hie.moh.gov.my/CodeSystem/procedure-my-core,CodeSystemProcedureMyCore
85.25,Excision of nipple,Excision of nipple,http://fhir.hie.moh.gov.my/CodeSystem/procedure-my-core,CodeSystemProcedureMyCore
85.31,Unilateral reduction mammoplasty,Unilateral reduction mammoplasty,http://fhir.hie.moh.gov.my/CodeSystem/procedure-my-core,CodeSystemProcedureMyCore
85.32,Bilateral reduction mammoplasty,Bilateral reduction mammoplasty,http://fhir.hie.moh.gov.my/CodeSystem/procedure-my-core,CodeSystemProcedureMyCore
85.33,Unilateral subcutaneous mammectomy with synchronous implant,Unilateral subcutaneous mammectomy with synchronous implant,http://fhir.hie.moh.gov.my/CodeSystem/procedure-my-core,CodeSystemProcedureMyCore
85.34,Other unilateral subcutaneous mammectomy,Other unilateral subcutaneous mammectomy,http://fhir.hie.moh.gov.my/CodeSystem/procedure-my-core,CodeSystemProcedureMyCore
85.35,Bilateral subcutaneous mammectomy with synchronous implant,Bilateral subcutaneous mammectomy with synchronous implant,http://fhir.hie.moh.gov.my/CodeSystem/procedure-my-core,CodeSystemProcedureMyCore
85.36,Other bilateral subcutaneous mammectomy,Other bilateral subcutaneous mammectomy,http://fhir.hie.moh.gov.my/CodeSystem/procedure-my-core,CodeSystemProcedureMyCore
85.41,Unilateral simple mastectomy,Unilateral simple mastectomy,http://fhir.hie.moh.gov.my/CodeSystem/procedure-my-core,CodeSystemProcedureMyCore
85.42,Bilateral simple mastectomy,Bilateral simple mastectomy,http://fhir.hie.moh.gov.my/CodeSystem/procedure-my-core,CodeSystemProcedureMyCore
85.43,Unilateral extended simple mastectomy,Unilateral extended simple mastectomy,http://fhir.hie.moh.gov.my/CodeSystem/procedure-my-core,CodeSystemProcedureMyCore
85.44,Bilateral extended simple mastectomy,Bilateral extended simple mastectomy,http://fhir.hie.moh.gov.my/CodeSystem/procedure-my-core,CodeSystemProcedureMyCore
85.45,Unilateral radical mastectomy,Unilateral radical mastectomy,http://fhir.hie.moh.gov.my/CodeSystem/procedure-my-core,CodeSystemProcedureMyCore
85.46,Bilateral radical mastectomy,Bilateral radical mastectomy,http://fhir.hie.moh.gov.my/CodeSystem/procedure-my-core,CodeSystemProcedureMyCore
85.47,Unilateral extended radical mastectomy,Unilateral extended radical mastectomy,http://fhir.hie.moh.gov.my/CodeSystem/procedure-my-core,CodeSystemProcedureMyCore
85.48,Bilateral extended radical mastectomy,Bilateral extended radical mastectomy,http://fhir.hie.moh.gov.my/CodeSystem/procedure-my-core,CodeSystemProcedureMyCore
85.50,"Augmentation mammoplasty, not otherwise specified","Augmentation mammoplasty, not otherwise specified",http://fhir.hie.moh.gov.my/CodeSystem/procedure-my-core,CodeSystemProcedureMyCore
85.51,Unilateral injection into breast for augmentation,Unilateral injection into breast for augmentation,http://fhir.hie.moh.gov.my/CodeSystem/procedure-my-core,CodeSystemProcedureMyCore
85.52,Bilateral injection into breast for augmentation,Bilateral injection into breast for augmentation,http://fhir.hie.moh.gov.my/CodeSystem/procedure-my-core,CodeSystemProcedureMyCore
85.53,Unilateral breast implant,Unilateral breast implant,http://fhir.hie.moh.gov.my/CodeSystem/procedure-my-core,CodeSystemProcedureMyCore
85.54,Bilateral breast implant,Bilateral breast implant,http://fhir.hie.moh.gov.my/CodeSystem/procedure-my-core,CodeSystemProcedureMyCore
85.6,Mastopexy,Mastopexy,http://fhir.hie.moh.gov.my/CodeSystem/procedure-my-core,CodeSystemProcedureMyCore
85.7,Total reconstruction of breast,Total reconstruction of breast,http://fhir.hie.moh.gov.my/CodeSystem/procedure-my-core,CodeSystemProcedureMyCore
85.81,Suture of laceration of breast,Suture of laceration of breast,http://fhir.hie.moh.gov.my/CodeSystem/procedure-my-core,CodeSystemProcedureMyCore
85.82,Split-thickness graft to breast,Split-thickness graft to breast,http://fhir.hie.moh.gov.my/CodeSystem/procedure-my-core,CodeSystemProcedureMyCore
85.83,Full-thickness graft to breast,Full-thickness graft to breast,http://fhir.hie.moh.gov.my/CodeSystem/procedure-my-core,CodeSystemProcedureMyCore
85.84,Pedicle graft to breast,Pedicle graft to breast,http://fhir.hie.moh.gov.my/CodeSystem/procedure-my-core,CodeSystemProcedureMyCore
85.85,Muscle flap graft to breast,Muscle flap graft to breast,http://fhir.hie.moh.gov.my/CodeSystem/procedure-my-core,CodeSystemProcedureMyCore
85.86,Transposition of nipple,Transposition of nipple,http://fhir.hie.moh.gov.my/CodeSystem/procedure-my-core,CodeSystemProcedureMyCore
85.87,Other repair or reconstruction of nipple,Other repair or reconstruction of nipple,http://fhir.hie.moh.gov.my/CodeSystem/procedure-my-core,CodeSystemProcedureMyCore
85.89,Other mammoplasty,Other mammoplasty,http://fhir.hie.moh.gov.my/CodeSystem/procedure-my-core,CodeSystemProcedureMyCore
85.91,Aspiration of breast,Aspiration of breast,http://fhir.hie.moh.gov.my/CodeSystem/procedure-my-core,CodeSystemProcedureMyCore
85.92,Injection of therapeutic agent into breast,Injection of therapeutic agent into breast,http://fhir.hie.moh.gov.my/CodeSystem/procedure-my-core,CodeSystemProcedureMyCore
85.93,Revision of implant of breast,Revision of implant of breast,http://fhir.hie.moh.gov.my/CodeSystem/procedure-my-core,CodeSystemProcedureMyCore
85.94,Removal of implant of breast,Removal of implant of breast,http://fhir.hie.moh.gov.my/CodeSystem/procedure-my-core,CodeSystemProcedureMyCore
85.95,Insertion of breast tissue expander,Insertion of breast tissue expander,http://fhir.hie.moh.gov.my/CodeSystem/procedure-my-core,CodeSystemProcedureMyCore
85.96,Removal of breast tissue expander,Removal of breast tissue expander,http://fhir.hie.moh.gov.my/CodeSystem/procedure-my-core,CodeSystemProcedureMyCore
85.99,Other operations on the breast,Other operations on the breast,http://fhir.hie.moh.gov.my/CodeSystem/procedure-my-core,CodeSystemProcedureMyCore
86.01,Aspiration of skin and subcutaneous tissue,Aspiration of skin and subcutaneous tissue,http://fhir.hie.moh.gov.my/CodeSystem/procedure-my-core,CodeSystemProcedureMyCore
86.02,Injection or tattooing of skin lesion or defect,Injection or tattooing of skin lesion or defect,http://fhir.hie.moh.gov.my/CodeSystem/procedure-my-core,CodeSystemProcedureMyCore
86.03,Incision of pilonidal sinus or cyst,Incision of pilonidal sinus or cyst,http://fhir.hie.moh.gov.my/CodeSystem/procedure-my-core,CodeSystemProcedureMyCore
86.04,Other incision with drainage of skin and subcutaneous tissue,Other incision with drainage of skin and subcutaneous tissue,http://fhir.hie.moh.gov.my/CodeSystem/procedure-my-core,CodeSystemProcedureMyCore
86.05,Incision with removal of foreign body or device from skin and subcutaneous tissue,Incision with removal of foreign body or device from skin and subcutaneous tissue,http://fhir.hie.moh.gov.my/CodeSystem/procedure-my-core,CodeSystemProcedureMyCore
86.06,Insertion of totally implantable infusion pump,Insertion of totally implantable infusion pump,http://fhir.hie.moh.gov.my/CodeSystem/procedure-my-core,CodeSystemProcedureMyCore
86.07,Insertion of totally implantable vascular access device [VAD],Insertion of totally implantable vascular access device [VAD],http://fhir.hie.moh.gov.my/CodeSystem/procedure-my-core,CodeSystemProcedureMyCore
86.09,Other incision of skin and subcutaneous tissue,Other incision of skin and subcutaneous tissue,http://fhir.hie.moh.gov.my/CodeSystem/procedure-my-core,CodeSystemProcedureMyCore
86.11,Biopsy of skin and subcutaneous tissue,Biopsy of skin and subcutaneous tissue,http://fhir.hie.moh.gov.my/CodeSystem/procedure-my-core,CodeSystemProcedureMyCore
86.19,Other diagnostic procedures on skin and subcutaneous tissue,Other diagnostic procedures on skin and subcutaneous tissue,http://fhir.hie.moh.gov.my/CodeSystem/procedure-my-core,CodeSystemProcedureMyCore
86.21,Excision of pilonidal cyst or sinus,Excision of pilonidal cyst or sinus,http://fhir.hie.moh.gov.my/CodeSystem/procedure-my-core,CodeSystemProcedureMyCore
86.22,"Excisional debridement of wound, infection, or burn","Excisional debridement of wound, infection, or burn",http://fhir.hie.moh.gov.my/CodeSystem/procedure-my-core,CodeSystemProcedureMyCore
86.23,"Removal of nail, nail bed, or nail fold","Removal of nail, nail bed, or nail fold",http://fhir.hie.moh.gov.my/CodeSystem/procedure-my-core,CodeSystemProcedureMyCore
86.24,Chemosurgery of skin,Chemosurgery of skin,http://fhir.hie.moh.gov.my/CodeSystem/procedure-my-core,CodeSystemProcedureMyCore
86.25,Dermabrasion,Dermabrasion,http://fhir.hie.moh.gov.my/CodeSystem/procedure-my-core,CodeSystemProcedureMyCore
86.26,Ligation of dermal appendage,Ligation of dermal appendage,http://fhir.hie.moh.gov.my/CodeSystem/procedure-my-core,CodeSystemProcedureMyCore
86.27,"Debridement of nail, nail bed, or nail fold","Debridement of nail, nail bed, or nail fold",http://fhir.hie.moh.gov.my/CodeSystem/procedure-my-core,CodeSystemProcedureMyCore
86.28,"Nonexcisional debridement of wound, infection or burn","Nonexcisional debridement of wound, infection or burn",http://fhir.hie.moh.gov.my/CodeSystem/procedure-my-core,CodeSystemProcedureMyCore
86.3,Other local excision or destruction of lesion or tissue of skin and subcutaneous tissue,Other local excision or destruction of lesion or tissue of skin and subcutaneous tissue,http://fhir.hie.moh.gov.my/CodeSystem/procedure-my-core,CodeSystemProcedureMyCore
86.4,Radical excision of skin lesion,Radical excision of skin lesion,http://fhir.hie.moh.gov.my/CodeSystem/procedure-my-core,CodeSystemProcedureMyCore
86.51,Replantation of scalp,Replantation of scalp,http://fhir.hie.moh.gov.my/CodeSystem/procedure-my-core,CodeSystemProcedureMyCore
86.59,Closure of skin and subcutaneous tissue of other sites,Closure of skin and subcutaneous tissue of other sites,http://fhir.hie.moh.gov.my/CodeSystem/procedure-my-core,CodeSystemProcedureMyCore
86.60,"Free skin graft, not otherwise specified","Free skin graft, not otherwise specified",http://fhir.hie.moh.gov.my/CodeSystem/procedure-my-core,CodeSystemProcedureMyCore
86.61,Full-thickness skin graft to hand,Full-thickness skin graft to hand,http://fhir.hie.moh.gov.my/CodeSystem/procedure-my-core,CodeSystemProcedureMyCore
86.62,Other skin graft to hand,Other skin graft to hand,http://fhir.hie.moh.gov.my/CodeSystem/procedure-my-core,CodeSystemProcedureMyCore
86.63,Full-thickness skin graft to other sites,Full-thickness skin graft to other sites,http://fhir.hie.moh.gov.my/CodeSystem/procedure-my-core,CodeSystemProcedureMyCore
86.64,Hair transplant,Hair transplant,http://fhir.hie.moh.gov.my/CodeSystem/procedure-my-core,CodeSystemProcedureMyCore
86.65,Heterograft to skin,Heterograft to skin,http://fhir.hie.moh.gov.my/CodeSystem/procedure-my-core,CodeSystemProcedureMyCore
86.66,Homograft to skin,Homograft to skin,http://fhir.hie.moh.gov.my/CodeSystem/procedure-my-core,CodeSystemProcedureMyCore
86.67,Dermal regenerative graft,Dermal regenerative graft,http://fhir.hie.moh.gov.my/CodeSystem/procedure-my-core,CodeSystemProcedureMyCore
86.69,Other skin graft to other sites,Other skin graft to other sites,http://fhir.hie.moh.gov.my/CodeSystem/procedure-my-core,CodeSystemProcedureMyCore
86.70,"Pedicle or flap graft, not otherwise specified","Pedicle or flap graft, not otherwise specified",http://fhir.hie.moh.gov.my/CodeSystem/procedure-my-core,CodeSystemProcedureMyCore
86.71,Cutting and preparation of pedicle grafts or flaps,Cutting and preparation of pedicle grafts or flaps,http://fhir.hie.moh.gov.my/CodeSystem/procedure-my-core,CodeSystemProcedureMyCore
86.72,Advancement of pedicle graft,Advancement of pedicle graft,http://fhir.hie.moh.gov.my/CodeSystem/procedure-my-core,CodeSystemProcedureMyCore
86.73,Attachment of pedicle or flap graft to hand,Attachment of pedicle or flap graft to hand,http://fhir.hie.moh.gov.my/CodeSystem/procedure-my-core,CodeSystemProcedureMyCore
86.74,Attachment of pedicle or flap graft to other sites,Attachment of pedicle or flap graft to other sites,http://fhir.hie.moh.gov.my/CodeSystem/procedure-my-core,CodeSystemProcedureMyCore
86.75,Revision of pedicle or flap graft,Revision of pedicle or flap graft,http://fhir.hie.moh.gov.my/CodeSystem/procedure-my-core,CodeSystemProcedureMyCore
86.81,Repair for facial weakness,Repair for facial weakness,http://fhir.hie.moh.gov.my/CodeSystem/procedure-my-core,CodeSystemProcedureMyCore
86.82,Facial rhytidectomy,Facial rhytidectomy,http://fhir.hie.moh.gov.my/CodeSystem/procedure-my-core,CodeSystemProcedureMyCore
86.83,Size reduction plastic operation,Size reduction plastic operation,http://fhir.hie.moh.gov.my/CodeSystem/procedure-my-core,CodeSystemProcedureMyCore
86.84,Relaxation of scar or web contracture of skin,Relaxation of scar or web contracture of skin,http://fhir.hie.moh.gov.my/CodeSystem/procedure-my-core,CodeSystemProcedureMyCore
86.85,Correction of syndactyly,Correction of syndactyly,http://fhir.hie.moh.gov.my/CodeSystem/procedure-my-core,CodeSystemProcedureMyCore
86.86,Onychoplasty,Onychoplasty,http://fhir.hie.moh.gov.my/CodeSystem/procedure-my-core,CodeSystemProcedureMyCore
86.89,Other repair and reconstruction of skin and subcutaneous tissue,Other repair and reconstruction of skin and subcutaneous tissue,http://fhir.hie.moh.gov.my/CodeSystem/procedure-my-core,CodeSystemProcedureMyCore
86.91,Excision of skin for graft,Excision of skin for graft,http://fhir.hie.moh.gov.my/CodeSystem/procedure-my-core,CodeSystemProcedureMyCore
86.92,Electrolysis and other epilation of skin,Electrolysis and other epilation of skin,http://fhir.hie.moh.gov.my/CodeSystem/procedure-my-core,CodeSystemProcedureMyCore
86.93,Insertion of tissue expander,Insertion of tissue expander,http://fhir.hie.moh.gov.my/CodeSystem/procedure-my-core,CodeSystemProcedureMyCore
86.94,Insertion or replacement of single array neurostimulator pulse generator,Insertion or replacement of single array neurostimulator pulse generator,http://fhir.hie.moh.gov.my/CodeSystem/procedure-my-core,CodeSystemProcedureMyCore
86.95,Insertion or replacement of dual array neurostimulator pulse generator,Insertion or replacement of dual array neurostimulator pulse generator,http://fhir.hie.moh.gov.my/CodeSystem/procedure-my-core,CodeSystemProcedureMyCore
86.96,Insertion or replacement of other neurostimulator pulse generator,Insertion or replacement of other neurostimulator pulse generator,http://fhir.hie.moh.gov.my/CodeSystem/procedure-my-core,CodeSystemProcedureMyCore
86.99,Other operations on skin and subcutaneous tissue,Other operations on skin and subcutaneous tissue,http://fhir.hie.moh.gov.my/CodeSystem/procedure-my-core,CodeSystemProcedureMyCore
87.01,Pneumoencephalogram,Pneumoencephalogram,http://fhir.hie.moh.gov.my/CodeSystem/procedure-my-core,CodeSystemProcedureMyCore
87.02,Other contrast radiogram of brain and skull,Other contrast radiogram of brain and skull,http://fhir.hie.moh.gov.my/CodeSystem/procedure-my-core,CodeSystemProcedureMyCore
87.03,Computerized axial tomography of head,Computerized axial tomography of head,http://fhir.hie.moh.gov.my/CodeSystem/procedure-my-core,CodeSystemProcedureMyCore
87.04,Other tomography of head,Other tomography of head,http://fhir.hie.moh.gov.my/CodeSystem/procedure-my-core,CodeSystemProcedureMyCore
87.05,Contrast dacryocystogram,Contrast dacryocystogram,http://fhir.hie.moh.gov.my/CodeSystem/procedure-my-core,CodeSystemProcedureMyCore
87.06,Contrast radiogram of nasopharynx,Contrast radiogram of nasopharynx,http://fhir.hie.moh.gov.my/CodeSystem/procedure-my-core,CodeSystemProcedureMyCore
87.07,Contrast laryngogram,Contrast laryngogram,http://fhir.hie.moh.gov.my/CodeSystem/procedure-my-core,CodeSystemProcedureMyCore
87.08,Cervical lymphangiogram,Cervical lymphangiogram,http://fhir.hie.moh.gov.my/CodeSystem/procedure-my-core,CodeSystemProcedureMyCore
87.09,"Other soft tissue x-ray of face, head, and neck","Other soft tissue x-ray of face, head, and neck",http://fhir.hie.moh.gov.my/CodeSystem/procedure-my-core,CodeSystemProcedureMyCore
87.11,Full-mouth x-ray of teeth,Full-mouth x-ray of teeth,http://fhir.hie.moh.gov.my/CodeSystem/procedure-my-core,CodeSystemProcedureMyCore
87.12,Other dental x-ray,Other dental x-ray,http://fhir.hie.moh.gov.my/CodeSystem/procedure-my-core,CodeSystemProcedureMyCore
87.13,Temporomandibular contrast arthrogram,Temporomandibular contrast arthrogram,http://fhir.hie.moh.gov.my/CodeSystem/procedure-my-core,CodeSystemProcedureMyCore
87.14,Contrast radiogram of orbit,Contrast radiogram of orbit,http://fhir.hie.moh.gov.my/CodeSystem/procedure-my-core,CodeSystemProcedureMyCore
87.15,Contrast radiogram of sinus,Contrast radiogram of sinus,http://fhir.hie.moh.gov.my/CodeSystem/procedure-my-core,CodeSystemProcedureMyCore
87.16,Other x-ray of facial bones,Other x-ray of facial bones,http://fhir.hie.moh.gov.my/CodeSystem/procedure-my-core,CodeSystemProcedureMyCore
87.17,Other x-ray of skull,Other x-ray of skull,http://fhir.hie.moh.gov.my/CodeSystem/procedure-my-core,CodeSystemProcedureMyCore
87.21,Contrast myelogram,Contrast myelogram,http://fhir.hie.moh.gov.my/CodeSystem/procedure-my-core,CodeSystemProcedureMyCore
87.22,Other x-ray of cervical spine,Other x-ray of cervical spine,http://fhir.hie.moh.gov.my/CodeSystem/procedure-my-core,CodeSystemProcedureMyCore
87.23,Other x-ray of thoracic spine,Other x-ray of thoracic spine,http://fhir.hie.moh.gov.my/CodeSystem/procedure-my-core,CodeSystemProcedureMyCore
87.24,Other x-ray of lumbosacral spine,Other x-ray of lumbosacral spine,http://fhir.hie.moh.gov.my/CodeSystem/procedure-my-core,CodeSystemProcedureMyCore
87.29,Other x-ray of spine,Other x-ray of spine,http://fhir.hie.moh.gov.my/CodeSystem/procedure-my-core,CodeSystemProcedureMyCore
87.31,Endotracheal bronchogram,Endotracheal bronchogram,http://fhir.hie.moh.gov.my/CodeSystem/procedure-my-core,CodeSystemProcedureMyCore
87.32,Other contrast bronchogram,Other contrast bronchogram,http://fhir.hie.moh.gov.my/CodeSystem/procedure-my-core,CodeSystemProcedureMyCore
87.33,Mediastinal pneumogram,Mediastinal pneumogram,http://fhir.hie.moh.gov.my/CodeSystem/procedure-my-core,CodeSystemProcedureMyCore
87.34,Intrathoracic lymphangiogram,Intrathoracic lymphangiogram,http://fhir.hie.moh.gov.my/CodeSystem/procedure-my-core,CodeSystemProcedureMyCore
87.35,Contrast radiogram of mammary ducts,Contrast radiogram of mammary ducts,http://fhir.hie.moh.gov.my/CodeSystem/procedure-my-core,CodeSystemProcedureMyCore
87.36,Xerography of breast,Xerography of breast,http://fhir.hie.moh.gov.my/CodeSystem/procedure-my-core,CodeSystemProcedureMyCore
87.37,Other mammography,Other mammography,http://fhir.hie.moh.gov.my/CodeSystem/procedure-my-core,CodeSystemProcedureMyCore
87.38,Sinogram of chest wall,Sinogram of chest wall,http://fhir.hie.moh.gov.my/CodeSystem/procedure-my-core,CodeSystemProcedureMyCore
87.39,Other soft tissue x-ray of chest wall,Other soft tissue x-ray of chest wall,http://fhir.hie.moh.gov.my/CodeSystem/procedure-my-core,CodeSystemProcedureMyCore
87.41,Computerized axial tomography of thorax,Computerized axial tomography of thorax,http://fhir.hie.moh.gov.my/CodeSystem/procedure-my-core,CodeSystemProcedureMyCore
87.42,Other tomography of thorax,Other tomography of thorax,http://fhir.hie.moh.gov.my/CodeSystem/procedure-my-core,CodeSystemProcedureMyCore
87.43,"X-ray of ribs, sternum, and clavicle","X-ray of ribs, sternum, and clavicle",http://fhir.hie.moh.gov.my/CodeSystem/procedure-my-core,CodeSystemProcedureMyCore
87.44,"Routine chest x-ray, so described","Routine chest x-ray, so described",http://fhir.hie.moh.gov.my/CodeSystem/procedure-my-core,CodeSystemProcedureMyCore
87.49,Other chest x-ray,Other chest x-ray,http://fhir.hie.moh.gov.my/CodeSystem/procedure-my-core,CodeSystemProcedureMyCore
87.51,Percutaneous hepatic cholangiogram,Percutaneous hepatic cholangiogram,http://fhir.hie.moh.gov.my/CodeSystem/procedure-my-core,CodeSystemProcedureMyCore
87.52,Intravenous cholangiogram,Intravenous cholangiogram,http://fhir.hie.moh.gov.my/CodeSystem/procedure-my-core,CodeSystemProcedureMyCore
87.53,Intraoperative cholangiogram,Intraoperative cholangiogram,http://fhir.hie.moh.gov.my/CodeSystem/procedure-my-core,CodeSystemProcedureMyCore
87.54,Other cholangiogram,Other cholangiogram,http://fhir.hie.moh.gov.my/CodeSystem/procedure-my-core,CodeSystemProcedureMyCore
87.59,Other biliary tract x-ray,Other biliary tract x-ray,http://fhir.hie.moh.gov.my/CodeSystem/procedure-my-core,CodeSystemProcedureMyCore
87.61,Barium swallow,Barium swallow,http://fhir.hie.moh.gov.my/CodeSystem/procedure-my-core,CodeSystemProcedureMyCore
87.62,Upper GI series,Upper GI series,http://fhir.hie.moh.gov.my/CodeSystem/procedure-my-core,CodeSystemProcedureMyCore
87.63,Small bowel series,Small bowel series,http://fhir.hie.moh.gov.my/CodeSystem/procedure-my-core,CodeSystemProcedureMyCore
87.64,Lower GI series,Lower GI series,http://fhir.hie.moh.gov.my/CodeSystem/procedure-my-core,CodeSystemProcedureMyCore
87.65,Other x-ray of intestine,Other x-ray of intestine,http://fhir.hie.moh.gov.my/CodeSystem/procedure-my-core,CodeSystemProcedureMyCore
87.66,Contrast pancreatogram,Contrast pancreatogram,http://fhir.hie.moh.gov.my/CodeSystem/procedure-my-core,CodeSystemProcedureMyCore
87.69,Other digestive tract x-ray,Other digestive tract x-ray,http://fhir.hie.moh.gov.my/CodeSystem/procedure-my-core,CodeSystemProcedureMyCore
87.71,Computerized axial tomography of kidney,Computerized axial tomography of kidney,http://fhir.hie.moh.gov.my/CodeSystem/procedure-my-core,CodeSystemProcedureMyCore
87.72,Other nephrotomogram,Other nephrotomogram,http://fhir.hie.moh.gov.my/CodeSystem/procedure-my-core,CodeSystemProcedureMyCore
87.73,Intravenous pyelogram,Intravenous pyelogram,http://fhir.hie.moh.gov.my/CodeSystem/procedure-my-core,CodeSystemProcedureMyCore
87.74,Retrograde pyelogram,Retrograde pyelogram,http://fhir.hie.moh.gov.my/CodeSystem/procedure-my-core,CodeSystemProcedureMyCore
87.75,Percutaneous pyelogram,Percutaneous pyelogram,http://fhir.hie.moh.gov.my/CodeSystem/procedure-my-core,CodeSystemProcedureMyCore
87.76,Retrograde cystourethrogram,Retrograde cystourethrogram,http://fhir.hie.moh.gov.my/CodeSystem/procedure-my-core,CodeSystemProcedureMyCore
87.77,Other cystogram,Other cystogram,http://fhir.hie.moh.gov.my/CodeSystem/procedure-my-core,CodeSystemProcedureMyCore
87.78,Ileal conduitogram,Ileal conduitogram,http://fhir.hie.moh.gov.my/CodeSystem/procedure-my-core,CodeSystemProcedureMyCore
87.79,Other x-ray of the urinary system,Other x-ray of the urinary system,http://fhir.hie.moh.gov.my/CodeSystem/procedure-my-core,CodeSystemProcedureMyCore
87.81,X-ray of gravid uterus,X-ray of gravid uterus,http://fhir.hie.moh.gov.my/CodeSystem/procedure-my-core,CodeSystemProcedureMyCore
87.82,Gas contrast hysterosalpingogram,Gas contrast hysterosalpingogram,http://fhir.hie.moh.gov.my/CodeSystem/procedure-my-core,CodeSystemProcedureMyCore
87.83,Opaque dye contrast hysterosalpingogram,Opaque dye contrast hysterosalpingogram,http://fhir.hie.moh.gov.my/CodeSystem/procedure-my-core,CodeSystemProcedureMyCore
87.84,Percutaneous hysterogram,Percutaneous hysterogram,http://fhir.hie.moh.gov.my/CodeSystem/procedure-my-core,CodeSystemProcedureMyCore
87.85,Other x-ray of fallopian tubes and uterus,Other x-ray of fallopian tubes and uterus,http://fhir.hie.moh.gov.my/CodeSystem/procedure-my-core,CodeSystemProcedureMyCore
87.89,Other x-ray of female genital organs,Other x-ray of female genital organs,http://fhir.hie.moh.gov.my/CodeSystem/procedure-my-core,CodeSystemProcedureMyCore
87.91,Contrast seminal vesiculogram,Contrast seminal vesiculogram,http://fhir.hie.moh.gov.my/CodeSystem/procedure-my-core,CodeSystemProcedureMyCore
87.92,Other x-ray of prostate and seminal vesicles,Other x-ray of prostate and seminal vesicles,http://fhir.hie.moh.gov.my/CodeSystem/procedure-my-core,CodeSystemProcedureMyCore
87.93,Contrast epididymogram,Contrast epididymogram,http://fhir.hie.moh.gov.my/CodeSystem/procedure-my-core,CodeSystemProcedureMyCore
87.94,Contrast vasogram,Contrast vasogram,http://fhir.hie.moh.gov.my/CodeSystem/procedure-my-core,CodeSystemProcedureMyCore
87.95,Other x-ray of epididymis and vas deferens,Other x-ray of epididymis and vas deferens,http://fhir.hie.moh.gov.my/CodeSystem/procedure-my-core,CodeSystemProcedureMyCore
87.99,Other x-ray of male genital organs,Other x-ray of male genital organs,http://fhir.hie.moh.gov.my/CodeSystem/procedure-my-core,CodeSystemProcedureMyCore
88.01,Computerized axial tomography of abdomen,Computerized axial tomography of abdomen,http://fhir.hie.moh.gov.my/CodeSystem/procedure-my-core,CodeSystemProcedureMyCore
88.02,Other abdomen tomography,Other abdomen tomography,http://fhir.hie.moh.gov.my/CodeSystem/procedure-my-core,CodeSystemProcedureMyCore
88.03,Sinogram of abdominal wall,Sinogram of abdominal wall,http://fhir.hie.moh.gov.my/CodeSystem/procedure-my-core,CodeSystemProcedureMyCore
88.04,Abdominal lymphangiogram,Abdominal lymphangiogram,http://fhir.hie.moh.gov.my/CodeSystem/procedure-my-core,CodeSystemProcedureMyCore
88.09,Other soft tissue x-ray of abdominal wall,Other soft tissue x-ray of abdominal wall,http://fhir.hie.moh.gov.my/CodeSystem/procedure-my-core,CodeSystemProcedureMyCore
88.11,Pelvic opaque dye contrast radiography,Pelvic opaque dye contrast radiography,http://fhir.hie.moh.gov.my/CodeSystem/procedure-my-core,CodeSystemProcedureMyCore
88.12,Pelvic gas contrast radiography,Pelvic gas contrast radiography,http://fhir.hie.moh.gov.my/CodeSystem/procedure-my-core,CodeSystemProcedureMyCore
88.13,Other peritoneal pneumogram,Other peritoneal pneumogram,http://fhir.hie.moh.gov.my/CodeSystem/procedure-my-core,CodeSystemProcedureMyCore
88.14,Retroperitoneal fistulogram,Retroperitoneal fistulogram,http://fhir.hie.moh.gov.my/CodeSystem/procedure-my-core,CodeSystemProcedureMyCore
88.15,Retroperitoneal pneumogram,Retroperitoneal pneumogram,http://fhir.hie.moh.gov.my/CodeSystem/procedure-my-core,CodeSystemProcedureMyCore
88.16,Other retroperitoneal x-ray,Other retroperitoneal x-ray,http://fhir.hie.moh.gov.my/CodeSystem/procedure-my-core,CodeSystemProcedureMyCore
88.19,Other x-ray of abdomen,Other x-ray of abdomen,http://fhir.hie.moh.gov.my/CodeSystem/procedure-my-core,CodeSystemProcedureMyCore
88.21,Skeletal x-ray of shoulder and upper arm,Skeletal x-ray of shoulder and upper arm,http://fhir.hie.moh.gov.my/CodeSystem/procedure-my-core,CodeSystemProcedureMyCore
88.22,Skeletal x-ray of elbow and forearm,Skeletal x-ray of elbow and forearm,http://fhir.hie.moh.gov.my/CodeSystem/procedure-my-core,CodeSystemProcedureMyCore
88.23,Skeletal x-ray of wrist and hand,Skeletal x-ray of wrist and hand,http://fhir.hie.moh.gov.my/CodeSystem/procedure-my-core,CodeSystemProcedureMyCore
88.24,"Skeletal x-ray of upper limb, not otherwise specified","Skeletal x-ray of upper limb, not otherwise specified",http://fhir.hie.moh.gov.my/CodeSystem/procedure-my-core,CodeSystemProcedureMyCore
88.25,Pelvimetry,Pelvimetry,http://fhir.hie.moh.gov.my/CodeSystem/procedure-my-core,CodeSystemProcedureMyCore
88.26,Other skeletal x-ray of pelvis and hip,Other skeletal x-ray of pelvis and hip,http://fhir.hie.moh.gov.my/CodeSystem/procedure-my-core,CodeSystemProcedureMyCore
88.27,"Skeletal x-ray of thigh, knee, and lower leg","Skeletal x-ray of thigh, knee, and lower leg",http://fhir.hie.moh.gov.my/CodeSystem/procedure-my-core,CodeSystemProcedureMyCore
88.28,Skeletal x-ray of ankle and foot,Skeletal x-ray of ankle and foot,http://fhir.hie.moh.gov.my/CodeSystem/procedure-my-core,CodeSystemProcedureMyCore
88.29,"Skeletal x-ray of lower limb, not otherwise specified","Skeletal x-ray of lower limb, not otherwise specified",http://fhir.hie.moh.gov.my/CodeSystem/procedure-my-core,CodeSystemProcedureMyCore
88.31,Skeletal series,Skeletal series,http://fhir.hie.moh.gov.my/CodeSystem/procedure-my-core,CodeSystemProcedureMyCore
88.32,Contrast arthrogram,Contrast arthrogram,http://fhir.hie.moh.gov.my/CodeSystem/procedure-my-core,CodeSystemProcedureMyCore
88.33,Other skeletal x-ray,Other skeletal x-ray,http://fhir.hie.moh.gov.my/CodeSystem/procedure-my-core,CodeSystemProcedureMyCore
88.34,Lymphangiogram of upper limb,Lymphangiogram of upper limb,http://fhir.hie.moh.gov.my/CodeSystem/procedure-my-core,CodeSystemProcedureMyCore
88.35,Other soft tissue x-ray of upper limb,Other soft tissue x-ray of upper limb,http://fhir.hie.moh.gov.my/CodeSystem/procedure-my-core,CodeSystemProcedureMyCore
88.36,Lymphangiogram of lower limb,Lymphangiogram of lower limb,http://fhir.hie.moh.gov.my/CodeSystem/procedure-my-core,CodeSystemProcedureMyCore
88.37,Other soft tissue x-ray of lower limb,Other soft tissue x-ray of lower limb,http://fhir.hie.moh.gov.my/CodeSystem/procedure-my-core,CodeSystemProcedureMyCore
88.38,Other computerized axial tomography,Other computerized axial tomography,http://fhir.hie.moh.gov.my/CodeSystem/procedure-my-core,CodeSystemProcedureMyCore
88.39,"X-ray, other and unspecified","X-ray, other and unspecified",http://fhir.hie.moh.gov.my/CodeSystem/procedure-my-core,CodeSystemProcedureMyCore
88.40,"Arteriography using contrast material, unspecified site","Arteriography using contrast material, unspecified site",http://fhir.hie.moh.gov.my/CodeSystem/procedure-my-core,CodeSystemProcedureMyCore
88.41,Arteriography of cerebral arteries,Arteriography of cerebral arteries,http://fhir.hie.moh.gov.my/CodeSystem/procedure-my-core,CodeSystemProcedureMyCore
88.42,Aortography,Aortography,http://fhir.hie.moh.gov.my/CodeSystem/procedure-my-core,CodeSystemProcedureMyCore
88.43,Arteriography of pulmonary arteries,Arteriography of pulmonary arteries,http://fhir.hie.moh.gov.my/CodeSystem/procedure-my-core,CodeSystemProcedureMyCore
88.44,Arteriography of other intrathoracic vessels,Arteriography of other intrathoracic vessels,http://fhir.hie.moh.gov.my/CodeSystem/procedure-my-core,CodeSystemProcedureMyCore
88.45,Arteriography of renal arteries,Arteriography of renal arteries,http://fhir.hie.moh.gov.my/CodeSystem/procedure-my-core,CodeSystemProcedureMyCore
88.46,Arteriography of placenta,Arteriography of placenta,http://fhir.hie.moh.gov.my/CodeSystem/procedure-my-core,CodeSystemProcedureMyCore
88.47,Arteriography of other intra-abdominal arteries,Arteriography of other intra-abdominal arteries,http://fhir.hie.moh.gov.my/CodeSystem/procedure-my-core,CodeSystemProcedureMyCore
88.48,Arteriography of femoral and other lower extremity arteries,Arteriography of femoral and other lower extremity arteries,http://fhir.hie.moh.gov.my/CodeSystem/procedure-my-core,CodeSystemProcedureMyCore
88.49,Arteriography of other specified sites,Arteriography of other specified sites,http://fhir.hie.moh.gov.my/CodeSystem/procedure-my-core,CodeSystemProcedureMyCore
88.50,"Angiocardiography, not otherwise specified","Angiocardiography, not otherwise specified",http://fhir.hie.moh.gov.my/CodeSystem/procedure-my-core,CodeSystemProcedureMyCore
88.51,Angiocardiography of venae cavae,Angiocardiography of venae cavae,http://fhir.hie.moh.gov.my/CodeSystem/procedure-my-core,CodeSystemProcedureMyCore
88.52,Angiocardiography of right heart structures,Angiocardiography of right heart structures,http://fhir.hie.moh.gov.my/CodeSystem/procedure-my-core,CodeSystemProcedureMyCore
88.53,Angiocardiography of left heart structures,Angiocardiography of left heart structures,http://fhir.hie.moh.gov.my/CodeSystem/procedure-my-core,CodeSystemProcedureMyCore
88.54,Combined right and left heart angiocardiography,Combined right and left heart angiocardiography,http://fhir.hie.moh.gov.my/CodeSystem/procedure-my-core,CodeSystemProcedureMyCore
88.55,Coronary arteriography using a single catheter,Coronary arteriography using a single catheter,http://fhir.hie.moh.gov.my/CodeSystem/procedure-my-core,CodeSystemProcedureMyCore
88.56,Coronary arteriography using two catheters,Coronary arteriography using two catheters,http://fhir.hie.moh.gov.my/CodeSystem/procedure-my-core,CodeSystemProcedureMyCore
88.57,Other and unspecified coronary arteriography,Other and unspecified coronary arteriography,http://fhir.hie.moh.gov.my/CodeSystem/procedure-my-core,CodeSystemProcedureMyCore
88.58,Negative-contrast cardiac roentgenography,Negative-contrast cardiac roentgenography,http://fhir.hie.moh.gov.my/CodeSystem/procedure-my-core,CodeSystemProcedureMyCore
88.60,"Phlebography using contrast material, unspecified site","Phlebography using contrast material, unspecified site",http://fhir.hie.moh.gov.my/CodeSystem/procedure-my-core,CodeSystemProcedureMyCore
88.61,Phlebography of veins of head and neck using contrast material,Phlebography of veins of head and neck using contrast material,http://fhir.hie.moh.gov.my/CodeSystem/procedure-my-core,CodeSystemProcedureMyCore
88.62,Phlebography of pulmonary veins using contrast material,Phlebography of pulmonary veins using contrast material,http://fhir.hie.moh.gov.my/CodeSystem/procedure-my-core,CodeSystemProcedureMyCore
88.63,Phlebography of other intrathoracic veins using contrast material,Phlebography of other intrathoracic veins using contrast material,http://fhir.hie.moh.gov.my/CodeSystem/procedure-my-core,CodeSystemProcedureMyCore
88.64,Phlebography of the portal venous system using contrast material,Phlebography of the portal venous system using contrast material,http://fhir.hie.moh.gov.my/CodeSystem/procedure-my-core,CodeSystemProcedureMyCore
88.65,Phlebography of other intra-abdominal veins using contrast material,Phlebography of other intra-abdominal veins using contrast material,http://fhir.hie.moh.gov.my/CodeSystem/procedure-my-core,CodeSystemProcedureMyCore
88.66,Phlebography of femoral and other lower extremity veins using contrast material,Phlebography of femoral and other lower extremity veins using contrast material,http://fhir.hie.moh.gov.my/CodeSystem/procedure-my-core,CodeSystemProcedureMyCore
88.67,Phlebography of other specified sites using contrast material,Phlebography of other specified sites using contrast material,http://fhir.hie.moh.gov.my/CodeSystem/procedure-my-core,CodeSystemProcedureMyCore
88.68,Impedance phlebography,Impedance phlebography,http://fhir.hie.moh.gov.my/CodeSystem/procedure-my-core,CodeSystemProcedureMyCore
88.71,Diagnostic ultrasound of head and neck,Diagnostic ultrasound of head and neck,http://fhir.hie.moh.gov.my/CodeSystem/procedure-my-core,CodeSystemProcedureMyCore
88.72,Diagnostic ultrasound of heart,Diagnostic ultrasound of heart,http://fhir.hie.moh.gov.my/CodeSystem/procedure-my-core,CodeSystemProcedureMyCore
88.73,Diagnostic ultrasound of other sites of thorax,Diagnostic ultrasound of other sites of thorax,http://fhir.hie.moh.gov.my/CodeSystem/procedure-my-core,CodeSystemProcedureMyCore
88.74,Diagnostic ultrasound of digestive system,Diagnostic ultrasound of digestive system,http://fhir.hie.moh.gov.my/CodeSystem/procedure-my-core,CodeSystemProcedureMyCore
88.75,Diagnostic ultrasound of urinary system,Diagnostic ultrasound of urinary system,http://fhir.hie.moh.gov.my/CodeSystem/procedure-my-core,CodeSystemProcedureMyCore
88.76,Diagnostic ultrasound of abdomen and retroperitoneum,Diagnostic ultrasound of abdomen and retroperitoneum,http://fhir.hie.moh.gov.my/CodeSystem/procedure-my-core,CodeSystemProcedureMyCore
88.77,Diagnostic ultrasound of peripheral vascular system,Diagnostic ultrasound of peripheral vascular system,http://fhir.hie.moh.gov.my/CodeSystem/procedure-my-core,CodeSystemProcedureMyCore
88.78,Diagnostic ultrasound of gravid uterus,Diagnostic ultrasound of gravid uterus,http://fhir.hie.moh.gov.my/CodeSystem/procedure-my-core,CodeSystemProcedureMyCore
88.79,Other diagnostic ultrasound,Other diagnostic ultrasound,http://fhir.hie.moh.gov.my/CodeSystem/procedure-my-core,CodeSystemProcedureMyCore
88.81,Cerebral thermography,Cerebral thermography,http://fhir.hie.moh.gov.my/CodeSystem/procedure-my-core,CodeSystemProcedureMyCore
88.82,Ocular thermography,Ocular thermography,http://fhir.hie.moh.gov.my/CodeSystem/procedure-my-core,CodeSystemProcedureMyCore
88.83,Bone thermography,Bone thermography,http://fhir.hie.moh.gov.my/CodeSystem/procedure-my-core,CodeSystemProcedureMyCore
88.84,Muscle thermography,Muscle thermography,http://fhir.hie.moh.gov.my/CodeSystem/procedure-my-core,CodeSystemProcedureMyCore
88.85,Breast thermography,Breast thermography,http://fhir.hie.moh.gov.my/CodeSystem/procedure-my-core,CodeSystemProcedureMyCore
88.86,Blood vessel thermography,Blood vessel thermography,http://fhir.hie.moh.gov.my/CodeSystem/procedure-my-core,CodeSystemProcedureMyCore
88.89,Thermography of other sites,Thermography of other sites,http://fhir.hie.moh.gov.my/CodeSystem/procedure-my-core,CodeSystemProcedureMyCore
88.90,"Diagnostic imaging, not elsewhere classified","Diagnostic imaging, not elsewhere classified",http://fhir.hie.moh.gov.my/CodeSystem/procedure-my-core,CodeSystemProcedureMyCore
88.91,Magnetic resonance imaging of brain and brain stem,Magnetic resonance imaging of brain and brain stem,http://fhir.hie.moh.gov.my/CodeSystem/procedure-my-core,CodeSystemProcedureMyCore
88.92,Magnetic resonance imaging of chest and myocardium,Magnetic resonance imaging of chest and myocardium,http://fhir.hie.moh.gov.my/CodeSystem/procedure-my-core,CodeSystemProcedureMyCore
88.93,Magnetic resonance imaging of spinal canal,Magnetic resonance imaging of spinal canal,http://fhir.hie.moh.gov.my/CodeSystem/procedure-my-core,CodeSystemProcedureMyCore
88.94,Magnetic resonance imaging of musculoskeletal structures,Magnetic resonance imaging of musculoskeletal structures,http://fhir.hie.moh.gov.my/CodeSystem/procedure-my-core,CodeSystemProcedureMyCore
88.95,"Magnetic resonance imaging of pelvis, prostate, and bladder","Magnetic resonance imaging of pelvis, prostate, and bladder",http://fhir.hie.moh.gov.my/CodeSystem/procedure-my-core,CodeSystemProcedureMyCore
88.96,Other intraoperative magnetic resonance imaging,Other intraoperative magnetic resonance imaging,http://fhir.hie.moh.gov.my/CodeSystem/procedure-my-core,CodeSystemProcedureMyCore
88.97,Magnetic resonance imaging of other and unspecified sites,Magnetic resonance imaging of other and unspecified sites,http://fhir.hie.moh.gov.my/CodeSystem/procedure-my-core,CodeSystemProcedureMyCore
88.98,Bone mineral density studies,Bone mineral density studies,http://fhir.hie.moh.gov.my/CodeSystem/procedure-my-core,CodeSystemProcedureMyCore
89.01,"Interview and evaluation, described as brief","Interview and evaluation, described as brief",http://fhir.hie.moh.gov.my/CodeSystem/procedure-my-core,CodeSystemProcedureMyCore
89.02,"Interview and evaluation, described as limited","Interview and evaluation, described as limited",http://fhir.hie.moh.gov.my/CodeSystem/procedure-my-core,CodeSystemProcedureMyCore
89.03,"Interview and evaluation, described as comprehensive","Interview and evaluation, described as comprehensive",http://fhir.hie.moh.gov.my/CodeSystem/procedure-my-core,CodeSystemProcedureMyCore
89.04,Other interview and evaluation,Other interview and evaluation,http://fhir.hie.moh.gov.my/CodeSystem/procedure-my-core,CodeSystemProcedureMyCore
89.05,"Diagnostic interview and evaluation, not otherwise specified","Diagnostic interview and evaluation, not otherwise specified",http://fhir.hie.moh.gov.my/CodeSystem/procedure-my-core,CodeSystemProcedureMyCore
89.06,"Consultation, described as limited","Consultation, described as limited",http://fhir.hie.moh.gov.my/CodeSystem/procedure-my-core,CodeSystemProcedureMyCore
89.07,"Consultation, described as comprehensive","Consultation, described as comprehensive",http://fhir.hie.moh.gov.my/CodeSystem/procedure-my-core,CodeSystemProcedureMyCore
89.08,Other consultation,Other consultation,http://fhir.hie.moh.gov.my/CodeSystem/procedure-my-core,CodeSystemProcedureMyCore
89.09,"Consultation, not otherwise specified","Consultation, not otherwise specified",http://fhir.hie.moh.gov.my/CodeSystem/procedure-my-core,CodeSystemProcedureMyCore
89.10,Intracarotid amobarbital test,Intracarotid amobarbital test,http://fhir.hie.moh.gov.my/CodeSystem/procedure-my-core,CodeSystemProcedureMyCore
89.11,Tonometry,Tonometry,http://fhir.hie.moh.gov.my/CodeSystem/procedure-my-core,CodeSystemProcedureMyCore
89.12,Nasal function study,Nasal function study,http://fhir.hie.moh.gov.my/CodeSystem/procedure-my-core,CodeSystemProcedureMyCore
89.13,Neurologic examination,Neurologic examination,http://fhir.hie.moh.gov.my/CodeSystem/procedure-my-core,CodeSystemProcedureMyCore
89.14,Electroencephalogram,Electroencephalogram,http://fhir.hie.moh.gov.my/CodeSystem/procedure-my-core,CodeSystemProcedureMyCore
89.15,Other nonoperative neurologic function tests,Other nonoperative neurologic function tests,http://fhir.hie.moh.gov.my/CodeSystem/procedure-my-core,CodeSystemProcedureMyCore
89.16,Transillumination of newborn skull,Transillumination of newborn skull,http://fhir.hie.moh.gov.my/CodeSystem/procedure-my-core,CodeSystemProcedureMyCore
89.17,Polysomnogram,Polysomnogram,http://fhir.hie.moh.gov.my/CodeSystem/procedure-my-core,CodeSystemProcedureMyCore
89.18,Other sleep disorder function tests,Other sleep disorder function tests,http://fhir.hie.moh.gov.my/CodeSystem/procedure-my-core,CodeSystemProcedureMyCore
89.19,Video and radio-telemetered electroencephalographic monitoring,Video and radio-telemetered electroencephalographic monitoring,http://fhir.hie.moh.gov.my/CodeSystem/procedure-my-core,CodeSystemProcedureMyCore
89.21,Urinary manometry,Urinary manometry,http://fhir.hie.moh.gov.my/CodeSystem/procedure-my-core,CodeSystemProcedureMyCore
89.22,Cystometrogram,Cystometrogram,http://fhir.hie.moh.gov.my/CodeSystem/procedure-my-core,CodeSystemProcedureMyCore
89.23,Urethral sphincter electromyogram,Urethral sphincter electromyogram,http://fhir.hie.moh.gov.my/CodeSystem/procedure-my-core,CodeSystemProcedureMyCore
89.24,Uroflowmetry [UFR],Uroflowmetry [UFR],http://fhir.hie.moh.gov.my/CodeSystem/procedure-my-core,CodeSystemProcedureMyCore
89.25,Urethral pressure profile [UPP],Urethral pressure profile [UPP],http://fhir.hie.moh.gov.my/CodeSystem/procedure-my-core,CodeSystemProcedureMyCore
89.26,Gynecological examination,Gynecological examination,http://fhir.hie.moh.gov.my/CodeSystem/procedure-my-core,CodeSystemProcedureMyCore
89.29,Other nonoperative genitourinary system measurements,Other nonoperative genitourinary system measurements,http://fhir.hie.moh.gov.my/CodeSystem/procedure-my-core,CodeSystemProcedureMyCore
89.31,Dental examination,Dental examination,http://fhir.hie.moh.gov.my/CodeSystem/procedure-my-core,CodeSystemProcedureMyCore
89.32,Esophageal manometry,Esophageal manometry,http://fhir.hie.moh.gov.my/CodeSystem/procedure-my-core,CodeSystemProcedureMyCore
89.33,Digital examination of enterostomy stoma,Digital examination of enterostomy stoma,http://fhir.hie.moh.gov.my/CodeSystem/procedure-my-core,CodeSystemProcedureMyCore
89.34,Digital examination of rectum,Digital examination of rectum,http://fhir.hie.moh.gov.my/CodeSystem/procedure-my-core,CodeSystemProcedureMyCore
89.35,Transillumination of nasal sinuses,Transillumination of nasal sinuses,http://fhir.hie.moh.gov.my/CodeSystem/procedure-my-core,CodeSystemProcedureMyCore
89.36,Manual examination of breast,Manual examination of breast,http://fhir.hie.moh.gov.my/CodeSystem/procedure-my-core,CodeSystemProcedureMyCore
89.37,Vital capacity determination,Vital capacity determination,http://fhir.hie.moh.gov.my/CodeSystem/procedure-my-core,CodeSystemProcedureMyCore
89.38,Other nonoperative respiratory measurements,Other nonoperative respiratory measurements,http://fhir.hie.moh.gov.my/CodeSystem/procedure-my-core,CodeSystemProcedureMyCore
89.39,Other nonoperative measurements and examinations,Other nonoperative measurements and examinations,http://fhir.hie.moh.gov.my/CodeSystem/procedure-my-core,CodeSystemProcedureMyCore
89.41,Cardiovascular stress test using treadmill,Cardiovascular stress test using treadmill,http://fhir.hie.moh.gov.my/CodeSystem/procedure-my-core,CodeSystemProcedureMyCore
89.42,Masters two-step stress test,Masters two-step stress test,http://fhir.hie.moh.gov.my/CodeSystem/procedure-my-core,CodeSystemProcedureMyCore
89.43,Cardiovascular stress test using bicycle ergometer,Cardiovascular stress test using bicycle ergometer,http://fhir.hie.moh.gov.my/CodeSystem/procedure-my-core,CodeSystemProcedureMyCore
89.44,Other cardiovascular stress test,Other cardiovascular stress test,http://fhir.hie.moh.gov.my/CodeSystem/procedure-my-core,CodeSystemProcedureMyCore
89.45,Artificial pacemaker rate check,Artificial pacemaker rate check,http://fhir.hie.moh.gov.my/CodeSystem/procedure-my-core,CodeSystemProcedureMyCore
89.46,Artificial pacemaker artifact wave form check,Artificial pacemaker artifact wave form check,http://fhir.hie.moh.gov.my/CodeSystem/procedure-my-core,CodeSystemProcedureMyCore
89.47,Artificial pacemaker electrode impedance check,Artificial pacemaker electrode impedance check,http://fhir.hie.moh.gov.my/CodeSystem/procedure-my-core,CodeSystemProcedureMyCore
89.48,Artificial pacemaker voltage or amperage threshold check,Artificial pacemaker voltage or amperage threshold check,http://fhir.hie.moh.gov.my/CodeSystem/procedure-my-core,CodeSystemProcedureMyCore
89.49,Automatic implantable cardioverter/defibrillator (AICD) check,Automatic implantable cardioverter/defibrillator (AICD) check,http://fhir.hie.moh.gov.my/CodeSystem/procedure-my-core,CodeSystemProcedureMyCore
89.50,Ambulatory cardiac monitoring,Ambulatory cardiac monitoring,http://fhir.hie.moh.gov.my/CodeSystem/procedure-my-core,CodeSystemProcedureMyCore
89.51,Rhythm electrocardiogram,Rhythm electrocardiogram,http://fhir.hie.moh.gov.my/CodeSystem/procedure-my-core,CodeSystemProcedureMyCore
89.52,Electrocardiogram,Electrocardiogram,http://fhir.hie.moh.gov.my/CodeSystem/procedure-my-core,CodeSystemProcedureMyCore
89.53,Vectorcardiogram (with ECG),Vectorcardiogram (with ECG),http://fhir.hie.moh.gov.my/CodeSystem/procedure-my-core,CodeSystemProcedureMyCore
89.54,Electrographic monitoring,Electrographic monitoring,http://fhir.hie.moh.gov.my/CodeSystem/procedure-my-core,CodeSystemProcedureMyCore
89.55,Phonocardiogram with ECG lead,Phonocardiogram with ECG lead,http://fhir.hie.moh.gov.my/CodeSystem/procedure-my-core,CodeSystemProcedureMyCore
89.56,Carotid pulse tracing with ECG lead,Carotid pulse tracing with ECG lead,http://fhir.hie.moh.gov.my/CodeSystem/procedure-my-core,CodeSystemProcedureMyCore
89.57,Apexcardiogram (with ECG lead),Apexcardiogram (with ECG lead),http://fhir.hie.moh.gov.my/CodeSystem/procedure-my-core,CodeSystemProcedureMyCore
89.58,Plethysmogram,Plethysmogram,http://fhir.hie.moh.gov.my/CodeSystem/procedure-my-core,CodeSystemProcedureMyCore
89.59,Other nonoperative cardiac and vascular measurements,Other nonoperative cardiac and vascular measurements,http://fhir.hie.moh.gov.my/CodeSystem/procedure-my-core,CodeSystemProcedureMyCore
89.60,Continuous intra-arterial blood gas monitoring,Continuous intra-arterial blood gas monitoring,http://fhir.hie.moh.gov.my/CodeSystem/procedure-my-core,CodeSystemProcedureMyCore
89.61,Systemic arterial pressure monitoring,Systemic arterial pressure monitoring,http://fhir.hie.moh.gov.my/CodeSystem/procedure-my-core,CodeSystemProcedureMyCore
89.62,Central venous pressure monitoring,Central venous pressure monitoring,http://fhir.hie.moh.gov.my/CodeSystem/procedure-my-core,CodeSystemProcedureMyCore
89.63,Pulmonary artery pressure monitoring,Pulmonary artery pressure monitoring,http://fhir.hie.moh.gov.my/CodeSystem/procedure-my-core,CodeSystemProcedureMyCore
89.64,Pulmonary artery wedge monitoring,Pulmonary artery wedge monitoring,http://fhir.hie.moh.gov.my/CodeSystem/procedure-my-core,CodeSystemProcedureMyCore
89.65,Measurement of systemic arterial blood gases,Measurement of systemic arterial blood gases,http://fhir.hie.moh.gov.my/CodeSystem/procedure-my-core,CodeSystemProcedureMyCore
89.66,Measurement of mixed venous blood gases,Measurement of mixed venous blood gases,http://fhir.hie.moh.gov.my/CodeSystem/procedure-my-core,CodeSystemProcedureMyCore
89.67,Monitoring of cardiac output by oxygen consumption technique,Monitoring of cardiac output by oxygen consumption technique,http://fhir.hie.moh.gov.my/CodeSystem/procedure-my-core,CodeSystemProcedureMyCore
89.68,Monitoring of cardiac output by other technique,Monitoring of cardiac output by other technique,http://fhir.hie.moh.gov.my/CodeSystem/procedure-my-core,CodeSystemProcedureMyCore
89.69,Monitoring of coronary blood flow,Monitoring of coronary blood flow,http://fhir.hie.moh.gov.my/CodeSystem/procedure-my-core,CodeSystemProcedureMyCore
89.7,General physical examination,General physical examination,http://fhir.hie.moh.gov.my/CodeSystem/procedure-my-core,CodeSystemProcedureMyCore
89.8,Autopsy,Autopsy,http://fhir.hie.moh.gov.my/CodeSystem/procedure-my-core,CodeSystemProcedureMyCore
90.01,Bacterial smear of specimen from nervous system and of spinal fluid,Bacterial smear of specimen from nervous system and of spinal fluid,http://fhir.hie.moh.gov.my/CodeSystem/procedure-my-core,CodeSystemProcedureMyCore
90.02,Culture of specimen from nervous system and of spinal fluid,Culture of specimen from nervous system and of spinal fluid,http://fhir.hie.moh.gov.my/CodeSystem/procedure-my-core,CodeSystemProcedureMyCore
90.03,Culture and sensitivity of specimen from nervous system and of spinal fluid,Culture and sensitivity of specimen from nervous system and of spinal fluid,http://fhir.hie.moh.gov.my/CodeSystem/procedure-my-core,CodeSystemProcedureMyCore
90.04,Parasitology of specimen from nervous system and of spinal fluid,Parasitology of specimen from nervous system and of spinal fluid,http://fhir.hie.moh.gov.my/CodeSystem/procedure-my-core,CodeSystemProcedureMyCore
90.05,Toxicology of specimen from nervous system and of spinal fluid,Toxicology of specimen from nervous system and of spinal fluid,http://fhir.hie.moh.gov.my/CodeSystem/procedure-my-core,CodeSystemProcedureMyCore
90.06,Cell block and papanicolaou smear of specimen from nervous system and of spinal fluid,Cell block and papanicolaou smear of specimen from nervous system and of spinal fluid,http://fhir.hie.moh.gov.my/CodeSystem/procedure-my-core,CodeSystemProcedureMyCore
90.09,Other microscopic examination of specimen from nervous system and of spinal fluid,Other microscopic examination of specimen from nervous system and of spinal fluid,http://fhir.hie.moh.gov.my/CodeSystem/procedure-my-core,CodeSystemProcedureMyCore
90.11,"Bacterial smear of specimen from endocrine gland, not elsewhere classified","Bacterial smear of specimen from endocrine gland, not elsewhere classified",http://fhir.hie.moh.gov.my/CodeSystem/procedure-my-core,CodeSystemProcedureMyCore
90.12,"Culture of specimen from endocrine gland, not elsewhere classified","Culture of specimen from endocrine gland, not elsewhere classified",http://fhir.hie.moh.gov.my/CodeSystem/procedure-my-core,CodeSystemProcedureMyCore
90.13,"Culture and sensitivity of specimen from endocrine gland, not elsewhere classified","Culture and sensitivity of specimen from endocrine gland, not elsewhere classified",http://fhir.hie.moh.gov.my/CodeSystem/procedure-my-core,CodeSystemProcedureMyCore
90.14,"Parasitology of specimen from endocrine gland, not elsewhere classified","Parasitology of specimen from endocrine gland, not elsewhere classified",http://fhir.hie.moh.gov.my/CodeSystem/procedure-my-core,CodeSystemProcedureMyCore
90.15,"Toxicology of specimen from endocrine gland, not elsewhere classified","Toxicology of specimen from endocrine gland, not elsewhere classified",http://fhir.hie.moh.gov.my/CodeSystem/procedure-my-core,CodeSystemProcedureMyCore
90.16,"Cell block and papanicolaou smear of specimen from endocrine gland, not elsewhere classified","Cell block and papanicolaou smear of specimen from endocrine gland, not elsewhere classified",http://fhir.hie.moh.gov.my/CodeSystem/procedure-my-core,CodeSystemProcedureMyCore
90.19,"Other microscopic examination of specimen from endocrine gland, not elsewhere classified","Other microscopic examination of specimen from endocrine gland, not elsewhere classified",http://fhir.hie.moh.gov.my/CodeSystem/procedure-my-core,CodeSystemProcedureMyCore
90.21,Bacterial smear of specimen from eye,Bacterial smear of specimen from eye,http://fhir.hie.moh.gov.my/CodeSystem/procedure-my-core,CodeSystemProcedureMyCore
90.22,Culture of specimen from eye,Culture of specimen from eye,http://fhir.hie.moh.gov.my/CodeSystem/procedure-my-core,CodeSystemProcedureMyCore
90.23,Culture and sensitivity of specimen from eye,Culture and sensitivity of specimen from eye,http://fhir.hie.moh.gov.my/CodeSystem/procedure-my-core,CodeSystemProcedureMyCore
90.24,Parasitology of specimen from eye,Parasitology of specimen from eye,http://fhir.hie.moh.gov.my/CodeSystem/procedure-my-core,CodeSystemProcedureMyCore
90.25,Toxicology of specimen from eye,Toxicology of specimen from eye,http://fhir.hie.moh.gov.my/CodeSystem/procedure-my-core,CodeSystemProcedureMyCore
90.26,Cell block and papanicolaou smear of specimen from eye,Cell block and papanicolaou smear of specimen from eye,http://fhir.hie.moh.gov.my/CodeSystem/procedure-my-core,CodeSystemProcedureMyCore
90.29,Other microscopic examination of specimen from eye,Other microscopic examination of specimen from eye,http://fhir.hie.moh.gov.my/CodeSystem/procedure-my-core,CodeSystemProcedureMyCore
90.31,"Bacterial smear of specimen from ear, nose, throat, and larynx","Bacterial smear of specimen from ear, nose, throat, and larynx",http://fhir.hie.moh.gov.my/CodeSystem/procedure-my-core,CodeSystemProcedureMyCore
90.32,"Culture of specimen from ear, nose, throat, and larynx","Culture of specimen from ear, nose, throat, and larynx",http://fhir.hie.moh.gov.my/CodeSystem/procedure-my-core,CodeSystemProcedureMyCore
90.33,"Culture and sensitivity of specimen from ear, nose, throat, and larynx","Culture and sensitivity of specimen from ear, nose, throat, and larynx",http://fhir.hie.moh.gov.my/CodeSystem/procedure-my-core,CodeSystemProcedureMyCore
90.34,"Parasitology of specimen from ear, nose, throat, and larynx","Parasitology of specimen from ear, nose, throat, and larynx",http://fhir.hie.moh.gov.my/CodeSystem/procedure-my-core,CodeSystemProcedureMyCore
90.35,"Toxicology of specimen from ear, nose, throat, and larynx","Toxicology of specimen from ear, nose, throat, and larynx",http://fhir.hie.moh.gov.my/CodeSystem/procedure-my-core,CodeSystemProcedureMyCore
90.36,"Cell block and papanicolaou smear of specimen from ear, nose, throat, and larynx","Cell block and papanicolaou smear of specimen from ear, nose, throat, and larynx",http://fhir.hie.moh.gov.my/CodeSystem/procedure-my-core,CodeSystemProcedureMyCore
90.39,"Other microscopic examination of specimen from ear, nose, throat, and larynx","Other microscopic examination of specimen from ear, nose, throat, and larynx",http://fhir.hie.moh.gov.my/CodeSystem/procedure-my-core,CodeSystemProcedureMyCore
90.41,"Bacterial smear of specimen from trachea, bronchus, pleura, lung, and other thoracic specimen, and of sputum","Bacterial smear of specimen from trachea, bronchus, pleura, lung, and other thoracic specimen, and of sputum",http://fhir.hie.moh.gov.my/CodeSystem/procedure-my-core,CodeSystemProcedureMyCore
90.42,"Culture of specimen from trachea, bronchus, pleura, lung, and other thoracic specimen, and of sputum","Culture of specimen from trachea, bronchus, pleura, lung, and other thoracic specimen, and of sputum",http://fhir.hie.moh.gov.my/CodeSystem/procedure-my-core,CodeSystemProcedureMyCore
90.43,"Culture and sensitivity of specimen from trachea, bronchus, pleura, lung, and other thoracic specimen, and of sputum","Culture and sensitivity of specimen from trachea, bronchus, pleura, lung, and other thoracic specimen, and of sputum",http://fhir.hie.moh.gov.my/CodeSystem/procedure-my-core,CodeSystemProcedureMyCore
90.44,"Parasitology of specimen from trachea, bronchus, pleura, lung, and other thoracic specimen, and of sputum","Parasitology of specimen from trachea, bronchus, pleura, lung, and other thoracic specimen, and of sputum",http://fhir.hie.moh.gov.my/CodeSystem/procedure-my-core,CodeSystemProcedureMyCore
90.45,"Toxicology of specimen from trachea, bronchus, pleura, lung, and other thoracic specimen, and of sputum","Toxicology of specimen from trachea, bronchus, pleura, lung, and other thoracic specimen, and of sputum",http://fhir.hie.moh.gov.my/CodeSystem/procedure-my-core,CodeSystemProcedureMyCore
90.46,"Cell block and papanicolaou smear of specimen from trachea, bronchus, pleura, lung, and other thoracic specimen, and of sputum","Cell block and papanicolaou smear of specimen from trachea, bronchus, pleura, lung, and other thoracic specimen, and of sputum",http://fhir.hie.moh.gov.my/CodeSystem/procedure-my-core,CodeSystemProcedureMyCore
90.49,"Other microscopic examination of specimen from trachea, bronchus, pleura, lung, and other thoracic specimen, and of sputum","Other microscopic examination of specimen from trachea, bronchus, pleura, lung, and other thoracic specimen, and of sputum",http://fhir.hie.moh.gov.my/CodeSystem/procedure-my-core,CodeSystemProcedureMyCore
90.51,Bacterial smear of blood,Bacterial smear of blood,http://fhir.hie.moh.gov.my/CodeSystem/procedure-my-core,CodeSystemProcedureMyCore
90.52,Culture of blood,Culture of blood,http://fhir.hie.moh.gov.my/CodeSystem/procedure-my-core,CodeSystemProcedureMyCore
90.53,Culture and sensitivity of blood,Culture and sensitivity of blood,http://fhir.hie.moh.gov.my/CodeSystem/procedure-my-core,CodeSystemProcedureMyCore
90.54,Parasitology of blood,Parasitology of blood,http://fhir.hie.moh.gov.my/CodeSystem/procedure-my-core,CodeSystemProcedureMyCore
90.55,Toxicology of blood,Toxicology of blood,http://fhir.hie.moh.gov.my/CodeSystem/procedure-my-core,CodeSystemProcedureMyCore
90.56,Cell block and papanicolaou smear of blood,Cell block and papanicolaou smear of blood,http://fhir.hie.moh.gov.my/CodeSystem/procedure-my-core,CodeSystemProcedureMyCore
90.59,Other microscopic examination of blood,Other microscopic examination of blood,http://fhir.hie.moh.gov.my/CodeSystem/procedure-my-core,CodeSystemProcedureMyCore
90.61,Bacterial smear of specimen from spleen and of bone marrow,Bacterial smear of specimen from spleen and of bone marrow,http://fhir.hie.moh.gov.my/CodeSystem/procedure-my-core,CodeSystemProcedureMyCore
90.62,Culture of specimen from spleen and of bone marrow,Culture of specimen from spleen and of bone marrow,http://fhir.hie.moh.gov.my/CodeSystem/procedure-my-core,CodeSystemProcedureMyCore
90.63,Culture and sensitivity of specimen from spleen and of bone marrow,Culture and sensitivity of specimen from spleen and of bone marrow,http://fhir.hie.moh.gov.my/CodeSystem/procedure-my-core,CodeSystemProcedureMyCore
90.64,Parasitology of specimen from spleen and of bone marrow,Parasitology of specimen from spleen and of bone marrow,http://fhir.hie.moh.gov.my/CodeSystem/procedure-my-core,CodeSystemProcedureMyCore
90.65,Toxicology of specimen from spleen and of bone marrow,Toxicology of specimen from spleen and of bone marrow,http://fhir.hie.moh.gov.my/CodeSystem/procedure-my-core,CodeSystemProcedureMyCore
90.66,Cell block and papanicolaou smear of specimen from spleen and of bone marrow,Cell block and papanicolaou smear of specimen from spleen and of bone marrow,http://fhir.hie.moh.gov.my/CodeSystem/procedure-my-core,CodeSystemProcedureMyCore
90.69,Other microscopic examination of specimen from spleen and of bone marrow,Other microscopic examination of specimen from spleen and of bone marrow,http://fhir.hie.moh.gov.my/CodeSystem/procedure-my-core,CodeSystemProcedureMyCore
90.71,Bacterial smear of specimen from lymph node and of lymph,Bacterial smear of specimen from lymph node and of lymph,http://fhir.hie.moh.gov.my/CodeSystem/procedure-my-core,CodeSystemProcedureMyCore
90.72,Culture of specimen from lymph node and of lymph,Culture of specimen from lymph node and of lymph,http://fhir.hie.moh.gov.my/CodeSystem/procedure-my-core,CodeSystemProcedureMyCore
90.73,Culture and sensitivity of specimen from lymph node and of lymph,Culture and sensitivity of specimen from lymph node and of lymph,http://fhir.hie.moh.gov.my/CodeSystem/procedure-my-core,CodeSystemProcedureMyCore
90.74,Parasitology of specimen from lymph node and of lymph,Parasitology of specimen from lymph node and of lymph,http://fhir.hie.moh.gov.my/CodeSystem/procedure-my-core,CodeSystemProcedureMyCore
90.75,Toxicology of specimen from lymph node and of lymph,Toxicology of specimen from lymph node and of lymph,http://fhir.hie.moh.gov.my/CodeSystem/procedure-my-core,CodeSystemProcedureMyCore
90.76,Cell block and papanicolaou smear of specimen from lymph node and of lymph,Cell block and papanicolaou smear of specimen from lymph node and of lymph,http://fhir.hie.moh.gov.my/CodeSystem/procedure-my-core,CodeSystemProcedureMyCore
90.79,Other microscopic examination of specimen from lymph node and of lymph,Other microscopic examination of specimen from lymph node and of lymph,http://fhir.hie.moh.gov.my/CodeSystem/procedure-my-core,CodeSystemProcedureMyCore
90.81,Bacterial smear of specimen from upper gastrointestinal tract and of vomitus,Bacterial smear of specimen from upper gastrointestinal tract and of vomitus,http://fhir.hie.moh.gov.my/CodeSystem/procedure-my-core,CodeSystemProcedureMyCore
90.82,Culture of specimen from upper gastrointestinal tract and of vomitus,Culture of specimen from upper gastrointestinal tract and of vomitus,http://fhir.hie.moh.gov.my/CodeSystem/procedure-my-core,CodeSystemProcedureMyCore
90.83,Culture and sensitivity of specimen from upper gastrointestinal tract and of vomitus,Culture and sensitivity of specimen from upper gastrointestinal tract and of vomitus,http://fhir.hie.moh.gov.my/CodeSystem/procedure-my-core,CodeSystemProcedureMyCore
90.84,Parasitology of specimen from upper gastrointestinal tract and of vomitus,Parasitology of specimen from upper gastrointestinal tract and of vomitus,http://fhir.hie.moh.gov.my/CodeSystem/procedure-my-core,CodeSystemProcedureMyCore
90.85,Toxicology of specimen from upper gastrointestinal tract and of vomitus,Toxicology of specimen from upper gastrointestinal tract and of vomitus,http://fhir.hie.moh.gov.my/CodeSystem/procedure-my-core,CodeSystemProcedureMyCore
90.86,"Cell block and papanicolaou of specimen from upper gastrointestinal tract and of vomitus,","Cell block and papanicolaou of specimen from upper gastrointestinal tract and of vomitus,",http://fhir.hie.moh.gov.my/CodeSystem/procedure-my-core,CodeSystemProcedureMyCore
90.89,Other microscopic examination of specimen from upper gastrointestinal tract and of vomitus,Other microscopic examination of specimen from upper gastrointestinal tract and of vomitus,http://fhir.hie.moh.gov.my/CodeSystem/procedure-my-core,CodeSystemProcedureMyCore
90.91,Bacterial smear of specimen from lower gastrointestinal tract and of stool,Bacterial smear of specimen from lower gastrointestinal tract and of stool,http://fhir.hie.moh.gov.my/CodeSystem/procedure-my-core,CodeSystemProcedureMyCore
90.92,Culture of specimen from lower gastrointestinal tract and of stool,Culture of specimen from lower gastrointestinal tract and of stool,http://fhir.hie.moh.gov.my/CodeSystem/procedure-my-core,CodeSystemProcedureMyCore
90.93,Culture and sensitivity of specimen from lower gastrointestinal tract and of stool,Culture and sensitivity of specimen from lower gastrointestinal tract and of stool,http://fhir.hie.moh.gov.my/CodeSystem/procedure-my-core,CodeSystemProcedureMyCore
90.94,Parasitology of specimen from lower gastrointestinal tract and of stool,Parasitology of specimen from lower gastrointestinal tract and of stool,http://fhir.hie.moh.gov.my/CodeSystem/procedure-my-core,CodeSystemProcedureMyCore
90.95,Toxicology of specimen from lower gastrointestinal tract and of stool,Toxicology of specimen from lower gastrointestinal tract and of stool,http://fhir.hie.moh.gov.my/CodeSystem/procedure-my-core,CodeSystemProcedureMyCore
90.96,Cell block and papanicolaou of specimen from lower gastrointestinal tract and of stool,Cell block and papanicolaou of specimen from lower gastrointestinal tract and of stool,http://fhir.hie.moh.gov.my/CodeSystem/procedure-my-core,CodeSystemProcedureMyCore
90.99,Other microscopic examination of specimen from lower gastrointestinal tract and of stool,Other microscopic examination of specimen from lower gastrointestinal tract and of stool,http://fhir.hie.moh.gov.my/CodeSystem/procedure-my-core,CodeSystemProcedureMyCore
91.01,"Bacterial smear of specimen from liver, biliary tract, and pancreas","Bacterial smear of specimen from liver, biliary tract, and pancreas",http://fhir.hie.moh.gov.my/CodeSystem/procedure-my-core,CodeSystemProcedureMyCore
91.02,"Culture of specimen from liver, biliary tract, and pancreas","Culture of specimen from liver, biliary tract, and pancreas",http://fhir.hie.moh.gov.my/CodeSystem/procedure-my-core,CodeSystemProcedureMyCore
91.03,"Culture and sensitivity of specimen from liver, biliary tract, and pancreas","Culture and sensitivity of specimen from liver, biliary tract, and pancreas",http://fhir.hie.moh.gov.my/CodeSystem/procedure-my-core,CodeSystemProcedureMyCore
91.04,"Parasitology of specimen from liver, biliary tract, and pancreas","Parasitology of specimen from liver, biliary tract, and pancreas",http://fhir.hie.moh.gov.my/CodeSystem/procedure-my-core,CodeSystemProcedureMyCore
91.05,"Toxicology of specimen from liver, biliary tract, and pancreas","Toxicology of specimen from liver, biliary tract, and pancreas",http://fhir.hie.moh.gov.my/CodeSystem/procedure-my-core,CodeSystemProcedureMyCore
91.06,"Cell block and papanicolaou smear of specimen from liver, biliary tract, and pancreas","Cell block and papanicolaou smear of specimen from liver, biliary tract, and pancreas",http://fhir.hie.moh.gov.my/CodeSystem/procedure-my-core,CodeSystemProcedureMyCore
91.09,"Other microscopic examination of specimen from liver, biliary tract, and pancreas","Other microscopic examination of specimen from liver, biliary tract, and pancreas",http://fhir.hie.moh.gov.my/CodeSystem/procedure-my-core,CodeSystemProcedureMyCore
91.11,Bacterial smear of peritoneal and retroperitoneal specimen,Bacterial smear of peritoneal and retroperitoneal specimen,http://fhir.hie.moh.gov.my/CodeSystem/procedure-my-core,CodeSystemProcedureMyCore
91.12,Culture of peritoneal and retroperitoneal specimen,Culture of peritoneal and retroperitoneal specimen,http://fhir.hie.moh.gov.my/CodeSystem/procedure-my-core,CodeSystemProcedureMyCore
91.13,Culture and sensitivity of peritoneal and retroperitoneal specimen,Culture and sensitivity of peritoneal and retroperitoneal specimen,http://fhir.hie.moh.gov.my/CodeSystem/procedure-my-core,CodeSystemProcedureMyCore
91.14,Parasitology of peritoneal and retroperitoneal specimen,Parasitology of peritoneal and retroperitoneal specimen,http://fhir.hie.moh.gov.my/CodeSystem/procedure-my-core,CodeSystemProcedureMyCore
91.15,Toxicology of peritoneal and retroperitoneal specimen,Toxicology of peritoneal and retroperitoneal specimen,http://fhir.hie.moh.gov.my/CodeSystem/procedure-my-core,CodeSystemProcedureMyCore
91.16,Cell block and papanicolaou smear of peritoneal and retroperitoneal specimen,Cell block and papanicolaou smear of peritoneal and retroperitoneal specimen,http://fhir.hie.moh.gov.my/CodeSystem/procedure-my-core,CodeSystemProcedureMyCore
91.19,Other microscopic examination of peritoneal and retroperitoneal specimen,Other microscopic examination of peritoneal and retroperitoneal specimen,http://fhir.hie.moh.gov.my/CodeSystem/procedure-my-core,CodeSystemProcedureMyCore
91.21,"Bacterial smear of specimen from kidney, ureter, perirenal and periureteral tissue","Bacterial smear of specimen from kidney, ureter, perirenal and periureteral tissue",http://fhir.hie.moh.gov.my/CodeSystem/procedure-my-core,CodeSystemProcedureMyCore
91.22,"Culture of specimen from kidney, ureter, perirenal and periureteral tissue","Culture of specimen from kidney, ureter, perirenal and periureteral tissue",http://fhir.hie.moh.gov.my/CodeSystem/procedure-my-core,CodeSystemProcedureMyCore
91.23,"Culture and sensitivity of specimen from kidney, ureter, perirenal and periureteral tissue","Culture and sensitivity of specimen from kidney, ureter, perirenal and periureteral tissue",http://fhir.hie.moh.gov.my/CodeSystem/procedure-my-core,CodeSystemProcedureMyCore
91.24,"Parasitology of specimen from kidney, ureter, perirenal and periureteral tissue","Parasitology of specimen from kidney, ureter, perirenal and periureteral tissue",http://fhir.hie.moh.gov.my/CodeSystem/procedure-my-core,CodeSystemProcedureMyCore
91.25,"Toxicology of specimen from kidney, ureter, perirenal and periureteral tissue","Toxicology of specimen from kidney, ureter, perirenal and periureteral tissue",http://fhir.hie.moh.gov.my/CodeSystem/procedure-my-core,CodeSystemProcedureMyCore
91.26,"Cell block and papanicolaou smear of specimen from kidney, ureter, perirenal and periureteral tissue","Cell block and papanicolaou smear of specimen from kidney, ureter, perirenal and periureteral tissue",http://fhir.hie.moh.gov.my/CodeSystem/procedure-my-core,CodeSystemProcedureMyCore
91.29,"Other microscopic examination of specimen from kidney, ureter, perirenal and periureteral tissue","Other microscopic examination of specimen from kidney, ureter, perirenal and periureteral tissue",http://fhir.hie.moh.gov.my/CodeSystem/procedure-my-core,CodeSystemProcedureMyCore
91.31,"Bacterial smear of specimen from bladder, urethra, prostate, seminal vesicle, perivesical tissue, and of urine and semen","Bacterial smear of specimen from bladder, urethra, prostate, seminal vesicle, perivesical tissue, and of urine and semen",http://fhir.hie.moh.gov.my/CodeSystem/procedure-my-core,CodeSystemProcedureMyCore
91.32,"Culture of specimen from bladder, urethra, prostate, seminal vesicle, perivesical tissue, and of urine and semen","Culture of specimen from bladder, urethra, prostate, seminal vesicle, perivesical tissue, and of urine and semen",http://fhir.hie.moh.gov.my/CodeSystem/procedure-my-core,CodeSystemProcedureMyCore
91.33,"Culture and sensitivity of specimen from bladder, urethra, prostate, seminal vesicle, perivesical tissue, and of urine and semen","Culture and sensitivity of specimen from bladder, urethra, prostate, seminal vesicle, perivesical tissue, and of urine and semen",http://fhir.hie.moh.gov.my/CodeSystem/procedure-my-core,CodeSystemProcedureMyCore
91.34,"Parasitology of specimen from bladder, urethra, prostate, seminal vesicle, perivesical tissue, and of urine and semen","Parasitology of specimen from bladder, urethra, prostate, seminal vesicle, perivesical tissue, and of urine and semen",http://fhir.hie.moh.gov.my/CodeSystem/procedure-my-core,CodeSystemProcedureMyCore
91.35,"Toxicology of specimen from bladder, urethra, prostate, seminal vesicle, perivesical tissue, and of urine and semen","Toxicology of specimen from bladder, urethra, prostate, seminal vesicle, perivesical tissue, and of urine and semen",http://fhir.hie.moh.gov.my/CodeSystem/procedure-my-core,CodeSystemProcedureMyCore
91.36,"Cell block and papanicolaou smear of specimen from bladder, urethra, prostate, seminal vesicle, perivesical tissue, and of urine and semen","Cell block and papanicolaou smear of specimen from bladder, urethra, prostate, seminal vesicle, perivesical tissue, and of urine and semen",http://fhir.hie.moh.gov.my/CodeSystem/procedure-my-core,CodeSystemProcedureMyCore
91.39,"Other microscopic examination of specimen from bladder, urethra, prostate, seminal vesicle, perivesical tissue, and of urine and semen","Other microscopic examination of specimen from bladder, urethra, prostate, seminal vesicle, perivesical tissue, and of urine and semen",http://fhir.hie.moh.gov.my/CodeSystem/procedure-my-core,CodeSystemProcedureMyCore
91.41,Bacterial smear of specimen from female genital tract,Bacterial smear of specimen from female genital tract,http://fhir.hie.moh.gov.my/CodeSystem/procedure-my-core,CodeSystemProcedureMyCore
91.42,Culture of specimen from female genital tract,Culture of specimen from female genital tract,http://fhir.hie.moh.gov.my/CodeSystem/procedure-my-core,CodeSystemProcedureMyCore
91.43,Culture and sensitivity of specimen from female genital tract,Culture and sensitivity of specimen from female genital tract,http://fhir.hie.moh.gov.my/CodeSystem/procedure-my-core,CodeSystemProcedureMyCore
91.44,Parasitology of specimen from female genital tract,Parasitology of specimen from female genital tract,http://fhir.hie.moh.gov.my/CodeSystem/procedure-my-core,CodeSystemProcedureMyCore
91.45,Toxicology of specimen from female genital tract,Toxicology of specimen from female genital tract,http://fhir.hie.moh.gov.my/CodeSystem/procedure-my-core,CodeSystemProcedureMyCore
91.46,Cell block and papanicolaou smear of specimen from female genital tract,Cell block and papanicolaou smear of specimen from female genital tract,http://fhir.hie.moh.gov.my/CodeSystem/procedure-my-core,CodeSystemProcedureMyCore
91.49,Other microscopic examination of specimen from female genital tract,Other microscopic examination of specimen from female genital tract,http://fhir.hie.moh.gov.my/CodeSystem/procedure-my-core,CodeSystemProcedureMyCore
91.51,Bacterial smear of specimen from musculoskeletal system and of joint fluid,Bacterial smear of specimen from musculoskeletal system and of joint fluid,http://fhir.hie.moh.gov.my/CodeSystem/procedure-my-core,CodeSystemProcedureMyCore
91.52,Culture of specimen from musculoskeletal system and of joint fluid,Culture of specimen from musculoskeletal system and of joint fluid,http://fhir.hie.moh.gov.my/CodeSystem/procedure-my-core,CodeSystemProcedureMyCore
91.53,Culture and sensitivity of specimen from musculoskeletal system and of joint fluid,Culture and sensitivity of specimen from musculoskeletal system and of joint fluid,http://fhir.hie.moh.gov.my/CodeSystem/procedure-my-core,CodeSystemProcedureMyCore
91.54,Parasitology of specimen from musculoskeletal system and of joint fluid,Parasitology of specimen from musculoskeletal system and of joint fluid,http://fhir.hie.moh.gov.my/CodeSystem/procedure-my-core,CodeSystemProcedureMyCore
91.55,Toxicology of specimen from musculoskeletal system and of joint fluid,Toxicology of specimen from musculoskeletal system and of joint fluid,http://fhir.hie.moh.gov.my/CodeSystem/procedure-my-core,CodeSystemProcedureMyCore
91.56,Cell block and papanicolaou smear of specimen from musculoskeletal system and of joint fluid,Cell block and papanicolaou smear of specimen from musculoskeletal system and of joint fluid,http://fhir.hie.moh.gov.my/CodeSystem/procedure-my-core,CodeSystemProcedureMyCore
91.59,Other microscopic examination of specimen from musculoskeletal system and of joint fluid,Other microscopic examination of specimen from musculoskeletal system and of joint fluid,http://fhir.hie.moh.gov.my/CodeSystem/procedure-my-core,CodeSystemProcedureMyCore
91.61,Bacterial smear of specimen from skin and other integument,Bacterial smear of specimen from skin and other integument,http://fhir.hie.moh.gov.my/CodeSystem/procedure-my-core,CodeSystemProcedureMyCore
91.62,Culture of specimen from skin and other integument,Culture of specimen from skin and other integument,http://fhir.hie.moh.gov.my/CodeSystem/procedure-my-core,CodeSystemProcedureMyCore
91.63,Culture and sensitivity of specimen from skin and other integument,Culture and sensitivity of specimen from skin and other integument,http://fhir.hie.moh.gov.my/CodeSystem/procedure-my-core,CodeSystemProcedureMyCore
91.64,Parasitology of specimen from skin and other integument,Parasitology of specimen from skin and other integument,http://fhir.hie.moh.gov.my/CodeSystem/procedure-my-core,CodeSystemProcedureMyCore
91.65,Toxicology of specimen from skin and other integument,Toxicology of specimen from skin and other integument,http://fhir.hie.moh.gov.my/CodeSystem/procedure-my-core,CodeSystemProcedureMyCore
91.66,Cell block and papanicolaou smear of specimen from skin and other integument,Cell block and papanicolaou smear of specimen from skin and other integument,http://fhir.hie.moh.gov.my/CodeSystem/procedure-my-core,CodeSystemProcedureMyCore
91.69,Other microscopic examination of specimen from skin and other integument,Other microscopic examination of specimen from skin and other integument,http://fhir.hie.moh.gov.my/CodeSystem/procedure-my-core,CodeSystemProcedureMyCore
91.71,Bacterial smear of specimen from operative wound,Bacterial smear of specimen from operative wound,http://fhir.hie.moh.gov.my/CodeSystem/procedure-my-core,CodeSystemProcedureMyCore
91.72,Culture of specimen from operative wound,Culture of specimen from operative wound,http://fhir.hie.moh.gov.my/CodeSystem/procedure-my-core,CodeSystemProcedureMyCore
91.73,Culture and sensitivity of specimen from operative wound,Culture and sensitivity of specimen from operative wound,http://fhir.hie.moh.gov.my/CodeSystem/procedure-my-core,CodeSystemProcedureMyCore
91.74,Parasitology of specimen from operative wound,Parasitology of specimen from operative wound,http://fhir.hie.moh.gov.my/CodeSystem/procedure-my-core,CodeSystemProcedureMyCore
91.75,Toxicology of specimen from operative wound,Toxicology of specimen from operative wound,http://fhir.hie.moh.gov.my/CodeSystem/procedure-my-core,CodeSystemProcedureMyCore
91.76,Cell block and papanicolaou smear of specimen from operative wound,Cell block and papanicolaou smear of specimen from operative wound,http://fhir.hie.moh.gov.my/CodeSystem/procedure-my-core,CodeSystemProcedureMyCore
91.79,Other microscopic examination of specimen from operative wound,Other microscopic examination of specimen from operative wound,http://fhir.hie.moh.gov.my/CodeSystem/procedure-my-core,CodeSystemProcedureMyCore
91.81,Bacterial smear of specimen from other site,Bacterial smear of specimen from other site,http://fhir.hie.moh.gov.my/CodeSystem/procedure-my-core,CodeSystemProcedureMyCore
91.82,Culture of specimen from other site,Culture of specimen from other site,http://fhir.hie.moh.gov.my/CodeSystem/procedure-my-core,CodeSystemProcedureMyCore
91.83,Culture and sensitivity of specimen from other site,Culture and sensitivity of specimen from other site,http://fhir.hie.moh.gov.my/CodeSystem/procedure-my-core,CodeSystemProcedureMyCore
91.84,Parasitology of specimen from other site,Parasitology of specimen from other site,http://fhir.hie.moh.gov.my/CodeSystem/procedure-my-core,CodeSystemProcedureMyCore
91.85,Toxicology of specimen from other site,Toxicology of specimen from other site,http://fhir.hie.moh.gov.my/CodeSystem/procedure-my-core,CodeSystemProcedureMyCore
91.86,Cell block and papanicolaou smear of specimen from other site,Cell block and papanicolaou smear of specimen from other site,http://fhir.hie.moh.gov.my/CodeSystem/procedure-my-core,CodeSystemProcedureMyCore
91.89,Other microscopic examination of specimen from other site,Other microscopic examination of specimen from other site,http://fhir.hie.moh.gov.my/CodeSystem/procedure-my-core,CodeSystemProcedureMyCore
91.91,Bacterial smear of specimen from unspecified site,Bacterial smear of specimen from unspecified site,http://fhir.hie.moh.gov.my/CodeSystem/procedure-my-core,CodeSystemProcedureMyCore
91.92,"Culture of specimen from unspecified site,","Culture of specimen from unspecified site,",http://fhir.hie.moh.gov.my/CodeSystem/procedure-my-core,CodeSystemProcedureMyCore
91.93,Culture and sensitivity of specimen from unspecified site,Culture and sensitivity of specimen from unspecified site,http://fhir.hie.moh.gov.my/CodeSystem/procedure-my-core,CodeSystemProcedureMyCore
91.94,Parasitology examination of specimen from unspecified site,Parasitology examination of specimen from unspecified site,http://fhir.hie.moh.gov.my/CodeSystem/procedure-my-core,CodeSystemProcedureMyCore
91.95,Toxicology of specimen from unspecified site,Toxicology of specimen from unspecified site,http://fhir.hie.moh.gov.my/CodeSystem/procedure-my-core,CodeSystemProcedureMyCore
91.96,Cell block and papanicolaou smear of specimen from unspecified site,Cell block and papanicolaou smear of specimen from unspecified site,http://fhir.hie.moh.gov.my/CodeSystem/procedure-my-core,CodeSystemProcedureMyCore
91.99,Other microscopic examination of specimen from unspecified site,Other microscopic examination of specimen from unspecified site,http://fhir.hie.moh.gov.my/CodeSystem/procedure-my-core,CodeSystemProcedureMyCore
92.01,Thyroid scan and radioisotope function studies,Thyroid scan and radioisotope function studies,http://fhir.hie.moh.gov.my/CodeSystem/procedure-my-core,CodeSystemProcedureMyCore
92.02,Liver scan and radioisotope function study,Liver scan and radioisotope function study,http://fhir.hie.moh.gov.my/CodeSystem/procedure-my-core,CodeSystemProcedureMyCore
92.03,Renal scan and radioisotope function study,Renal scan and radioisotope function study,http://fhir.hie.moh.gov.my/CodeSystem/procedure-my-core,CodeSystemProcedureMyCore
92.04,Gastrointestinal scan and radioisotope function study,Gastrointestinal scan and radioisotope function study,http://fhir.hie.moh.gov.my/CodeSystem/procedure-my-core,CodeSystemProcedureMyCore
92.05,Cardiovascular and hematopoietic scan and radioisotope function study,Cardiovascular and hematopoietic scan and radioisotope function study,http://fhir.hie.moh.gov.my/CodeSystem/procedure-my-core,CodeSystemProcedureMyCore
92.09,Other radioisotope function studies,Other radioisotope function studies,http://fhir.hie.moh.gov.my/CodeSystem/procedure-my-core,CodeSystemProcedureMyCore
92.11,Cerebral scan,Cerebral scan,http://fhir.hie.moh.gov.my/CodeSystem/procedure-my-core,CodeSystemProcedureMyCore
92.12,Scan of other sites of head,Scan of other sites of head,http://fhir.hie.moh.gov.my/CodeSystem/procedure-my-core,CodeSystemProcedureMyCore
92.13,Parathyroid scan,Parathyroid scan,http://fhir.hie.moh.gov.my/CodeSystem/procedure-my-core,CodeSystemProcedureMyCore
92.14,Bone scan,Bone scan,http://fhir.hie.moh.gov.my/CodeSystem/procedure-my-core,CodeSystemProcedureMyCore
92.15,Pulmonary scan,Pulmonary scan,http://fhir.hie.moh.gov.my/CodeSystem/procedure-my-core,CodeSystemProcedureMyCore
92.16,Scan of lymphatic system,Scan of lymphatic system,http://fhir.hie.moh.gov.my/CodeSystem/procedure-my-core,CodeSystemProcedureMyCore
92.17,Placental scan,Placental scan,http://fhir.hie.moh.gov.my/CodeSystem/procedure-my-core,CodeSystemProcedureMyCore
92.18,Total body scan,Total body scan,http://fhir.hie.moh.gov.my/CodeSystem/procedure-my-core,CodeSystemProcedureMyCore
92.19,Scan of other sites,Scan of other sites,http://fhir.hie.moh.gov.my/CodeSystem/procedure-my-core,CodeSystemProcedureMyCore
92.21,Superficial radiation,Superficial radiation,http://fhir.hie.moh.gov.my/CodeSystem/procedure-my-core,CodeSystemProcedureMyCore
92.22,Orthovoltage radiation,Orthovoltage radiation,http://fhir.hie.moh.gov.my/CodeSystem/procedure-my-core,CodeSystemProcedureMyCore
92.23,Radioisotopic teleradiotherapy,Radioisotopic teleradiotherapy,http://fhir.hie.moh.gov.my/CodeSystem/procedure-my-core,CodeSystemProcedureMyCore
92.24,Teleradiotherapy using protons,Teleradiotherapy using protons,http://fhir.hie.moh.gov.my/CodeSystem/procedure-my-core,CodeSystemProcedureMyCore
92.25,Teleradiotherapy using electrons,Teleradiotherapy using electrons,http://fhir.hie.moh.gov.my/CodeSystem/procedure-my-core,CodeSystemProcedureMyCore
92.26,Teleradiotherapy of other particulate radiation,Teleradiotherapy of other particulate radiation,http://fhir.hie.moh.gov.my/CodeSystem/procedure-my-core,CodeSystemProcedureMyCore
92.27,Implantation or insertion of radioactive elements,Implantation or insertion of radioactive elements,http://fhir.hie.moh.gov.my/CodeSystem/procedure-my-core,CodeSystemProcedureMyCore
92.28,Injection or instillation of radioisotopes,Injection or instillation of radioisotopes,http://fhir.hie.moh.gov.my/CodeSystem/procedure-my-core,CodeSystemProcedureMyCore
92.29,Other radiotherapeutic procedure,Other radiotherapeutic procedure,http://fhir.hie.moh.gov.my/CodeSystem/procedure-my-core,CodeSystemProcedureMyCore
92.30,"Stereotactic radiosurgery, not otherwise specified","Stereotactic radiosurgery, not otherwise specified",http://fhir.hie.moh.gov.my/CodeSystem/procedure-my-core,CodeSystemProcedureMyCore
92.31,Single source photon radiosurgery,Single source photon radiosurgery,http://fhir.hie.moh.gov.my/CodeSystem/procedure-my-core,CodeSystemProcedureMyCore
92.32,Multi-source photon radiosurgery,Multi-source photon radiosurgery,http://fhir.hie.moh.gov.my/CodeSystem/procedure-my-core,CodeSystemProcedureMyCore
92.33,Particulate radiosurgery,Particulate radiosurgery,http://fhir.hie.moh.gov.my/CodeSystem/procedure-my-core,CodeSystemProcedureMyCore
92.39,"Stereotactic radiosurgery, not elsewhere classified","Stereotactic radiosurgery, not elsewhere classified",http://fhir.hie.moh.gov.my/CodeSystem/procedure-my-core,CodeSystemProcedureMyCore
93.01,Functional evaluation,Functional evaluation,http://fhir.hie.moh.gov.my/CodeSystem/procedure-my-core,CodeSystemProcedureMyCore
93.02,Orthotic evaluation,Orthotic evaluation,http://fhir.hie.moh.gov.my/CodeSystem/procedure-my-core,CodeSystemProcedureMyCore
93.03,Prosthetic evaluation,Prosthetic evaluation,http://fhir.hie.moh.gov.my/CodeSystem/procedure-my-core,CodeSystemProcedureMyCore
93.04,Manual testing of muscle function,Manual testing of muscle function,http://fhir.hie.moh.gov.my/CodeSystem/procedure-my-core,CodeSystemProcedureMyCore
93.05,Range of motion testing,Range of motion testing,http://fhir.hie.moh.gov.my/CodeSystem/procedure-my-core,CodeSystemProcedureMyCore
93.06,Measurement of limb length,Measurement of limb length,http://fhir.hie.moh.gov.my/CodeSystem/procedure-my-core,CodeSystemProcedureMyCore
93.07,Body measurement,Body measurement,http://fhir.hie.moh.gov.my/CodeSystem/procedure-my-core,CodeSystemProcedureMyCore
93.08,Electromyography,Electromyography,http://fhir.hie.moh.gov.my/CodeSystem/procedure-my-core,CodeSystemProcedureMyCore
93.09,Other diagnostic physical therapy procedure,Other diagnostic physical therapy procedure,http://fhir.hie.moh.gov.my/CodeSystem/procedure-my-core,CodeSystemProcedureMyCore
93.11,Assisting exercise,Assisting exercise,http://fhir.hie.moh.gov.my/CodeSystem/procedure-my-core,CodeSystemProcedureMyCore
93.12,Other active musculoskeletal exercise,Other active musculoskeletal exercise,http://fhir.hie.moh.gov.my/CodeSystem/procedure-my-core,CodeSystemProcedureMyCore
93.13,Resistive exercise,Resistive exercise,http://fhir.hie.moh.gov.my/CodeSystem/procedure-my-core,CodeSystemProcedureMyCore
93.14,Training in joint movements,Training in joint movements,http://fhir.hie.moh.gov.my/CodeSystem/procedure-my-core,CodeSystemProcedureMyCore
93.15,Mobilization of spine,Mobilization of spine,http://fhir.hie.moh.gov.my/CodeSystem/procedure-my-core,CodeSystemProcedureMyCore
93.16,Mobilization of other joints,Mobilization of other joints,http://fhir.hie.moh.gov.my/CodeSystem/procedure-my-core,CodeSystemProcedureMyCore
93.17,Other passive musculoskeletal exercise,Other passive musculoskeletal exercise,http://fhir.hie.moh.gov.my/CodeSystem/procedure-my-core,CodeSystemProcedureMyCore
93.18,Breathing exercise,Breathing exercise,http://fhir.hie.moh.gov.my/CodeSystem/procedure-my-core,CodeSystemProcedureMyCore
93.19,"Exercise, not elsewhere classified","Exercise, not elsewhere classified",http://fhir.hie.moh.gov.my/CodeSystem/procedure-my-core,CodeSystemProcedureMyCore
93.21,Manual and mechanical traction,Manual and mechanical traction,http://fhir.hie.moh.gov.my/CodeSystem/procedure-my-core,CodeSystemProcedureMyCore
93.22,Ambulation and gait training,Ambulation and gait training,http://fhir.hie.moh.gov.my/CodeSystem/procedure-my-core,CodeSystemProcedureMyCore
93.23,Fitting of orthotic device,Fitting of orthotic device,http://fhir.hie.moh.gov.my/CodeSystem/procedure-my-core,CodeSystemProcedureMyCore
93.24,Training in use of prosthetic or orthotic device,Training in use of prosthetic or orthotic device,http://fhir.hie.moh.gov.my/CodeSystem/procedure-my-core,CodeSystemProcedureMyCore
93.25,Forced extension of limb,Forced extension of limb,http://fhir.hie.moh.gov.my/CodeSystem/procedure-my-core,CodeSystemProcedureMyCore
93.26,Manual rupture of joint adhesions,Manual rupture of joint adhesions,http://fhir.hie.moh.gov.my/CodeSystem/procedure-my-core,CodeSystemProcedureMyCore
93.27,Stretching of muscle or tendon,Stretching of muscle or tendon,http://fhir.hie.moh.gov.my/CodeSystem/procedure-my-core,CodeSystemProcedureMyCore
93.28,Stretching of fascia,Stretching of fascia,http://fhir.hie.moh.gov.my/CodeSystem/procedure-my-core,CodeSystemProcedureMyCore
93.29,Other forcible correction of musculoskeletal deformity,Other forcible correction of musculoskeletal deformity,http://fhir.hie.moh.gov.my/CodeSystem/procedure-my-core,CodeSystemProcedureMyCore
93.31,Assisted exercise in pool,Assisted exercise in pool,http://fhir.hie.moh.gov.my/CodeSystem/procedure-my-core,CodeSystemProcedureMyCore
93.32,Whirlpool treatment,Whirlpool treatment,http://fhir.hie.moh.gov.my/CodeSystem/procedure-my-core,CodeSystemProcedureMyCore
93.33,Other hydrotherapy,Other hydrotherapy,http://fhir.hie.moh.gov.my/CodeSystem/procedure-my-core,CodeSystemProcedureMyCore
93.34,Diathermy,Diathermy,http://fhir.hie.moh.gov.my/CodeSystem/procedure-my-core,CodeSystemProcedureMyCore
93.35,Other heat therapy,Other heat therapy,http://fhir.hie.moh.gov.my/CodeSystem/procedure-my-core,CodeSystemProcedureMyCore
93.36,Cardiac retraining,Cardiac retraining,http://fhir.hie.moh.gov.my/CodeSystem/procedure-my-core,CodeSystemProcedureMyCore
93.37,Prenatal training,Prenatal training,http://fhir.hie.moh.gov.my/CodeSystem/procedure-my-core,CodeSystemProcedureMyCore
93.38,Combined physical therapy without mention of the components,Combined physical therapy without mention of the components,http://fhir.hie.moh.gov.my/CodeSystem/procedure-my-core,CodeSystemProcedureMyCore
93.39,Other physical therapy,Other physical therapy,http://fhir.hie.moh.gov.my/CodeSystem/procedure-my-core,CodeSystemProcedureMyCore
93.41,Spinal traction using skull device,Spinal traction using skull device,http://fhir.hie.moh.gov.my/CodeSystem/procedure-my-core,CodeSystemProcedureMyCore
93.42,Other spinal traction,Other spinal traction,http://fhir.hie.moh.gov.my/CodeSystem/procedure-my-core,CodeSystemProcedureMyCore
93.43,Intermittent skeletal traction,Intermittent skeletal traction,http://fhir.hie.moh.gov.my/CodeSystem/procedure-my-core,CodeSystemProcedureMyCore
93.44,Other skeletal traction,Other skeletal traction,http://fhir.hie.moh.gov.my/CodeSystem/procedure-my-core,CodeSystemProcedureMyCore
93.45,Thomas splint traction,Thomas splint traction,http://fhir.hie.moh.gov.my/CodeSystem/procedure-my-core,CodeSystemProcedureMyCore
93.46,Other skin traction of limbs,Other skin traction of limbs,http://fhir.hie.moh.gov.my/CodeSystem/procedure-my-core,CodeSystemProcedureMyCore
93.51,Application of plaster jacket,Application of plaster jacket,http://fhir.hie.moh.gov.my/CodeSystem/procedure-my-core,CodeSystemProcedureMyCore
93.52,Application of neck support,Application of neck support,http://fhir.hie.moh.gov.my/CodeSystem/procedure-my-core,CodeSystemProcedureMyCore
93.53,Application of other cast,Application of other cast,http://fhir.hie.moh.gov.my/CodeSystem/procedure-my-core,CodeSystemProcedureMyCore
93.54,Application of splint,Application of splint,http://fhir.hie.moh.gov.my/CodeSystem/procedure-my-core,CodeSystemProcedureMyCore
93.55,Dental wiring,Dental wiring,http://fhir.hie.moh.gov.my/CodeSystem/procedure-my-core,CodeSystemProcedureMyCore
93.56,Application of pressure dressing,Application of pressure dressing,http://fhir.hie.moh.gov.my/CodeSystem/procedure-my-core,CodeSystemProcedureMyCore
93.57,Application of other wound dressing,Application of other wound dressing,http://fhir.hie.moh.gov.my/CodeSystem/procedure-my-core,CodeSystemProcedureMyCore
93.58,Application of pressure trousers,Application of pressure trousers,http://fhir.hie.moh.gov.my/CodeSystem/procedure-my-core,CodeSystemProcedureMyCore
93.59,"Other immobilization, pressure, and attention to wound","Other immobilization, pressure, and attention to wound",http://fhir.hie.moh.gov.my/CodeSystem/procedure-my-core,CodeSystemProcedureMyCore
93.61,Osteopathic manipulative treatment for general mobilization,Osteopathic manipulative treatment for general mobilization,http://fhir.hie.moh.gov.my/CodeSystem/procedure-my-core,CodeSystemProcedureMyCore
93.62,"Osteopathic manipulative treatment using high-velocity, low- amplitude forces","Osteopathic manipulative treatment using high-velocity, low- amplitude forces",http://fhir.hie.moh.gov.my/CodeSystem/procedure-my-core,CodeSystemProcedureMyCore
93.63,"Osteopathic manipulative treatment using low- velocity, high-amplitude forces","Osteopathic manipulative treatment using low- velocity, high-amplitude forces",http://fhir.hie.moh.gov.my/CodeSystem/procedure-my-core,CodeSystemProcedureMyCore
93.64,"Osteopathic manipulative treatment using isotonic, isometric forces","Osteopathic manipulative treatment using isotonic, isometric forces",http://fhir.hie.moh.gov.my/CodeSystem/procedure-my-core,CodeSystemProcedureMyCore
93.65,Osteopathic manipulative treatment using indirect forces,Osteopathic manipulative treatment using indirect forces,http://fhir.hie.moh.gov.my/CodeSystem/procedure-my-core,CodeSystemProcedureMyCore
93.66,Osteopathic manipulative treatment to move tissue fluids,Osteopathic manipulative treatment to move tissue fluids,http://fhir.hie.moh.gov.my/CodeSystem/procedure-my-core,CodeSystemProcedureMyCore
93.67,Other specified osteopathic manipulative treatment,Other specified osteopathic manipulative treatment,http://fhir.hie.moh.gov.my/CodeSystem/procedure-my-core,CodeSystemProcedureMyCore
93.71,Dyslexia training,Dyslexia training,http://fhir.hie.moh.gov.my/CodeSystem/procedure-my-core,CodeSystemProcedureMyCore
93.72,Dysphasia training,Dysphasia training,http://fhir.hie.moh.gov.my/CodeSystem/procedure-my-core,CodeSystemProcedureMyCore
93.73,Esophageal speech training,Esophageal speech training,http://fhir.hie.moh.gov.my/CodeSystem/procedure-my-core,CodeSystemProcedureMyCore
93.74,Speech defect training,Speech defect training,http://fhir.hie.moh.gov.my/CodeSystem/procedure-my-core,CodeSystemProcedureMyCore
93.75,Other speech training and therapy,Other speech training and therapy,http://fhir.hie.moh.gov.my/CodeSystem/procedure-my-core,CodeSystemProcedureMyCore
93.76,Training in use of lead dog for the blind,Training in use of lead dog for the blind,http://fhir.hie.moh.gov.my/CodeSystem/procedure-my-core,CodeSystemProcedureMyCore
93.77,Training in braille or Moon,Training in braille or Moon,http://fhir.hie.moh.gov.my/CodeSystem/procedure-my-core,CodeSystemProcedureMyCore
93.78,Other rehabilitation for the blind,Other rehabilitation for the blind,http://fhir.hie.moh.gov.my/CodeSystem/procedure-my-core,CodeSystemProcedureMyCore
93.81,Recreation therapy,Recreation therapy,http://fhir.hie.moh.gov.my/CodeSystem/procedure-my-core,CodeSystemProcedureMyCore
93.82,Educational therapy,Educational therapy,http://fhir.hie.moh.gov.my/CodeSystem/procedure-my-core,CodeSystemProcedureMyCore
93.83,Occupational therapy,Occupational therapy,http://fhir.hie.moh.gov.my/CodeSystem/procedure-my-core,CodeSystemProcedureMyCore
93.84,Music therapy,Music therapy,http://fhir.hie.moh.gov.my/CodeSystem/procedure-my-core,CodeSystemProcedureMyCore
93.85,Vocational rehabilitation,Vocational rehabilitation,http://fhir.hie.moh.gov.my/CodeSystem/procedure-my-core,CodeSystemProcedureMyCore
93.89,"Rehabilitation, not elsewhere classified","Rehabilitation, not elsewhere classified",http://fhir.hie.moh.gov.my/CodeSystem/procedure-my-core,CodeSystemProcedureMyCore
93.90,Continuous positive airway pressure [CPAP],Continuous positive airway pressure [CPAP],http://fhir.hie.moh.gov.my/CodeSystem/procedure-my-core,CodeSystemProcedureMyCore
93.91,Intermittent positive pressure breathing [IPPB],Intermittent positive pressure breathing [IPPB],http://fhir.hie.moh.gov.my/CodeSystem/procedure-my-core,CodeSystemProcedureMyCore
93.93,Nonmechanical methods of resuscitation,Nonmechanical methods of resuscitation,http://fhir.hie.moh.gov.my/CodeSystem/procedure-my-core,CodeSystemProcedureMyCore
93.94,Respiratory medication administered by nebulizer,Respiratory medication administered by nebulizer,http://fhir.hie.moh.gov.my/CodeSystem/procedure-my-core,CodeSystemProcedureMyCore
93.95,Hyperbaric oxygenation,Hyperbaric oxygenation,http://fhir.hie.moh.gov.my/CodeSystem/procedure-my-core,CodeSystemProcedureMyCore
93.96,Other oxygen enrichment,Other oxygen enrichment,http://fhir.hie.moh.gov.my/CodeSystem/procedure-my-core,CodeSystemProcedureMyCore
93.97,Decompression chamber,Decompression chamber,http://fhir.hie.moh.gov.my/CodeSystem/procedure-my-core,CodeSystemProcedureMyCore
93.98,Other control of atmospheric pressure and composition,Other control of atmospheric pressure and composition,http://fhir.hie.moh.gov.my/CodeSystem/procedure-my-core,CodeSystemProcedureMyCore
93.99,Other respiratory procedures,Other respiratory procedures,http://fhir.hie.moh.gov.my/CodeSystem/procedure-my-core,CodeSystemProcedureMyCore
94.01,Administration of intelligence test,Administration of intelligence test,http://fhir.hie.moh.gov.my/CodeSystem/procedure-my-core,CodeSystemProcedureMyCore
94.02,Administration of psychologic test,Administration of psychologic test,http://fhir.hie.moh.gov.my/CodeSystem/procedure-my-core,CodeSystemProcedureMyCore
94.03,Character analysis,Character analysis,http://fhir.hie.moh.gov.my/CodeSystem/procedure-my-core,CodeSystemProcedureMyCore
94.08,Other psychologic evaluation and testing,Other psychologic evaluation and testing,http://fhir.hie.moh.gov.my/CodeSystem/procedure-my-core,CodeSystemProcedureMyCore
94.09,"Psychologic mental status determination, not otherwise specified","Psychologic mental status determination, not otherwise specified",http://fhir.hie.moh.gov.my/CodeSystem/procedure-my-core,CodeSystemProcedureMyCore
94.11,Psychiatric mental status determination,Psychiatric mental status determination,http://fhir.hie.moh.gov.my/CodeSystem/procedure-my-core,CodeSystemProcedureMyCore
94.12,"Routine psychiatric visit, not otherwise specified","Routine psychiatric visit, not otherwise specified",http://fhir.hie.moh.gov.my/CodeSystem/procedure-my-core,CodeSystemProcedureMyCore
94.13,Psychiatric commitment evaluation,Psychiatric commitment evaluation,http://fhir.hie.moh.gov.my/CodeSystem/procedure-my-core,CodeSystemProcedureMyCore
94.19,Other psychiatric interview and evaluation,Other psychiatric interview and evaluation,http://fhir.hie.moh.gov.my/CodeSystem/procedure-my-core,CodeSystemProcedureMyCore
94.21,Narcoanalysis,Narcoanalysis,http://fhir.hie.moh.gov.my/CodeSystem/procedure-my-core,CodeSystemProcedureMyCore
94.22,Lithium therapy,Lithium therapy,http://fhir.hie.moh.gov.my/CodeSystem/procedure-my-core,CodeSystemProcedureMyCore
94.23,Neuroleptic therapy,Neuroleptic therapy,http://fhir.hie.moh.gov.my/CodeSystem/procedure-my-core,CodeSystemProcedureMyCore
94.24,Chemical shock therapy,Chemical shock therapy,http://fhir.hie.moh.gov.my/CodeSystem/procedure-my-core,CodeSystemProcedureMyCore
94.25,Other psychiatric drug therapy,Other psychiatric drug therapy,http://fhir.hie.moh.gov.my/CodeSystem/procedure-my-core,CodeSystemProcedureMyCore
94.26,Subconvulsive electroshock therapy,Subconvulsive electroshock therapy,http://fhir.hie.moh.gov.my/CodeSystem/procedure-my-core,CodeSystemProcedureMyCore
94.27,Other electroshock therapy,Other electroshock therapy,http://fhir.hie.moh.gov.my/CodeSystem/procedure-my-core,CodeSystemProcedureMyCore
94.29,Other psychiatric somatotherapy,Other psychiatric somatotherapy,http://fhir.hie.moh.gov.my/CodeSystem/procedure-my-core,CodeSystemProcedureMyCore
94.31,Psychoanalysis,Psychoanalysis,http://fhir.hie.moh.gov.my/CodeSystem/procedure-my-core,CodeSystemProcedureMyCore
94.32,Hypnotherapy,Hypnotherapy,http://fhir.hie.moh.gov.my/CodeSystem/procedure-my-core,CodeSystemProcedureMyCore
94.33,Behavior therapy,Behavior therapy,http://fhir.hie.moh.gov.my/CodeSystem/procedure-my-core,CodeSystemProcedureMyCore
94.34,Individual therapy for psychosexual dysfunction,Individual therapy for psychosexual dysfunction,http://fhir.hie.moh.gov.my/CodeSystem/procedure-my-core,CodeSystemProcedureMyCore
94.35,Crisis intervention,Crisis intervention,http://fhir.hie.moh.gov.my/CodeSystem/procedure-my-core,CodeSystemProcedureMyCore
94.36,Play psychotherapy,Play psychotherapy,http://fhir.hie.moh.gov.my/CodeSystem/procedure-my-core,CodeSystemProcedureMyCore
94.37,Exploratory verbal psychotherapy,Exploratory verbal psychotherapy,http://fhir.hie.moh.gov.my/CodeSystem/procedure-my-core,CodeSystemProcedureMyCore
94.38,Supportive verbal psychotherapy,Supportive verbal psychotherapy,http://fhir.hie.moh.gov.my/CodeSystem/procedure-my-core,CodeSystemProcedureMyCore
94.39,Other individual psychotherapy,Other individual psychotherapy,http://fhir.hie.moh.gov.my/CodeSystem/procedure-my-core,CodeSystemProcedureMyCore
94.41,Group therapy for psychosexual dysfunction,Group therapy for psychosexual dysfunction,http://fhir.hie.moh.gov.my/CodeSystem/procedure-my-core,CodeSystemProcedureMyCore
94.42,Family therapy,Family therapy,http://fhir.hie.moh.gov.my/CodeSystem/procedure-my-core,CodeSystemProcedureMyCore
94.43,Psychodrama,Psychodrama,http://fhir.hie.moh.gov.my/CodeSystem/procedure-my-core,CodeSystemProcedureMyCore
94.44,Other group therapy,Other group therapy,http://fhir.hie.moh.gov.my/CodeSystem/procedure-my-core,CodeSystemProcedureMyCore
94.45,Drug addiction counselling,Drug addiction counselling,http://fhir.hie.moh.gov.my/CodeSystem/procedure-my-core,CodeSystemProcedureMyCore
94.46,Alcoholism counselling,Alcoholism counselling,http://fhir.hie.moh.gov.my/CodeSystem/procedure-my-core,CodeSystemProcedureMyCore
94.49,Other counselling,Other counselling,http://fhir.hie.moh.gov.my/CodeSystem/procedure-my-core,CodeSystemProcedureMyCore
94.51,Referral for psychotherapy,Referral for psychotherapy,http://fhir.hie.moh.gov.my/CodeSystem/procedure-my-core,CodeSystemProcedureMyCore
94.52,Referral for psychiatric aftercare,Referral for psychiatric aftercare,http://fhir.hie.moh.gov.my/CodeSystem/procedure-my-core,CodeSystemProcedureMyCore
94.53,Referral for alcoholism rehabilitation,Referral for alcoholism rehabilitation,http://fhir.hie.moh.gov.my/CodeSystem/procedure-my-core,CodeSystemProcedureMyCore
94.54,Referral for drug addiction rehabilitation,Referral for drug addiction rehabilitation,http://fhir.hie.moh.gov.my/CodeSystem/procedure-my-core,CodeSystemProcedureMyCore
94.55,Referral for vocational rehabilitation,Referral for vocational rehabilitation,http://fhir.hie.moh.gov.my/CodeSystem/procedure-my-core,CodeSystemProcedureMyCore
94.59,Referral for other psychologic rehabilitation,Referral for other psychologic rehabilitation,http://fhir.hie.moh.gov.my/CodeSystem/procedure-my-core,CodeSystemProcedureMyCore
94.61,Alcohol rehabilitation,Alcohol rehabilitation,http://fhir.hie.moh.gov.my/CodeSystem/procedure-my-core,CodeSystemProcedureMyCore
94.62,Alcohol detoxification,Alcohol detoxification,http://fhir.hie.moh.gov.my/CodeSystem/procedure-my-core,CodeSystemProcedureMyCore
94.63,Alcohol rehabilitation and detoxification,Alcohol rehabilitation and detoxification,http://fhir.hie.moh.gov.my/CodeSystem/procedure-my-core,CodeSystemProcedureMyCore
94.64,Drug rehabilitation,Drug rehabilitation,http://fhir.hie.moh.gov.my/CodeSystem/procedure-my-core,CodeSystemProcedureMyCore
94.65,Drug detoxification,Drug detoxification,http://fhir.hie.moh.gov.my/CodeSystem/procedure-my-core,CodeSystemProcedureMyCore
94.66,Drug rehabilitation and detoxification,Drug rehabilitation and detoxification,http://fhir.hie.moh.gov.my/CodeSystem/procedure-my-core,CodeSystemProcedureMyCore
94.67,Combined alcohol and drug rehabilitation,Combined alcohol and drug rehabilitation,http://fhir.hie.moh.gov.my/CodeSystem/procedure-my-core,CodeSystemProcedureMyCore
94.68,Combined alcohol and drug detoxification,Combined alcohol and drug detoxification,http://fhir.hie.moh.gov.my/CodeSystem/procedure-my-core,CodeSystemProcedureMyCore
94.69,Combined alcohol and drug rehabilitation and detoxification,Combined alcohol and drug rehabilitation and detoxification,http://fhir.hie.moh.gov.my/CodeSystem/procedure-my-core,CodeSystemProcedureMyCore
95.01,Limited eye examination,Limited eye examination,http://fhir.hie.moh.gov.my/CodeSystem/procedure-my-core,CodeSystemProcedureMyCore
95.02,Comprehensive eye examination,Comprehensive eye examination,http://fhir.hie.moh.gov.my/CodeSystem/procedure-my-core,CodeSystemProcedureMyCore
95.03,Extended ophthalmologic work-up,Extended ophthalmologic work-up,http://fhir.hie.moh.gov.my/CodeSystem/procedure-my-core,CodeSystemProcedureMyCore
95.04,Eye examination under anesthesia,Eye examination under anesthesia,http://fhir.hie.moh.gov.my/CodeSystem/procedure-my-core,CodeSystemProcedureMyCore
95.05,Visual field study,Visual field study,http://fhir.hie.moh.gov.my/CodeSystem/procedure-my-core,CodeSystemProcedureMyCore
95.06,Color vision study,Color vision study,http://fhir.hie.moh.gov.my/CodeSystem/procedure-my-core,CodeSystemProcedureMyCore
95.07,Dark adaptation study,Dark adaptation study,http://fhir.hie.moh.gov.my/CodeSystem/procedure-my-core,CodeSystemProcedureMyCore
95.09,"Eye examination, not otherwise specified","Eye examination, not otherwise specified",http://fhir.hie.moh.gov.my/CodeSystem/procedure-my-core,CodeSystemProcedureMyCore
95.11,Fundus photography,Fundus photography,http://fhir.hie.moh.gov.my/CodeSystem/procedure-my-core,CodeSystemProcedureMyCore
95.12,Fluorescein angiography or angioscopy of eye,Fluorescein angiography or angioscopy of eye,http://fhir.hie.moh.gov.my/CodeSystem/procedure-my-core,CodeSystemProcedureMyCore
95.13,Ultrasound study of eye,Ultrasound study of eye,http://fhir.hie.moh.gov.my/CodeSystem/procedure-my-core,CodeSystemProcedureMyCore
95.14,X-ray study of eye,X-ray study of eye,http://fhir.hie.moh.gov.my/CodeSystem/procedure-my-core,CodeSystemProcedureMyCore
95.15,Ocular motility study,Ocular motility study,http://fhir.hie.moh.gov.my/CodeSystem/procedure-my-core,CodeSystemProcedureMyCore
95.16,P32 and other tracer studies of eye,P32 and other tracer studies of eye,http://fhir.hie.moh.gov.my/CodeSystem/procedure-my-core,CodeSystemProcedureMyCore
95.21,Electroretinogram [ERG],Electroretinogram [ERG],http://fhir.hie.moh.gov.my/CodeSystem/procedure-my-core,CodeSystemProcedureMyCore
95.22,Electro-oculogram [EOG],Electro-oculogram [EOG],http://fhir.hie.moh.gov.my/CodeSystem/procedure-my-core,CodeSystemProcedureMyCore
95.23,Visual evoked potential [VEP],Visual evoked potential [VEP],http://fhir.hie.moh.gov.my/CodeSystem/procedure-my-core,CodeSystemProcedureMyCore
95.24,Electronystagmogram [ENG],Electronystagmogram [ENG],http://fhir.hie.moh.gov.my/CodeSystem/procedure-my-core,CodeSystemProcedureMyCore
95.25,Electromyogram of eye [EMG],Electromyogram of eye [EMG],http://fhir.hie.moh.gov.my/CodeSystem/procedure-my-core,CodeSystemProcedureMyCore
95.26,"Tonography, provocative tests, and other glaucoma testing","Tonography, provocative tests, and other glaucoma testing",http://fhir.hie.moh.gov.my/CodeSystem/procedure-my-core,CodeSystemProcedureMyCore
95.31,Fitting and dispensing of spectacles,Fitting and dispensing of spectacles,http://fhir.hie.moh.gov.my/CodeSystem/procedure-my-core,CodeSystemProcedureMyCore
95.32,"Prescription, fitting, and dispensing of contact lens","Prescription, fitting, and dispensing of contact lens",http://fhir.hie.moh.gov.my/CodeSystem/procedure-my-core,CodeSystemProcedureMyCore
95.33,Dispensing of other low vision aids,Dispensing of other low vision aids,http://fhir.hie.moh.gov.my/CodeSystem/procedure-my-core,CodeSystemProcedureMyCore
95.34,Ocular prosthetics,Ocular prosthetics,http://fhir.hie.moh.gov.my/CodeSystem/procedure-my-core,CodeSystemProcedureMyCore
95.35,Orthoptic training,Orthoptic training,http://fhir.hie.moh.gov.my/CodeSystem/procedure-my-core,CodeSystemProcedureMyCore
95.36,Ophthalmologic counselling and instruction,Ophthalmologic counselling and instruction,http://fhir.hie.moh.gov.my/CodeSystem/procedure-my-core,CodeSystemProcedureMyCore
95.41,Audiometry,Audiometry,http://fhir.hie.moh.gov.my/CodeSystem/procedure-my-core,CodeSystemProcedureMyCore
95.42,Clinical test of hearing,Clinical test of hearing,http://fhir.hie.moh.gov.my/CodeSystem/procedure-my-core,CodeSystemProcedureMyCore
95.43,Audiological evaluation,Audiological evaluation,http://fhir.hie.moh.gov.my/CodeSystem/procedure-my-core,CodeSystemProcedureMyCore
95.44,Clinical vestibular function tests,Clinical vestibular function tests,http://fhir.hie.moh.gov.my/CodeSystem/procedure-my-core,CodeSystemProcedureMyCore
95.45,Rotation tests,Rotation tests,http://fhir.hie.moh.gov.my/CodeSystem/procedure-my-core,CodeSystemProcedureMyCore
95.46,Other auditory and vestibular function tests,Other auditory and vestibular function tests,http://fhir.hie.moh.gov.my/CodeSystem/procedure-my-core,CodeSystemProcedureMyCore
95.47,"Hearing examination, not otherwise specified","Hearing examination, not otherwise specified",http://fhir.hie.moh.gov.my/CodeSystem/procedure-my-core,CodeSystemProcedureMyCore
95.48,Fitting of hearing aid,Fitting of hearing aid,http://fhir.hie.moh.gov.my/CodeSystem/procedure-my-core,CodeSystemProcedureMyCore
95.49,Other nonoperative procedures related to hearing,Other nonoperative procedures related to hearing,http://fhir.hie.moh.gov.my/CodeSystem/procedure-my-core,CodeSystemProcedureMyCore
96.01,Insertion of nasopharyngeal airway,Insertion of nasopharyngeal airway,http://fhir.hie.moh.gov.my/CodeSystem/procedure-my-core,CodeSystemProcedureMyCore
96.02,Insertion of oropharyngeal airway,Insertion of oropharyngeal airway,http://fhir.hie.moh.gov.my/CodeSystem/procedure-my-core,CodeSystemProcedureMyCore
96.03,Insertion of esophageal obturator airway,Insertion of esophageal obturator airway,http://fhir.hie.moh.gov.my/CodeSystem/procedure-my-core,CodeSystemProcedureMyCore
96.04,Insertion of endotracheal tube,Insertion of endotracheal tube,http://fhir.hie.moh.gov.my/CodeSystem/procedure-my-core,CodeSystemProcedureMyCore
96.05,Other intubation of respiratory tract,Other intubation of respiratory tract,http://fhir.hie.moh.gov.my/CodeSystem/procedure-my-core,CodeSystemProcedureMyCore
96.06,Insertion of Sengstaken tube,Insertion of Sengstaken tube,http://fhir.hie.moh.gov.my/CodeSystem/procedure-my-core,CodeSystemProcedureMyCore
96.07,Insertion of other (naso-)gastric tube,Insertion of other (naso-)gastric tube,http://fhir.hie.moh.gov.my/CodeSystem/procedure-my-core,CodeSystemProcedureMyCore
96.08,Insertion of (naso-)intestinal tube,Insertion of (naso-)intestinal tube,http://fhir.hie.moh.gov.my/CodeSystem/procedure-my-core,CodeSystemProcedureMyCore
96.09,Insertion of rectal tube,Insertion of rectal tube,http://fhir.hie.moh.gov.my/CodeSystem/procedure-my-core,CodeSystemProcedureMyCore
96.11,Packing of external auditory canal,Packing of external auditory canal,http://fhir.hie.moh.gov.my/CodeSystem/procedure-my-core,CodeSystemProcedureMyCore
96.14,Vaginal packing,Vaginal packing,http://fhir.hie.moh.gov.my/CodeSystem/procedure-my-core,CodeSystemProcedureMyCore
96.15,Insertion of vaginal mold,Insertion of vaginal mold,http://fhir.hie.moh.gov.my/CodeSystem/procedure-my-core,CodeSystemProcedureMyCore
96.16,Other vaginal dilation,Other vaginal dilation,http://fhir.hie.moh.gov.my/CodeSystem/procedure-my-core,CodeSystemProcedureMyCore
96.17,Insertion of vaginal diaphragm,Insertion of vaginal diaphragm,http://fhir.hie.moh.gov.my/CodeSystem/procedure-my-core,CodeSystemProcedureMyCore
96.18,Insertion of other vaginal pessary,Insertion of other vaginal pessary,http://fhir.hie.moh.gov.my/CodeSystem/procedure-my-core,CodeSystemProcedureMyCore
96.19,Rectal packing,Rectal packing,http://fhir.hie.moh.gov.my/CodeSystem/procedure-my-core,CodeSystemProcedureMyCore
96.21,Dilation of frontonasal duct,Dilation of frontonasal duct,http://fhir.hie.moh.gov.my/CodeSystem/procedure-my-core,CodeSystemProcedureMyCore
96.22,Dilation of rectum,Dilation of rectum,http://fhir.hie.moh.gov.my/CodeSystem/procedure-my-core,CodeSystemProcedureMyCore
96.23,Dilation of anal sphincter,Dilation of anal sphincter,http://fhir.hie.moh.gov.my/CodeSystem/procedure-my-core,CodeSystemProcedureMyCore
96.24,Dilation and manipulation of enterostomy stoma,Dilation and manipulation of enterostomy stoma,http://fhir.hie.moh.gov.my/CodeSystem/procedure-my-core,CodeSystemProcedureMyCore
96.25,Therapeutic distention of bladder,Therapeutic distention of bladder,http://fhir.hie.moh.gov.my/CodeSystem/procedure-my-core,CodeSystemProcedureMyCore
96.26,Manual reduction of rectal prolapse,Manual reduction of rectal prolapse,http://fhir.hie.moh.gov.my/CodeSystem/procedure-my-core,CodeSystemProcedureMyCore
96.27,Manual reduction of hernia,Manual reduction of hernia,http://fhir.hie.moh.gov.my/CodeSystem/procedure-my-core,CodeSystemProcedureMyCore
96.28,Manual reduction of enterostomy prolapse,Manual reduction of enterostomy prolapse,http://fhir.hie.moh.gov.my/CodeSystem/procedure-my-core,CodeSystemProcedureMyCore
96.29,Reduction of intussusception of alimentary tract,Reduction of intussusception of alimentary tract,http://fhir.hie.moh.gov.my/CodeSystem/procedure-my-core,CodeSystemProcedureMyCore
96.31,Gastric cooling,Gastric cooling,http://fhir.hie.moh.gov.my/CodeSystem/procedure-my-core,CodeSystemProcedureMyCore
96.32,Gastric freezing,Gastric freezing,http://fhir.hie.moh.gov.my/CodeSystem/procedure-my-core,CodeSystemProcedureMyCore
96.33,Gastric lavage,Gastric lavage,http://fhir.hie.moh.gov.my/CodeSystem/procedure-my-core,CodeSystemProcedureMyCore
96.34,Other irrigation of (naso-)gastric tube,Other irrigation of (naso-)gastric tube,http://fhir.hie.moh.gov.my/CodeSystem/procedure-my-core,CodeSystemProcedureMyCore
96.35,Gastric gavage,Gastric gavage,http://fhir.hie.moh.gov.my/CodeSystem/procedure-my-core,CodeSystemProcedureMyCore
96.36,Irrigation of gastrostomy or enterostomy,Irrigation of gastrostomy or enterostomy,http://fhir.hie.moh.gov.my/CodeSystem/procedure-my-core,CodeSystemProcedureMyCore
96.37,Proctoclysis,Proctoclysis,http://fhir.hie.moh.gov.my/CodeSystem/procedure-my-core,CodeSystemProcedureMyCore
96.38,Removal of impacted feces,Removal of impacted feces,http://fhir.hie.moh.gov.my/CodeSystem/procedure-my-core,CodeSystemProcedureMyCore
96.39,Other transanal enema,Other transanal enema,http://fhir.hie.moh.gov.my/CodeSystem/procedure-my-core,CodeSystemProcedureMyCore
96.41,Irrigation of cholecystostomy and other biliary tube,Irrigation of cholecystostomy and other biliary tube,http://fhir.hie.moh.gov.my/CodeSystem/procedure-my-core,CodeSystemProcedureMyCore
96.42,Irrigation of pancreatic tube,Irrigation of pancreatic tube,http://fhir.hie.moh.gov.my/CodeSystem/procedure-my-core,CodeSystemProcedureMyCore
96.43,"Digestive tract instillation, except gastric gavage","Digestive tract instillation, except gastric gavage",http://fhir.hie.moh.gov.my/CodeSystem/procedure-my-core,CodeSystemProcedureMyCore
96.44,Vaginal douche,Vaginal douche,http://fhir.hie.moh.gov.my/CodeSystem/procedure-my-core,CodeSystemProcedureMyCore
96.45,Irrigation of nephrostomy and pyelostomy,Irrigation of nephrostomy and pyelostomy,http://fhir.hie.moh.gov.my/CodeSystem/procedure-my-core,CodeSystemProcedureMyCore
96.46,Irrigation of ureterostomy and ureteral catheter,Irrigation of ureterostomy and ureteral catheter,http://fhir.hie.moh.gov.my/CodeSystem/procedure-my-core,CodeSystemProcedureMyCore
96.47,Irrigation of cystostomy,Irrigation of cystostomy,http://fhir.hie.moh.gov.my/CodeSystem/procedure-my-core,CodeSystemProcedureMyCore
96.48,Irrigation of other indwelling urinary catheter,Irrigation of other indwelling urinary catheter,http://fhir.hie.moh.gov.my/CodeSystem/procedure-my-core,CodeSystemProcedureMyCore
96.49,Other genitourinary instillation,Other genitourinary instillation,http://fhir.hie.moh.gov.my/CodeSystem/procedure-my-core,CodeSystemProcedureMyCore
96.51,Irrigation of eye,Irrigation of eye,http://fhir.hie.moh.gov.my/CodeSystem/procedure-my-core,CodeSystemProcedureMyCore
96.52,Irrigation of ear,Irrigation of ear,http://fhir.hie.moh.gov.my/CodeSystem/procedure-my-core,CodeSystemProcedureMyCore
96.53,Irrigation of nasal passages,Irrigation of nasal passages,http://fhir.hie.moh.gov.my/CodeSystem/procedure-my-core,CodeSystemProcedureMyCore
96.54,"Dental scaling, polishing, and debridement","Dental scaling, polishing, and debridement",http://fhir.hie.moh.gov.my/CodeSystem/procedure-my-core,CodeSystemProcedureMyCore
96.55,Tracheostomy toilette,Tracheostomy toilette,http://fhir.hie.moh.gov.my/CodeSystem/procedure-my-core,CodeSystemProcedureMyCore
96.56,Other lavage of bronchus and trachea,Other lavage of bronchus and trachea,http://fhir.hie.moh.gov.my/CodeSystem/procedure-my-core,CodeSystemProcedureMyCore
96.57,Irrigation of vascular catheter,Irrigation of vascular catheter,http://fhir.hie.moh.gov.my/CodeSystem/procedure-my-core,CodeSystemProcedureMyCore
96.58,Irrigation of wound catheter,Irrigation of wound catheter,http://fhir.hie.moh.gov.my/CodeSystem/procedure-my-core,CodeSystemProcedureMyCore
96.59,Other irrigation of wound,Other irrigation of wound,http://fhir.hie.moh.gov.my/CodeSystem/procedure-my-core,CodeSystemProcedureMyCore
96.6,Enteral infusion of concentrated nutritional substances,Enteral infusion of concentrated nutritional substances,http://fhir.hie.moh.gov.my/CodeSystem/procedure-my-core,CodeSystemProcedureMyCore
96.70,Continuous mechanical ventilation of unspecified duration,Continuous mechanical ventilation of unspecified duration,http://fhir.hie.moh.gov.my/CodeSystem/procedure-my-core,CodeSystemProcedureMyCore
96.71,Continuous mechanical ventilation for less than 96 consecutive hours,Continuous mechanical ventilation for less than 96 consecutive hours,http://fhir.hie.moh.gov.my/CodeSystem/procedure-my-core,CodeSystemProcedureMyCore
96.72,Continuous mechanical ventilation for 96 consecutive hours or more,Continuous mechanical ventilation for 96 consecutive hours or more,http://fhir.hie.moh.gov.my/CodeSystem/procedure-my-core,CodeSystemProcedureMyCore
97.01,Replacement of (naso-)gastric or esophagostomy tube,Replacement of (naso-)gastric or esophagostomy tube,http://fhir.hie.moh.gov.my/CodeSystem/procedure-my-core,CodeSystemProcedureMyCore
97.02,Replacement of gastrostomy tube,Replacement of gastrostomy tube,http://fhir.hie.moh.gov.my/CodeSystem/procedure-my-core,CodeSystemProcedureMyCore
97.03,Replacement of tube or enterostomy device of small intestine,Replacement of tube or enterostomy device of small intestine,http://fhir.hie.moh.gov.my/CodeSystem/procedure-my-core,CodeSystemProcedureMyCore
97.04,Replacement of tube or enterostomy device of large intestine,Replacement of tube or enterostomy device of large intestine,http://fhir.hie.moh.gov.my/CodeSystem/procedure-my-core,CodeSystemProcedureMyCore
97.05,Replacement of stent (tube) in biliary or pancreatic duct,Replacement of stent (tube) in biliary or pancreatic duct,http://fhir.hie.moh.gov.my/CodeSystem/procedure-my-core,CodeSystemProcedureMyCore
97.11,Replacement of cast on upper limb,Replacement of cast on upper limb,http://fhir.hie.moh.gov.my/CodeSystem/procedure-my-core,CodeSystemProcedureMyCore
97.12,Replacement of cast on lower limb,Replacement of cast on lower limb,http://fhir.hie.moh.gov.my/CodeSystem/procedure-my-core,CodeSystemProcedureMyCore
97.13,Replacement of other cast,Replacement of other cast,http://fhir.hie.moh.gov.my/CodeSystem/procedure-my-core,CodeSystemProcedureMyCore
97.14,Replacement of other device for musculoskeletal immobilization,Replacement of other device for musculoskeletal immobilization,http://fhir.hie.moh.gov.my/CodeSystem/procedure-my-core,CodeSystemProcedureMyCore
97.15,Replacement of wound catheter,Replacement of wound catheter,http://fhir.hie.moh.gov.my/CodeSystem/procedure-my-core,CodeSystemProcedureMyCore
97.16,Replacement of wound packing or drain,Replacement of wound packing or drain,http://fhir.hie.moh.gov.my/CodeSystem/procedure-my-core,CodeSystemProcedureMyCore
97.21,Replacement of nasal packing,Replacement of nasal packing,http://fhir.hie.moh.gov.my/CodeSystem/procedure-my-core,CodeSystemProcedureMyCore
97.22,Replacement of dental packing,Replacement of dental packing,http://fhir.hie.moh.gov.my/CodeSystem/procedure-my-core,CodeSystemProcedureMyCore
97.23,Replacement of tracheostomy tube,Replacement of tracheostomy tube,http://fhir.hie.moh.gov.my/CodeSystem/procedure-my-core,CodeSystemProcedureMyCore
97.24,Replacement and refitting of vaginal diaphragm,Replacement and refitting of vaginal diaphragm,http://fhir.hie.moh.gov.my/CodeSystem/procedure-my-core,CodeSystemProcedureMyCore
97.25,Replacement of other vaginal pessary,Replacement of other vaginal pessary,http://fhir.hie.moh.gov.my/CodeSystem/procedure-my-core,CodeSystemProcedureMyCore
97.26,Replacement of vaginal or vulvar packing or drain,Replacement of vaginal or vulvar packing or drain,http://fhir.hie.moh.gov.my/CodeSystem/procedure-my-core,CodeSystemProcedureMyCore
97.29,Other nonoperative replacements,Other nonoperative replacements,http://fhir.hie.moh.gov.my/CodeSystem/procedure-my-core,CodeSystemProcedureMyCore
97.31,Removal of eye prosthesis,Removal of eye prosthesis,http://fhir.hie.moh.gov.my/CodeSystem/procedure-my-core,CodeSystemProcedureMyCore
97.32,Removal of nasal packing,Removal of nasal packing,http://fhir.hie.moh.gov.my/CodeSystem/procedure-my-core,CodeSystemProcedureMyCore
97.33,Removal of dental wiring,Removal of dental wiring,http://fhir.hie.moh.gov.my/CodeSystem/procedure-my-core,CodeSystemProcedureMyCore
97.34,Removal of dental packing,Removal of dental packing,http://fhir.hie.moh.gov.my/CodeSystem/procedure-my-core,CodeSystemProcedureMyCore
97.35,Removal of dental prosthesis,Removal of dental prosthesis,http://fhir.hie.moh.gov.my/CodeSystem/procedure-my-core,CodeSystemProcedureMyCore
97.36,Removal of other external mandibular fixation device,Removal of other external mandibular fixation device,http://fhir.hie.moh.gov.my/CodeSystem/procedure-my-core,CodeSystemProcedureMyCore
97.37,Removal of tracheostomy tube,Removal of tracheostomy tube,http://fhir.hie.moh.gov.my/CodeSystem/procedure-my-core,CodeSystemProcedureMyCore
97.38,Removal of sutures from head and neck,Removal of sutures from head and neck,http://fhir.hie.moh.gov.my/CodeSystem/procedure-my-core,CodeSystemProcedureMyCore
97.39,Removal of other therapeutic device from head and neck,Removal of other therapeutic device from head and neck,http://fhir.hie.moh.gov.my/CodeSystem/procedure-my-core,CodeSystemProcedureMyCore
97.41,Removal of thoracotomy tube or pleural cavity drain,Removal of thoracotomy tube or pleural cavity drain,http://fhir.hie.moh.gov.my/CodeSystem/procedure-my-core,CodeSystemProcedureMyCore
97.42,Removal of mediastinal drain,Removal of mediastinal drain,http://fhir.hie.moh.gov.my/CodeSystem/procedure-my-core,CodeSystemProcedureMyCore
97.43,Removal of sutures from thorax,Removal of sutures from thorax,http://fhir.hie.moh.gov.my/CodeSystem/procedure-my-core,CodeSystemProcedureMyCore
97.44,Nonoperative removal of heart assist system,Nonoperative removal of heart assist system,http://fhir.hie.moh.gov.my/CodeSystem/procedure-my-core,CodeSystemProcedureMyCore
97.49,Removal of other device from thorax,Removal of other device from thorax,http://fhir.hie.moh.gov.my/CodeSystem/procedure-my-core,CodeSystemProcedureMyCore
97.51,Removal of gastrostomy tube,Removal of gastrostomy tube,http://fhir.hie.moh.gov.my/CodeSystem/procedure-my-core,CodeSystemProcedureMyCore
97.52,Removal of tube from small intestine,Removal of tube from small intestine,http://fhir.hie.moh.gov.my/CodeSystem/procedure-my-core,CodeSystemProcedureMyCore
97.53,Removal of tube from large intestine or appendix,Removal of tube from large intestine or appendix,http://fhir.hie.moh.gov.my/CodeSystem/procedure-my-core,CodeSystemProcedureMyCore
97.54,Removal of cholecystostomy tube,Removal of cholecystostomy tube,http://fhir.hie.moh.gov.my/CodeSystem/procedure-my-core,CodeSystemProcedureMyCore
97.55,"Removal of T-tube, other bile duct tube, or liver tube","Removal of T-tube, other bile duct tube, or liver tube",http://fhir.hie.moh.gov.my/CodeSystem/procedure-my-core,CodeSystemProcedureMyCore
97.56,Removal of pancreatic tube or drain,Removal of pancreatic tube or drain,http://fhir.hie.moh.gov.my/CodeSystem/procedure-my-core,CodeSystemProcedureMyCore
97.59,Removal of other device from digestive system,Removal of other device from digestive system,http://fhir.hie.moh.gov.my/CodeSystem/procedure-my-core,CodeSystemProcedureMyCore
97.61,Removal of pyelostomy and nephrostomy tube,Removal of pyelostomy and nephrostomy tube,http://fhir.hie.moh.gov.my/CodeSystem/procedure-my-core,CodeSystemProcedureMyCore
97.62,Removal of ureterostomy tube and ureteral catheter,Removal of ureterostomy tube and ureteral catheter,http://fhir.hie.moh.gov.my/CodeSystem/procedure-my-core,CodeSystemProcedureMyCore
97.63,Removal of cystostomy tube,Removal of cystostomy tube,http://fhir.hie.moh.gov.my/CodeSystem/procedure-my-core,CodeSystemProcedureMyCore
97.64,Removal of other urinary drainage device,Removal of other urinary drainage device,http://fhir.hie.moh.gov.my/CodeSystem/procedure-my-core,CodeSystemProcedureMyCore
97.65,Removal of urethral stent,Removal of urethral stent,http://fhir.hie.moh.gov.my/CodeSystem/procedure-my-core,CodeSystemProcedureMyCore
97.69,Removal of other device from urinary system,Removal of other device from urinary system,http://fhir.hie.moh.gov.my/CodeSystem/procedure-my-core,CodeSystemProcedureMyCore
97.71,Removal of intrauterine contraceptive device,Removal of intrauterine contraceptive device,http://fhir.hie.moh.gov.my/CodeSystem/procedure-my-core,CodeSystemProcedureMyCore
97.72,Removal of intrauterine pack,Removal of intrauterine pack,http://fhir.hie.moh.gov.my/CodeSystem/procedure-my-core,CodeSystemProcedureMyCore
97.73,Removal of vaginal diaphragm,Removal of vaginal diaphragm,http://fhir.hie.moh.gov.my/CodeSystem/procedure-my-core,CodeSystemProcedureMyCore
97.74,Removal of other vaginal pessary,Removal of other vaginal pessary,http://fhir.hie.moh.gov.my/CodeSystem/procedure-my-core,CodeSystemProcedureMyCore
97.75,Removal of vaginal or vulvar packing,Removal of vaginal or vulvar packing,http://fhir.hie.moh.gov.my/CodeSystem/procedure-my-core,CodeSystemProcedureMyCore
97.79,Removal of other device from genital tract,Removal of other device from genital tract,http://fhir.hie.moh.gov.my/CodeSystem/procedure-my-core,CodeSystemProcedureMyCore
97.81,Removal of retroperitoneal drainage device,Removal of retroperitoneal drainage device,http://fhir.hie.moh.gov.my/CodeSystem/procedure-my-core,CodeSystemProcedureMyCore
97.82,Removal of peritoneal drainage device,Removal of peritoneal drainage device,http://fhir.hie.moh.gov.my/CodeSystem/procedure-my-core,CodeSystemProcedureMyCore
97.83,Removal of abdominal wall sutures,Removal of abdominal wall sutures,http://fhir.hie.moh.gov.my/CodeSystem/procedure-my-core,CodeSystemProcedureMyCore
97.84,"Removal of sutures from trunk, not elsewhere classified","Removal of sutures from trunk, not elsewhere classified",http://fhir.hie.moh.gov.my/CodeSystem/procedure-my-core,CodeSystemProcedureMyCore
97.85,"Removal of packing from trunk, not elsewhere classified","Removal of packing from trunk, not elsewhere classified",http://fhir.hie.moh.gov.my/CodeSystem/procedure-my-core,CodeSystemProcedureMyCore
97.86,Removal of other device from abdomen,Removal of other device from abdomen,http://fhir.hie.moh.gov.my/CodeSystem/procedure-my-core,CodeSystemProcedureMyCore
97.87,Removal of other device from trunk,Removal of other device from trunk,http://fhir.hie.moh.gov.my/CodeSystem/procedure-my-core,CodeSystemProcedureMyCore
97.88,Removal of external immobilization device,Removal of external immobilization device,http://fhir.hie.moh.gov.my/CodeSystem/procedure-my-core,CodeSystemProcedureMyCore
97.89,Removal of other therapeutic device,Removal of other therapeutic device,http://fhir.hie.moh.gov.my/CodeSystem/procedure-my-core,CodeSystemProcedureMyCore
98.01,Removal of intraluminal foreign body from mouth without incision,Removal of intraluminal foreign body from mouth without incision,http://fhir.hie.moh.gov.my/CodeSystem/procedure-my-core,CodeSystemProcedureMyCore
98.02,Removal of intraluminal foreign body from esophagus without incision,Removal of intraluminal foreign body from esophagus without incision,http://fhir.hie.moh.gov.my/CodeSystem/procedure-my-core,CodeSystemProcedureMyCore
98.03,Removal of intraluminal foreign body from stomach and small intestine without incision,Removal of intraluminal foreign body from stomach and small intestine without incision,http://fhir.hie.moh.gov.my/CodeSystem/procedure-my-core,CodeSystemProcedureMyCore
98.04,Removal of intraluminal foreign body from large intestine without incision,Removal of intraluminal foreign body from large intestine without incision,http://fhir.hie.moh.gov.my/CodeSystem/procedure-my-core,CodeSystemProcedureMyCore
98.05,Removal of intraluminal foreign body from rectum and anus without incision,Removal of intraluminal foreign body from rectum and anus without incision,http://fhir.hie.moh.gov.my/CodeSystem/procedure-my-core,CodeSystemProcedureMyCore
98.11,Removal of intraluminal foreign body from ear without incision,Removal of intraluminal foreign body from ear without incision,http://fhir.hie.moh.gov.my/CodeSystem/procedure-my-core,CodeSystemProcedureMyCore
98.12,Removal of intraluminal foreign body from nose without incision,Removal of intraluminal foreign body from nose without incision,http://fhir.hie.moh.gov.my/CodeSystem/procedure-my-core,CodeSystemProcedureMyCore
98.13,Removal of intraluminal foreign body from pharynx without incision,Removal of intraluminal foreign body from pharynx without incision,http://fhir.hie.moh.gov.my/CodeSystem/procedure-my-core,CodeSystemProcedureMyCore
98.14,Removal of intraluminal foreign body from larynx without incision,Removal of intraluminal foreign body from larynx without incision,http://fhir.hie.moh.gov.my/CodeSystem/procedure-my-core,CodeSystemProcedureMyCore
98.15,Removal of intraluminal foreign body from trachea and bronchus without incision,Removal of intraluminal foreign body from trachea and bronchus without incision,http://fhir.hie.moh.gov.my/CodeSystem/procedure-my-core,CodeSystemProcedureMyCore
98.16,Removal of intraluminal foreign body from uterus without incision,Removal of intraluminal foreign body from uterus without incision,http://fhir.hie.moh.gov.my/CodeSystem/procedure-my-core,CodeSystemProcedureMyCore
98.17,Removal of intraluminal foreign body from vagina without incision,Removal of intraluminal foreign body from vagina without incision,http://fhir.hie.moh.gov.my/CodeSystem/procedure-my-core,CodeSystemProcedureMyCore
98.18,Removal of intraluminal foreign body from artificial stoma without incision,Removal of intraluminal foreign body from artificial stoma without incision,http://fhir.hie.moh.gov.my/CodeSystem/procedure-my-core,CodeSystemProcedureMyCore
98.19,Removal of intraluminal foreign body from urethra without incision,Removal of intraluminal foreign body from urethra without incision,http://fhir.hie.moh.gov.my/CodeSystem/procedure-my-core,CodeSystemProcedureMyCore
98.20,"Removal of foreign body, not otherwise specified","Removal of foreign body, not otherwise specified",http://fhir.hie.moh.gov.my/CodeSystem/procedure-my-core,CodeSystemProcedureMyCore
98.21,Removal of superficial foreign body from eye without incision,Removal of superficial foreign body from eye without incision,http://fhir.hie.moh.gov.my/CodeSystem/procedure-my-core,CodeSystemProcedureMyCore
98.22,Removal of other foreign body without incision from head and neck,Removal of other foreign body without incision from head and neck,http://fhir.hie.moh.gov.my/CodeSystem/procedure-my-core,CodeSystemProcedureMyCore
98.23,Removal of foreign body from vulva without incision,Removal of foreign body from vulva without incision,http://fhir.hie.moh.gov.my/CodeSystem/procedure-my-core,CodeSystemProcedureMyCore
98.24,Removal of foreign body from scrotum or penis without incision,Removal of foreign body from scrotum or penis without incision,http://fhir.hie.moh.gov.my/CodeSystem/procedure-my-core,CodeSystemProcedureMyCore
98.25,"Removal of other foreign body without incision from trunk except scrotum, penis, or vulva","Removal of other foreign body without incision from trunk except scrotum, penis, or vulva",http://fhir.hie.moh.gov.my/CodeSystem/procedure-my-core,CodeSystemProcedureMyCore
98.26,Removal of foreign body from hand without incision,Removal of foreign body from hand without incision,http://fhir.hie.moh.gov.my/CodeSystem/procedure-my-core,CodeSystemProcedureMyCore
98.27,"Removal of foreign body without incision from upper limb, except hand","Removal of foreign body without incision from upper limb, except hand",http://fhir.hie.moh.gov.my/CodeSystem/procedure-my-core,CodeSystemProcedureMyCore
98.28,Removal of foreign body from foot without incision,Removal of foreign body from foot without incision,http://fhir.hie.moh.gov.my/CodeSystem/procedure-my-core,CodeSystemProcedureMyCore
98.29,"Removal of foreign body without incision from lower limb, except foot","Removal of foreign body without incision from lower limb, except foot",http://fhir.hie.moh.gov.my/CodeSystem/procedure-my-core,CodeSystemProcedureMyCore
98.51,"Extracorporeal shockwave lithotripsy [ESWL] of the kidney, ureter and/or bladder","Extracorporeal shockwave lithotripsy [ESWL] of the kidney, ureter and/or bladder",http://fhir.hie.moh.gov.my/CodeSystem/procedure-my-core,CodeSystemProcedureMyCore
98.52,Extracorporeal shockwave lithotripsy [ESWL] of the gallbladder and/or bile duct,Extracorporeal shockwave lithotripsy [ESWL] of the gallbladder and/or bile duct,http://fhir.hie.moh.gov.my/CodeSystem/procedure-my-core,CodeSystemProcedureMyCore
98.59,Extracorporeal shockwave lithotripsy of other sites,Extracorporeal shockwave lithotripsy of other sites,http://fhir.hie.moh.gov.my/CodeSystem/procedure-my-core,CodeSystemProcedureMyCore
99.00,Perioperative autologous transfusion of whole blood or blood components,Perioperative autologous transfusion of whole blood or blood components,http://fhir.hie.moh.gov.my/CodeSystem/procedure-my-core,CodeSystemProcedureMyCore
99.01,Exchange transfusion,Exchange transfusion,http://fhir.hie.moh.gov.my/CodeSystem/procedure-my-core,CodeSystemProcedureMyCore
99.02,Transfusion of previously collected autologous blood,Transfusion of previously collected autologous blood,http://fhir.hie.moh.gov.my/CodeSystem/procedure-my-core,CodeSystemProcedureMyCore
99.03,Other transfusion of whole blood,Other transfusion of whole blood,http://fhir.hie.moh.gov.my/CodeSystem/procedure-my-core,CodeSystemProcedureMyCore
99.04,Transfusion of packed cells,Transfusion of packed cells,http://fhir.hie.moh.gov.my/CodeSystem/procedure-my-core,CodeSystemProcedureMyCore
99.05,Transfusion of platelets,Transfusion of platelets,http://fhir.hie.moh.gov.my/CodeSystem/procedure-my-core,CodeSystemProcedureMyCore
99.06,Transfusion of coagulation factors,Transfusion of coagulation factors,http://fhir.hie.moh.gov.my/CodeSystem/procedure-my-core,CodeSystemProcedureMyCore
99.07,Transfusion of other serum,Transfusion of other serum,http://fhir.hie.moh.gov.my/CodeSystem/procedure-my-core,CodeSystemProcedureMyCore
99.08,Transfusion of blood expander,Transfusion of blood expander,http://fhir.hie.moh.gov.my/CodeSystem/procedure-my-core,CodeSystemProcedureMyCore
99.09,Transfusion of other substance,Transfusion of other substance,http://fhir.hie.moh.gov.my/CodeSystem/procedure-my-core,CodeSystemProcedureMyCore
99.10,Injection or infusion of thrombolytic agent,Injection or infusion of thrombolytic agent,http://fhir.hie.moh.gov.my/CodeSystem/procedure-my-core,CodeSystemProcedureMyCore
99.11,Injection of Rh immune globulin,Injection of Rh immune globulin,http://fhir.hie.moh.gov.my/CodeSystem/procedure-my-core,CodeSystemProcedureMyCore
99.12,Immunization for allergy,Immunization for allergy,http://fhir.hie.moh.gov.my/CodeSystem/procedure-my-core,CodeSystemProcedureMyCore
99.13,Immunization for autoimmune disease,Immunization for autoimmune disease,http://fhir.hie.moh.gov.my/CodeSystem/procedure-my-core,CodeSystemProcedureMyCore
99.14,Injection of gamma globulin,Injection of gamma globulin,http://fhir.hie.moh.gov.my/CodeSystem/procedure-my-core,CodeSystemProcedureMyCore
99.15,Parenteral infusion of concentrated nutritional substances,Parenteral infusion of concentrated nutritional substances,http://fhir.hie.moh.gov.my/CodeSystem/procedure-my-core,CodeSystemProcedureMyCore
99.16,Injection of antidote,Injection of antidote,http://fhir.hie.moh.gov.my/CodeSystem/procedure-my-core,CodeSystemProcedureMyCore
99.17,Injection of insulin,Injection of insulin,http://fhir.hie.moh.gov.my/CodeSystem/procedure-my-core,CodeSystemProcedureMyCore
99.18,Injection or infusion of electrolytes,Injection or infusion of electrolytes,http://fhir.hie.moh.gov.my/CodeSystem/procedure-my-core,CodeSystemProcedureMyCore
99.19,Injection of anticoagulant,Injection of anticoagulant,http://fhir.hie.moh.gov.my/CodeSystem/procedure-my-core,CodeSystemProcedureMyCore
99.20,Injection or infusion of platelet inhibitor,Injection or infusion of platelet inhibitor,http://fhir.hie.moh.gov.my/CodeSystem/procedure-my-core,CodeSystemProcedureMyCore
99.21,Injection of antibiotic,Injection of antibiotic,http://fhir.hie.moh.gov.my/CodeSystem/procedure-my-core,CodeSystemProcedureMyCore
99.22,Injection of other anti-infective,Injection of other anti-infective,http://fhir.hie.moh.gov.my/CodeSystem/procedure-my-core,CodeSystemProcedureMyCore
99.23,Injection of steroid,Injection of steroid,http://fhir.hie.moh.gov.my/CodeSystem/procedure-my-core,CodeSystemProcedureMyCore
99.24,Injection of other hormone,Injection of other hormone,http://fhir.hie.moh.gov.my/CodeSystem/procedure-my-core,CodeSystemProcedureMyCore
99.25,Injection or infusion of cancer chemotherapeutic substance,Injection or infusion of cancer chemotherapeutic substance,http://fhir.hie.moh.gov.my/CodeSystem/procedure-my-core,CodeSystemProcedureMyCore
99.26,Injection of tranquilizer,Injection of tranquilizer,http://fhir.hie.moh.gov.my/CodeSystem/procedure-my-core,CodeSystemProcedureMyCore
99.27,Iontophoresis,Iontophoresis,http://fhir.hie.moh.gov.my/CodeSystem/procedure-my-core,CodeSystemProcedureMyCore
99.28,Injection or infusion of biological response modifier [BRM] as an antineoplastic agent,Injection or infusion of biological response modifier [BRM] as an antineoplastic agent,http://fhir.hie.moh.gov.my/CodeSystem/procedure-my-core,CodeSystemProcedureMyCore
99.29,Injection or infusion of other therapeutic or prophylactic substance,Injection or infusion of other therapeutic or prophylactic substance,http://fhir.hie.moh.gov.my/CodeSystem/procedure-my-core,CodeSystemProcedureMyCore
99.31,Vaccination against cholera,Vaccination against cholera,http://fhir.hie.moh.gov.my/CodeSystem/procedure-my-core,CodeSystemProcedureMyCore
99.32,Vaccination against typhoid and paratyphoid fever,Vaccination against typhoid and paratyphoid fever,http://fhir.hie.moh.gov.my/CodeSystem/procedure-my-core,CodeSystemProcedureMyCore
99.33,Vaccination against tuberculosis,Vaccination against tuberculosis,http://fhir.hie.moh.gov.my/CodeSystem/procedure-my-core,CodeSystemProcedureMyCore
99.34,Vaccination against plague,Vaccination against plague,http://fhir.hie.moh.gov.my/CodeSystem/procedure-my-core,CodeSystemProcedureMyCore
99.35,Vaccination against tularemia,Vaccination against tularemia,http://fhir.hie.moh.gov.my/CodeSystem/procedure-my-core,CodeSystemProcedureMyCore
99.36,Administration of diphtheria toxoid,Administration of diphtheria toxoid,http://fhir.hie.moh.gov.my/CodeSystem/procedure-my-core,CodeSystemProcedureMyCore
99.37,Vaccination against pertussis,Vaccination against pertussis,http://fhir.hie.moh.gov.my/CodeSystem/procedure-my-core,CodeSystemProcedureMyCore
99.38,Administration of tetanus toxoid,Administration of tetanus toxoid,http://fhir.hie.moh.gov.my/CodeSystem/procedure-my-core,CodeSystemProcedureMyCore
99.39,"Administration of diphtheria-tetanus-pertussis, combined","Administration of diphtheria-tetanus-pertussis, combined",http://fhir.hie.moh.gov.my/CodeSystem/procedure-my-core,CodeSystemProcedureMyCore
99.41,Administration of poliomyelitis vaccine,Administration of poliomyelitis vaccine,http://fhir.hie.moh.gov.my/CodeSystem/procedure-my-core,CodeSystemProcedureMyCore
99.42,Vaccination against smallpox,Vaccination against smallpox,http://fhir.hie.moh.gov.my/CodeSystem/procedure-my-core,CodeSystemProcedureMyCore
99.43,Vaccination against yellow fever,Vaccination against yellow fever,http://fhir.hie.moh.gov.my/CodeSystem/procedure-my-core,CodeSystemProcedureMyCore
99.44,Vaccination against rabies,Vaccination against rabies,http://fhir.hie.moh.gov.my/CodeSystem/procedure-my-core,CodeSystemProcedureMyCore
99.45,Vaccination against measles,Vaccination against measles,http://fhir.hie.moh.gov.my/CodeSystem/procedure-my-core,CodeSystemProcedureMyCore
99.46,Vaccination against mumps,Vaccination against mumps,http://fhir.hie.moh.gov.my/CodeSystem/procedure-my-core,CodeSystemProcedureMyCore
99.47,Vaccination against rubella,Vaccination against rubella,http://fhir.hie.moh.gov.my/CodeSystem/procedure-my-core,CodeSystemProcedureMyCore
99.48,Administration of measles-mumps-rubella vaccine,Administration of measles-mumps-rubella vaccine,http://fhir.hie.moh.gov.my/CodeSystem/procedure-my-core,CodeSystemProcedureMyCore
99.51,Prophylactic vaccination against the common cold,Prophylactic vaccination against the common cold,http://fhir.hie.moh.gov.my/CodeSystem/procedure-my-core,CodeSystemProcedureMyCore
99.52,Prophylactic vaccination against influenza,Prophylactic vaccination against influenza,http://fhir.hie.moh.gov.my/CodeSystem/procedure-my-core,CodeSystemProcedureMyCore
99.53,Prophylactic vaccination against arthropod-borne viral encephalitis,Prophylactic vaccination against arthropod-borne viral encephalitis,http://fhir.hie.moh.gov.my/CodeSystem/procedure-my-core,CodeSystemProcedureMyCore
99.54,Prophylactic vaccination against other arthropod-borne viral diseases,Prophylactic vaccination against other arthropod-borne viral diseases,http://fhir.hie.moh.gov.my/CodeSystem/procedure-my-core,CodeSystemProcedureMyCore
99.55,Prophylactic administration of vaccine against other diseases,Prophylactic administration of vaccine against other diseases,http://fhir.hie.moh.gov.my/CodeSystem/procedure-my-core,CodeSystemProcedureMyCore
99.56,Administration of tetanus antitoxin,Administration of tetanus antitoxin,http://fhir.hie.moh.gov.my/CodeSystem/procedure-my-core,CodeSystemProcedureMyCore
99.57,Administration of botulism antitoxin,Administration of botulism antitoxin,http://fhir.hie.moh.gov.my/CodeSystem/procedure-my-core,CodeSystemProcedureMyCore
99.58,Administration of other antitoxins,Administration of other antitoxins,http://fhir.hie.moh.gov.my/CodeSystem/procedure-my-core,CodeSystemProcedureMyCore
99.59,Other vaccination and inoculation,Other vaccination and inoculation,http://fhir.hie.moh.gov.my/CodeSystem/procedure-my-core,CodeSystemProcedureMyCore
99.60,"Cardiopulmonary resuscitation, not otherwise specified","Cardiopulmonary resuscitation, not otherwise specified",http://fhir.hie.moh.gov.my/CodeSystem/procedure-my-core,CodeSystemProcedureMyCore
99.61,Atrial cardioversion,Atrial cardioversion,http://fhir.hie.moh.gov.my/CodeSystem/procedure-my-core,CodeSystemProcedureMyCore
99.62,Other electric countershock of heart,Other electric countershock of heart,http://fhir.hie.moh.gov.my/CodeSystem/procedure-my-core,CodeSystemProcedureMyCore
99.63,Closed chest cardiac massage,Closed chest cardiac massage,http://fhir.hie.moh.gov.my/CodeSystem/procedure-my-core,CodeSystemProcedureMyCore
99.64,Carotid sinus stimulation,Carotid sinus stimulation,http://fhir.hie.moh.gov.my/CodeSystem/procedure-my-core,CodeSystemProcedureMyCore
99.69,Other conversion of cardiac rhythm,Other conversion of cardiac rhythm,http://fhir.hie.moh.gov.my/CodeSystem/procedure-my-core,CodeSystemProcedureMyCore
99.71,Therapeutic plasmapheresis,Therapeutic plasmapheresis,http://fhir.hie.moh.gov.my/CodeSystem/procedure-my-core,CodeSystemProcedureMyCore
99.72,Therapeutic leukopheresis,Therapeutic leukopheresis,http://fhir.hie.moh.gov.my/CodeSystem/procedure-my-core,CodeSystemProcedureMyCore
99.73,Therapeutic erythrocytapheresis,Therapeutic erythrocytapheresis,http://fhir.hie.moh.gov.my/CodeSystem/procedure-my-core,CodeSystemProcedureMyCore
99.74,Therapeutic plateletpheresis,Therapeutic plateletpheresis,http://fhir.hie.moh.gov.my/CodeSystem/procedure-my-core,CodeSystemProcedureMyCore
99.75,Administration of neuroprotective agent,Administration of neuroprotective agent,http://fhir.hie.moh.gov.my/CodeSystem/procedure-my-core,CodeSystemProcedureMyCore
99.76,Extracorporeal immunoadsorption,Extracorporeal immunoadsorption,http://fhir.hie.moh.gov.my/CodeSystem/procedure-my-core,CodeSystemProcedureMyCore
99.77,Application or administration of adhesion barrier substance,Application or administration of adhesion barrier substance,http://fhir.hie.moh.gov.my/CodeSystem/procedure-my-core,CodeSystemProcedureMyCore
99.78,Aquapheresis,Aquapheresis,http://fhir.hie.moh.gov.my/CodeSystem/procedure-my-core,CodeSystemProcedureMyCore
99.79,Other therapeutic apheresis,Other therapeutic apheresis,http://fhir.hie.moh.gov.my/CodeSystem/procedure-my-core,CodeSystemProcedureMyCore
99.81,Hypothermia (central) (local),Hypothermia (central) (local),http://fhir.hie.moh.gov.my/CodeSystem/procedure-my-core,CodeSystemProcedureMyCore
99.82,Ultraviolet light therapy,Ultraviolet light therapy,http://fhir.hie.moh.gov.my/CodeSystem/procedure-my-core,CodeSystemProcedureMyCore
99.83,Other phototherapy,Other phototherapy,http://fhir.hie.moh.gov.my/CodeSystem/procedure-my-core,CodeSystemProcedureMyCore
99.84,Isolation,Isolation,http://fhir.hie.moh.gov.my/CodeSystem/procedure-my-core,CodeSystemProcedureMyCore
99.85,Hyperthermia for treatment of cancer,Hyperthermia for treatment of cancer,http://fhir.hie.moh.gov.my/CodeSystem/procedure-my-core,CodeSystemProcedureMyCore
99.86,Non-invasive placement of bone growth stimulator,Non-invasive placement of bone growth stimulator,http://fhir.hie.moh.gov.my/CodeSystem/procedure-my-core,CodeSystemProcedureMyCore
99.88,Therapeutic photopheresis,Therapeutic photopheresis,http://fhir.hie.moh.gov.my/CodeSystem/procedure-my-core,CodeSystemProcedureMyCore
99.91,Acupuncture for anesthesia,Acupuncture for anesthesia,http://fhir.hie.moh.gov.my/CodeSystem/procedure-my-core,CodeSystemProcedureMyCore
99.92,Other acupuncture,Other acupuncture,http://fhir.hie.moh.gov.my/CodeSystem/procedure-my-core,CodeSystemProcedureMyCore
99.93,Rectal massage (for levator spasm),Rectal massage (for levator spasm),http://fhir.hie.moh.gov.my/CodeSystem/procedure-my-core,CodeSystemProcedureMyCore
99.94,Prostatic massage,Prostatic massage,http://fhir.hie.moh.gov.my/CodeSystem/procedure-my-core,CodeSystemProcedureMyCore
99.95,Stretching of foreskin,Stretching of foreskin,http://fhir.hie.moh.gov.my/CodeSystem/procedure-my-core,CodeSystemProcedureMyCore
99.96,Collection of sperm for artificial insemination,Collection of sperm for artificial insemination,http://fhir.hie.moh.gov.my/CodeSystem/procedure-my-core,CodeSystemProcedureMyCore
99.97,Fitting of denture,Fitting of denture,http://fhir.hie.moh.gov.my/CodeSystem/procedure-my-core,CodeSystemProcedureMyCore
99.98,Extraction of milk from lactating breast,Extraction of milk from lactating breast,http://fhir.hie.moh.gov.my/CodeSystem/procedure-my-core,CodeSystemProcedureMyCore
99.99,Other Miscellaneous procedures,Other Miscellaneous procedures,http://fhir.hie.moh.gov.my/CodeSystem/procedure-my-core,CodeSystemProcedureMyCore
