code,display,definition,system_url,system_name
1,Abacavir,Abacavir~~Nucleoside reverse transcriptase inhibitors - guanosine analogues,http://fhir.hie.moh.gov.my/CodeSystem/active-ingredient-my-core,CodeSystemActiveIngredientMyCore
2,Abciximab,Abciximab~~Monoclonal antibodies - chimeric human/murine,http://fhir.hie.moh.gov.my/CodeSystem/active-ingredient-my-core,CodeSystemActiveIngredientMyCore
3,Acarbose,Acarbose~~Alpha-glucosidase inhibitor,http://fhir.hie.moh.gov.my/CodeSystem/active-ingredient-my-core,CodeSystemActiveIngredientMyCore
4,Acetazolamide,Acetazolamide~~Carbonic anhydrase inhibitors,http://fhir.hie.moh.gov.my/CodeSystem/active-ingredient-my-core,CodeSystemActiveIngredientMyCore
5,Acetic Acid,Acetic Acid~~acetic acid,http://fhir.hie.moh.gov.my/CodeSystem/active-ingredient-my-core,CodeSystemActiveIngredientMyCore
6,Acetone,,http://fhir.hie.moh.gov.my/CodeSystem/active-ingredient-my-core,CodeSystemActiveIngredientMyCore
7,Acetylcysteine,Acetylcysteine~~Thiol compounds,http://fhir.hie.moh.gov.my/CodeSystem/active-ingredient-my-core,CodeSystemActiveIngredientMyCore
8,Cilostazol,,http://fhir.hie.moh.gov.my/CodeSystem/active-ingredient-my-core,CodeSystemActiveIngredientMyCore
9,Acetylsalicylic acid,Acetylsalicylic acid~~Salicylates,http://fhir.hie.moh.gov.my/CodeSystem/active-ingredient-my-core,CodeSystemActiveIngredientMyCore
10,Acetylsalicylic acid+ glycine,Acetylsalicylic acid+ glycine~~Salicylates,http://fhir.hie.moh.gov.my/CodeSystem/active-ingredient-my-core,CodeSystemActiveIngredientMyCore
11,Acitretin,Acetylsalicylic acid+ glycine~~Glycine,http://fhir.hie.moh.gov.my/CodeSystem/active-ingredient-my-core,CodeSystemActiveIngredientMyCore
12,Acriflavine,Acitretin~~Retinoids,http://fhir.hie.moh.gov.my/CodeSystem/active-ingredient-my-core,CodeSystemActiveIngredientMyCore
13,Acyclovir,Acriflavine~~Acridine derivatives,http://fhir.hie.moh.gov.my/CodeSystem/active-ingredient-my-core,CodeSystemActiveIngredientMyCore
14,Adalimumab,Acyclovir~~Guanine nucleoside antivirals,http://fhir.hie.moh.gov.my/CodeSystem/active-ingredient-my-core,CodeSystemActiveIngredientMyCore
15,Adapalene,Adalimumab~~Monoclonal antibodies - human,http://fhir.hie.moh.gov.my/CodeSystem/active-ingredient-my-core,CodeSystemActiveIngredientMyCore
16,Adefovir Dipivoxil,Adapalene~~Retinoids,http://fhir.hie.moh.gov.my/CodeSystem/active-ingredient-my-core,CodeSystemActiveIngredientMyCore
17,Adenosine,Adefovir Dipivoxil~~Adefovir,http://fhir.hie.moh.gov.my/CodeSystem/active-ingredient-my-core,CodeSystemActiveIngredientMyCore
18,Adrenaline (Epinephrine),Adenosine~~Adenosine,http://fhir.hie.moh.gov.my/CodeSystem/active-ingredient-my-core,CodeSystemActiveIngredientMyCore
19,Agomelatine,Adrenaline (Epinephrine)~~Sympathomimetic mixed alpha and beta agonists,http://fhir.hie.moh.gov.my/CodeSystem/active-ingredient-my-core,CodeSystemActiveIngredientMyCore
20,Albendazole,Agomelatine~~agomelatine,http://fhir.hie.moh.gov.my/CodeSystem/active-ingredient-my-core,CodeSystemActiveIngredientMyCore
21,Albumin,Albendazole~~Benzimidazole anthelmintics,http://fhir.hie.moh.gov.my/CodeSystem/active-ingredient-my-core,CodeSystemActiveIngredientMyCore
22,Ethanol (96%),Albumin~~Albumins,http://fhir.hie.moh.gov.my/CodeSystem/active-ingredient-my-core,CodeSystemActiveIngredientMyCore
23,Alendronate,,http://fhir.hie.moh.gov.my/CodeSystem/active-ingredient-my-core,CodeSystemActiveIngredientMyCore
24,Alendronate + Cholecalciferol,Alendronate~~Bisphosphonates,http://fhir.hie.moh.gov.my/CodeSystem/active-ingredient-my-core,CodeSystemActiveIngredientMyCore
25,Alfacalcidol,Alendronate + Cholecalciferol~~Bisphosphonates,http://fhir.hie.moh.gov.my/CodeSystem/active-ingredient-my-core,CodeSystemActiveIngredientMyCore
26,Alfentanil,Alendronate + Cholecalciferol~~Vitamin D analogues,http://fhir.hie.moh.gov.my/CodeSystem/active-ingredient-my-core,CodeSystemActiveIngredientMyCore
27,Alfuzosin,Alfacalcidol~~Vitamin D analogues,http://fhir.hie.moh.gov.my/CodeSystem/active-ingredient-my-core,CodeSystemActiveIngredientMyCore
28,Alglucosidase alfa,Alfentanil~~Opioids,http://fhir.hie.moh.gov.my/CodeSystem/active-ingredient-my-core,CodeSystemActiveIngredientMyCore
29,Allopurinol,Alfuzosin~~Alpha-blockers (quinazoline derivatives),http://fhir.hie.moh.gov.my/CodeSystem/active-ingredient-my-core,CodeSystemActiveIngredientMyCore
30,All-Trans Retinoic Acid (Tretinoin),Alglucosidase alfa~~alglucosidase alfa,http://fhir.hie.moh.gov.my/CodeSystem/active-ingredient-my-core,CodeSystemActiveIngredientMyCore
31,Alprazolam,Allopurinol~~Xanthine-related compounds,http://fhir.hie.moh.gov.my/CodeSystem/active-ingredient-my-core,CodeSystemActiveIngredientMyCore
32,Alprostadil,All-Trans Retinoic Acid (Tretinoin)~~Retinoids,http://fhir.hie.moh.gov.my/CodeSystem/active-ingredient-my-core,CodeSystemActiveIngredientMyCore
33,Alteplase,Alprazolam~~Benzodiazepine derivatives,http://fhir.hie.moh.gov.my/CodeSystem/active-ingredient-my-core,CodeSystemActiveIngredientMyCore
34,Aluminium Hydroxide,Alprostadil~~Prostaglandins,http://fhir.hie.moh.gov.my/CodeSystem/active-ingredient-my-core,CodeSystemActiveIngredientMyCore
35,Aluminium+ Magnesium+ Simethicone,Alteplase~~Tissue plasminogen activators,http://fhir.hie.moh.gov.my/CodeSystem/active-ingredient-my-core,CodeSystemActiveIngredientMyCore
36,Amantadine,Aluminium Hydroxide~~Aluminium compounds,http://fhir.hie.moh.gov.my/CodeSystem/active-ingredient-my-core,CodeSystemActiveIngredientMyCore
37,Amikacin,Aluminium+ Magnesium+ Simethicone~~Aluminium compounds,http://fhir.hie.moh.gov.my/CodeSystem/active-ingredient-my-core,CodeSystemActiveIngredientMyCore
38,Amiloride,Aluminium+ Magnesium+ Simethicone~~Silicones,http://fhir.hie.moh.gov.my/CodeSystem/active-ingredient-my-core,CodeSystemActiveIngredientMyCore
39,Amiloride HCl+ Hydrochlorothiazide,Aluminium+ Magnesium+ Simethicone~~Magnesium-containing compounds,http://fhir.hie.moh.gov.my/CodeSystem/active-ingredient-my-core,CodeSystemActiveIngredientMyCore
40,Amino acid+ dextrose+ electrolytes,Amantadine~~Adamantane derivatives,http://fhir.hie.moh.gov.my/CodeSystem/active-ingredient-my-core,CodeSystemActiveIngredientMyCore
41,Amino acid+ dextrose+ lipid+ electrolytes,Amikacin~~Aminoglycosides,http://fhir.hie.moh.gov.my/CodeSystem/active-ingredient-my-core,CodeSystemActiveIngredientMyCore
42,Amino acids,Amiloride~~Amiloride,http://fhir.hie.moh.gov.my/CodeSystem/active-ingredient-my-core,CodeSystemActiveIngredientMyCore
43,Aminolevulinic acid,Amiloride HCl+ Hydrochlorothiazide~~Thiazide diuretics and related agents,http://fhir.hie.moh.gov.my/CodeSystem/active-ingredient-my-core,CodeSystemActiveIngredientMyCore
44,Aminophylline,Amiloride HCl+ Hydrochlorothiazide~~Amiloride,http://fhir.hie.moh.gov.my/CodeSystem/active-ingredient-my-core,CodeSystemActiveIngredientMyCore
45,4-aminosalicylic Acid,,http://fhir.hie.moh.gov.my/CodeSystem/active-ingredient-my-core,CodeSystemActiveIngredientMyCore
46,Amiodarone,,http://fhir.hie.moh.gov.my/CodeSystem/active-ingredient-my-core,CodeSystemActiveIngredientMyCore
47,Amisulpride,Amino acids~~amino acid,http://fhir.hie.moh.gov.my/CodeSystem/active-ingredient-my-core,CodeSystemActiveIngredientMyCore
48,Amitriptyline,Aminolevulinic acid~~Aminolevulinic acid and derivatives,http://fhir.hie.moh.gov.my/CodeSystem/active-ingredient-my-core,CodeSystemActiveIngredientMyCore
49,Amlodipine,Aminophylline~~Ethylenediamine and its derivatives,http://fhir.hie.moh.gov.my/CodeSystem/active-ingredient-my-core,CodeSystemActiveIngredientMyCore
50,Amlodipine+ valsartan,,http://fhir.hie.moh.gov.my/CodeSystem/active-ingredient-my-core,CodeSystemActiveIngredientMyCore
51,Ammonium Bicarbonate,Amiodarone~~Iodine-containing compounds,http://fhir.hie.moh.gov.my/CodeSystem/active-ingredient-my-core,CodeSystemActiveIngredientMyCore
52,Amorolfine,,http://fhir.hie.moh.gov.my/CodeSystem/active-ingredient-my-core,CodeSystemActiveIngredientMyCore
53,Amoxicillin,Amitriptyline~~Tricyclic antidepressants,http://fhir.hie.moh.gov.my/CodeSystem/active-ingredient-my-core,CodeSystemActiveIngredientMyCore
54,Amoxicillin+ clavulanate,Amlodipine~~Calcium channel blocking agents - dihydropyridines,http://fhir.hie.moh.gov.my/CodeSystem/active-ingredient-my-core,CodeSystemActiveIngredientMyCore
55,Amphotericin B,Amlodipine+ valsartan~~Calcium channel blocking agents - dihydropyridines,http://fhir.hie.moh.gov.my/CodeSystem/active-ingredient-my-core,CodeSystemActiveIngredientMyCore
56,Ampicillin,Amlodipine+ valsartan~~Angiotensin II receptor antagonists,http://fhir.hie.moh.gov.my/CodeSystem/active-ingredient-my-core,CodeSystemActiveIngredientMyCore
57,Ampicillin+ sulbactam,,http://fhir.hie.moh.gov.my/CodeSystem/active-ingredient-my-core,CodeSystemActiveIngredientMyCore
58,Amsacrine,Amorolfine~~Amorolfine,http://fhir.hie.moh.gov.my/CodeSystem/active-ingredient-my-core,CodeSystemActiveIngredientMyCore
59,Anagrelide,Amoxicillin~~Penicillins,http://fhir.hie.moh.gov.my/CodeSystem/active-ingredient-my-core,CodeSystemActiveIngredientMyCore
60,Anastrozole,Amoxicillin+ clavulanate~~Beta-lactamase inhibitors,http://fhir.hie.moh.gov.my/CodeSystem/active-ingredient-my-core,CodeSystemActiveIngredientMyCore
61,Anidulafungin,Amoxicillin+ clavulanate~~Penicillins,http://fhir.hie.moh.gov.my/CodeSystem/active-ingredient-my-core,CodeSystemActiveIngredientMyCore
62,Anise,Amphotericin B~~Polyene antifungals,http://fhir.hie.moh.gov.my/CodeSystem/active-ingredient-my-core,CodeSystemActiveIngredientMyCore
63,Antazoline+ Tetrahydrozoline+ Benzalkonium,Ampicillin~~Penicillins,http://fhir.hie.moh.gov.my/CodeSystem/active-ingredient-my-core,CodeSystemActiveIngredientMyCore
64,Anti RhD Immunoglobulin,Ampicillin+ sulbactam~~Beta-lactamase inhibitors,http://fhir.hie.moh.gov.my/CodeSystem/active-ingredient-my-core,CodeSystemActiveIngredientMyCore
65,Antithymocyte Immunoglobulin (Horse),Ampicillin+ sulbactam~~Penicillins,http://fhir.hie.moh.gov.my/CodeSystem/active-ingredient-my-core,CodeSystemActiveIngredientMyCore
66,Antithymocyte Immunoglobulin (Rabbit),Amsacrine~~Acridine derivatives,http://fhir.hie.moh.gov.my/CodeSystem/active-ingredient-my-core,CodeSystemActiveIngredientMyCore
67,Apomorphine,Anagrelide~~Imidazoquinazoline derivatives,http://fhir.hie.moh.gov.my/CodeSystem/active-ingredient-my-core,CodeSystemActiveIngredientMyCore
68,Aprepitant,Anastrozole~~Nonsteroidal aromatase inhibitors,http://fhir.hie.moh.gov.my/CodeSystem/active-ingredient-my-core,CodeSystemActiveIngredientMyCore
69,Aprotinin,Anidulafungin~~Echinocandin antifungals,http://fhir.hie.moh.gov.my/CodeSystem/active-ingredient-my-core,CodeSystemActiveIngredientMyCore
70,Arachis Oil,,http://fhir.hie.moh.gov.my/CodeSystem/active-ingredient-my-core,CodeSystemActiveIngredientMyCore
71,L-Arginine (Arginine Hydrochloride),Antazoline+ Tetrahydrozoline+ Benzalkonium~~Imidazoline decongestants,http://fhir.hie.moh.gov.my/CodeSystem/active-ingredient-my-core,CodeSystemActiveIngredientMyCore
72,Aripiprazole,Antazoline+ Tetrahydrozoline+ Benzalkonium~~Ethylenediamine and its derivatives,http://fhir.hie.moh.gov.my/CodeSystem/active-ingredient-my-core,CodeSystemActiveIngredientMyCore
73,Arsenic Trioxide,Antazoline+ Tetrahydrozoline+ Benzalkonium~~Quaternary ammonium compounds disinfectants/antiseptics,http://fhir.hie.moh.gov.my/CodeSystem/active-ingredient-my-core,CodeSystemActiveIngredientMyCore
74,Artemether+ Lumefantrine,,http://fhir.hie.moh.gov.my/CodeSystem/active-ingredient-my-core,CodeSystemActiveIngredientMyCore
75,Artesunate,Antithymocyte Immunoglobulin (Horse)~~Equine proteins,http://fhir.hie.moh.gov.my/CodeSystem/active-ingredient-my-core,CodeSystemActiveIngredientMyCore
76,Artesunate + mefloquine,Antithymocyte Immunoglobulin (Rabbit)~~antithymocyte immunoglobulin (rabbit),http://fhir.hie.moh.gov.my/CodeSystem/active-ingredient-my-core,CodeSystemActiveIngredientMyCore
77,Artificial tears,Apomorphine~~Opioids,http://fhir.hie.moh.gov.my/CodeSystem/active-ingredient-my-core,CodeSystemActiveIngredientMyCore
78,Ascorbic Acid,Aprepitant~~aprepitant,http://fhir.hie.moh.gov.my/CodeSystem/active-ingredient-my-core,CodeSystemActiveIngredientMyCore
79,Asparaginase,Aprotinin~~Bovine proteins,http://fhir.hie.moh.gov.my/CodeSystem/active-ingredient-my-core,CodeSystemActiveIngredientMyCore
80,Atazanavir,,http://fhir.hie.moh.gov.my/CodeSystem/active-ingredient-my-core,CodeSystemActiveIngredientMyCore
81,Atenolol,,http://fhir.hie.moh.gov.my/CodeSystem/active-ingredient-my-core,CodeSystemActiveIngredientMyCore
82,Atomoxetine,Aripiprazole~~aripiprazole,http://fhir.hie.moh.gov.my/CodeSystem/active-ingredient-my-core,CodeSystemActiveIngredientMyCore
83,Atorvastatin,Arsenic Trioxide~~Arsenic compounds,http://fhir.hie.moh.gov.my/CodeSystem/active-ingredient-my-core,CodeSystemActiveIngredientMyCore
84,Atosiban,Artemether+ Lumefantrine~~Artemisinin derivatives,http://fhir.hie.moh.gov.my/CodeSystem/active-ingredient-my-core,CodeSystemActiveIngredientMyCore
85,Atracurium,Artesunate~~Artemisinin derivatives,http://fhir.hie.moh.gov.my/CodeSystem/active-ingredient-my-core,CodeSystemActiveIngredientMyCore
86,Atropine,Artesunate + mefloquine~~Artemisinin derivatives,http://fhir.hie.moh.gov.my/CodeSystem/active-ingredient-my-core,CodeSystemActiveIngredientMyCore
87,Azacitidine,Artesunate + mefloquine~~Quinine derivatives (cinchona),http://fhir.hie.moh.gov.my/CodeSystem/active-ingredient-my-core,CodeSystemActiveIngredientMyCore
88,Azathioprine,,http://fhir.hie.moh.gov.my/CodeSystem/active-ingredient-my-core,CodeSystemActiveIngredientMyCore
89,Azelaic acid,Ascorbic Acid~~Ascorbic acid,http://fhir.hie.moh.gov.my/CodeSystem/active-ingredient-my-core,CodeSystemActiveIngredientMyCore
90,Azithromycin,Asparaginase~~Asparaginase,http://fhir.hie.moh.gov.my/CodeSystem/active-ingredient-my-core,CodeSystemActiveIngredientMyCore
91,Bacampicillin,Atazanavir~~Atazanavir,http://fhir.hie.moh.gov.my/CodeSystem/active-ingredient-my-core,CodeSystemActiveIngredientMyCore
92,Baclofen,Atenolol~~Beta-blockers,http://fhir.hie.moh.gov.my/CodeSystem/active-ingredient-my-core,CodeSystemActiveIngredientMyCore
93,Balanced Salt,Atomoxetine~~Atomoxetine,http://fhir.hie.moh.gov.my/CodeSystem/active-ingredient-my-core,CodeSystemActiveIngredientMyCore
94,Barium Sulphate,Atorvastatin~~HMG-CoA reductase inhibitors,http://fhir.hie.moh.gov.my/CodeSystem/active-ingredient-my-core,CodeSystemActiveIngredientMyCore
95,Basiliximab,Atosiban~~Oxytocin antagonists,http://fhir.hie.moh.gov.my/CodeSystem/active-ingredient-my-core,CodeSystemActiveIngredientMyCore
96,BCG vaccine,Atracurium~~Neuromuscular blockers,http://fhir.hie.moh.gov.my/CodeSystem/active-ingredient-my-core,CodeSystemActiveIngredientMyCore
97,Beclomethasone,Atropine~~Anticholinergics,http://fhir.hie.moh.gov.my/CodeSystem/active-ingredient-my-core,CodeSystemActiveIngredientMyCore
98,Bendamustine,Azacitidine~~Cytidine analogues,http://fhir.hie.moh.gov.my/CodeSystem/active-ingredient-my-core,CodeSystemActiveIngredientMyCore
99,Bentonite,Azathioprine~~Purine analogues,http://fhir.hie.moh.gov.my/CodeSystem/active-ingredient-my-core,CodeSystemActiveIngredientMyCore
100,Benzalkonium,Azelaic acid~~Azelaic acid and derivatives,http://fhir.hie.moh.gov.my/CodeSystem/active-ingredient-my-core,CodeSystemActiveIngredientMyCore
101,Benzathine benzylpenicillin,Azithromycin~~Macrolide antibacterials,http://fhir.hie.moh.gov.my/CodeSystem/active-ingredient-my-core,CodeSystemActiveIngredientMyCore
102,Benzhexol (Trihexyphenidyl),Bacampicillin~~Penicillins,http://fhir.hie.moh.gov.my/CodeSystem/active-ingredient-my-core,CodeSystemActiveIngredientMyCore
103,Benzoic Acid,Baclofen~~baclofen,http://fhir.hie.moh.gov.my/CodeSystem/active-ingredient-my-core,CodeSystemActiveIngredientMyCore
104,"Benzoic acid, combinations",,http://fhir.hie.moh.gov.my/CodeSystem/active-ingredient-my-core,CodeSystemActiveIngredientMyCore
105,Benzoin,Barium Sulphate~~Barium compounds,http://fhir.hie.moh.gov.my/CodeSystem/active-ingredient-my-core,CodeSystemActiveIngredientMyCore
106,Benzoyl peroxide,Basiliximab~~Monoclonal antibodies - chimeric human/murine,http://fhir.hie.moh.gov.my/CodeSystem/active-ingredient-my-core,CodeSystemActiveIngredientMyCore
107,Benztropine,BCG vaccine~~BCG preparations,http://fhir.hie.moh.gov.my/CodeSystem/active-ingredient-my-core,CodeSystemActiveIngredientMyCore
108,Benzydamine,Beclomethasone~~Corticosteroids,http://fhir.hie.moh.gov.my/CodeSystem/active-ingredient-my-core,CodeSystemActiveIngredientMyCore
109,Benzyl Benzoate,Bendamustine~~Nitrogen mustards,http://fhir.hie.moh.gov.my/CodeSystem/active-ingredient-my-core,CodeSystemActiveIngredientMyCore
110,Benzylpenicillin,,http://fhir.hie.moh.gov.my/CodeSystem/active-ingredient-my-core,CodeSystemActiveIngredientMyCore
111,Betahistine,Benzalkonium~~Quaternary ammonium compounds disinfectants/antiseptics,http://fhir.hie.moh.gov.my/CodeSystem/active-ingredient-my-core,CodeSystemActiveIngredientMyCore
112,Betaine,Benzathine benzylpenicillin~~Penicillins,http://fhir.hie.moh.gov.my/CodeSystem/active-ingredient-my-core,CodeSystemActiveIngredientMyCore
113,Betamethasone,Benzhexol (Trihexyphenidyl)~~Anticholinergics,http://fhir.hie.moh.gov.my/CodeSystem/active-ingredient-my-core,CodeSystemActiveIngredientMyCore
114,Betamethasone disodium phosphate,,http://fhir.hie.moh.gov.my/CodeSystem/active-ingredient-my-core,CodeSystemActiveIngredientMyCore
115,Betamethasone valerate,,http://fhir.hie.moh.gov.my/CodeSystem/active-ingredient-my-core,CodeSystemActiveIngredientMyCore
116,Betamethasone+ antibiotics,,http://fhir.hie.moh.gov.my/CodeSystem/active-ingredient-my-core,CodeSystemActiveIngredientMyCore
117,Betamethasone+ Neomycin,Benzoyl peroxide~~Benzoyl peroxide,http://fhir.hie.moh.gov.my/CodeSystem/active-ingredient-my-core,CodeSystemActiveIngredientMyCore
118,Betaxolol,Benztropine~~Anticholinergics,http://fhir.hie.moh.gov.my/CodeSystem/active-ingredient-my-core,CodeSystemActiveIngredientMyCore
119,Bevacizumab,Benzydamine~~Nonsteroidal anti-inflammatory drugs,http://fhir.hie.moh.gov.my/CodeSystem/active-ingredient-my-core,CodeSystemActiveIngredientMyCore
120,Bicalutamide,Benzyl Benzoate~~Benzoates,http://fhir.hie.moh.gov.my/CodeSystem/active-ingredient-my-core,CodeSystemActiveIngredientMyCore
121,Bimatoprost,Benzylpenicillin~~Penicillins,http://fhir.hie.moh.gov.my/CodeSystem/active-ingredient-my-core,CodeSystemActiveIngredientMyCore
122,Biotene,Betahistine~~Histamine analogues,http://fhir.hie.moh.gov.my/CodeSystem/active-ingredient-my-core,CodeSystemActiveIngredientMyCore
123,Bisacodyl,Betaine~~Betaine,http://fhir.hie.moh.gov.my/CodeSystem/active-ingredient-my-core,CodeSystemActiveIngredientMyCore
124,Bismuth Subgallate + Benzyl Benzoate,Betamethasone~~Corticosteroids,http://fhir.hie.moh.gov.my/CodeSystem/active-ingredient-my-core,CodeSystemActiveIngredientMyCore
125,Bismuth subnitrate,Betamethasone disodium phosphate~~Corticosteroids,http://fhir.hie.moh.gov.my/CodeSystem/active-ingredient-my-core,CodeSystemActiveIngredientMyCore
126,Bisoprolol,Betamethasone valerate~~Corticosteroids,http://fhir.hie.moh.gov.my/CodeSystem/active-ingredient-my-core,CodeSystemActiveIngredientMyCore
127,Bleomycin,Betamethasone+ antibiotics~~Corticosteroids,http://fhir.hie.moh.gov.my/CodeSystem/active-ingredient-my-core,CodeSystemActiveIngredientMyCore
128,Boceprevir,Betamethasone+ Neomycin~~Aminoglycosides,http://fhir.hie.moh.gov.my/CodeSystem/active-ingredient-my-core,CodeSystemActiveIngredientMyCore
129,Boric acid,Betamethasone+ Neomycin~~Corticosteroids,http://fhir.hie.moh.gov.my/CodeSystem/active-ingredient-my-core,CodeSystemActiveIngredientMyCore
130,Bortezomib,Betaxolol~~Beta-blockers,http://fhir.hie.moh.gov.my/CodeSystem/active-ingredient-my-core,CodeSystemActiveIngredientMyCore
131,Bosentan,Bevacizumab~~Monoclonal antibodies - humanised,http://fhir.hie.moh.gov.my/CodeSystem/active-ingredient-my-core,CodeSystemActiveIngredientMyCore
132,Botulinum toxin,Bicalutamide~~Nonsteroidal antiandrogens,http://fhir.hie.moh.gov.my/CodeSystem/active-ingredient-my-core,CodeSystemActiveIngredientMyCore
133,Brimonidine,Bimatoprost~~Prostaglandin analogues,http://fhir.hie.moh.gov.my/CodeSystem/active-ingredient-my-core,CodeSystemActiveIngredientMyCore
134,Bromazepam,,http://fhir.hie.moh.gov.my/CodeSystem/active-ingredient-my-core,CodeSystemActiveIngredientMyCore
135,Bromhexine,Bisacodyl~~Diphenylmethane laxatives,http://fhir.hie.moh.gov.my/CodeSystem/active-ingredient-my-core,CodeSystemActiveIngredientMyCore
136,Bromocriptine,Bismuth Subgallate + Benzyl Benzoate~~Bismuth compounds,http://fhir.hie.moh.gov.my/CodeSystem/active-ingredient-my-core,CodeSystemActiveIngredientMyCore
137,Budesonide,Bismuth Subgallate + Benzyl Benzoate~~Benzoates,http://fhir.hie.moh.gov.my/CodeSystem/active-ingredient-my-core,CodeSystemActiveIngredientMyCore
138,Budesonide + Formoterol,Bismuth subnitrate~~Bismuth compounds,http://fhir.hie.moh.gov.my/CodeSystem/active-ingredient-my-core,CodeSystemActiveIngredientMyCore
139,Bumetanide,Bisoprolol~~Beta-blockers,http://fhir.hie.moh.gov.my/CodeSystem/active-ingredient-my-core,CodeSystemActiveIngredientMyCore
140,Bupivacaine,Bleomycin~~Antineoplastic antibiotics,http://fhir.hie.moh.gov.my/CodeSystem/active-ingredient-my-core,CodeSystemActiveIngredientMyCore
141,Bupivacaine + Fentanyl,Boceprevir~~Hepatitis c virus (hcv) protease inhibitors,http://fhir.hie.moh.gov.my/CodeSystem/active-ingredient-my-core,CodeSystemActiveIngredientMyCore
142,"Bupivacaine, combination",Boric acid~~Boric acid,http://fhir.hie.moh.gov.my/CodeSystem/active-ingredient-my-core,CodeSystemActiveIngredientMyCore
143,Busulphan,Bortezomib~~bortezomib,http://fhir.hie.moh.gov.my/CodeSystem/active-ingredient-my-core,CodeSystemActiveIngredientMyCore
144,Cabergoline,Bosentan~~Endothelin antagonists,http://fhir.hie.moh.gov.my/CodeSystem/active-ingredient-my-core,CodeSystemActiveIngredientMyCore
145,Caffeine,Botulinum toxin~~Botulinum toxins,http://fhir.hie.moh.gov.my/CodeSystem/active-ingredient-my-core,CodeSystemActiveIngredientMyCore
146,Calamine,Brimonidine~~Sympathomimetic alpha agonists,http://fhir.hie.moh.gov.my/CodeSystem/active-ingredient-my-core,CodeSystemActiveIngredientMyCore
147,"Calamine, Sulphur",Bromazepam~~Benzodiazepine derivatives,http://fhir.hie.moh.gov.my/CodeSystem/active-ingredient-my-core,CodeSystemActiveIngredientMyCore
148,Calcipotriol,Bromhexine~~Bromhexine,http://fhir.hie.moh.gov.my/CodeSystem/active-ingredient-my-core,CodeSystemActiveIngredientMyCore
149,Calcipotriol + Betamethasone,Bromocriptine~~Ergot derivatives,http://fhir.hie.moh.gov.my/CodeSystem/active-ingredient-my-core,CodeSystemActiveIngredientMyCore
150,Calcitonin,Budesonide~~Corticosteroids,http://fhir.hie.moh.gov.my/CodeSystem/active-ingredient-my-core,CodeSystemActiveIngredientMyCore
151,Calcitriol,Budesonide + Formoterol~~Sympathomimetic beta agonists,http://fhir.hie.moh.gov.my/CodeSystem/active-ingredient-my-core,CodeSystemActiveIngredientMyCore
152,Calcium Carbonate,Budesonide + Formoterol~~Corticosteroids,http://fhir.hie.moh.gov.my/CodeSystem/active-ingredient-my-core,CodeSystemActiveIngredientMyCore
153,Calcium Chloride,Bumetanide~~Loop diuretics,http://fhir.hie.moh.gov.my/CodeSystem/active-ingredient-my-core,CodeSystemActiveIngredientMyCore
154,Calcium Disodium Edetate,Bupivacaine~~Amide type local anaesthetics,http://fhir.hie.moh.gov.my/CodeSystem/active-ingredient-my-core,CodeSystemActiveIngredientMyCore
155,Calcium Folinate (Leucovorin calcium),,http://fhir.hie.moh.gov.my/CodeSystem/active-ingredient-my-core,CodeSystemActiveIngredientMyCore
156,Calcium Gluconate,"Bupivacaine, combination~~Amide type local anaesthetics",http://fhir.hie.moh.gov.my/CodeSystem/active-ingredient-my-core,CodeSystemActiveIngredientMyCore
157,Calcium Lactate,Busulphan~~Alkyl sulfonates,http://fhir.hie.moh.gov.my/CodeSystem/active-ingredient-my-core,CodeSystemActiveIngredientMyCore
158,Camphor,Cabergoline~~Ergot derivatives,http://fhir.hie.moh.gov.my/CodeSystem/active-ingredient-my-core,CodeSystemActiveIngredientMyCore
159,Capecitabine,Caffeine~~Xanthine-related compounds,http://fhir.hie.moh.gov.my/CodeSystem/active-ingredient-my-core,CodeSystemActiveIngredientMyCore
160,Capsaicin,Calamine~~Zinc compounds,http://fhir.hie.moh.gov.my/CodeSystem/active-ingredient-my-core,CodeSystemActiveIngredientMyCore
161,Captopril,,http://fhir.hie.moh.gov.my/CodeSystem/active-ingredient-my-core,CodeSystemActiveIngredientMyCore
162,Carbachol,Calcipotriol~~Vitamin D analogues,http://fhir.hie.moh.gov.my/CodeSystem/active-ingredient-my-core,CodeSystemActiveIngredientMyCore
163,Carbamazepine,Calcipotriol + Betamethasone~~Vitamin D analogues,http://fhir.hie.moh.gov.my/CodeSystem/active-ingredient-my-core,CodeSystemActiveIngredientMyCore
164,Carbamide,Calcipotriol + Betamethasone~~Corticosteroids,http://fhir.hie.moh.gov.my/CodeSystem/active-ingredient-my-core,CodeSystemActiveIngredientMyCore
165,Carbetocin,Calcitonin~~Calcitonin derivatives,http://fhir.hie.moh.gov.my/CodeSystem/active-ingredient-my-core,CodeSystemActiveIngredientMyCore
166,Carbimazole,Calcitriol~~Vitamin D analogues,http://fhir.hie.moh.gov.my/CodeSystem/active-ingredient-my-core,CodeSystemActiveIngredientMyCore
167,Carbohydrates,Calcium Carbonate~~Calcium,http://fhir.hie.moh.gov.my/CodeSystem/active-ingredient-my-core,CodeSystemActiveIngredientMyCore
168,Carboplatin,Calcium Chloride~~Calcium,http://fhir.hie.moh.gov.my/CodeSystem/active-ingredient-my-core,CodeSystemActiveIngredientMyCore
169,Carboprost tromethamine,Calcium Disodium Edetate~~Edetates,http://fhir.hie.moh.gov.my/CodeSystem/active-ingredient-my-core,CodeSystemActiveIngredientMyCore
170,Carglumic Acid,Calcium Folinate (Leucovorin calcium)~~Folic acid and derivatives,http://fhir.hie.moh.gov.my/CodeSystem/active-ingredient-my-core,CodeSystemActiveIngredientMyCore
171,Carminative,Calcium Gluconate~~Calcium,http://fhir.hie.moh.gov.my/CodeSystem/active-ingredient-my-core,CodeSystemActiveIngredientMyCore
172,Carmustine,Calcium Lactate~~Lactic acid,http://fhir.hie.moh.gov.my/CodeSystem/active-ingredient-my-core,CodeSystemActiveIngredientMyCore
173,Carvedilol,Camphor~~Camphor,http://fhir.hie.moh.gov.my/CodeSystem/active-ingredient-my-core,CodeSystemActiveIngredientMyCore
174,Caspofungin,Capecitabine~~Fluoropyrimidines,http://fhir.hie.moh.gov.my/CodeSystem/active-ingredient-my-core,CodeSystemActiveIngredientMyCore
175,Cefaclor,Capsaicin~~Pepper,http://fhir.hie.moh.gov.my/CodeSystem/active-ingredient-my-core,CodeSystemActiveIngredientMyCore
176,Cefalexin,Captopril~~Angiotensin converting enzyme (ace) inhibitors,http://fhir.hie.moh.gov.my/CodeSystem/active-ingredient-my-core,CodeSystemActiveIngredientMyCore
177,Cefazolin,Carbachol~~Carbamates,http://fhir.hie.moh.gov.my/CodeSystem/active-ingredient-my-core,CodeSystemActiveIngredientMyCore
178,Cefepime,Carbachol~~Cholinergic agents,http://fhir.hie.moh.gov.my/CodeSystem/active-ingredient-my-core,CodeSystemActiveIngredientMyCore
179,Cefoperazone,Carbamazepine~~Aromatic anticonvulsants,http://fhir.hie.moh.gov.my/CodeSystem/active-ingredient-my-core,CodeSystemActiveIngredientMyCore
180,Cefoperazone+ sulbactam,Carbamazepine~~Carbamazepine and analogue,http://fhir.hie.moh.gov.my/CodeSystem/active-ingredient-my-core,CodeSystemActiveIngredientMyCore
181,Cefotaxime,Carbamide~~Urea,http://fhir.hie.moh.gov.my/CodeSystem/active-ingredient-my-core,CodeSystemActiveIngredientMyCore
182,Ceftazidime,Carbetocin~~Oxytocin and analogues,http://fhir.hie.moh.gov.my/CodeSystem/active-ingredient-my-core,CodeSystemActiveIngredientMyCore
183,Ceftriaxone,Carbimazole~~Synthetic thyroid blocking agents,http://fhir.hie.moh.gov.my/CodeSystem/active-ingredient-my-core,CodeSystemActiveIngredientMyCore
184,Cefuroxime,,http://fhir.hie.moh.gov.my/CodeSystem/active-ingredient-my-core,CodeSystemActiveIngredientMyCore
185,Celecoxib,Carboplatin~~Platinum compounds,http://fhir.hie.moh.gov.my/CodeSystem/active-ingredient-my-core,CodeSystemActiveIngredientMyCore
186,Cellulose,Carboprost tromethamine~~Prostaglandins,http://fhir.hie.moh.gov.my/CodeSystem/active-ingredient-my-core,CodeSystemActiveIngredientMyCore
187,Cetirizine,Carglumic Acid~~carglumic acid,http://fhir.hie.moh.gov.my/CodeSystem/active-ingredient-my-core,CodeSystemActiveIngredientMyCore
188,Cetomacrogol,,http://fhir.hie.moh.gov.my/CodeSystem/active-ingredient-my-core,CodeSystemActiveIngredientMyCore
189,Cetostearyl Alcohol,Carmustine~~Nitrosoureas,http://fhir.hie.moh.gov.my/CodeSystem/active-ingredient-my-core,CodeSystemActiveIngredientMyCore
190,Cetrimide,Carvedilol~~Beta-blockers,http://fhir.hie.moh.gov.my/CodeSystem/active-ingredient-my-core,CodeSystemActiveIngredientMyCore
191,Cetrorelix,Caspofungin~~Echinocandin antifungals,http://fhir.hie.moh.gov.my/CodeSystem/active-ingredient-my-core,CodeSystemActiveIngredientMyCore
192,Cetuximab,Cefaclor~~Cephalosporins,http://fhir.hie.moh.gov.my/CodeSystem/active-ingredient-my-core,CodeSystemActiveIngredientMyCore
193,Charcoal Medicinal,Cefalexin~~Cephalosporins,http://fhir.hie.moh.gov.my/CodeSystem/active-ingredient-my-core,CodeSystemActiveIngredientMyCore
194,Cherry,Cefazolin~~Cephalosporins,http://fhir.hie.moh.gov.my/CodeSystem/active-ingredient-my-core,CodeSystemActiveIngredientMyCore
195,Chlopropamide,Cefepime~~Cephalosporins,http://fhir.hie.moh.gov.my/CodeSystem/active-ingredient-my-core,CodeSystemActiveIngredientMyCore
196,Chloral Hydrate,Cefoperazone~~Cephalosporins,http://fhir.hie.moh.gov.my/CodeSystem/active-ingredient-my-core,CodeSystemActiveIngredientMyCore
197,Chlorambucil,Cefoperazone+ sulbactam~~Cephalosporins,http://fhir.hie.moh.gov.my/CodeSystem/active-ingredient-my-core,CodeSystemActiveIngredientMyCore
198,Chloramphenicol,Cefoperazone+ sulbactam~~Beta-lactamase inhibitors,http://fhir.hie.moh.gov.my/CodeSystem/active-ingredient-my-core,CodeSystemActiveIngredientMyCore
199,Chlorbutol,Cefotaxime~~Cephalosporins,http://fhir.hie.moh.gov.my/CodeSystem/active-ingredient-my-core,CodeSystemActiveIngredientMyCore
200,Chlorhexidine,Ceftazidime~~Cephalosporins,http://fhir.hie.moh.gov.my/CodeSystem/active-ingredient-my-core,CodeSystemActiveIngredientMyCore
201,Chlorhexidine + Alcohol,Ceftriaxone~~Cephalosporins,http://fhir.hie.moh.gov.my/CodeSystem/active-ingredient-my-core,CodeSystemActiveIngredientMyCore
202,Chlorine,Cefuroxime~~Cephalosporins,http://fhir.hie.moh.gov.my/CodeSystem/active-ingredient-my-core,CodeSystemActiveIngredientMyCore
203,Chlorobutanol,Celecoxib~~COX-2 inhibitors (sulfonamide),http://fhir.hie.moh.gov.my/CodeSystem/active-ingredient-my-core,CodeSystemActiveIngredientMyCore
204,Chlorocresol,Cellulose~~Cellulose and its derivatives,http://fhir.hie.moh.gov.my/CodeSystem/active-ingredient-my-core,CodeSystemActiveIngredientMyCore
205,Chloroform,Cetirizine~~Piperazine and its derivatives,http://fhir.hie.moh.gov.my/CodeSystem/active-ingredient-my-core,CodeSystemActiveIngredientMyCore
206,Chloroquine,,http://fhir.hie.moh.gov.my/CodeSystem/active-ingredient-my-core,CodeSystemActiveIngredientMyCore
207,Chlorothiazide,,http://fhir.hie.moh.gov.my/CodeSystem/active-ingredient-my-core,CodeSystemActiveIngredientMyCore
208,Chlorpheniramine,Cetrimide~~Quaternary ammonium compounds disinfectants/antiseptics,http://fhir.hie.moh.gov.my/CodeSystem/active-ingredient-my-core,CodeSystemActiveIngredientMyCore
209,Chlorpromazine,Cetrorelix~~Gonadotrophin-releasing hormone antagonists,http://fhir.hie.moh.gov.my/CodeSystem/active-ingredient-my-core,CodeSystemActiveIngredientMyCore
210,Chlortetracycline,Cetuximab~~Monoclonal antibodies - chimeric human/murine,http://fhir.hie.moh.gov.my/CodeSystem/active-ingredient-my-core,CodeSystemActiveIngredientMyCore
211,"Cholera, inactivated, whole cell",Charcoal Medicinal~~Charcoal,http://fhir.hie.moh.gov.my/CodeSystem/active-ingredient-my-core,CodeSystemActiveIngredientMyCore
212,"Cholera, live attenuated",,http://fhir.hie.moh.gov.my/CodeSystem/active-ingredient-my-core,CodeSystemActiveIngredientMyCore
213,Choline salicylate,Chlopropamide~~Sulfonylureas,http://fhir.hie.moh.gov.my/CodeSystem/active-ingredient-my-core,CodeSystemActiveIngredientMyCore
214,Choriogonadotropin Alfa,Chloral Hydrate~~Chloral hydrate,http://fhir.hie.moh.gov.my/CodeSystem/active-ingredient-my-core,CodeSystemActiveIngredientMyCore
215,Chromium-51 EDTA,Chlorambucil~~Nitrogen mustards,http://fhir.hie.moh.gov.my/CodeSystem/active-ingredient-my-core,CodeSystemActiveIngredientMyCore
216,Ciclesonide,Chloramphenicol~~Phenicol derivatives,http://fhir.hie.moh.gov.my/CodeSystem/active-ingredient-my-core,CodeSystemActiveIngredientMyCore
217,Ciclosporin,,http://fhir.hie.moh.gov.my/CodeSystem/active-ingredient-my-core,CodeSystemActiveIngredientMyCore
218,Ciclosporin,Chlorhexidine~~Chlorhexidine,http://fhir.hie.moh.gov.my/CodeSystem/active-ingredient-my-core,CodeSystemActiveIngredientMyCore
219,Cidofovir,Chlorhexidine + Alcohol~~Chlorhexidine,http://fhir.hie.moh.gov.my/CodeSystem/active-ingredient-my-core,CodeSystemActiveIngredientMyCore
220,Cimetidine,Chlorine~~chlorine,http://fhir.hie.moh.gov.my/CodeSystem/active-ingredient-my-core,CodeSystemActiveIngredientMyCore
221,Cinnarizine,Chlorobutanol~~Chlorobutanol,http://fhir.hie.moh.gov.my/CodeSystem/active-ingredient-my-core,CodeSystemActiveIngredientMyCore
222,Ciprofloxacin,,http://fhir.hie.moh.gov.my/CodeSystem/active-ingredient-my-core,CodeSystemActiveIngredientMyCore
223,Cisatracurium,Chloroform~~Halogenated anaesthetics,http://fhir.hie.moh.gov.my/CodeSystem/active-ingredient-my-core,CodeSystemActiveIngredientMyCore
224,Cisplatin,Chloroquine~~4-Aminoquinoline compounds,http://fhir.hie.moh.gov.my/CodeSystem/active-ingredient-my-core,CodeSystemActiveIngredientMyCore
225,Citric acid,Chlorothiazide~~Thiazide diuretics and related agents,http://fhir.hie.moh.gov.my/CodeSystem/active-ingredient-my-core,CodeSystemActiveIngredientMyCore
226,Cladribine,Chlorpheniramine~~Antihistamines - alkylamine derivatives,http://fhir.hie.moh.gov.my/CodeSystem/active-ingredient-my-core,CodeSystemActiveIngredientMyCore
227,Clarithromycin,Chlorpromazine~~Phenothiazines,http://fhir.hie.moh.gov.my/CodeSystem/active-ingredient-my-core,CodeSystemActiveIngredientMyCore
228,Clindamycin,Chlortetracycline~~Tetracyclines,http://fhir.hie.moh.gov.my/CodeSystem/active-ingredient-my-core,CodeSystemActiveIngredientMyCore
229,Clobazam,"Cholera, inactivated, whole cell~~Cholera vaccine",http://fhir.hie.moh.gov.my/CodeSystem/active-ingredient-my-core,CodeSystemActiveIngredientMyCore
230,Clobetasol,"Cholera, live attenuated~~Cholera vaccine",http://fhir.hie.moh.gov.my/CodeSystem/active-ingredient-my-core,CodeSystemActiveIngredientMyCore
231,Clobetasone,Choline salicylate~~Salicylates,http://fhir.hie.moh.gov.my/CodeSystem/active-ingredient-my-core,CodeSystemActiveIngredientMyCore
232,Clodronic Acid,Choriogonadotropin Alfa~~Chorionic gonadotrophins,http://fhir.hie.moh.gov.my/CodeSystem/active-ingredient-my-core,CodeSystemActiveIngredientMyCore
233,Clofarabine,,http://fhir.hie.moh.gov.my/CodeSystem/active-ingredient-my-core,CodeSystemActiveIngredientMyCore
234,Clofazimine,Ciclesonide~~Corticosteroids,http://fhir.hie.moh.gov.my/CodeSystem/active-ingredient-my-core,CodeSystemActiveIngredientMyCore
235,Clomiphene (Clomifene),Ciclosporin~~Calcineurin inhibitors,http://fhir.hie.moh.gov.my/CodeSystem/active-ingredient-my-core,CodeSystemActiveIngredientMyCore
236,Clomipramine,Ciclosporin~~Calcineurin inhibitors,http://fhir.hie.moh.gov.my/CodeSystem/active-ingredient-my-core,CodeSystemActiveIngredientMyCore
237,Clonazepam,Cidofovir~~Cidofovir,http://fhir.hie.moh.gov.my/CodeSystem/active-ingredient-my-core,CodeSystemActiveIngredientMyCore
238,Clonidine,Cimetidine~~H2 receptor antagonists,http://fhir.hie.moh.gov.my/CodeSystem/active-ingredient-my-core,CodeSystemActiveIngredientMyCore
239,Clopidogrel,Cinnarizine~~Piperazine and its derivatives,http://fhir.hie.moh.gov.my/CodeSystem/active-ingredient-my-core,CodeSystemActiveIngredientMyCore
240,Clotrimazole,Ciprofloxacin~~Quinolones and fluoroquinolones,http://fhir.hie.moh.gov.my/CodeSystem/active-ingredient-my-core,CodeSystemActiveIngredientMyCore
241,Cloxacillin,Cisatracurium~~Neuromuscular blockers,http://fhir.hie.moh.gov.my/CodeSystem/active-ingredient-my-core,CodeSystemActiveIngredientMyCore
242,Clozapine,Cisplatin~~Platinum compounds,http://fhir.hie.moh.gov.my/CodeSystem/active-ingredient-my-core,CodeSystemActiveIngredientMyCore
243,Coagulation Factor IX,Citric acid~~Citric acid,http://fhir.hie.moh.gov.my/CodeSystem/active-ingredient-my-core,CodeSystemActiveIngredientMyCore
244,"Coagulation factor IX, II, VII and X",Cladribine~~Purine analogues,http://fhir.hie.moh.gov.my/CodeSystem/active-ingredient-my-core,CodeSystemActiveIngredientMyCore
245,Coagulation Factor VIII,Clarithromycin~~Macrolide antibacterials,http://fhir.hie.moh.gov.my/CodeSystem/active-ingredient-my-core,CodeSystemActiveIngredientMyCore
246,Cocaine,Clindamycin~~Lincosamides,http://fhir.hie.moh.gov.my/CodeSystem/active-ingredient-my-core,CodeSystemActiveIngredientMyCore
247,Cocois Co.,Clobazam~~Benzodiazepine derivatives,http://fhir.hie.moh.gov.my/CodeSystem/active-ingredient-my-core,CodeSystemActiveIngredientMyCore
248,Coconut Oil,Clobetasol~~Corticosteroids,http://fhir.hie.moh.gov.my/CodeSystem/active-ingredient-my-core,CodeSystemActiveIngredientMyCore
249,Colchicine,Clobetasone~~Corticosteroids,http://fhir.hie.moh.gov.my/CodeSystem/active-ingredient-my-core,CodeSystemActiveIngredientMyCore
250,Colecalciferol,Clodronic Acid~~Bisphosphonates,http://fhir.hie.moh.gov.my/CodeSystem/active-ingredient-my-core,CodeSystemActiveIngredientMyCore
251,Colestyramine,Clofarabine~~clofarabine,http://fhir.hie.moh.gov.my/CodeSystem/active-ingredient-my-core,CodeSystemActiveIngredientMyCore
252,Colistimethate,Clofazimine~~clofazimine,http://fhir.hie.moh.gov.my/CodeSystem/active-ingredient-my-core,CodeSystemActiveIngredientMyCore
253,Colloidal Bismuth Subcitrate,,http://fhir.hie.moh.gov.my/CodeSystem/active-ingredient-my-core,CodeSystemActiveIngredientMyCore
254,Colonic lavage,Clomipramine~~Tricyclic antidepressants,http://fhir.hie.moh.gov.my/CodeSystem/active-ingredient-my-core,CodeSystemActiveIngredientMyCore
255,"Sodium bicarbonate, citric acid, sodium citrate, tartaric acid",Clonazepam~~Benzodiazepine derivatives,http://fhir.hie.moh.gov.my/CodeSystem/active-ingredient-my-core,CodeSystemActiveIngredientMyCore
256,Combinations of electrolytes,Clonidine~~Sympathomimetic alpha agonists,http://fhir.hie.moh.gov.my/CodeSystem/active-ingredient-my-core,CodeSystemActiveIngredientMyCore
257,Compounding vehicle,Clopidogrel~~Thienopyridine derivatives,http://fhir.hie.moh.gov.my/CodeSystem/active-ingredient-my-core,CodeSystemActiveIngredientMyCore
258,Conj Oestrogens+ Medroxyprogesterone,Clotrimazole~~Imidazole and triazole derived antifungals,http://fhir.hie.moh.gov.my/CodeSystem/active-ingredient-my-core,CodeSystemActiveIngredientMyCore
259,Conjugated estrogens,Cloxacillin~~Penicillins,http://fhir.hie.moh.gov.my/CodeSystem/active-ingredient-my-core,CodeSystemActiveIngredientMyCore
260,Copper,Clozapine~~Benzodiazepine derivatives,http://fhir.hie.moh.gov.my/CodeSystem/active-ingredient-my-core,CodeSystemActiveIngredientMyCore
261,Copper sulfate,Coagulation Factor IX~~Factor IX,http://fhir.hie.moh.gov.my/CodeSystem/active-ingredient-my-core,CodeSystemActiveIngredientMyCore
262,Corticotropin,Coagulation Factor IX~~Factor VII,http://fhir.hie.moh.gov.my/CodeSystem/active-ingredient-my-core,CodeSystemActiveIngredientMyCore
263,Cortisone acetate,Coagulation Factor IX~~Factor ii,http://fhir.hie.moh.gov.my/CodeSystem/active-ingredient-my-core,CodeSystemActiveIngredientMyCore
264,Cromoglicic Acid (Cromoglycate),Coagulation Factor IX~~Factor x,http://fhir.hie.moh.gov.my/CodeSystem/active-ingredient-my-core,CodeSystemActiveIngredientMyCore
265,Crotamiton,,http://fhir.hie.moh.gov.my/CodeSystem/active-ingredient-my-core,CodeSystemActiveIngredientMyCore
266,Cyanocobalamin,Coagulation Factor VIII~~Factor VIII,http://fhir.hie.moh.gov.my/CodeSystem/active-ingredient-my-core,CodeSystemActiveIngredientMyCore
267,Cyclopentolate,Cocaine~~Ester type local anaesthetics,http://fhir.hie.moh.gov.my/CodeSystem/active-ingredient-my-core,CodeSystemActiveIngredientMyCore
268,Cyclopentolate + Phenylephrine,,http://fhir.hie.moh.gov.my/CodeSystem/active-ingredient-my-core,CodeSystemActiveIngredientMyCore
269,Cyclophosphamide,,http://fhir.hie.moh.gov.my/CodeSystem/active-ingredient-my-core,CodeSystemActiveIngredientMyCore
270,Cycloserine,Colchicine~~Colchicum and derivatives,http://fhir.hie.moh.gov.my/CodeSystem/active-ingredient-my-core,CodeSystemActiveIngredientMyCore
271,Cyproterone,Colecalciferol~~Vitamin D analogues,http://fhir.hie.moh.gov.my/CodeSystem/active-ingredient-my-core,CodeSystemActiveIngredientMyCore
272,Cyproterone+ Ethinyloestradiol,Colestyramine~~Colestyramine,http://fhir.hie.moh.gov.my/CodeSystem/active-ingredient-my-core,CodeSystemActiveIngredientMyCore
273,Cytarabine (cytosine arabinoside),Colistimethate~~Polymyxins,http://fhir.hie.moh.gov.my/CodeSystem/active-ingredient-my-core,CodeSystemActiveIngredientMyCore
274,Dabigatran etexilate,Colloidal Bismuth Subcitrate~~Bismuth compounds,http://fhir.hie.moh.gov.my/CodeSystem/active-ingredient-my-core,CodeSystemActiveIngredientMyCore
275,Dacarbazine,,http://fhir.hie.moh.gov.my/CodeSystem/active-ingredient-my-core,CodeSystemActiveIngredientMyCore
276,Dactinomycin,,http://fhir.hie.moh.gov.my/CodeSystem/active-ingredient-my-core,CodeSystemActiveIngredientMyCore
277,Danazol,,http://fhir.hie.moh.gov.my/CodeSystem/active-ingredient-my-core,CodeSystemActiveIngredientMyCore
278,Dapsone,,http://fhir.hie.moh.gov.my/CodeSystem/active-ingredient-my-core,CodeSystemActiveIngredientMyCore
279,Darunavir,Conj Oestrogens+ Medroxyprogesterone~~Progestogens,http://fhir.hie.moh.gov.my/CodeSystem/active-ingredient-my-core,CodeSystemActiveIngredientMyCore
280,Dasatinib,Conj Oestrogens+ Medroxyprogesterone~~Estrogens,http://fhir.hie.moh.gov.my/CodeSystem/active-ingredient-my-core,CodeSystemActiveIngredientMyCore
281,Daunorubicin,Conjugated estrogens~~Estrogens,http://fhir.hie.moh.gov.my/CodeSystem/active-ingredient-my-core,CodeSystemActiveIngredientMyCore
282,Decitabine,Copper~~Copper,http://fhir.hie.moh.gov.my/CodeSystem/active-ingredient-my-core,CodeSystemActiveIngredientMyCore
283,Deferasirox,Copper sulfate~~Copper,http://fhir.hie.moh.gov.my/CodeSystem/active-ingredient-my-core,CodeSystemActiveIngredientMyCore
284,Deferiprone,Corticotropin~~Adrenocorticotrophic hormones,http://fhir.hie.moh.gov.my/CodeSystem/active-ingredient-my-core,CodeSystemActiveIngredientMyCore
285,Deferoxamine (Desferrioxamine),Cortisone acetate~~Corticosteroids,http://fhir.hie.moh.gov.my/CodeSystem/active-ingredient-my-core,CodeSystemActiveIngredientMyCore
286,Desflurane,Cromoglicic Acid (Cromoglycate)~~Cromolyn and related agents,http://fhir.hie.moh.gov.my/CodeSystem/active-ingredient-my-core,CodeSystemActiveIngredientMyCore
287,Desloratadine,Crotamiton~~crotamiton,http://fhir.hie.moh.gov.my/CodeSystem/active-ingredient-my-core,CodeSystemActiveIngredientMyCore
288,Desmopressin,Cyanocobalamin~~Cyanocobalamin (vitamin B12),http://fhir.hie.moh.gov.my/CodeSystem/active-ingredient-my-core,CodeSystemActiveIngredientMyCore
289,Desogestrel,Cyclopentolate~~Anticholinergics,http://fhir.hie.moh.gov.my/CodeSystem/active-ingredient-my-core,CodeSystemActiveIngredientMyCore
290,Desvenlafaxine,Cyclopentolate + Phenylephrine~~Sympathomimetic alpha agonists,http://fhir.hie.moh.gov.my/CodeSystem/active-ingredient-my-core,CodeSystemActiveIngredientMyCore
291,Dexamethasone,Cyclopentolate + Phenylephrine~~Anticholinergics,http://fhir.hie.moh.gov.my/CodeSystem/active-ingredient-my-core,CodeSystemActiveIngredientMyCore
292,Dexamethasone sodium phosphate,Cyclophosphamide~~Nitrogen mustards,http://fhir.hie.moh.gov.my/CodeSystem/active-ingredient-my-core,CodeSystemActiveIngredientMyCore
293,Dexamethasone+ Framycetin+ Gramicidin,Cycloserine~~Cycloserine,http://fhir.hie.moh.gov.my/CodeSystem/active-ingredient-my-core,CodeSystemActiveIngredientMyCore
294,Dexamethasone+ Neomycin+ Polymixin,Cyproterone~~Progestogens,http://fhir.hie.moh.gov.my/CodeSystem/active-ingredient-my-core,CodeSystemActiveIngredientMyCore
295,Dexchlorpheniramine,Cyproterone+ Ethinyloestradiol~~Estrogens,http://fhir.hie.moh.gov.my/CodeSystem/active-ingredient-my-core,CodeSystemActiveIngredientMyCore
296,Dexmedetomidine,Cyproterone+ Ethinyloestradiol~~Progestogens,http://fhir.hie.moh.gov.my/CodeSystem/active-ingredient-my-core,CodeSystemActiveIngredientMyCore
297,Dextrose,,http://fhir.hie.moh.gov.my/CodeSystem/active-ingredient-my-core,CodeSystemActiveIngredientMyCore
298,Sucrose,Dabigatran etexilate~~Dabigatran,http://fhir.hie.moh.gov.my/CodeSystem/active-ingredient-my-core,CodeSystemActiveIngredientMyCore
299,Diatrizoic Acid,Dacarbazine~~Triazenes,http://fhir.hie.moh.gov.my/CodeSystem/active-ingredient-my-core,CodeSystemActiveIngredientMyCore
300,Diazepam,Dactinomycin~~Antineoplastic antibiotics,http://fhir.hie.moh.gov.my/CodeSystem/active-ingredient-my-core,CodeSystemActiveIngredientMyCore
301,Diazoxide,Danazol~~Danazol,http://fhir.hie.moh.gov.my/CodeSystem/active-ingredient-my-core,CodeSystemActiveIngredientMyCore
302,Diclofenac,Dapsone~~Sulfones,http://fhir.hie.moh.gov.my/CodeSystem/active-ingredient-my-core,CodeSystemActiveIngredientMyCore
303,Empagliflozin,Darunavir~~HIV protease inhibitors (sulfonamide),http://fhir.hie.moh.gov.my/CodeSystem/active-ingredient-my-core,CodeSystemActiveIngredientMyCore
304,Didanosine,Dasatinib~~Tyrosine kinase inhibitors,http://fhir.hie.moh.gov.my/CodeSystem/active-ingredient-my-core,CodeSystemActiveIngredientMyCore
305,Diethyl ether,Daunorubicin~~Anthracyclines,http://fhir.hie.moh.gov.my/CodeSystem/active-ingredient-my-core,CodeSystemActiveIngredientMyCore
306,Diethylcarbamazine,Decitabine~~Cytidine analogues,http://fhir.hie.moh.gov.my/CodeSystem/active-ingredient-my-core,CodeSystemActiveIngredientMyCore
307,Digoxin,Deferasirox~~deferasirox,http://fhir.hie.moh.gov.my/CodeSystem/active-ingredient-my-core,CodeSystemActiveIngredientMyCore
308,Dihydralazine,Deferiprone~~deferiprone,http://fhir.hie.moh.gov.my/CodeSystem/active-ingredient-my-core,CodeSystemActiveIngredientMyCore
309,Dihydrocodeine,Deferoxamine (Desferrioxamine)~~Deferoxamine,http://fhir.hie.moh.gov.my/CodeSystem/active-ingredient-my-core,CodeSystemActiveIngredientMyCore
310,Diltiazem,Desflurane~~Halogenated anaesthetics,http://fhir.hie.moh.gov.my/CodeSystem/active-ingredient-my-core,CodeSystemActiveIngredientMyCore
311,Dimercaprol,Desloratadine~~Antihistamines - piperidine derivatives,http://fhir.hie.moh.gov.my/CodeSystem/active-ingredient-my-core,CodeSystemActiveIngredientMyCore
312,Dimethyl Polysiloxane,Desmopressin~~Vasopressin and analogues,http://fhir.hie.moh.gov.my/CodeSystem/active-ingredient-my-core,CodeSystemActiveIngredientMyCore
313,Dinoprost,Desogestrel~~Progestogens,http://fhir.hie.moh.gov.my/CodeSystem/active-ingredient-my-core,CodeSystemActiveIngredientMyCore
314,Dinoprostone,Desvenlafaxine~~Phenethylamine bicyclic antidepressants,http://fhir.hie.moh.gov.my/CodeSystem/active-ingredient-my-core,CodeSystemActiveIngredientMyCore
315,Dioctahedral smectite,Dexamethasone~~Corticosteroids,http://fhir.hie.moh.gov.my/CodeSystem/active-ingredient-my-core,CodeSystemActiveIngredientMyCore
316,Diosmin+ Hesperidin,,http://fhir.hie.moh.gov.my/CodeSystem/active-ingredient-my-core,CodeSystemActiveIngredientMyCore
317,Diphenhydramine,Dexamethasone+ Framycetin+ Gramicidin~~Tyrothricins,http://fhir.hie.moh.gov.my/CodeSystem/active-ingredient-my-core,CodeSystemActiveIngredientMyCore
318,Diphenhydramine+ Ammonium,Dexamethasone+ Framycetin+ Gramicidin~~Aminoglycosides,http://fhir.hie.moh.gov.my/CodeSystem/active-ingredient-my-core,CodeSystemActiveIngredientMyCore
319,Diphenoxylate,Dexamethasone+ Framycetin+ Gramicidin~~Corticosteroids,http://fhir.hie.moh.gov.my/CodeSystem/active-ingredient-my-core,CodeSystemActiveIngredientMyCore
320,Diphtheria toxoid,Dexamethasone+ Neomycin+ Polymixin~~Aminoglycosides,http://fhir.hie.moh.gov.my/CodeSystem/active-ingredient-my-core,CodeSystemActiveIngredientMyCore
321,Diphtheria-hemophilus influenzae B-pertussis-poliomyelitis-tetanus,Dexamethasone+ Neomycin+ Polymixin~~Corticosteroids,http://fhir.hie.moh.gov.my/CodeSystem/active-ingredient-my-core,CodeSystemActiveIngredientMyCore
322,Diphtheria-hepatitis B-pertussis-tetanus,Dexamethasone+ Neomycin+ Polymixin~~Polymyxins,http://fhir.hie.moh.gov.my/CodeSystem/active-ingredient-my-core,CodeSystemActiveIngredientMyCore
323,Dipotassium phosphate,Dexchlorpheniramine~~Antihistamines - alkylamine derivatives,http://fhir.hie.moh.gov.my/CodeSystem/active-ingredient-my-core,CodeSystemActiveIngredientMyCore
324,Dipyridamole,Dexmedetomidine~~Sympathomimetic alpha agonists,http://fhir.hie.moh.gov.my/CodeSystem/active-ingredient-my-core,CodeSystemActiveIngredientMyCore
325,Distigmine,Dextrose~~Glucose,http://fhir.hie.moh.gov.my/CodeSystem/active-ingredient-my-core,CodeSystemActiveIngredientMyCore
326,Dithranol,,http://fhir.hie.moh.gov.my/CodeSystem/active-ingredient-my-core,CodeSystemActiveIngredientMyCore
327,Dobutamine,Diatrizoic Acid~~Iodine-containing compounds,http://fhir.hie.moh.gov.my/CodeSystem/active-ingredient-my-core,CodeSystemActiveIngredientMyCore
328,Docetaxel,Diazepam~~Benzodiazepine derivatives,http://fhir.hie.moh.gov.my/CodeSystem/active-ingredient-my-core,CodeSystemActiveIngredientMyCore
329,Domperidone,Diazoxide~~Thiazide diuretics and related agents,http://fhir.hie.moh.gov.my/CodeSystem/active-ingredient-my-core,CodeSystemActiveIngredientMyCore
330,Donepezil,Diclofenac~~Nonsteroidal anti-inflammatory drugs,http://fhir.hie.moh.gov.my/CodeSystem/active-ingredient-my-core,CodeSystemActiveIngredientMyCore
331,Dopamine,,http://fhir.hie.moh.gov.my/CodeSystem/active-ingredient-my-core,CodeSystemActiveIngredientMyCore
332,Doripenem,Didanosine~~Didanosine,http://fhir.hie.moh.gov.my/CodeSystem/active-ingredient-my-core,CodeSystemActiveIngredientMyCore
333,Dorzolamide,Diethyl ether~~Etherified starches,http://fhir.hie.moh.gov.my/CodeSystem/active-ingredient-my-core,CodeSystemActiveIngredientMyCore
334,Dothiepin,Diethylcarbamazine~~Diethylcarbamazine,http://fhir.hie.moh.gov.my/CodeSystem/active-ingredient-my-core,CodeSystemActiveIngredientMyCore
335,Doxazosin,Digoxin~~Digitalis glycosides,http://fhir.hie.moh.gov.my/CodeSystem/active-ingredient-my-core,CodeSystemActiveIngredientMyCore
336,Doxorubicin,Dihydralazine~~Phthalazine derived antihypertensives,http://fhir.hie.moh.gov.my/CodeSystem/active-ingredient-my-core,CodeSystemActiveIngredientMyCore
337,Doxycycline,Dihydrocodeine~~Opioids,http://fhir.hie.moh.gov.my/CodeSystem/active-ingredient-my-core,CodeSystemActiveIngredientMyCore
338,Dronedarone,Diltiazem~~Calcium channel blocking agents - benzothiazepines,http://fhir.hie.moh.gov.my/CodeSystem/active-ingredient-my-core,CodeSystemActiveIngredientMyCore
339,Duloxetine,Dimercaprol~~Dimercaprol and analogues,http://fhir.hie.moh.gov.my/CodeSystem/active-ingredient-my-core,CodeSystemActiveIngredientMyCore
340,Dutasteride,,http://fhir.hie.moh.gov.my/CodeSystem/active-ingredient-my-core,CodeSystemActiveIngredientMyCore
341,Dydrogesterone,Dinoprost~~Prostaglandins,http://fhir.hie.moh.gov.my/CodeSystem/active-ingredient-my-core,CodeSystemActiveIngredientMyCore
342,Edrophonium,Dinoprostone~~Prostaglandins,http://fhir.hie.moh.gov.my/CodeSystem/active-ingredient-my-core,CodeSystemActiveIngredientMyCore
343,Efavirenz,Dioctahedral smectite~~smectite,http://fhir.hie.moh.gov.my/CodeSystem/active-ingredient-my-core,CodeSystemActiveIngredientMyCore
344,Eltrombopag,Diosmin+ Hesperidin~~Flavonoids,http://fhir.hie.moh.gov.my/CodeSystem/active-ingredient-my-core,CodeSystemActiveIngredientMyCore
345,Emollients,Diphenhydramine~~Antihistamines - ethanolamine derivatives,http://fhir.hie.moh.gov.my/CodeSystem/active-ingredient-my-core,CodeSystemActiveIngredientMyCore
346,Emulsifying wax,Diphenhydramine+ Ammonium~~Antihistamines - ethanolamine derivatives,http://fhir.hie.moh.gov.my/CodeSystem/active-ingredient-my-core,CodeSystemActiveIngredientMyCore
347,Enalapril,Diphenoxylate~~Synthetic phenylpiperidine derivative opiate agonists,http://fhir.hie.moh.gov.my/CodeSystem/active-ingredient-my-core,CodeSystemActiveIngredientMyCore
348,Enoxaparin,Diphtheria toxoid~~Diphtheria vaccines,http://fhir.hie.moh.gov.my/CodeSystem/active-ingredient-my-core,CodeSystemActiveIngredientMyCore
349,Entacapone,Diphtheria-hemophilus influenzae B-pertussis-poliomyelitis-tetanus~~Tetanus vaccine (T vaccine),http://fhir.hie.moh.gov.my/CodeSystem/active-ingredient-my-core,CodeSystemActiveIngredientMyCore
350,Entecavir,Diphtheria-hemophilus influenzae B-pertussis-poliomyelitis-tetanus~~Pertussis vaccine,http://fhir.hie.moh.gov.my/CodeSystem/active-ingredient-my-core,CodeSystemActiveIngredientMyCore
351,Eperisone,Diphtheria-hemophilus influenzae B-pertussis-poliomyelitis-tetanus~~Haemophilus influenzae type b (Hib) vaccine,http://fhir.hie.moh.gov.my/CodeSystem/active-ingredient-my-core,CodeSystemActiveIngredientMyCore
352,Ephedrine,Diphtheria-hemophilus influenzae B-pertussis-poliomyelitis-tetanus~~Diphtheria vaccines,http://fhir.hie.moh.gov.my/CodeSystem/active-ingredient-my-core,CodeSystemActiveIngredientMyCore
353,Epirubicin,Diphtheria-hepatitis B-pertussis-tetanus~~Hepatitis b vaccine,http://fhir.hie.moh.gov.my/CodeSystem/active-ingredient-my-core,CodeSystemActiveIngredientMyCore
354,Eptacog alfa (activated),Diphtheria-hepatitis B-pertussis-tetanus~~Diphtheria vaccines,http://fhir.hie.moh.gov.my/CodeSystem/active-ingredient-my-core,CodeSystemActiveIngredientMyCore
355,Ergoloid Mesylate,Diphtheria-hepatitis B-pertussis-tetanus~~Tetanus vaccine (T vaccine),http://fhir.hie.moh.gov.my/CodeSystem/active-ingredient-my-core,CodeSystemActiveIngredientMyCore
356,Ergometrine,,http://fhir.hie.moh.gov.my/CodeSystem/active-ingredient-my-core,CodeSystemActiveIngredientMyCore
357,Erlotinib,Dipyridamole~~Dipyridamole,http://fhir.hie.moh.gov.my/CodeSystem/active-ingredient-my-core,CodeSystemActiveIngredientMyCore
358,Ertapenem,Distigmine~~distigmine bromide,http://fhir.hie.moh.gov.my/CodeSystem/active-ingredient-my-core,CodeSystemActiveIngredientMyCore
359,Erythromycin,Dithranol~~dithranol,http://fhir.hie.moh.gov.my/CodeSystem/active-ingredient-my-core,CodeSystemActiveIngredientMyCore
360,Erythropoietin,Dobutamine~~Sympathomimetic beta agonists,http://fhir.hie.moh.gov.my/CodeSystem/active-ingredient-my-core,CodeSystemActiveIngredientMyCore
361,Escitalopram,Docetaxel~~Taxoids,http://fhir.hie.moh.gov.my/CodeSystem/active-ingredient-my-core,CodeSystemActiveIngredientMyCore
362,Esmolol,Domperidone~~Dopamine antagonists,http://fhir.hie.moh.gov.my/CodeSystem/active-ingredient-my-core,CodeSystemActiveIngredientMyCore
363,Esomeprazole,Donepezil~~Donepezil,http://fhir.hie.moh.gov.my/CodeSystem/active-ingredient-my-core,CodeSystemActiveIngredientMyCore
364,Essential Phospholipids,Dopamine~~Sympathomimetic mixed alpha and beta agonists,http://fhir.hie.moh.gov.my/CodeSystem/active-ingredient-my-core,CodeSystemActiveIngredientMyCore
365,Estradiol,Doripenem~~Carbapenems,http://fhir.hie.moh.gov.my/CodeSystem/active-ingredient-my-core,CodeSystemActiveIngredientMyCore
366,Estradiol+ Dydrogesterone,Dorzolamide~~Carbonic anhydrase inhibitors,http://fhir.hie.moh.gov.my/CodeSystem/active-ingredient-my-core,CodeSystemActiveIngredientMyCore
367,Estradiol+ Norethisterone,Dothiepin~~Tricyclic antidepressants,http://fhir.hie.moh.gov.my/CodeSystem/active-ingredient-my-core,CodeSystemActiveIngredientMyCore
368,Estradiol+ Norgestrel + Estradiol,Doxazosin~~Alpha-blockers (quinazoline derivatives),http://fhir.hie.moh.gov.my/CodeSystem/active-ingredient-my-core,CodeSystemActiveIngredientMyCore
369,Etanercept,Doxorubicin~~Anthracyclines,http://fhir.hie.moh.gov.my/CodeSystem/active-ingredient-my-core,CodeSystemActiveIngredientMyCore
370,Ethambutol,Doxycycline~~Tetracyclines,http://fhir.hie.moh.gov.my/CodeSystem/active-ingredient-my-core,CodeSystemActiveIngredientMyCore
371,Ethanol,Dronedarone~~Dronedarone,http://fhir.hie.moh.gov.my/CodeSystem/active-ingredient-my-core,CodeSystemActiveIngredientMyCore
372,Ethinylestradiol+ Desogestrel,Duloxetine~~Duloxetine,http://fhir.hie.moh.gov.my/CodeSystem/active-ingredient-my-core,CodeSystemActiveIngredientMyCore
373,Ethinylestradiol+ Drospirenone,Dutasteride~~5-Alpha-reductase inhibitors,http://fhir.hie.moh.gov.my/CodeSystem/active-ingredient-my-core,CodeSystemActiveIngredientMyCore
374,Ethinylestradiol+ Gestodene,Dydrogesterone~~Progestogens,http://fhir.hie.moh.gov.my/CodeSystem/active-ingredient-my-core,CodeSystemActiveIngredientMyCore
375,Ethionamide,,http://fhir.hie.moh.gov.my/CodeSystem/active-ingredient-my-core,CodeSystemActiveIngredientMyCore
376,Ethosuximide,Efavirenz~~Nonnucleoside reverse transcriptase inhibitors,http://fhir.hie.moh.gov.my/CodeSystem/active-ingredient-my-core,CodeSystemActiveIngredientMyCore
377,Ethyl Chloride,Eltrombopag~~Eltrombopag,http://fhir.hie.moh.gov.my/CodeSystem/active-ingredient-my-core,CodeSystemActiveIngredientMyCore
378,Etomidate,,http://fhir.hie.moh.gov.my/CodeSystem/active-ingredient-my-core,CodeSystemActiveIngredientMyCore
379,Etonogestrel,,http://fhir.hie.moh.gov.my/CodeSystem/active-ingredient-my-core,CodeSystemActiveIngredientMyCore
380,Etoposide,Enalapril~~Angiotensin converting enzyme (ace) inhibitors,http://fhir.hie.moh.gov.my/CodeSystem/active-ingredient-my-core,CodeSystemActiveIngredientMyCore
381,Etoricoxib,Enoxaparin~~Heparins,http://fhir.hie.moh.gov.my/CodeSystem/active-ingredient-my-core,CodeSystemActiveIngredientMyCore
382,Everolimus,Entacapone~~COMT inhibitors,http://fhir.hie.moh.gov.my/CodeSystem/active-ingredient-my-core,CodeSystemActiveIngredientMyCore
383,Exemestane,Entecavir~~Nucleoside reverse transcriptase inhibitors - guanosine analogues,http://fhir.hie.moh.gov.my/CodeSystem/active-ingredient-my-core,CodeSystemActiveIngredientMyCore
384,Ezetimibe,Eperisone~~Eperisone,http://fhir.hie.moh.gov.my/CodeSystem/active-ingredient-my-core,CodeSystemActiveIngredientMyCore
385,Ezetimibe+ Simvastatin,Ephedrine~~Sympathomimetic mixed alpha and beta agonists,http://fhir.hie.moh.gov.my/CodeSystem/active-ingredient-my-core,CodeSystemActiveIngredientMyCore
386,Fat emulsion,Epirubicin~~Anthracyclines,http://fhir.hie.moh.gov.my/CodeSystem/active-ingredient-my-core,CodeSystemActiveIngredientMyCore
387,Fat emulsion+ vitamin,Eptacog alfa (activated)~~Factor VII,http://fhir.hie.moh.gov.my/CodeSystem/active-ingredient-my-core,CodeSystemActiveIngredientMyCore
388,Febuxostat,Ergoloid Mesylate~~Ergot derivatives,http://fhir.hie.moh.gov.my/CodeSystem/active-ingredient-my-core,CodeSystemActiveIngredientMyCore
389,Felodipine,Ergometrine~~Ergot derivatives,http://fhir.hie.moh.gov.my/CodeSystem/active-ingredient-my-core,CodeSystemActiveIngredientMyCore
390,Fenofibrate,Erlotinib~~Tyrosine kinase inhibitors,http://fhir.hie.moh.gov.my/CodeSystem/active-ingredient-my-core,CodeSystemActiveIngredientMyCore
391,Fenoterol+ Ipratropium bromide,Ertapenem~~Carbapenems,http://fhir.hie.moh.gov.my/CodeSystem/active-ingredient-my-core,CodeSystemActiveIngredientMyCore
392,Fentanyl,Erythromycin~~Macrolide antibacterials,http://fhir.hie.moh.gov.my/CodeSystem/active-ingredient-my-core,CodeSystemActiveIngredientMyCore
393,Ferric Ammonium Citrate,Erythropoietin~~Erythropoietin and related agents,http://fhir.hie.moh.gov.my/CodeSystem/active-ingredient-my-core,CodeSystemActiveIngredientMyCore
394,Ferric Citrate,Escitalopram~~Selective serotonin reuptake inhibitors,http://fhir.hie.moh.gov.my/CodeSystem/active-ingredient-my-core,CodeSystemActiveIngredientMyCore
395,Ferric oxide dextran complex,Esmolol~~Beta-blockers,http://fhir.hie.moh.gov.my/CodeSystem/active-ingredient-my-core,CodeSystemActiveIngredientMyCore
396,Ferrous Fumarate,Esomeprazole~~Proton pump inhibitors,http://fhir.hie.moh.gov.my/CodeSystem/active-ingredient-my-core,CodeSystemActiveIngredientMyCore
397,Fexofenadine,,http://fhir.hie.moh.gov.my/CodeSystem/active-ingredient-my-core,CodeSystemActiveIngredientMyCore
398,Filgrastim,Estradiol~~Estrogens,http://fhir.hie.moh.gov.my/CodeSystem/active-ingredient-my-core,CodeSystemActiveIngredientMyCore
399,Finasteride,Estradiol+ Dydrogesterone~~Estrogens,http://fhir.hie.moh.gov.my/CodeSystem/active-ingredient-my-core,CodeSystemActiveIngredientMyCore
400,Flavoxate,Estradiol+ Dydrogesterone~~Progestogens,http://fhir.hie.moh.gov.my/CodeSystem/active-ingredient-my-core,CodeSystemActiveIngredientMyCore
401,Flecainide,Estradiol+ Norethisterone~~Estrogens,http://fhir.hie.moh.gov.my/CodeSystem/active-ingredient-my-core,CodeSystemActiveIngredientMyCore
402,Flourine-18 Fluorodeoxyglucose,Estradiol+ Norethisterone~~Progestogens,http://fhir.hie.moh.gov.my/CodeSystem/active-ingredient-my-core,CodeSystemActiveIngredientMyCore
403,Fluconazole,Estradiol+ Norgestrel + Estradiol~~Progestogens,http://fhir.hie.moh.gov.my/CodeSystem/active-ingredient-my-core,CodeSystemActiveIngredientMyCore
404,Flucytosine,Estradiol+ Norgestrel + Estradiol~~Estrogens,http://fhir.hie.moh.gov.my/CodeSystem/active-ingredient-my-core,CodeSystemActiveIngredientMyCore
405,Fludarabine,Etanercept~~etanercept,http://fhir.hie.moh.gov.my/CodeSystem/active-ingredient-my-core,CodeSystemActiveIngredientMyCore
406,Fludrocortisone,Ethambutol~~Ethambutol,http://fhir.hie.moh.gov.my/CodeSystem/active-ingredient-my-core,CodeSystemActiveIngredientMyCore
407,Flumazenil,Ethanol~~ethanol,http://fhir.hie.moh.gov.my/CodeSystem/active-ingredient-my-core,CodeSystemActiveIngredientMyCore
408,Flunarizine,Ethinylestradiol+ Desogestrel~~Estrogens,http://fhir.hie.moh.gov.my/CodeSystem/active-ingredient-my-core,CodeSystemActiveIngredientMyCore
409,Fluorescein,Ethinylestradiol+ Desogestrel~~Progestogens,http://fhir.hie.moh.gov.my/CodeSystem/active-ingredient-my-core,CodeSystemActiveIngredientMyCore
410,Fluorometholone,Ethinylestradiol+ Drospirenone~~Progestogens,http://fhir.hie.moh.gov.my/CodeSystem/active-ingredient-my-core,CodeSystemActiveIngredientMyCore
411,Fluorouracil,Ethinylestradiol+ Drospirenone~~Estrogens,http://fhir.hie.moh.gov.my/CodeSystem/active-ingredient-my-core,CodeSystemActiveIngredientMyCore
412,Fluoxetine,Ethinylestradiol+ Gestodene~~Estrogens,http://fhir.hie.moh.gov.my/CodeSystem/active-ingredient-my-core,CodeSystemActiveIngredientMyCore
413,Flupenthixol,Ethinylestradiol+ Gestodene~~Progestogens,http://fhir.hie.moh.gov.my/CodeSystem/active-ingredient-my-core,CodeSystemActiveIngredientMyCore
414,Fluphenazine,Ethionamide~~Antimycobacterials - thioamide derivatives,http://fhir.hie.moh.gov.my/CodeSystem/active-ingredient-my-core,CodeSystemActiveIngredientMyCore
415,Flutamide,Ethosuximide~~Succinimide anticonvulsants,http://fhir.hie.moh.gov.my/CodeSystem/active-ingredient-my-core,CodeSystemActiveIngredientMyCore
416,Formoterol + Fluticasone,Ethyl Chloride~~ethyl chloride,http://fhir.hie.moh.gov.my/CodeSystem/active-ingredient-my-core,CodeSystemActiveIngredientMyCore
417,fluticasone furoate,Etomidate~~Etomidate and analogues,http://fhir.hie.moh.gov.my/CodeSystem/active-ingredient-my-core,CodeSystemActiveIngredientMyCore
418,Fluticasone,Etonogestrel~~Progestogens,http://fhir.hie.moh.gov.my/CodeSystem/active-ingredient-my-core,CodeSystemActiveIngredientMyCore
419,Fluvoxamine,Etoposide~~Podophyllotoxin derivatives,http://fhir.hie.moh.gov.my/CodeSystem/active-ingredient-my-core,CodeSystemActiveIngredientMyCore
420,Folic acid,Etoricoxib~~COX-2 inhibitors (non-sulfonamide),http://fhir.hie.moh.gov.my/CodeSystem/active-ingredient-my-core,CodeSystemActiveIngredientMyCore
421,Follitropin Alpha,Everolimus~~Macrolide immunosuppressants,http://fhir.hie.moh.gov.my/CodeSystem/active-ingredient-my-core,CodeSystemActiveIngredientMyCore
422,Follitropin Beta,Exemestane~~Steroidal aromatase inhibitors,http://fhir.hie.moh.gov.my/CodeSystem/active-ingredient-my-core,CodeSystemActiveIngredientMyCore
423,Fondaparinux,Ezetimibe~~ezetimibe,http://fhir.hie.moh.gov.my/CodeSystem/active-ingredient-my-core,CodeSystemActiveIngredientMyCore
424,Formaldehyde,Ezetimibe+ Simvastatin~~HMG-CoA reductase inhibitors,http://fhir.hie.moh.gov.my/CodeSystem/active-ingredient-my-core,CodeSystemActiveIngredientMyCore
425,Formoterol,,http://fhir.hie.moh.gov.my/CodeSystem/active-ingredient-my-core,CodeSystemActiveIngredientMyCore
426,Foscarnet,,http://fhir.hie.moh.gov.my/CodeSystem/active-ingredient-my-core,CodeSystemActiveIngredientMyCore
427,Framycetin,Febuxostat~~febuxostat,http://fhir.hie.moh.gov.my/CodeSystem/active-ingredient-my-core,CodeSystemActiveIngredientMyCore
428,Frusemide,Felodipine~~Calcium channel blocking agents - dihydropyridines,http://fhir.hie.moh.gov.my/CodeSystem/active-ingredient-my-core,CodeSystemActiveIngredientMyCore
429,Fuller's Earth,Fenofibrate~~Fenofibrate,http://fhir.hie.moh.gov.my/CodeSystem/active-ingredient-my-core,CodeSystemActiveIngredientMyCore
430,Fusafungine,Fenoterol+ Ipratropium bromide~~Anticholinergics,http://fhir.hie.moh.gov.my/CodeSystem/active-ingredient-my-core,CodeSystemActiveIngredientMyCore
431,Fusidic Acid,Fenoterol+ Ipratropium bromide~~Sympathomimetic beta agonists,http://fhir.hie.moh.gov.my/CodeSystem/active-ingredient-my-core,CodeSystemActiveIngredientMyCore
432,Gabapentin,Fentanyl~~Opioids,http://fhir.hie.moh.gov.my/CodeSystem/active-ingredient-my-core,CodeSystemActiveIngredientMyCore
433,Gadobutrol,Ferric Ammonium Citrate~~Iron compounds,http://fhir.hie.moh.gov.my/CodeSystem/active-ingredient-my-core,CodeSystemActiveIngredientMyCore
434,Gadodiamide,Ferric Citrate~~Iron compounds,http://fhir.hie.moh.gov.my/CodeSystem/active-ingredient-my-core,CodeSystemActiveIngredientMyCore
435,Gadopentetic acid,Ferric oxide dextran complex~~Iron compounds,http://fhir.hie.moh.gov.my/CodeSystem/active-ingredient-my-core,CodeSystemActiveIngredientMyCore
436,Gadoteric acid,Ferrous Fumarate~~Iron compounds,http://fhir.hie.moh.gov.my/CodeSystem/active-ingredient-my-core,CodeSystemActiveIngredientMyCore
437,Gallium-67 Citrate,Fexofenadine~~Antihistamines - piperidine derivatives,http://fhir.hie.moh.gov.my/CodeSystem/active-ingredient-my-core,CodeSystemActiveIngredientMyCore
438,Gallium-68 DOTATATE,Filgrastim~~Colony stimulating factors,http://fhir.hie.moh.gov.my/CodeSystem/active-ingredient-my-core,CodeSystemActiveIngredientMyCore
439,Galsulfase,Finasteride~~5-Alpha-reductase inhibitors,http://fhir.hie.moh.gov.my/CodeSystem/active-ingredient-my-core,CodeSystemActiveIngredientMyCore
440,Gamma Benzene Hexachloride,Flavoxate~~Anticholinergics,http://fhir.hie.moh.gov.my/CodeSystem/active-ingredient-my-core,CodeSystemActiveIngredientMyCore
441,Ganciclovir,Flecainide~~Flecainide,http://fhir.hie.moh.gov.my/CodeSystem/active-ingredient-my-core,CodeSystemActiveIngredientMyCore
442,Ganirelix,,http://fhir.hie.moh.gov.my/CodeSystem/active-ingredient-my-core,CodeSystemActiveIngredientMyCore
443,Gas-Gangrene Antitoxin,Fluconazole~~Imidazole and triazole derived antifungals,http://fhir.hie.moh.gov.my/CodeSystem/active-ingredient-my-core,CodeSystemActiveIngredientMyCore
444,Gefitinib,Flucytosine~~Fluoropyrimidines,http://fhir.hie.moh.gov.my/CodeSystem/active-ingredient-my-core,CodeSystemActiveIngredientMyCore
445,Gemcitabine,Fludarabine~~Synthetic purine antagonist,http://fhir.hie.moh.gov.my/CodeSystem/active-ingredient-my-core,CodeSystemActiveIngredientMyCore
446,Gemeprost,Fludrocortisone~~Corticosteroids,http://fhir.hie.moh.gov.my/CodeSystem/active-ingredient-my-core,CodeSystemActiveIngredientMyCore
447,Gemfibrozil,Flumazenil~~Benzodiazepine derivatives,http://fhir.hie.moh.gov.my/CodeSystem/active-ingredient-my-core,CodeSystemActiveIngredientMyCore
448,Gentamicin,Flunarizine~~Piperazine and its derivatives,http://fhir.hie.moh.gov.my/CodeSystem/active-ingredient-my-core,CodeSystemActiveIngredientMyCore
449,Gentamicin+ Betamethasone,Fluorescein~~Fluorescein derivatives,http://fhir.hie.moh.gov.my/CodeSystem/active-ingredient-my-core,CodeSystemActiveIngredientMyCore
450,Gestrinone,Fluorometholone~~Corticosteroids,http://fhir.hie.moh.gov.my/CodeSystem/active-ingredient-my-core,CodeSystemActiveIngredientMyCore
451,Ginger,Fluorouracil~~Fluoropyrimidines,http://fhir.hie.moh.gov.my/CodeSystem/active-ingredient-my-core,CodeSystemActiveIngredientMyCore
452,Glibenclamide,Fluoxetine~~Selective serotonin reuptake inhibitors,http://fhir.hie.moh.gov.my/CodeSystem/active-ingredient-my-core,CodeSystemActiveIngredientMyCore
453,Gliclazide,Flupenthixol~~Thioxanthenes,http://fhir.hie.moh.gov.my/CodeSystem/active-ingredient-my-core,CodeSystemActiveIngredientMyCore
454,Glucagon,Fluphenazine~~Phenothiazines,http://fhir.hie.moh.gov.my/CodeSystem/active-ingredient-my-core,CodeSystemActiveIngredientMyCore
455,Glucometamine,Fluphenazine~~Piperazine and its derivatives,http://fhir.hie.moh.gov.my/CodeSystem/active-ingredient-my-core,CodeSystemActiveIngredientMyCore
456,Glucose,Flutamide~~Nonsteroidal antiandrogens,http://fhir.hie.moh.gov.my/CodeSystem/active-ingredient-my-core,CodeSystemActiveIngredientMyCore
457,Glutamine,,http://fhir.hie.moh.gov.my/CodeSystem/active-ingredient-my-core,CodeSystemActiveIngredientMyCore
458,Glutaraldehyde,fluticasone furoate~~Corticosteroids,http://fhir.hie.moh.gov.my/CodeSystem/active-ingredient-my-core,CodeSystemActiveIngredientMyCore
459,Glycerin,Fluticasone~~Corticosteroids,http://fhir.hie.moh.gov.my/CodeSystem/active-ingredient-my-core,CodeSystemActiveIngredientMyCore
460,Glycerin + Sodium Chloride,Fluvoxamine~~Selective serotonin reuptake inhibitors,http://fhir.hie.moh.gov.my/CodeSystem/active-ingredient-my-core,CodeSystemActiveIngredientMyCore
461,Glyceryl trinitrate,Folic acid~~Folic acid and derivatives,http://fhir.hie.moh.gov.my/CodeSystem/active-ingredient-my-core,CodeSystemActiveIngredientMyCore
462,Glycine,Follitropin Alpha~~Follicle stimulating hormones,http://fhir.hie.moh.gov.my/CodeSystem/active-ingredient-my-core,CodeSystemActiveIngredientMyCore
463,Glycopyrronium bromide,Follitropin Beta~~Follicle stimulating hormones,http://fhir.hie.moh.gov.my/CodeSystem/active-ingredient-my-core,CodeSystemActiveIngredientMyCore
464,Glycyrrhiza (Liquorice),Fondaparinux~~Fondaparinux,http://fhir.hie.moh.gov.my/CodeSystem/active-ingredient-my-core,CodeSystemActiveIngredientMyCore
465,Gonadorelin,,http://fhir.hie.moh.gov.my/CodeSystem/active-ingredient-my-core,CodeSystemActiveIngredientMyCore
466,Goserelin,Formoterol~~Sympathomimetic beta agonists,http://fhir.hie.moh.gov.my/CodeSystem/active-ingredient-my-core,CodeSystemActiveIngredientMyCore
467,Granisetron,Foscarnet~~Pyrophosphate analogue,http://fhir.hie.moh.gov.my/CodeSystem/active-ingredient-my-core,CodeSystemActiveIngredientMyCore
468,Griseofulvin,Framycetin~~Aminoglycosides,http://fhir.hie.moh.gov.my/CodeSystem/active-ingredient-my-core,CodeSystemActiveIngredientMyCore
469,Haemodialytics concentrates,Frusemide~~Loop diuretics,http://fhir.hie.moh.gov.my/CodeSystem/active-ingredient-my-core,CodeSystemActiveIngredientMyCore
470,"Haemophilus Influenzae B, purified antigen conjugated",Fuller's Earth~~fullers earth,http://fhir.hie.moh.gov.my/CodeSystem/active-ingredient-my-core,CodeSystemActiveIngredientMyCore
471,Haloperidol,Fusafungine~~Depsipeptides,http://fhir.hie.moh.gov.my/CodeSystem/active-ingredient-my-core,CodeSystemActiveIngredientMyCore
472,Halothane,Fusidic Acid~~Fusidic acid and derivatives,http://fhir.hie.moh.gov.my/CodeSystem/active-ingredient-my-core,CodeSystemActiveIngredientMyCore
473,"Hemophilus influenzae B, combinations with pertussis and toxoids",Gabapentin~~GABA and GABA analogues,http://fhir.hie.moh.gov.my/CodeSystem/active-ingredient-my-core,CodeSystemActiveIngredientMyCore
474,Heparin,Gadobutrol~~Gadolinium complexes,http://fhir.hie.moh.gov.my/CodeSystem/active-ingredient-my-core,CodeSystemActiveIngredientMyCore
475,"Hepatitis A, inactivated, whole virus",Gadodiamide~~Gadolinium complexes,http://fhir.hie.moh.gov.my/CodeSystem/active-ingredient-my-core,CodeSystemActiveIngredientMyCore
476,Hepatitis B immunoglobulin,Gadopentetic acid~~Gadolinium complexes,http://fhir.hie.moh.gov.my/CodeSystem/active-ingredient-my-core,CodeSystemActiveIngredientMyCore
477,"Hepatitis B, purified antigen",Gadoteric acid~~Gadolinium complexes,http://fhir.hie.moh.gov.my/CodeSystem/active-ingredient-my-core,CodeSystemActiveIngredientMyCore
478,Herbal extract,,http://fhir.hie.moh.gov.my/CodeSystem/active-ingredient-my-core,CodeSystemActiveIngredientMyCore
479,Homatropine,,http://fhir.hie.moh.gov.my/CodeSystem/active-ingredient-my-core,CodeSystemActiveIngredientMyCore
480,Human Chorionic Gonadotrophin,Galsulfase~~galsulfase,http://fhir.hie.moh.gov.my/CodeSystem/active-ingredient-my-core,CodeSystemActiveIngredientMyCore
481,Human Menopausal Gonadotrophin,Gamma Benzene Hexachloride~~lindane,http://fhir.hie.moh.gov.my/CodeSystem/active-ingredient-my-core,CodeSystemActiveIngredientMyCore
482,Hyaluronic Acid,Ganciclovir~~Guanine nucleoside antivirals,http://fhir.hie.moh.gov.my/CodeSystem/active-ingredient-my-core,CodeSystemActiveIngredientMyCore
483,Hydralazine,Ganirelix~~Gonadotrophin-releasing hormone antagonists,http://fhir.hie.moh.gov.my/CodeSystem/active-ingredient-my-core,CodeSystemActiveIngredientMyCore
484,Hydrochloric acid,Gas-Gangrene Antitoxin~~gas-gangrene antitoxin,http://fhir.hie.moh.gov.my/CodeSystem/active-ingredient-my-core,CodeSystemActiveIngredientMyCore
485,Hydrochlorothiazide,Gefitinib~~Tyrosine kinase inhibitors,http://fhir.hie.moh.gov.my/CodeSystem/active-ingredient-my-core,CodeSystemActiveIngredientMyCore
486,Hydrocortisone,Gemcitabine~~Cytidine analogues,http://fhir.hie.moh.gov.my/CodeSystem/active-ingredient-my-core,CodeSystemActiveIngredientMyCore
487,Hydrocortisone + Neomycin,Gemeprost~~Prostaglandins,http://fhir.hie.moh.gov.my/CodeSystem/active-ingredient-my-core,CodeSystemActiveIngredientMyCore
488,Hydrocortisone+ Polymixin+ Neomycin,Gemfibrozil~~Fibric acid derivatives,http://fhir.hie.moh.gov.my/CodeSystem/active-ingredient-my-core,CodeSystemActiveIngredientMyCore
489,Hydrogen Peroxide,Gentamicin~~Aminoglycosides,http://fhir.hie.moh.gov.my/CodeSystem/active-ingredient-my-core,CodeSystemActiveIngredientMyCore
490,Hydroquinone,Gentamicin+ Betamethasone~~Aminoglycosides,http://fhir.hie.moh.gov.my/CodeSystem/active-ingredient-my-core,CodeSystemActiveIngredientMyCore
491,Hydroxocobalamin,Gentamicin+ Betamethasone~~Corticosteroids,http://fhir.hie.moh.gov.my/CodeSystem/active-ingredient-my-core,CodeSystemActiveIngredientMyCore
492,Hydroxychloroquine,Gestrinone~~gestrinone,http://fhir.hie.moh.gov.my/CodeSystem/active-ingredient-my-core,CodeSystemActiveIngredientMyCore
493,Hydroxyethyl Starch,,http://fhir.hie.moh.gov.my/CodeSystem/active-ingredient-my-core,CodeSystemActiveIngredientMyCore
494,Hydroxyprogesterone,Glibenclamide~~Sulfonylureas,http://fhir.hie.moh.gov.my/CodeSystem/active-ingredient-my-core,CodeSystemActiveIngredientMyCore
495,Hydroxyurea,Gliclazide~~Sulfonylureas,http://fhir.hie.moh.gov.my/CodeSystem/active-ingredient-my-core,CodeSystemActiveIngredientMyCore
496,Hydroxyzine,Glucagon~~Glucagon,http://fhir.hie.moh.gov.my/CodeSystem/active-ingredient-my-core,CodeSystemActiveIngredientMyCore
497,Hyoscine (Scopolamine),,http://fhir.hie.moh.gov.my/CodeSystem/active-ingredient-my-core,CodeSystemActiveIngredientMyCore
498,Hyoscine N-Butylbromide,Glucose~~Glucose,http://fhir.hie.moh.gov.my/CodeSystem/active-ingredient-my-core,CodeSystemActiveIngredientMyCore
499,Hypromellose (hydroxylpropyl methylcellulose),Glutamine~~glutamine,http://fhir.hie.moh.gov.my/CodeSystem/active-ingredient-my-core,CodeSystemActiveIngredientMyCore
500,Hypromellose + Carbomer,,http://fhir.hie.moh.gov.my/CodeSystem/active-ingredient-my-core,CodeSystemActiveIngredientMyCore
501,Ibandronic Acid,Glycerin~~Glycerol,http://fhir.hie.moh.gov.my/CodeSystem/active-ingredient-my-core,CodeSystemActiveIngredientMyCore
502,Ibuprofen,Glycerin + Sodium Chloride~~Sodium chloride,http://fhir.hie.moh.gov.my/CodeSystem/active-ingredient-my-core,CodeSystemActiveIngredientMyCore
503,Ichthammol,Glycerin + Sodium Chloride~~Glycerol,http://fhir.hie.moh.gov.my/CodeSystem/active-ingredient-my-core,CodeSystemActiveIngredientMyCore
504,Idarubicin,Glyceryl trinitrate~~Nitrates,http://fhir.hie.moh.gov.my/CodeSystem/active-ingredient-my-core,CodeSystemActiveIngredientMyCore
505,Idoxuridine,Glycine~~Glycine,http://fhir.hie.moh.gov.my/CodeSystem/active-ingredient-my-core,CodeSystemActiveIngredientMyCore
506,Idursulfase,,http://fhir.hie.moh.gov.my/CodeSystem/active-ingredient-my-core,CodeSystemActiveIngredientMyCore
507,Ifosfamide,Glycyrrhiza (Liquorice)~~Glycyrrhiza,http://fhir.hie.moh.gov.my/CodeSystem/active-ingredient-my-core,CodeSystemActiveIngredientMyCore
508,Iloprost,Gonadorelin~~Gonadotrophin-releasing hormone analogues,http://fhir.hie.moh.gov.my/CodeSystem/active-ingredient-my-core,CodeSystemActiveIngredientMyCore
509,Imatinib,Goserelin~~Gonadotrophin-releasing hormone analogues,http://fhir.hie.moh.gov.my/CodeSystem/active-ingredient-my-core,CodeSystemActiveIngredientMyCore
510,imiglucerase,Granisetron~~5-HT3 receptor antagonists,http://fhir.hie.moh.gov.my/CodeSystem/active-ingredient-my-core,CodeSystemActiveIngredientMyCore
511,Imipenem+ cilastatin,Griseofulvin~~Griseofulvin,http://fhir.hie.moh.gov.my/CodeSystem/active-ingredient-my-core,CodeSystemActiveIngredientMyCore
512,Imipramine,,http://fhir.hie.moh.gov.my/CodeSystem/active-ingredient-my-core,CodeSystemActiveIngredientMyCore
513,Imiquimod,"Haemophilus Influenzae B, purified antigen conjugated~~Haemophilus influenzae type b (Hib) vaccine",http://fhir.hie.moh.gov.my/CodeSystem/active-ingredient-my-core,CodeSystemActiveIngredientMyCore
514,Immunoglobulin,Haloperidol~~Butyrophenone derivatives,http://fhir.hie.moh.gov.my/CodeSystem/active-ingredient-my-core,CodeSystemActiveIngredientMyCore
515,Indacaterol,Halothane~~Halogenated anaesthetics,http://fhir.hie.moh.gov.my/CodeSystem/active-ingredient-my-core,CodeSystemActiveIngredientMyCore
516,Indinavir sulfate,"Hemophilus influenzae B, combinations with pertussis and toxoids~~Pertussis vaccine",http://fhir.hie.moh.gov.my/CodeSystem/active-ingredient-my-core,CodeSystemActiveIngredientMyCore
517,Indium-111 Ibritumomab Tiuxetan,"Hemophilus influenzae B, combinations with pertussis and toxoids~~Haemophilus influenzae type b (Hib) vaccine",http://fhir.hie.moh.gov.my/CodeSystem/active-ingredient-my-core,CodeSystemActiveIngredientMyCore
518,Indomethacin,Heparin~~Heparins,http://fhir.hie.moh.gov.my/CodeSystem/active-ingredient-my-core,CodeSystemActiveIngredientMyCore
519,Infliximab,"Hepatitis A, inactivated, whole virus~~Hepatitis a vaccine",http://fhir.hie.moh.gov.my/CodeSystem/active-ingredient-my-core,CodeSystemActiveIngredientMyCore
520,"Influenza, purified antigen",Hepatitis B immunoglobulin~~Human and human-derived immunoglobulins,http://fhir.hie.moh.gov.my/CodeSystem/active-ingredient-my-core,CodeSystemActiveIngredientMyCore
521,Insulin Aspart,"Hepatitis B, purified antigen~~Hepatitis b vaccine",http://fhir.hie.moh.gov.my/CodeSystem/active-ingredient-my-core,CodeSystemActiveIngredientMyCore
522,Insulin Aspart/Aspart Protamine,,http://fhir.hie.moh.gov.my/CodeSystem/active-ingredient-my-core,CodeSystemActiveIngredientMyCore
523,Insulin Detemir,Homatropine~~Anticholinergics,http://fhir.hie.moh.gov.my/CodeSystem/active-ingredient-my-core,CodeSystemActiveIngredientMyCore
524,Insulin Glargine,Human Chorionic Gonadotrophin~~Chorionic gonadotrophins,http://fhir.hie.moh.gov.my/CodeSystem/active-ingredient-my-core,CodeSystemActiveIngredientMyCore
525,Insulin Isophane,Human Menopausal Gonadotrophin~~Menotropins,http://fhir.hie.moh.gov.my/CodeSystem/active-ingredient-my-core,CodeSystemActiveIngredientMyCore
526,Insulin Lispro,Hyaluronic Acid~~Hyaluronic acid,http://fhir.hie.moh.gov.my/CodeSystem/active-ingredient-my-core,CodeSystemActiveIngredientMyCore
527,Insulin Lispro/Lispro Protamine,Hydralazine~~Phthalazine derived antihypertensives,http://fhir.hie.moh.gov.my/CodeSystem/active-ingredient-my-core,CodeSystemActiveIngredientMyCore
528,Insulin Regular,Hydrochloric acid~~hydrochloric acid,http://fhir.hie.moh.gov.my/CodeSystem/active-ingredient-my-core,CodeSystemActiveIngredientMyCore
529,Insulin Regular/Isophane,Hydrochlorothiazide~~Thiazide diuretics and related agents,http://fhir.hie.moh.gov.my/CodeSystem/active-ingredient-my-core,CodeSystemActiveIngredientMyCore
530,Interferon Alpha-2a,Hydrocortisone~~Corticosteroids,http://fhir.hie.moh.gov.my/CodeSystem/active-ingredient-my-core,CodeSystemActiveIngredientMyCore
531,Interferon Alpha-2b,,http://fhir.hie.moh.gov.my/CodeSystem/active-ingredient-my-core,CodeSystemActiveIngredientMyCore
532,Interferon Beta-1a,Hydrocortisone+ Polymixin+ Neomycin~~Aminoglycosides,http://fhir.hie.moh.gov.my/CodeSystem/active-ingredient-my-core,CodeSystemActiveIngredientMyCore
533,Interferon Beta-1b,Hydrocortisone+ Polymixin+ Neomycin~~Polymyxins,http://fhir.hie.moh.gov.my/CodeSystem/active-ingredient-my-core,CodeSystemActiveIngredientMyCore
534,Iodine-131 Metaiodobenzylguanidine,Hydrocortisone+ Polymixin+ Neomycin~~Corticosteroids,http://fhir.hie.moh.gov.my/CodeSystem/active-ingredient-my-core,CodeSystemActiveIngredientMyCore
535,Iodamide,Hydrogen Peroxide~~Hydrogen peroxide,http://fhir.hie.moh.gov.my/CodeSystem/active-ingredient-my-core,CodeSystemActiveIngredientMyCore
536,Iodine,Hydroquinone~~Hydroquinones,http://fhir.hie.moh.gov.my/CodeSystem/active-ingredient-my-core,CodeSystemActiveIngredientMyCore
537,Iodine-131 Tositumomab,Hydroxocobalamin~~Cyanocobalamin (vitamin B12),http://fhir.hie.moh.gov.my/CodeSystem/active-ingredient-my-core,CodeSystemActiveIngredientMyCore
538,iodixanol,Hydroxychloroquine~~4-Aminoquinoline compounds,http://fhir.hie.moh.gov.my/CodeSystem/active-ingredient-my-core,CodeSystemActiveIngredientMyCore
539,Iodoform,Hydroxyethyl Starch~~Etherified starches,http://fhir.hie.moh.gov.my/CodeSystem/active-ingredient-my-core,CodeSystemActiveIngredientMyCore
540,Iohexol,Hydroxyprogesterone~~Progestogens,http://fhir.hie.moh.gov.my/CodeSystem/active-ingredient-my-core,CodeSystemActiveIngredientMyCore
541,Iopamidol,Hydroxyurea~~hydroxycarbamide,http://fhir.hie.moh.gov.my/CodeSystem/active-ingredient-my-core,CodeSystemActiveIngredientMyCore
542,Iopromide,Hydroxyzine~~Piperazine and its derivatives,http://fhir.hie.moh.gov.my/CodeSystem/active-ingredient-my-core,CodeSystemActiveIngredientMyCore
543,Iotalamic Acid,Hyoscine (Scopolamine)~~Anticholinergics,http://fhir.hie.moh.gov.my/CodeSystem/active-ingredient-my-core,CodeSystemActiveIngredientMyCore
544,Iotroxic Acid,,http://fhir.hie.moh.gov.my/CodeSystem/active-ingredient-my-core,CodeSystemActiveIngredientMyCore
545,Ipecacuanha,,http://fhir.hie.moh.gov.my/CodeSystem/active-ingredient-my-core,CodeSystemActiveIngredientMyCore
546,Ipratropium bromide,,http://fhir.hie.moh.gov.my/CodeSystem/active-ingredient-my-core,CodeSystemActiveIngredientMyCore
547,Irbesartan,Ibandronic Acid~~Bisphosphonates,http://fhir.hie.moh.gov.my/CodeSystem/active-ingredient-my-core,CodeSystemActiveIngredientMyCore
548,Irbesartan+ Hydrochlorothiazide,Ibuprofen~~Nonsteroidal anti-inflammatory drugs,http://fhir.hie.moh.gov.my/CodeSystem/active-ingredient-my-core,CodeSystemActiveIngredientMyCore
549,Irinotecan,,http://fhir.hie.moh.gov.my/CodeSystem/active-ingredient-my-core,CodeSystemActiveIngredientMyCore
550,Multivitamin (Pre/Post Natal),Idarubicin~~Anthracyclines,http://fhir.hie.moh.gov.my/CodeSystem/active-ingredient-my-core,CodeSystemActiveIngredientMyCore
551,Iron Sucrose,Idoxuridine~~Thymidine and analogues,http://fhir.hie.moh.gov.my/CodeSystem/active-ingredient-my-core,CodeSystemActiveIngredientMyCore
552,Isoflurane,idursulfase~~idursulfase,http://fhir.hie.moh.gov.my/CodeSystem/active-ingredient-my-core,CodeSystemActiveIngredientMyCore
553,Isoniazid,Ifosfamide~~Nitrogen mustards,http://fhir.hie.moh.gov.my/CodeSystem/active-ingredient-my-core,CodeSystemActiveIngredientMyCore
554,Isoprenaline,Iloprost~~Prostaglandins,http://fhir.hie.moh.gov.my/CodeSystem/active-ingredient-my-core,CodeSystemActiveIngredientMyCore
555,Isosorbide dinitrate,Imatinib~~Tyrosine kinase inhibitors,http://fhir.hie.moh.gov.my/CodeSystem/active-ingredient-my-core,CodeSystemActiveIngredientMyCore
556,Isosorbide mononitrate,imiglucerase~~Beta-glucocerebrosidase enzymes,http://fhir.hie.moh.gov.my/CodeSystem/active-ingredient-my-core,CodeSystemActiveIngredientMyCore
557,Isotretinoin,Imipenem+ cilastatin~~Carbapenems,http://fhir.hie.moh.gov.my/CodeSystem/active-ingredient-my-core,CodeSystemActiveIngredientMyCore
558,Itopride,Imipenem+ cilastatin~~Dehydropeptidase I inhibitors,http://fhir.hie.moh.gov.my/CodeSystem/active-ingredient-my-core,CodeSystemActiveIngredientMyCore
559,Itraconazole,Imipramine~~Tricyclic antidepressants,http://fhir.hie.moh.gov.my/CodeSystem/active-ingredient-my-core,CodeSystemActiveIngredientMyCore
560,Ivabradine,Imiquimod~~Imidazoquinolines,http://fhir.hie.moh.gov.my/CodeSystem/active-ingredient-my-core,CodeSystemActiveIngredientMyCore
561,Ivermectin,Immunoglobulin~~Human and human-derived immunoglobulins,http://fhir.hie.moh.gov.my/CodeSystem/active-ingredient-my-core,CodeSystemActiveIngredientMyCore
562,Kanamycin,Indacaterol~~Sympathomimetic beta agonists,http://fhir.hie.moh.gov.my/CodeSystem/active-ingredient-my-core,CodeSystemActiveIngredientMyCore
563,Ketamine,Indinavir sulfate~~Indinavir,http://fhir.hie.moh.gov.my/CodeSystem/active-ingredient-my-core,CodeSystemActiveIngredientMyCore
564,Ketoconazole,,http://fhir.hie.moh.gov.my/CodeSystem/active-ingredient-my-core,CodeSystemActiveIngredientMyCore
565,Ketoprofen,Indomethacin~~Nonsteroidal anti-inflammatory drugs,http://fhir.hie.moh.gov.my/CodeSystem/active-ingredient-my-core,CodeSystemActiveIngredientMyCore
566,Ketorolac,Infliximab~~Monoclonal antibodies - chimeric human/murine,http://fhir.hie.moh.gov.my/CodeSystem/active-ingredient-my-core,CodeSystemActiveIngredientMyCore
567,Labetalol,"Influenza, purified antigen~~Influenza vaccine",http://fhir.hie.moh.gov.my/CodeSystem/active-ingredient-my-core,CodeSystemActiveIngredientMyCore
568,Lactulose,Insulin Aspart~~Insulins,http://fhir.hie.moh.gov.my/CodeSystem/active-ingredient-my-core,CodeSystemActiveIngredientMyCore
569,Lamivudine,Insulin Aspart/Aspart Protamine~~Insulins,http://fhir.hie.moh.gov.my/CodeSystem/active-ingredient-my-core,CodeSystemActiveIngredientMyCore
570,Lamivudine + abacavir,Insulin Detemir~~Insulins,http://fhir.hie.moh.gov.my/CodeSystem/active-ingredient-my-core,CodeSystemActiveIngredientMyCore
571,"Lamivudine, Tenofovir",Insulin Glargine~~Insulins,http://fhir.hie.moh.gov.my/CodeSystem/active-ingredient-my-core,CodeSystemActiveIngredientMyCore
572,Lamotrigine,Insulin Isophane~~Insulins,http://fhir.hie.moh.gov.my/CodeSystem/active-ingredient-my-core,CodeSystemActiveIngredientMyCore
573,Lansoprazole,Insulin Lispro~~Insulins,http://fhir.hie.moh.gov.my/CodeSystem/active-ingredient-my-core,CodeSystemActiveIngredientMyCore
574,Lanthanum,Insulin Lispro/Lispro Protamine~~Insulins,http://fhir.hie.moh.gov.my/CodeSystem/active-ingredient-my-core,CodeSystemActiveIngredientMyCore
575,Lapatinib,Insulin Regular~~Insulins,http://fhir.hie.moh.gov.my/CodeSystem/active-ingredient-my-core,CodeSystemActiveIngredientMyCore
576,laronidase,Insulin Regular/Isophane~~Insulins,http://fhir.hie.moh.gov.my/CodeSystem/active-ingredient-my-core,CodeSystemActiveIngredientMyCore
577,Latanoprost,Interferon Alpha-2a~~Interferons,http://fhir.hie.moh.gov.my/CodeSystem/active-ingredient-my-core,CodeSystemActiveIngredientMyCore
578,Lauryl sulfate,Interferon Alpha-2b~~Interferons,http://fhir.hie.moh.gov.my/CodeSystem/active-ingredient-my-core,CodeSystemActiveIngredientMyCore
579,Leflunomide,Interferon Beta-1a~~Interferons,http://fhir.hie.moh.gov.my/CodeSystem/active-ingredient-my-core,CodeSystemActiveIngredientMyCore
580,Lemon,Interferon Beta-1b~~Interferons,http://fhir.hie.moh.gov.my/CodeSystem/active-ingredient-my-core,CodeSystemActiveIngredientMyCore
581,Lenalidomide,,http://fhir.hie.moh.gov.my/CodeSystem/active-ingredient-my-core,CodeSystemActiveIngredientMyCore
582,Letrozole,Iodamide~~Iodine-containing compounds,http://fhir.hie.moh.gov.my/CodeSystem/active-ingredient-my-core,CodeSystemActiveIngredientMyCore
583,Leuprorelin,Iodine~~Iodine-containing compounds,http://fhir.hie.moh.gov.my/CodeSystem/active-ingredient-my-core,CodeSystemActiveIngredientMyCore
584,Levetiracetam,,http://fhir.hie.moh.gov.my/CodeSystem/active-ingredient-my-core,CodeSystemActiveIngredientMyCore
585,Levobupivacaine,iodixanol~~Iodine-containing compounds,http://fhir.hie.moh.gov.my/CodeSystem/active-ingredient-my-core,CodeSystemActiveIngredientMyCore
586,Levobupivacaine +  Fentanyl,Iodoform~~Iodine-containing compounds,http://fhir.hie.moh.gov.my/CodeSystem/active-ingredient-my-core,CodeSystemActiveIngredientMyCore
587,Levocetirizine,Iohexol~~Iodine-containing compounds,http://fhir.hie.moh.gov.my/CodeSystem/active-ingredient-my-core,CodeSystemActiveIngredientMyCore
588,Levodopa,Iopamidol~~Iodine-containing compounds,http://fhir.hie.moh.gov.my/CodeSystem/active-ingredient-my-core,CodeSystemActiveIngredientMyCore
589,Levodopa+ Benserazide,Iopromide~~Iodine-containing compounds,http://fhir.hie.moh.gov.my/CodeSystem/active-ingredient-my-core,CodeSystemActiveIngredientMyCore
590,Levodopa+ Carbidopa,Iotalamic Acid~~Iodine-containing compounds,http://fhir.hie.moh.gov.my/CodeSystem/active-ingredient-my-core,CodeSystemActiveIngredientMyCore
591,Levodopa+ Carbidopa+ Entacapone,Iotroxic Acid~~Iodine-containing compounds,http://fhir.hie.moh.gov.my/CodeSystem/active-ingredient-my-core,CodeSystemActiveIngredientMyCore
592,Levofloxacin,Ipecacuanha~~Ipecacuanha,http://fhir.hie.moh.gov.my/CodeSystem/active-ingredient-my-core,CodeSystemActiveIngredientMyCore
593,Levonorgestrel,Ipratropium bromide~~Anticholinergics,http://fhir.hie.moh.gov.my/CodeSystem/active-ingredient-my-core,CodeSystemActiveIngredientMyCore
594,Levonorgestrel+ Ethinyloestradiol,Ipratropium bromide~~Bromide-containing compounds,http://fhir.hie.moh.gov.my/CodeSystem/active-ingredient-my-core,CodeSystemActiveIngredientMyCore
595,Levothyroxine sodium,Irbesartan~~Angiotensin II receptor antagonists,http://fhir.hie.moh.gov.my/CodeSystem/active-ingredient-my-core,CodeSystemActiveIngredientMyCore
596,Lidocaine,Irbesartan+ Hydrochlorothiazide~~Thiazide diuretics and related agents,http://fhir.hie.moh.gov.my/CodeSystem/active-ingredient-my-core,CodeSystemActiveIngredientMyCore
597,"Lidocaine, combination",Irbesartan+ Hydrochlorothiazide~~Angiotensin II receptor antagonists,http://fhir.hie.moh.gov.my/CodeSystem/active-ingredient-my-core,CodeSystemActiveIngredientMyCore
598,Lignocaine,Irinotecan~~Topoisomerase I inhibitors,http://fhir.hie.moh.gov.my/CodeSystem/active-ingredient-my-core,CodeSystemActiveIngredientMyCore
599,Lignocaine+ hydrocortisone+ aluminium+ zinc,,http://fhir.hie.moh.gov.my/CodeSystem/active-ingredient-my-core,CodeSystemActiveIngredientMyCore
600,Linezolid,Iron Sucrose~~Iron compounds,http://fhir.hie.moh.gov.my/CodeSystem/active-ingredient-my-core,CodeSystemActiveIngredientMyCore
601,"Liothyronine sodium (T3, Triiodothyronine)",Isoflurane~~Halogenated anaesthetics,http://fhir.hie.moh.gov.my/CodeSystem/active-ingredient-my-core,CodeSystemActiveIngredientMyCore
602,Liquid Parrafin,Isoniazid~~isoniazid,http://fhir.hie.moh.gov.my/CodeSystem/active-ingredient-my-core,CodeSystemActiveIngredientMyCore
603,Liraglutide,Isoprenaline~~Sympathomimetic beta agonists,http://fhir.hie.moh.gov.my/CodeSystem/active-ingredient-my-core,CodeSystemActiveIngredientMyCore
604,Lithium,Isosorbide dinitrate~~Nitrates,http://fhir.hie.moh.gov.my/CodeSystem/active-ingredient-my-core,CodeSystemActiveIngredientMyCore
605,Lomustine,Isosorbide dinitrate~~Isosorbide,http://fhir.hie.moh.gov.my/CodeSystem/active-ingredient-my-core,CodeSystemActiveIngredientMyCore
606,Loperamide,Isosorbide mononitrate~~Isosorbide,http://fhir.hie.moh.gov.my/CodeSystem/active-ingredient-my-core,CodeSystemActiveIngredientMyCore
607,Lopinavir+ Ritonavir,Isosorbide mononitrate~~Nitrates,http://fhir.hie.moh.gov.my/CodeSystem/active-ingredient-my-core,CodeSystemActiveIngredientMyCore
608,Loratadine,Isotretinoin~~Retinoids,http://fhir.hie.moh.gov.my/CodeSystem/active-ingredient-my-core,CodeSystemActiveIngredientMyCore
609,Loratadine+ Pseudoephedrine,Itopride~~Benzamide derivatives,http://fhir.hie.moh.gov.my/CodeSystem/active-ingredient-my-core,CodeSystemActiveIngredientMyCore
610,Lorazepam,Itraconazole~~Imidazole and triazole derived antifungals,http://fhir.hie.moh.gov.my/CodeSystem/active-ingredient-my-core,CodeSystemActiveIngredientMyCore
611,Losartan,Ivabradine~~Ivabradine,http://fhir.hie.moh.gov.my/CodeSystem/active-ingredient-my-core,CodeSystemActiveIngredientMyCore
612,Losartan + amlodipine,Ivermectin~~ivermectin,http://fhir.hie.moh.gov.my/CodeSystem/active-ingredient-my-core,CodeSystemActiveIngredientMyCore
613,Losartan+ Hydrochlorothiazide,Kanamycin~~Aminoglycosides,http://fhir.hie.moh.gov.my/CodeSystem/active-ingredient-my-core,CodeSystemActiveIngredientMyCore
614,Lovastatin,Ketamine~~Ketamine,http://fhir.hie.moh.gov.my/CodeSystem/active-ingredient-my-core,CodeSystemActiveIngredientMyCore
615,Magnesium Carbonate,Ketoconazole~~Imidazole and triazole derived antifungals,http://fhir.hie.moh.gov.my/CodeSystem/active-ingredient-my-core,CodeSystemActiveIngredientMyCore
616,Magnesium Hydroxide,Ketoprofen~~Ketoprofen,http://fhir.hie.moh.gov.my/CodeSystem/active-ingredient-my-core,CodeSystemActiveIngredientMyCore
617,Magnesium Sulphate,Ketoprofen~~Nonsteroidal anti-inflammatory drugs,http://fhir.hie.moh.gov.my/CodeSystem/active-ingredient-my-core,CodeSystemActiveIngredientMyCore
618,Magnesium Trisilicate,Ketorolac~~Nonsteroidal anti-inflammatory drugs,http://fhir.hie.moh.gov.my/CodeSystem/active-ingredient-my-core,CodeSystemActiveIngredientMyCore
619,Malathion,Labetalol~~Beta-blockers,http://fhir.hie.moh.gov.my/CodeSystem/active-ingredient-my-core,CodeSystemActiveIngredientMyCore
620,Mannitol,Lactulose~~lactulose,http://fhir.hie.moh.gov.my/CodeSystem/active-ingredient-my-core,CodeSystemActiveIngredientMyCore
621,"Measles, combinations with mumps and rubella, live attenuated",Lamivudine~~Nucleoside reverse transcriptase inhibitors - cytosine analogues,http://fhir.hie.moh.gov.my/CodeSystem/active-ingredient-my-core,CodeSystemActiveIngredientMyCore
622,"Measles, combinations with rubella, live attenuated",Lamivudine + abacavir~~Nucleoside reverse transcriptase inhibitors - cytosine analogues,http://fhir.hie.moh.gov.my/CodeSystem/active-ingredient-my-core,CodeSystemActiveIngredientMyCore
623,"Measles, live attenuated",Lamivudine + abacavir~~Nucleoside reverse transcriptase inhibitors - guanosine analogues,http://fhir.hie.moh.gov.my/CodeSystem/active-ingredient-my-core,CodeSystemActiveIngredientMyCore
624,Mebeverine,,http://fhir.hie.moh.gov.my/CodeSystem/active-ingredient-my-core,CodeSystemActiveIngredientMyCore
625,Meclozine+ Pyridoxine,Lamotrigine~~Lamotrigine,http://fhir.hie.moh.gov.my/CodeSystem/active-ingredient-my-core,CodeSystemActiveIngredientMyCore
626,Mecobalamin,Lansoprazole~~Proton pump inhibitors,http://fhir.hie.moh.gov.my/CodeSystem/active-ingredient-my-core,CodeSystemActiveIngredientMyCore
627,Medroxyprogesterone,Lanthanum~~lanthanum,http://fhir.hie.moh.gov.my/CodeSystem/active-ingredient-my-core,CodeSystemActiveIngredientMyCore
628,Medroxyprogesterone acetate,Lapatinib~~Tyrosine kinase inhibitors,http://fhir.hie.moh.gov.my/CodeSystem/active-ingredient-my-core,CodeSystemActiveIngredientMyCore
629,Mefenamic Acid,laronidase~~laronidase,http://fhir.hie.moh.gov.my/CodeSystem/active-ingredient-my-core,CodeSystemActiveIngredientMyCore
630,Mefloquine,Latanoprost~~Prostaglandin analogues,http://fhir.hie.moh.gov.my/CodeSystem/active-ingredient-my-core,CodeSystemActiveIngredientMyCore
631,Megestrol,Lauryl sulfate~~Coconut and derivatives,http://fhir.hie.moh.gov.my/CodeSystem/active-ingredient-my-core,CodeSystemActiveIngredientMyCore
632,Melatonin,Leflunomide~~Leflunomide and metabolites,http://fhir.hie.moh.gov.my/CodeSystem/active-ingredient-my-core,CodeSystemActiveIngredientMyCore
633,Meloxicam,,http://fhir.hie.moh.gov.my/CodeSystem/active-ingredient-my-core,CodeSystemActiveIngredientMyCore
634,Melphalan,Lenalidomide~~Thalidomide and analogue,http://fhir.hie.moh.gov.my/CodeSystem/active-ingredient-my-core,CodeSystemActiveIngredientMyCore
635,Memantine,Letrozole~~Nonsteroidal aromatase inhibitors,http://fhir.hie.moh.gov.my/CodeSystem/active-ingredient-my-core,CodeSystemActiveIngredientMyCore
636,Meningococcus,Leuprorelin~~Gonadotrophin-releasing hormone analogues,http://fhir.hie.moh.gov.my/CodeSystem/active-ingredient-my-core,CodeSystemActiveIngredientMyCore
637,"Meningococcus A, C, Y, W-135, tetravalent purified polysaccharides antigen",Levetiracetam~~Nootropic agents - pyrrolidines,http://fhir.hie.moh.gov.my/CodeSystem/active-ingredient-my-core,CodeSystemActiveIngredientMyCore
638,Menthol,Levobupivacaine~~Amide type local anaesthetics,http://fhir.hie.moh.gov.my/CodeSystem/active-ingredient-my-core,CodeSystemActiveIngredientMyCore
639,Mepacrine,,http://fhir.hie.moh.gov.my/CodeSystem/active-ingredient-my-core,CodeSystemActiveIngredientMyCore
640,Mepivacaine,Levocetirizine~~Piperazine and its derivatives,http://fhir.hie.moh.gov.my/CodeSystem/active-ingredient-my-core,CodeSystemActiveIngredientMyCore
641,"Mepivacaine, combinations",Levodopa~~levodopa,http://fhir.hie.moh.gov.my/CodeSystem/active-ingredient-my-core,CodeSystemActiveIngredientMyCore
642,Mercaptopurine,Levodopa+ Benserazide~~Benserazide,http://fhir.hie.moh.gov.my/CodeSystem/active-ingredient-my-core,CodeSystemActiveIngredientMyCore
643,Meropenem,Levodopa+ Carbidopa~~Carbidopa,http://fhir.hie.moh.gov.my/CodeSystem/active-ingredient-my-core,CodeSystemActiveIngredientMyCore
644,Mesalazine,Levodopa+ Carbidopa+ Entacapone~~COMT inhibitors,http://fhir.hie.moh.gov.my/CodeSystem/active-ingredient-my-core,CodeSystemActiveIngredientMyCore
645,Mesna,Levodopa+ Carbidopa+ Entacapone~~Carbidopa,http://fhir.hie.moh.gov.my/CodeSystem/active-ingredient-my-core,CodeSystemActiveIngredientMyCore
646,Metformin,Levofloxacin~~Quinolones and fluoroquinolones,http://fhir.hie.moh.gov.my/CodeSystem/active-ingredient-my-core,CodeSystemActiveIngredientMyCore
647,Metformin + Glibenclamide,Levonorgestrel~~Progestogens,http://fhir.hie.moh.gov.my/CodeSystem/active-ingredient-my-core,CodeSystemActiveIngredientMyCore
648,Metformin + Sitagliptin,Levonorgestrel+ Ethinyloestradiol~~Progestogens,http://fhir.hie.moh.gov.my/CodeSystem/active-ingredient-my-core,CodeSystemActiveIngredientMyCore
649,Metformin + Vildagliptin,Levonorgestrel+ Ethinyloestradiol~~Estrogens,http://fhir.hie.moh.gov.my/CodeSystem/active-ingredient-my-core,CodeSystemActiveIngredientMyCore
650,Methadone,Levothyroxine sodium~~Thyroid hormones,http://fhir.hie.moh.gov.my/CodeSystem/active-ingredient-my-core,CodeSystemActiveIngredientMyCore
651,Methotrexate,Lidocaine~~Amide type local anaesthetics,http://fhir.hie.moh.gov.my/CodeSystem/active-ingredient-my-core,CodeSystemActiveIngredientMyCore
652,Methoxamine,"Lidocaine, combination~~Amide type local anaesthetics",http://fhir.hie.moh.gov.my/CodeSystem/active-ingredient-my-core,CodeSystemActiveIngredientMyCore
653,Methoxsalen,,http://fhir.hie.moh.gov.my/CodeSystem/active-ingredient-my-core,CodeSystemActiveIngredientMyCore
654,Methoxy polyethylene glycol-epoetin Beta,Lignocaine+ hydrocortisone+ aluminium+ zinc~~Corticosteroids,http://fhir.hie.moh.gov.my/CodeSystem/active-ingredient-my-core,CodeSystemActiveIngredientMyCore
655,Methyl Salicylate,Lignocaine+ hydrocortisone+ aluminium+ zinc~~Zinc compounds,http://fhir.hie.moh.gov.my/CodeSystem/active-ingredient-my-core,CodeSystemActiveIngredientMyCore
656,Methylcellulose,Lignocaine+ hydrocortisone+ aluminium+ zinc~~Aluminium compounds,http://fhir.hie.moh.gov.my/CodeSystem/active-ingredient-my-core,CodeSystemActiveIngredientMyCore
657,Methyldopa,Lignocaine+ hydrocortisone+ aluminium+ zinc~~Amide type local anaesthetics,http://fhir.hie.moh.gov.my/CodeSystem/active-ingredient-my-core,CodeSystemActiveIngredientMyCore
658,Perampanel,Linezolid~~Oxazolidinones,http://fhir.hie.moh.gov.my/CodeSystem/active-ingredient-my-core,CodeSystemActiveIngredientMyCore
659,Methylene Blue (Methylthioninium Chloride),,http://fhir.hie.moh.gov.my/CodeSystem/active-ingredient-my-core,CodeSystemActiveIngredientMyCore
660,Methylergometrine,Liquid Parrafin~~Paraffin,http://fhir.hie.moh.gov.my/CodeSystem/active-ingredient-my-core,CodeSystemActiveIngredientMyCore
661,Methylphenidate,Liraglutide~~Incretin mimetics,http://fhir.hie.moh.gov.my/CodeSystem/active-ingredient-my-core,CodeSystemActiveIngredientMyCore
662,Methylprednisolone,Lithium~~Lithium,http://fhir.hie.moh.gov.my/CodeSystem/active-ingredient-my-core,CodeSystemActiveIngredientMyCore
663,Metoclopramide,Lomustine~~Nitrosoureas,http://fhir.hie.moh.gov.my/CodeSystem/active-ingredient-my-core,CodeSystemActiveIngredientMyCore
664,Metolazone,Loperamide~~Loperamide,http://fhir.hie.moh.gov.my/CodeSystem/active-ingredient-my-core,CodeSystemActiveIngredientMyCore
665,Metoprolol,,http://fhir.hie.moh.gov.my/CodeSystem/active-ingredient-my-core,CodeSystemActiveIngredientMyCore
666,Metronidazole,Loratadine~~Antihistamines - piperidine derivatives,http://fhir.hie.moh.gov.my/CodeSystem/active-ingredient-my-core,CodeSystemActiveIngredientMyCore
667,Miconazole,Loratadine+ Pseudoephedrine~~Antihistamines - piperidine derivatives,http://fhir.hie.moh.gov.my/CodeSystem/active-ingredient-my-core,CodeSystemActiveIngredientMyCore
668,Midazolam,Loratadine+ Pseudoephedrine~~Sympathomimetic mixed alpha and beta agonists,http://fhir.hie.moh.gov.my/CodeSystem/active-ingredient-my-core,CodeSystemActiveIngredientMyCore
669,Milrinone,Lorazepam~~Benzodiazepine derivatives,http://fhir.hie.moh.gov.my/CodeSystem/active-ingredient-my-core,CodeSystemActiveIngredientMyCore
670,Minocycline,Losartan~~Angiotensin II receptor antagonists,http://fhir.hie.moh.gov.my/CodeSystem/active-ingredient-my-core,CodeSystemActiveIngredientMyCore
671,Minoxidil,Losartan + amlodipine~~Angiotensin II receptor antagonists,http://fhir.hie.moh.gov.my/CodeSystem/active-ingredient-my-core,CodeSystemActiveIngredientMyCore
672,Mirtazapine,Losartan + amlodipine~~Calcium channel blocking agents - dihydropyridines,http://fhir.hie.moh.gov.my/CodeSystem/active-ingredient-my-core,CodeSystemActiveIngredientMyCore
673,Mitomycin,Losartan+ Hydrochlorothiazide~~Thiazide diuretics and related agents,http://fhir.hie.moh.gov.my/CodeSystem/active-ingredient-my-core,CodeSystemActiveIngredientMyCore
674,Mitotane,Losartan+ Hydrochlorothiazide~~Angiotensin II receptor antagonists,http://fhir.hie.moh.gov.my/CodeSystem/active-ingredient-my-core,CodeSystemActiveIngredientMyCore
675,Mitoxantrone,Lovastatin~~HMG-CoA reductase inhibitors,http://fhir.hie.moh.gov.my/CodeSystem/active-ingredient-my-core,CodeSystemActiveIngredientMyCore
676,Moclobemide,Magnesium Carbonate~~Magnesium-containing compounds,http://fhir.hie.moh.gov.my/CodeSystem/active-ingredient-my-core,CodeSystemActiveIngredientMyCore
677,Modified Fluid Gelatin,Magnesium Hydroxide~~Magnesium-containing compounds,http://fhir.hie.moh.gov.my/CodeSystem/active-ingredient-my-core,CodeSystemActiveIngredientMyCore
678,Modified Polypeptides,Magnesium Sulphate~~Magnesium-containing compounds,http://fhir.hie.moh.gov.my/CodeSystem/active-ingredient-my-core,CodeSystemActiveIngredientMyCore
679,Molgramostim,Magnesium Trisilicate~~Magnesium-containing compounds,http://fhir.hie.moh.gov.my/CodeSystem/active-ingredient-my-core,CodeSystemActiveIngredientMyCore
680,Mometasone,Malathion~~malathion,http://fhir.hie.moh.gov.my/CodeSystem/active-ingredient-my-core,CodeSystemActiveIngredientMyCore
681,Montelukast,Mannitol~~Mannitol,http://fhir.hie.moh.gov.my/CodeSystem/active-ingredient-my-core,CodeSystemActiveIngredientMyCore
682,Morphine,"Measles, combinations with mumps and rubella, live attenuated~~Rubella vaccine",http://fhir.hie.moh.gov.my/CodeSystem/active-ingredient-my-core,CodeSystemActiveIngredientMyCore
683,Moxifloxacin,"Measles, combinations with mumps and rubella, live attenuated~~Measles vaccine",http://fhir.hie.moh.gov.my/CodeSystem/active-ingredient-my-core,CodeSystemActiveIngredientMyCore
684,Moxonidine,"Measles, combinations with mumps and rubella, live attenuated~~Mumps vaccine",http://fhir.hie.moh.gov.my/CodeSystem/active-ingredient-my-core,CodeSystemActiveIngredientMyCore
685,Multivitamin,"Measles, combinations with rubella, live attenuated~~Rubella vaccine",http://fhir.hie.moh.gov.my/CodeSystem/active-ingredient-my-core,CodeSystemActiveIngredientMyCore
686,Mupirocin,"Measles, combinations with rubella, live attenuated~~Measles vaccine",http://fhir.hie.moh.gov.my/CodeSystem/active-ingredient-my-core,CodeSystemActiveIngredientMyCore
687,Mycophenolate,"Measles, live attenuated~~Measles vaccine",http://fhir.hie.moh.gov.my/CodeSystem/active-ingredient-my-core,CodeSystemActiveIngredientMyCore
688,Mydriatics + Cycloplegics,Mebeverine~~Anticholinergics,http://fhir.hie.moh.gov.my/CodeSystem/active-ingredient-my-core,CodeSystemActiveIngredientMyCore
689,Mydricaine,Meclozine+ Pyridoxine~~Pyridoxine (vitamin B6),http://fhir.hie.moh.gov.my/CodeSystem/active-ingredient-my-core,CodeSystemActiveIngredientMyCore
690,Nadroparin,Meclozine+ Pyridoxine~~Piperazine and its derivatives,http://fhir.hie.moh.gov.my/CodeSystem/active-ingredient-my-core,CodeSystemActiveIngredientMyCore
691,Nalbuphine,Mecobalamin~~Cyanocobalamin (vitamin B12),http://fhir.hie.moh.gov.my/CodeSystem/active-ingredient-my-core,CodeSystemActiveIngredientMyCore
692,Naloxone,Medroxyprogesterone~~Progestogens,http://fhir.hie.moh.gov.my/CodeSystem/active-ingredient-my-core,CodeSystemActiveIngredientMyCore
693,Naltrexone,,http://fhir.hie.moh.gov.my/CodeSystem/active-ingredient-my-core,CodeSystemActiveIngredientMyCore
694,Nandrolone,Mefenamic Acid~~Nonsteroidal anti-inflammatory drugs,http://fhir.hie.moh.gov.my/CodeSystem/active-ingredient-my-core,CodeSystemActiveIngredientMyCore
695,Naproxen,Mefloquine~~Quinine derivatives (cinchona),http://fhir.hie.moh.gov.my/CodeSystem/active-ingredient-my-core,CodeSystemActiveIngredientMyCore
696,Nasal Preparations,Megestrol~~Progestogens,http://fhir.hie.moh.gov.my/CodeSystem/active-ingredient-my-core,CodeSystemActiveIngredientMyCore
697,Natalizumab,Melatonin~~melatonin,http://fhir.hie.moh.gov.my/CodeSystem/active-ingredient-my-core,CodeSystemActiveIngredientMyCore
698,Natamycin,Meloxicam~~COX-2 inhibitors (non-sulfonamide),http://fhir.hie.moh.gov.my/CodeSystem/active-ingredient-my-core,CodeSystemActiveIngredientMyCore
699,Natural Phospholipids,Melphalan~~Nitrogen mustards,http://fhir.hie.moh.gov.my/CodeSystem/active-ingredient-my-core,CodeSystemActiveIngredientMyCore
700,Neomycin,Memantine~~Adamantane derivatives,http://fhir.hie.moh.gov.my/CodeSystem/active-ingredient-my-core,CodeSystemActiveIngredientMyCore
701,Betamethasone + Fusidic acid,Meningococcus~~Meningococcal vaccines,http://fhir.hie.moh.gov.my/CodeSystem/active-ingredient-my-core,CodeSystemActiveIngredientMyCore
702,Neomycin+ Polymyxin B+ Gramicidin,"Meningococcus A, C, Y, W-135, tetravalent purified polysaccharides antigen~~Meningococcal vaccines",http://fhir.hie.moh.gov.my/CodeSystem/active-ingredient-my-core,CodeSystemActiveIngredientMyCore
703,Neostigmine,"Meningococcus A, C, Y, W-135, tetravalent purified polysaccharides antigen~~Diphtheria vaccines",http://fhir.hie.moh.gov.my/CodeSystem/active-ingredient-my-core,CodeSystemActiveIngredientMyCore
704,Nepafenac,Menthol~~Menthol,http://fhir.hie.moh.gov.my/CodeSystem/active-ingredient-my-core,CodeSystemActiveIngredientMyCore
705,Netilmicin,Mepacrine~~Mepacrine,http://fhir.hie.moh.gov.my/CodeSystem/active-ingredient-my-core,CodeSystemActiveIngredientMyCore
706,Nevirapine,Mepivacaine~~Amide type local anaesthetics,http://fhir.hie.moh.gov.my/CodeSystem/active-ingredient-my-core,CodeSystemActiveIngredientMyCore
707,Nicardipine,"Mepivacaine, combinations~~Amide type local anaesthetics",http://fhir.hie.moh.gov.my/CodeSystem/active-ingredient-my-core,CodeSystemActiveIngredientMyCore
708,Nicotine,Mercaptopurine~~Purine analogues,http://fhir.hie.moh.gov.my/CodeSystem/active-ingredient-my-core,CodeSystemActiveIngredientMyCore
709,Nicotinic acid,Meropenem~~Carbapenems,http://fhir.hie.moh.gov.my/CodeSystem/active-ingredient-my-core,CodeSystemActiveIngredientMyCore
710,Nifedipine,Mesalazine~~5-aminosalicylic acid and derivatives,http://fhir.hie.moh.gov.my/CodeSystem/active-ingredient-my-core,CodeSystemActiveIngredientMyCore
711,Nilotinib,Mesna~~Thiol compounds,http://fhir.hie.moh.gov.my/CodeSystem/active-ingredient-my-core,CodeSystemActiveIngredientMyCore
712,Nimodipine,Metformin~~Biguanides,http://fhir.hie.moh.gov.my/CodeSystem/active-ingredient-my-core,CodeSystemActiveIngredientMyCore
713,Nitisinone,Metformin + Glibenclamide~~Biguanides,http://fhir.hie.moh.gov.my/CodeSystem/active-ingredient-my-core,CodeSystemActiveIngredientMyCore
714,Nitrazepam,Metformin + Glibenclamide~~Sulfonylureas,http://fhir.hie.moh.gov.my/CodeSystem/active-ingredient-my-core,CodeSystemActiveIngredientMyCore
715,Nitrofurantoin,Metformin + Sitagliptin~~Dipeptidylpeptidase-4 inhibitors,http://fhir.hie.moh.gov.my/CodeSystem/active-ingredient-my-core,CodeSystemActiveIngredientMyCore
716,Nonacog alfa,Metformin + Sitagliptin~~Biguanides,http://fhir.hie.moh.gov.my/CodeSystem/active-ingredient-my-core,CodeSystemActiveIngredientMyCore
717,Noradrenaline (Norepinephrine),,http://fhir.hie.moh.gov.my/CodeSystem/active-ingredient-my-core,CodeSystemActiveIngredientMyCore
718,Norethisterone,Methadone~~Opioids,http://fhir.hie.moh.gov.my/CodeSystem/active-ingredient-my-core,CodeSystemActiveIngredientMyCore
719,Norfloxacin,Methotrexate~~Methotrexate,http://fhir.hie.moh.gov.my/CodeSystem/active-ingredient-my-core,CodeSystemActiveIngredientMyCore
720,Nortriptyline,Methoxamine~~Sympathomimetic alpha agonists,http://fhir.hie.moh.gov.my/CodeSystem/active-ingredient-my-core,CodeSystemActiveIngredientMyCore
721,Nystatin,Methoxsalen~~Psoralens,http://fhir.hie.moh.gov.my/CodeSystem/active-ingredient-my-core,CodeSystemActiveIngredientMyCore
722,Octreotide,Methoxy polyethylene glycol-epoetin Beta~~Erythropoietin and related agents,http://fhir.hie.moh.gov.my/CodeSystem/active-ingredient-my-core,CodeSystemActiveIngredientMyCore
723,Ofloxacin,Methoxy polyethylene glycol-epoetin Beta~~Macrogols,http://fhir.hie.moh.gov.my/CodeSystem/active-ingredient-my-core,CodeSystemActiveIngredientMyCore
724,Olanzapine,,http://fhir.hie.moh.gov.my/CodeSystem/active-ingredient-my-core,CodeSystemActiveIngredientMyCore
725,Olive Oil,methylcellulose~~Cellulose and its derivatives,http://fhir.hie.moh.gov.my/CodeSystem/active-ingredient-my-core,CodeSystemActiveIngredientMyCore
726,Olopatadine,Methyldopa~~Methyldopa derivatives,http://fhir.hie.moh.gov.my/CodeSystem/active-ingredient-my-core,CodeSystemActiveIngredientMyCore
727,Omacetaxine mepesuccinate,,http://fhir.hie.moh.gov.my/CodeSystem/active-ingredient-my-core,CodeSystemActiveIngredientMyCore
728,Omalizumab,Methylene Blue (Methylthioninium Chloride)~~Blue dyes,http://fhir.hie.moh.gov.my/CodeSystem/active-ingredient-my-core,CodeSystemActiveIngredientMyCore
729,Omeprazole,Methylergometrine~~Ergot derivatives,http://fhir.hie.moh.gov.my/CodeSystem/active-ingredient-my-core,CodeSystemActiveIngredientMyCore
730,Ondansetron,Methylphenidate~~Methylphenidate,http://fhir.hie.moh.gov.my/CodeSystem/active-ingredient-my-core,CodeSystemActiveIngredientMyCore
731,Oral rehydration salt,Methylprednisolone~~Corticosteroids,http://fhir.hie.moh.gov.my/CodeSystem/active-ingredient-my-core,CodeSystemActiveIngredientMyCore
732,Orange,,http://fhir.hie.moh.gov.my/CodeSystem/active-ingredient-my-core,CodeSystemActiveIngredientMyCore
733,Orlistat,Metolazone~~Thiazide diuretics and related agents,http://fhir.hie.moh.gov.my/CodeSystem/active-ingredient-my-core,CodeSystemActiveIngredientMyCore
734,Orphenadrine,Metoprolol~~Beta-blockers,http://fhir.hie.moh.gov.my/CodeSystem/active-ingredient-my-core,CodeSystemActiveIngredientMyCore
735,Oseltamivir,Metronidazole~~Nitroimidazole derivatives,http://fhir.hie.moh.gov.my/CodeSystem/active-ingredient-my-core,CodeSystemActiveIngredientMyCore
736,"Otological, combinations",Miconazole~~Imidazole and triazole derived antifungals,http://fhir.hie.moh.gov.my/CodeSystem/active-ingredient-my-core,CodeSystemActiveIngredientMyCore
737,Oxaliplatin,Midazolam~~Benzodiazepine derivatives,http://fhir.hie.moh.gov.my/CodeSystem/active-ingredient-my-core,CodeSystemActiveIngredientMyCore
738,Oxcarbazepine,Milrinone~~Bipyridine phosphodiesterase inhibitors,http://fhir.hie.moh.gov.my/CodeSystem/active-ingredient-my-core,CodeSystemActiveIngredientMyCore
739,Oxybuprocaine,Minocycline~~Tetracyclines,http://fhir.hie.moh.gov.my/CodeSystem/active-ingredient-my-core,CodeSystemActiveIngredientMyCore
740,Oxybutynin,Minoxidil~~minoxidil,http://fhir.hie.moh.gov.my/CodeSystem/active-ingredient-my-core,CodeSystemActiveIngredientMyCore
741,Oxycodone,Mirtazapine~~Mirtazapine and analogues,http://fhir.hie.moh.gov.my/CodeSystem/active-ingredient-my-core,CodeSystemActiveIngredientMyCore
742,Oxycodone + naloxone,Mitomycin~~Antineoplastic antibiotics,http://fhir.hie.moh.gov.my/CodeSystem/active-ingredient-my-core,CodeSystemActiveIngredientMyCore
743,Oxymetazoline,Mitotane~~mitotane,http://fhir.hie.moh.gov.my/CodeSystem/active-ingredient-my-core,CodeSystemActiveIngredientMyCore
744,Oxymetholone,Mitoxantrone~~Anthracyclines,http://fhir.hie.moh.gov.my/CodeSystem/active-ingredient-my-core,CodeSystemActiveIngredientMyCore
745,Oxytetracycline+ Polymyxin B,Moclobemide~~Monoamine oxidase inhibitors,http://fhir.hie.moh.gov.my/CodeSystem/active-ingredient-my-core,CodeSystemActiveIngredientMyCore
746,Oxytocin,Modified Fluid Gelatin~~Gelatin,http://fhir.hie.moh.gov.my/CodeSystem/active-ingredient-my-core,CodeSystemActiveIngredientMyCore
747,Oxytocin+ Ergometrine maleate,,http://fhir.hie.moh.gov.my/CodeSystem/active-ingredient-my-core,CodeSystemActiveIngredientMyCore
748,Paclitaxel,Molgramostim~~Colony stimulating factors,http://fhir.hie.moh.gov.my/CodeSystem/active-ingredient-my-core,CodeSystemActiveIngredientMyCore
749,Paliperidone,Mometasone~~Corticosteroids,http://fhir.hie.moh.gov.my/CodeSystem/active-ingredient-my-core,CodeSystemActiveIngredientMyCore
750,Palivizumab,Montelukast~~Leukotriene receptor antagonists,http://fhir.hie.moh.gov.my/CodeSystem/active-ingredient-my-core,CodeSystemActiveIngredientMyCore
751,Palonosetron,Morphine~~Opioids,http://fhir.hie.moh.gov.my/CodeSystem/active-ingredient-my-core,CodeSystemActiveIngredientMyCore
752,Pamidronic acid,Moxifloxacin~~Quinolones and fluoroquinolones,http://fhir.hie.moh.gov.my/CodeSystem/active-ingredient-my-core,CodeSystemActiveIngredientMyCore
753,Pepsin,Moxonidine~~Moxonidine,http://fhir.hie.moh.gov.my/CodeSystem/active-ingredient-my-core,CodeSystemActiveIngredientMyCore
754,Pancuronium,,http://fhir.hie.moh.gov.my/CodeSystem/active-ingredient-my-core,CodeSystemActiveIngredientMyCore
755,Pantoprazole,Mupirocin~~Mupirocin,http://fhir.hie.moh.gov.my/CodeSystem/active-ingredient-my-core,CodeSystemActiveIngredientMyCore
756,Papaverine,Mycophenolate~~Mycophenolic acid,http://fhir.hie.moh.gov.my/CodeSystem/active-ingredient-my-core,CodeSystemActiveIngredientMyCore
757,"Papillomavirus (human types 16, 18)",,http://fhir.hie.moh.gov.my/CodeSystem/active-ingredient-my-core,CodeSystemActiveIngredientMyCore
758,"Papillomavirus (human types 6, 11, 16, 18)",,http://fhir.hie.moh.gov.my/CodeSystem/active-ingredient-my-core,CodeSystemActiveIngredientMyCore
759,Paracetamol,Nadroparin~~Heparins,http://fhir.hie.moh.gov.my/CodeSystem/active-ingredient-my-core,CodeSystemActiveIngredientMyCore
760,Paradichlorobenzene,Nalbuphine~~Opioids,http://fhir.hie.moh.gov.my/CodeSystem/active-ingredient-my-core,CodeSystemActiveIngredientMyCore
761,Paraffin,Naloxone~~Opioid antagonists,http://fhir.hie.moh.gov.my/CodeSystem/active-ingredient-my-core,CodeSystemActiveIngredientMyCore
762,Paraldehyde,Naltrexone~~Opioid antagonists,http://fhir.hie.moh.gov.my/CodeSystem/active-ingredient-my-core,CodeSystemActiveIngredientMyCore
763,Parecoxib,Nandrolone~~Nandrolone,http://fhir.hie.moh.gov.my/CodeSystem/active-ingredient-my-core,CodeSystemActiveIngredientMyCore
764,Paricalcitol,Naproxen~~Nonsteroidal anti-inflammatory drugs,http://fhir.hie.moh.gov.my/CodeSystem/active-ingredient-my-core,CodeSystemActiveIngredientMyCore
765,Patent Blue V Sodium Guerbet,,http://fhir.hie.moh.gov.my/CodeSystem/active-ingredient-my-core,CodeSystemActiveIngredientMyCore
766,Pazopanib,Natalizumab~~Monoclonal antibodies - humanised,http://fhir.hie.moh.gov.my/CodeSystem/active-ingredient-my-core,CodeSystemActiveIngredientMyCore
767,Pefloxacin,Natamycin~~Polyene antifungals,http://fhir.hie.moh.gov.my/CodeSystem/active-ingredient-my-core,CodeSystemActiveIngredientMyCore
768,Pegfilgrastim,,http://fhir.hie.moh.gov.my/CodeSystem/active-ingredient-my-core,CodeSystemActiveIngredientMyCore
769,Peginterferon Alpha-2a,Neomycin~~Aminoglycosides,http://fhir.hie.moh.gov.my/CodeSystem/active-ingredient-my-core,CodeSystemActiveIngredientMyCore
770,Peginterferon Alpha-2b,,http://fhir.hie.moh.gov.my/CodeSystem/active-ingredient-my-core,CodeSystemActiveIngredientMyCore
771,Pemetrexed,Neomycin+ Polymyxin B+ Gramicidin~~Polymyxins,http://fhir.hie.moh.gov.my/CodeSystem/active-ingredient-my-core,CodeSystemActiveIngredientMyCore
772,Penicillamine,Neomycin+ Polymyxin B+ Gramicidin~~Tyrothricins,http://fhir.hie.moh.gov.my/CodeSystem/active-ingredient-my-core,CodeSystemActiveIngredientMyCore
773,Pentamidine isethionate,Neomycin+ Polymyxin B+ Gramicidin~~Aminoglycosides,http://fhir.hie.moh.gov.my/CodeSystem/active-ingredient-my-core,CodeSystemActiveIngredientMyCore
774,Pentosan Polysulfate Sodium,Neostigmine~~Neostigmine,http://fhir.hie.moh.gov.my/CodeSystem/active-ingredient-my-core,CodeSystemActiveIngredientMyCore
775,Pentoxifylline,Nepafenac~~Nonsteroidal anti-inflammatory drugs,http://fhir.hie.moh.gov.my/CodeSystem/active-ingredient-my-core,CodeSystemActiveIngredientMyCore
776,Peppermint,Netilmicin~~Aminoglycosides,http://fhir.hie.moh.gov.my/CodeSystem/active-ingredient-my-core,CodeSystemActiveIngredientMyCore
777,Perindopril,Nevirapine~~Nonnucleoside reverse transcriptase inhibitors,http://fhir.hie.moh.gov.my/CodeSystem/active-ingredient-my-core,CodeSystemActiveIngredientMyCore
778,Perindopril+ Indapamide,Nicardipine~~Calcium channel blocking agents - dihydropyridines,http://fhir.hie.moh.gov.my/CodeSystem/active-ingredient-my-core,CodeSystemActiveIngredientMyCore
779,Peritoneal Dialytics,Nicotine~~Nicotine and related agents,http://fhir.hie.moh.gov.my/CodeSystem/active-ingredient-my-core,CodeSystemActiveIngredientMyCore
780,Permethrin,Nicotinic acid~~Nicotine and related agents,http://fhir.hie.moh.gov.my/CodeSystem/active-ingredient-my-core,CodeSystemActiveIngredientMyCore
781,Perphenazine,Nifedipine~~Calcium channel blocking agents - dihydropyridines,http://fhir.hie.moh.gov.my/CodeSystem/active-ingredient-my-core,CodeSystemActiveIngredientMyCore
782,Pertussis purified antigen,Nilotinib~~Tyrosine kinase inhibitors,http://fhir.hie.moh.gov.my/CodeSystem/active-ingredient-my-core,CodeSystemActiveIngredientMyCore
783,"Pertussis, purified antigen, combinations with toxoids",Nimodipine~~Calcium channel blocking agents - dihydropyridines,http://fhir.hie.moh.gov.my/CodeSystem/active-ingredient-my-core,CodeSystemActiveIngredientMyCore
784,Pethidine,Nitisinone~~nitisinone,http://fhir.hie.moh.gov.my/CodeSystem/active-ingredient-my-core,CodeSystemActiveIngredientMyCore
785,Phenobarbitone,Nitrazepam~~Benzodiazepine derivatives,http://fhir.hie.moh.gov.my/CodeSystem/active-ingredient-my-core,CodeSystemActiveIngredientMyCore
786,Phenol,Nitrofurantoin~~Nitrofurans,http://fhir.hie.moh.gov.my/CodeSystem/active-ingredient-my-core,CodeSystemActiveIngredientMyCore
787,Phenoxybenzamine,Nonacog alfa~~Factor IX,http://fhir.hie.moh.gov.my/CodeSystem/active-ingredient-my-core,CodeSystemActiveIngredientMyCore
788,Phenoxymethylpenicillin,Noradrenaline (Norepinephrine)~~Sympathomimetic mixed alpha and beta agonists,http://fhir.hie.moh.gov.my/CodeSystem/active-ingredient-my-core,CodeSystemActiveIngredientMyCore
789,Phentermine,Norethisterone~~Progestogens,http://fhir.hie.moh.gov.my/CodeSystem/active-ingredient-my-core,CodeSystemActiveIngredientMyCore
790,Phenylephrine,Norfloxacin~~Quinolones and fluoroquinolones,http://fhir.hie.moh.gov.my/CodeSystem/active-ingredient-my-core,CodeSystemActiveIngredientMyCore
791,Phenylmercuric Nitrate,Nortriptyline~~Tricyclic antidepressants,http://fhir.hie.moh.gov.my/CodeSystem/active-ingredient-my-core,CodeSystemActiveIngredientMyCore
792,Phenytoin,Nystatin~~Polyene antifungals,http://fhir.hie.moh.gov.my/CodeSystem/active-ingredient-my-core,CodeSystemActiveIngredientMyCore
793,Physostigmine,Octreotide~~Somatostatin analogues,http://fhir.hie.moh.gov.my/CodeSystem/active-ingredient-my-core,CodeSystemActiveIngredientMyCore
794,Phytomenadione (Vitamin K),Ofloxacin~~Quinolones and fluoroquinolones,http://fhir.hie.moh.gov.my/CodeSystem/active-ingredient-my-core,CodeSystemActiveIngredientMyCore
795,Picibanil,Olanzapine~~Benzodiazepine derivatives,http://fhir.hie.moh.gov.my/CodeSystem/active-ingredient-my-core,CodeSystemActiveIngredientMyCore
796,Pilocarpine,,http://fhir.hie.moh.gov.my/CodeSystem/active-ingredient-my-core,CodeSystemActiveIngredientMyCore
797,Piperacillin,Olopatadine~~Antihistamines - piperidine derivatives,http://fhir.hie.moh.gov.my/CodeSystem/active-ingredient-my-core,CodeSystemActiveIngredientMyCore
798,Piperacillin+ tazobactam,Omacetaxine mepesuccinate~~omacetaxine mepesuccinate,http://fhir.hie.moh.gov.my/CodeSystem/active-ingredient-my-core,CodeSystemActiveIngredientMyCore
799,Piracetam,Omalizumab~~Monoclonal antibodies - humanised,http://fhir.hie.moh.gov.my/CodeSystem/active-ingredient-my-core,CodeSystemActiveIngredientMyCore
800,Piribedil,Omeprazole~~Proton pump inhibitors,http://fhir.hie.moh.gov.my/CodeSystem/active-ingredient-my-core,CodeSystemActiveIngredientMyCore
801,Piroxicam,Ondansetron~~5-HT3 receptor antagonists,http://fhir.hie.moh.gov.my/CodeSystem/active-ingredient-my-core,CodeSystemActiveIngredientMyCore
802,Pizotifen,,http://fhir.hie.moh.gov.my/CodeSystem/active-ingredient-my-core,CodeSystemActiveIngredientMyCore
803,Plasma Protein,,http://fhir.hie.moh.gov.my/CodeSystem/active-ingredient-my-core,CodeSystemActiveIngredientMyCore
804,Plerixafor,Orlistat~~Lipase inhibitors,http://fhir.hie.moh.gov.my/CodeSystem/active-ingredient-my-core,CodeSystemActiveIngredientMyCore
805,"Pneumococcus, purified polysaccharides antigen",Orphenadrine~~Antihistamines - ethanolamine derivatives,http://fhir.hie.moh.gov.my/CodeSystem/active-ingredient-my-core,CodeSystemActiveIngredientMyCore
806,Podophyllin,Oseltamivir~~Sialic acid derived neuraminidase inhibitors,http://fhir.hie.moh.gov.my/CodeSystem/active-ingredient-my-core,CodeSystemActiveIngredientMyCore
807,Podophyllotoxin,,http://fhir.hie.moh.gov.my/CodeSystem/active-ingredient-my-core,CodeSystemActiveIngredientMyCore
808,Policresulen,Oxaliplatin~~Platinum compounds,http://fhir.hie.moh.gov.my/CodeSystem/active-ingredient-my-core,CodeSystemActiveIngredientMyCore
809,"Poliomyelitis oral, trivalent, live attenuated",Oxcarbazepine~~Carbamazepine and analogue,http://fhir.hie.moh.gov.my/CodeSystem/active-ingredient-my-core,CodeSystemActiveIngredientMyCore
810,Polyethylene Glycol+ Macrogol,Oxcarbazepine~~Aromatic anticonvulsants,http://fhir.hie.moh.gov.my/CodeSystem/active-ingredient-my-core,CodeSystemActiveIngredientMyCore
811,Polymyxin B,Oxybuprocaine~~Ester type local anaesthetics,http://fhir.hie.moh.gov.my/CodeSystem/active-ingredient-my-core,CodeSystemActiveIngredientMyCore
812,Polystyrene sulphonate,Oxybutynin~~Anticholinergics,http://fhir.hie.moh.gov.my/CodeSystem/active-ingredient-my-core,CodeSystemActiveIngredientMyCore
813,Posaconazole,Oxycodone~~Opioids,http://fhir.hie.moh.gov.my/CodeSystem/active-ingredient-my-core,CodeSystemActiveIngredientMyCore
814,Potassium Bicarbonate,Oxycodone + naloxone~~Opioid antagonists,http://fhir.hie.moh.gov.my/CodeSystem/active-ingredient-my-core,CodeSystemActiveIngredientMyCore
815,Potassium Carbonate,Oxycodone + naloxone~~Opioids,http://fhir.hie.moh.gov.my/CodeSystem/active-ingredient-my-core,CodeSystemActiveIngredientMyCore
816,Potassium Chloride,Oxymetazoline~~Imidazoline decongestants,http://fhir.hie.moh.gov.my/CodeSystem/active-ingredient-my-core,CodeSystemActiveIngredientMyCore
817,Potassium Citrate,Oxymetholone~~Oxymetholone,http://fhir.hie.moh.gov.my/CodeSystem/active-ingredient-my-core,CodeSystemActiveIngredientMyCore
818,Potassium Hydroxide,Oxytetracycline+ Polymyxin B~~Tetracyclines,http://fhir.hie.moh.gov.my/CodeSystem/active-ingredient-my-core,CodeSystemActiveIngredientMyCore
819,Potassium iodide,Oxytetracycline+ Polymyxin B~~Polymyxins,http://fhir.hie.moh.gov.my/CodeSystem/active-ingredient-my-core,CodeSystemActiveIngredientMyCore
820,Glyceryl Trioleate & Glyceryl Trierucate,Oxytocin~~Oxytocin and analogues,http://fhir.hie.moh.gov.my/CodeSystem/active-ingredient-my-core,CodeSystemActiveIngredientMyCore
821,Potassium permanganate,Oxytocin+ Ergometrine maleate~~Ergot derivatives,http://fhir.hie.moh.gov.my/CodeSystem/active-ingredient-my-core,CodeSystemActiveIngredientMyCore
822,Potassium Phosphate,Oxytocin+ Ergometrine maleate~~Oxytocin and analogues,http://fhir.hie.moh.gov.my/CodeSystem/active-ingredient-my-core,CodeSystemActiveIngredientMyCore
823,Povidone iodine,Paclitaxel~~Taxoids,http://fhir.hie.moh.gov.my/CodeSystem/active-ingredient-my-core,CodeSystemActiveIngredientMyCore
824,Pralidoxime,Paliperidone~~Dopamine antagonists,http://fhir.hie.moh.gov.my/CodeSystem/active-ingredient-my-core,CodeSystemActiveIngredientMyCore
825,Pramipexole,Palivizumab~~Monoclonal antibodies - humanised,http://fhir.hie.moh.gov.my/CodeSystem/active-ingredient-my-core,CodeSystemActiveIngredientMyCore
826,Prasugrel,Palonosetron~~5-HT3 receptor antagonists,http://fhir.hie.moh.gov.my/CodeSystem/active-ingredient-my-core,CodeSystemActiveIngredientMyCore
827,Pravastatin,,http://fhir.hie.moh.gov.my/CodeSystem/active-ingredient-my-core,CodeSystemActiveIngredientMyCore
828,Prazosin,Pepsin~~Pepsin,http://fhir.hie.moh.gov.my/CodeSystem/active-ingredient-my-core,CodeSystemActiveIngredientMyCore
829,Prednisolone,Pancuronium~~Neuromuscular blockers,http://fhir.hie.moh.gov.my/CodeSystem/active-ingredient-my-core,CodeSystemActiveIngredientMyCore
830,Pregabalin,Pantoprazole~~Proton pump inhibitors,http://fhir.hie.moh.gov.my/CodeSystem/active-ingredient-my-core,CodeSystemActiveIngredientMyCore
831,Prilocaine,Papaverine~~Papaverine derivatives,http://fhir.hie.moh.gov.my/CodeSystem/active-ingredient-my-core,CodeSystemActiveIngredientMyCore
832,Primaquine,"Papillomavirus (human types 16, 18)~~Human papillomavirus (HPV) vaccine",http://fhir.hie.moh.gov.my/CodeSystem/active-ingredient-my-core,CodeSystemActiveIngredientMyCore
833,Primidone,"Papillomavirus (human types 6, 11, 16, 18)~~Human papillomavirus (HPV) vaccine",http://fhir.hie.moh.gov.my/CodeSystem/active-ingredient-my-core,CodeSystemActiveIngredientMyCore
834,Probenecide,Paracetamol~~Paracetamol and related agents,http://fhir.hie.moh.gov.my/CodeSystem/active-ingredient-my-core,CodeSystemActiveIngredientMyCore
835,Procaine penicillin,Paradichlorobenzene~~para-dichlorobenzene,http://fhir.hie.moh.gov.my/CodeSystem/active-ingredient-my-core,CodeSystemActiveIngredientMyCore
836,Procarbazine,,http://fhir.hie.moh.gov.my/CodeSystem/active-ingredient-my-core,CodeSystemActiveIngredientMyCore
837,Prochlorperazine,Paraldehyde~~Formaldehyde derivatives,http://fhir.hie.moh.gov.my/CodeSystem/active-ingredient-my-core,CodeSystemActiveIngredientMyCore
838,Procyclidine,Parecoxib~~COX-2 inhibitors (sulfonamide),http://fhir.hie.moh.gov.my/CodeSystem/active-ingredient-my-core,CodeSystemActiveIngredientMyCore
839,Progesterone,,http://fhir.hie.moh.gov.my/CodeSystem/active-ingredient-my-core,CodeSystemActiveIngredientMyCore
840,Prolase,,http://fhir.hie.moh.gov.my/CodeSystem/active-ingredient-my-core,CodeSystemActiveIngredientMyCore
841,Promethazine,Pazopanib~~Tyrosine kinase inhibitors,http://fhir.hie.moh.gov.my/CodeSystem/active-ingredient-my-core,CodeSystemActiveIngredientMyCore
842,Propantheline,Pefloxacin~~Quinolones and fluoroquinolones,http://fhir.hie.moh.gov.my/CodeSystem/active-ingredient-my-core,CodeSystemActiveIngredientMyCore
843,Proparacaine (proxymetacaine),Pegfilgrastim~~Colony stimulating factors,http://fhir.hie.moh.gov.my/CodeSystem/active-ingredient-my-core,CodeSystemActiveIngredientMyCore
844,Propiverine,Peginterferon Alpha-2a~~Interferons,http://fhir.hie.moh.gov.my/CodeSystem/active-ingredient-my-core,CodeSystemActiveIngredientMyCore
845,Propofol,Peginterferon Alpha-2b~~Interferons,http://fhir.hie.moh.gov.my/CodeSystem/active-ingredient-my-core,CodeSystemActiveIngredientMyCore
846,Propranolol,Pemetrexed~~Pemetrexed,http://fhir.hie.moh.gov.my/CodeSystem/active-ingredient-my-core,CodeSystemActiveIngredientMyCore
847,Propylene glycol,Penicillamine~~Penicillamine,http://fhir.hie.moh.gov.my/CodeSystem/active-ingredient-my-core,CodeSystemActiveIngredientMyCore
848,Propylthiouracil,Pentamidine isethionate~~Diamidine compounds,http://fhir.hie.moh.gov.my/CodeSystem/active-ingredient-my-core,CodeSystemActiveIngredientMyCore
849,Protamine,Pentosan Polysulfate Sodium~~Heparinoids,http://fhir.hie.moh.gov.my/CodeSystem/active-ingredient-my-core,CodeSystemActiveIngredientMyCore
850,Protein Free Haemodialysate,Pentoxifylline~~Xanthine-related compounds,http://fhir.hie.moh.gov.my/CodeSystem/active-ingredient-my-core,CodeSystemActiveIngredientMyCore
851,Pyrantel,,http://fhir.hie.moh.gov.my/CodeSystem/active-ingredient-my-core,CodeSystemActiveIngredientMyCore
852,Pyrazinamide,Perindopril~~Angiotensin converting enzyme (ace) inhibitors,http://fhir.hie.moh.gov.my/CodeSystem/active-ingredient-my-core,CodeSystemActiveIngredientMyCore
853,Pyridostigmine,Perindopril+ Indapamide~~Thiazide diuretics and related agents,http://fhir.hie.moh.gov.my/CodeSystem/active-ingredient-my-core,CodeSystemActiveIngredientMyCore
854,Pyridoxine (B6),Perindopril+ Indapamide~~Angiotensin converting enzyme (ace) inhibitors,http://fhir.hie.moh.gov.my/CodeSystem/active-ingredient-my-core,CodeSystemActiveIngredientMyCore
855,Pyrimethamine,,http://fhir.hie.moh.gov.my/CodeSystem/active-ingredient-my-core,CodeSystemActiveIngredientMyCore
856,Pyrimethamine+ Sulfadoxine,Permethrin~~Pyrethrins,http://fhir.hie.moh.gov.my/CodeSystem/active-ingredient-my-core,CodeSystemActiveIngredientMyCore
857,Quetiapine,Perphenazine~~Phenothiazines,http://fhir.hie.moh.gov.my/CodeSystem/active-ingredient-my-core,CodeSystemActiveIngredientMyCore
858,Quinine,Perphenazine~~Piperazine and its derivatives,http://fhir.hie.moh.gov.my/CodeSystem/active-ingredient-my-core,CodeSystemActiveIngredientMyCore
859,Rabeprazole,Pertussis purified antigen~~Pertussis vaccine,http://fhir.hie.moh.gov.my/CodeSystem/active-ingredient-my-core,CodeSystemActiveIngredientMyCore
860,Rabies immunoglobulin,"Pertussis, purified antigen, combinations with toxoids~~Pertussis vaccine",http://fhir.hie.moh.gov.my/CodeSystem/active-ingredient-my-core,CodeSystemActiveIngredientMyCore
861,"Rabies, inactivated, whole virus",Pethidine~~Opioids,http://fhir.hie.moh.gov.my/CodeSystem/active-ingredient-my-core,CodeSystemActiveIngredientMyCore
862,Raloxifene,Phenobarbitone~~Barbiturates,http://fhir.hie.moh.gov.my/CodeSystem/active-ingredient-my-core,CodeSystemActiveIngredientMyCore
863,Raltegravir,Phenobarbitone~~Aromatic anticonvulsants,http://fhir.hie.moh.gov.my/CodeSystem/active-ingredient-my-core,CodeSystemActiveIngredientMyCore
864,Ramipril,Phenol~~Phenolic compounds,http://fhir.hie.moh.gov.my/CodeSystem/active-ingredient-my-core,CodeSystemActiveIngredientMyCore
865,Ranibizumab,Phenoxybenzamine~~Haloalkylamine alpha adrenergic antagonists,http://fhir.hie.moh.gov.my/CodeSystem/active-ingredient-my-core,CodeSystemActiveIngredientMyCore
866,Ranitidine,Phenoxymethylpenicillin~~Penicillins,http://fhir.hie.moh.gov.my/CodeSystem/active-ingredient-my-core,CodeSystemActiveIngredientMyCore
867,Rasburicase,Phentermine~~Amfetamines and related agents,http://fhir.hie.moh.gov.my/CodeSystem/active-ingredient-my-core,CodeSystemActiveIngredientMyCore
868,Rebamipide,Phenylephrine~~Sympathomimetic alpha agonists,http://fhir.hie.moh.gov.my/CodeSystem/active-ingredient-my-core,CodeSystemActiveIngredientMyCore
869,Remifentanil,Phenylmercuric Nitrate~~Mercurial compounds,http://fhir.hie.moh.gov.my/CodeSystem/active-ingredient-my-core,CodeSystemActiveIngredientMyCore
870,Repaglinide,Phenytoin~~Aromatic anticonvulsants,http://fhir.hie.moh.gov.my/CodeSystem/active-ingredient-my-core,CodeSystemActiveIngredientMyCore
871,Rhenium-186 Sulphide,Phenytoin~~Hydantoin anticonvulsants,http://fhir.hie.moh.gov.my/CodeSystem/active-ingredient-my-core,CodeSystemActiveIngredientMyCore
872,Ribavirin,Physostigmine~~Physostigmine,http://fhir.hie.moh.gov.my/CodeSystem/active-ingredient-my-core,CodeSystemActiveIngredientMyCore
873,Riboflavine (Vit. B2),,http://fhir.hie.moh.gov.my/CodeSystem/active-ingredient-my-core,CodeSystemActiveIngredientMyCore
874,Rifampicin,,http://fhir.hie.moh.gov.my/CodeSystem/active-ingredient-my-core,CodeSystemActiveIngredientMyCore
875,Rifampicin+ isoniazid+ pyrazinamide,Pilocarpine~~Pilocarpine,http://fhir.hie.moh.gov.my/CodeSystem/active-ingredient-my-core,CodeSystemActiveIngredientMyCore
876,Riluzole,Piperacillin~~Penicillins,http://fhir.hie.moh.gov.my/CodeSystem/active-ingredient-my-core,CodeSystemActiveIngredientMyCore
877,Ringers solution,Piperacillin+ tazobactam~~Penicillins,http://fhir.hie.moh.gov.my/CodeSystem/active-ingredient-my-core,CodeSystemActiveIngredientMyCore
878,Risperidone,Piperacillin+ tazobactam~~Beta-lactamase inhibitors,http://fhir.hie.moh.gov.my/CodeSystem/active-ingredient-my-core,CodeSystemActiveIngredientMyCore
879,Ritodrine,Piracetam~~Nootropic agents - pyrrolidines,http://fhir.hie.moh.gov.my/CodeSystem/active-ingredient-my-core,CodeSystemActiveIngredientMyCore
880,Ritonavir,Piribedil~~piribedil,http://fhir.hie.moh.gov.my/CodeSystem/active-ingredient-my-core,CodeSystemActiveIngredientMyCore
881,Rituximab,Piroxicam~~Nonsteroidal anti-inflammatory drugs,http://fhir.hie.moh.gov.my/CodeSystem/active-ingredient-my-core,CodeSystemActiveIngredientMyCore
882,Rivaroxaban,Pizotifen~~Benzocycloheptathiophene derivatives,http://fhir.hie.moh.gov.my/CodeSystem/active-ingredient-my-core,CodeSystemActiveIngredientMyCore
883,Rivastigmine,Plasma Protein~~Plasma,http://fhir.hie.moh.gov.my/CodeSystem/active-ingredient-my-core,CodeSystemActiveIngredientMyCore
884,Rocuronium,Plerixafor~~plerixafor,http://fhir.hie.moh.gov.my/CodeSystem/active-ingredient-my-core,CodeSystemActiveIngredientMyCore
885,Ropinirole,"Pneumococcus, purified polysaccharides antigen~~Pneumococcal vaccine",http://fhir.hie.moh.gov.my/CodeSystem/active-ingredient-my-core,CodeSystemActiveIngredientMyCore
886,Ropivacaine,,http://fhir.hie.moh.gov.my/CodeSystem/active-ingredient-my-core,CodeSystemActiveIngredientMyCore
887,Ropivacaine + Fentanyl,Podophyllotoxin~~Podophyllotoxin derivatives,http://fhir.hie.moh.gov.my/CodeSystem/active-ingredient-my-core,CodeSystemActiveIngredientMyCore
888,Rosiglitazone,Policresulen~~Phenolic compounds,http://fhir.hie.moh.gov.my/CodeSystem/active-ingredient-my-core,CodeSystemActiveIngredientMyCore
889,Rosuvastatin,"Poliomyelitis oral, trivalent, live attenuated~~Poliomyelitis vaccine",http://fhir.hie.moh.gov.my/CodeSystem/active-ingredient-my-core,CodeSystemActiveIngredientMyCore
890,Rotigotine,Polyethylene Glycol+ Macrogol~~Macrogols,http://fhir.hie.moh.gov.my/CodeSystem/active-ingredient-my-core,CodeSystemActiveIngredientMyCore
891,"Rubella, live attenuated",Polymyxin B~~Polymyxins,http://fhir.hie.moh.gov.my/CodeSystem/active-ingredient-my-core,CodeSystemActiveIngredientMyCore
892,Rufinamide,Polystyrene sulphonate~~Polystyrene sulfonate resins,http://fhir.hie.moh.gov.my/CodeSystem/active-ingredient-my-core,CodeSystemActiveIngredientMyCore
893,Ruxolitinib,Posaconazole~~Imidazole and triazole derived antifungals,http://fhir.hie.moh.gov.my/CodeSystem/active-ingredient-my-core,CodeSystemActiveIngredientMyCore
894,Salbutamol,Potassium Bicarbonate~~potassium bicarbonate,http://fhir.hie.moh.gov.my/CodeSystem/active-ingredient-my-core,CodeSystemActiveIngredientMyCore
895,Salbutamol sulphate,,http://fhir.hie.moh.gov.my/CodeSystem/active-ingredient-my-core,CodeSystemActiveIngredientMyCore
896,Salbutamol+ Ipratropium bromide,Potassium Chloride~~potassium chloride,http://fhir.hie.moh.gov.my/CodeSystem/active-ingredient-my-core,CodeSystemActiveIngredientMyCore
897,Salicylic acid,Potassium Citrate~~Citric acid,http://fhir.hie.moh.gov.my/CodeSystem/active-ingredient-my-core,CodeSystemActiveIngredientMyCore
898,Salicylic acid + Coal Tar,,http://fhir.hie.moh.gov.my/CodeSystem/active-ingredient-my-core,CodeSystemActiveIngredientMyCore
899,"Salicylic acid, combinations",Potassium iodide~~Iodine-containing compounds,http://fhir.hie.moh.gov.my/CodeSystem/active-ingredient-my-core,CodeSystemActiveIngredientMyCore
900,Salmeterol,,http://fhir.hie.moh.gov.my/CodeSystem/active-ingredient-my-core,CodeSystemActiveIngredientMyCore
901,Salmeterol + Fluticasone,Potassium permanganate~~potassium permanganate,http://fhir.hie.moh.gov.my/CodeSystem/active-ingredient-my-core,CodeSystemActiveIngredientMyCore
902,Sapropterin,"Potassium Phosphate~~potassium phosphate, dibasic",http://fhir.hie.moh.gov.my/CodeSystem/active-ingredient-my-core,CodeSystemActiveIngredientMyCore
903,Saxagliptin,Povidone iodine~~Iodine-containing compounds,http://fhir.hie.moh.gov.my/CodeSystem/active-ingredient-my-core,CodeSystemActiveIngredientMyCore
904,Selegiline,Pralidoxime~~Oximes,http://fhir.hie.moh.gov.my/CodeSystem/active-ingredient-my-core,CodeSystemActiveIngredientMyCore
905,Selenium,Pramipexole~~Pramipexole,http://fhir.hie.moh.gov.my/CodeSystem/active-ingredient-my-core,CodeSystemActiveIngredientMyCore
906,Sertraline,Prasugrel~~Thienopyridine derivatives,http://fhir.hie.moh.gov.my/CodeSystem/active-ingredient-my-core,CodeSystemActiveIngredientMyCore
907,Sevelamer,Pravastatin~~HMG-CoA reductase inhibitors,http://fhir.hie.moh.gov.my/CodeSystem/active-ingredient-my-core,CodeSystemActiveIngredientMyCore
908,Sevoflurane,Prazosin~~Alpha-blockers (quinazoline derivatives),http://fhir.hie.moh.gov.my/CodeSystem/active-ingredient-my-core,CodeSystemActiveIngredientMyCore
909,Sildenafil,Prednisolone~~Corticosteroids,http://fhir.hie.moh.gov.my/CodeSystem/active-ingredient-my-core,CodeSystemActiveIngredientMyCore
910,Silver nitrate,Pregabalin~~pregabalin,http://fhir.hie.moh.gov.my/CodeSystem/active-ingredient-my-core,CodeSystemActiveIngredientMyCore
911,Silver sulfadiazine,Prilocaine~~Amide type local anaesthetics,http://fhir.hie.moh.gov.my/CodeSystem/active-ingredient-my-core,CodeSystemActiveIngredientMyCore
912,Simple Syrup,Primaquine~~8-Aminoquinoline compounds,http://fhir.hie.moh.gov.my/CodeSystem/active-ingredient-my-core,CodeSystemActiveIngredientMyCore
913,Simvastatin,Primidone~~Aromatic anticonvulsants,http://fhir.hie.moh.gov.my/CodeSystem/active-ingredient-my-core,CodeSystemActiveIngredientMyCore
914,Sirolimus,Primidone~~Barbiturates,http://fhir.hie.moh.gov.my/CodeSystem/active-ingredient-my-core,CodeSystemActiveIngredientMyCore
915,Sitagliptin,Probenecide~~Probenecid,http://fhir.hie.moh.gov.my/CodeSystem/active-ingredient-my-core,CodeSystemActiveIngredientMyCore
916,Snake Venom Antiserum,Procaine penicillin~~Penicillins,http://fhir.hie.moh.gov.my/CodeSystem/active-ingredient-my-core,CodeSystemActiveIngredientMyCore
917,Soda lime,Procarbazine~~Methylhydrazine derivatives,http://fhir.hie.moh.gov.my/CodeSystem/active-ingredient-my-core,CodeSystemActiveIngredientMyCore
918,Sodium Acetate,Prochlorperazine~~Piperazine and its derivatives,http://fhir.hie.moh.gov.my/CodeSystem/active-ingredient-my-core,CodeSystemActiveIngredientMyCore
919,Alginic acid,Prochlorperazine~~Phenothiazines,http://fhir.hie.moh.gov.my/CodeSystem/active-ingredient-my-core,CodeSystemActiveIngredientMyCore
920,Sodium Bicarbonate,Procyclidine~~Anticholinergics,http://fhir.hie.moh.gov.my/CodeSystem/active-ingredient-my-core,CodeSystemActiveIngredientMyCore
921,Sodium Chloride,Progesterone~~Progestogens,http://fhir.hie.moh.gov.my/CodeSystem/active-ingredient-my-core,CodeSystemActiveIngredientMyCore
922,"Sodium Chloride, hypertonic",Prolase~~prolase,http://fhir.hie.moh.gov.my/CodeSystem/active-ingredient-my-core,CodeSystemActiveIngredientMyCore
923,Sodium Chloride+ Dextrose,Promethazine~~Phenothiazines,http://fhir.hie.moh.gov.my/CodeSystem/active-ingredient-my-core,CodeSystemActiveIngredientMyCore
924,Sodium Chromate (Cr-51),Propantheline~~Anticholinergics,http://fhir.hie.moh.gov.my/CodeSystem/active-ingredient-my-core,CodeSystemActiveIngredientMyCore
925,Sodium Citrate,Proparacaine (proxymetacaine)~~Ester type local anaesthetics,http://fhir.hie.moh.gov.my/CodeSystem/active-ingredient-my-core,CodeSystemActiveIngredientMyCore
926,Sodium Dihydrogen Phosphate,Propiverine~~Propiverine,http://fhir.hie.moh.gov.my/CodeSystem/active-ingredient-my-core,CodeSystemActiveIngredientMyCore
927,Sodium Glycerophoshate,Propofol~~Propofol,http://fhir.hie.moh.gov.my/CodeSystem/active-ingredient-my-core,CodeSystemActiveIngredientMyCore
928,Sodium Hydroxide,Propranolol~~Beta-blockers,http://fhir.hie.moh.gov.my/CodeSystem/active-ingredient-my-core,CodeSystemActiveIngredientMyCore
929,sodium hypochlorite,,http://fhir.hie.moh.gov.my/CodeSystem/active-ingredient-my-core,CodeSystemActiveIngredientMyCore
930,Sodium Iodide (I-131),Propylthiouracil~~Synthetic thyroid blocking agents,http://fhir.hie.moh.gov.my/CodeSystem/active-ingredient-my-core,CodeSystemActiveIngredientMyCore
931,Sodium Iopodate,Protamine~~Protamine,http://fhir.hie.moh.gov.my/CodeSystem/active-ingredient-my-core,CodeSystemActiveIngredientMyCore
932,Sodium Lactate,Protein Free Haemodialysate~~protein-free dialysate of calf blood,http://fhir.hie.moh.gov.my/CodeSystem/active-ingredient-my-core,CodeSystemActiveIngredientMyCore
933,Sodium Lauryl Sulfate,Pyrantel~~Pyrantel,http://fhir.hie.moh.gov.my/CodeSystem/active-ingredient-my-core,CodeSystemActiveIngredientMyCore
934,Sodium Metabisulfite,Pyrazinamide~~pyrazinamide,http://fhir.hie.moh.gov.my/CodeSystem/active-ingredient-my-core,CodeSystemActiveIngredientMyCore
935,Sodium Nitrite,Pyridostigmine~~Pyridostigmine,http://fhir.hie.moh.gov.my/CodeSystem/active-ingredient-my-core,CodeSystemActiveIngredientMyCore
936,Sodium Nitroprusside,Pyridoxine (B6)~~Pyridoxine (vitamin B6),http://fhir.hie.moh.gov.my/CodeSystem/active-ingredient-my-core,CodeSystemActiveIngredientMyCore
937,Sodium Phosphate,Pyrimethamine~~Diaminopyrimidine antimalarials,http://fhir.hie.moh.gov.my/CodeSystem/active-ingredient-my-core,CodeSystemActiveIngredientMyCore
938,Sodium Phosphate (P-32),Pyrimethamine+ Sulfadoxine~~Sulfonamide antibiotics,http://fhir.hie.moh.gov.my/CodeSystem/active-ingredient-my-core,CodeSystemActiveIngredientMyCore
939,Sodium Tetradecyl Sulfate,Pyrimethamine+ Sulfadoxine~~Diaminopyrimidine antimalarials,http://fhir.hie.moh.gov.my/CodeSystem/active-ingredient-my-core,CodeSystemActiveIngredientMyCore
940,Sodium Thiosulphate,Quetiapine~~Dibenzothiazepine derivatives,http://fhir.hie.moh.gov.my/CodeSystem/active-ingredient-my-core,CodeSystemActiveIngredientMyCore
941,"Soft paraffin, fat products",Quinine~~Quinine derivatives (cinchona),http://fhir.hie.moh.gov.my/CodeSystem/active-ingredient-my-core,CodeSystemActiveIngredientMyCore
942,Solifenacin,Rabeprazole~~Proton pump inhibitors,http://fhir.hie.moh.gov.my/CodeSystem/active-ingredient-my-core,CodeSystemActiveIngredientMyCore
943,Somatropin,Rabies immunoglobulin~~Human and human-derived immunoglobulins,http://fhir.hie.moh.gov.my/CodeSystem/active-ingredient-my-core,CodeSystemActiveIngredientMyCore
944,Sorafenib,"Rabies, inactivated, whole virus~~Rabies vaccine",http://fhir.hie.moh.gov.my/CodeSystem/active-ingredient-my-core,CodeSystemActiveIngredientMyCore
945,Sorbitol,Raloxifene~~Selective oestrogen receptor modulators,http://fhir.hie.moh.gov.my/CodeSystem/active-ingredient-my-core,CodeSystemActiveIngredientMyCore
946,Sotalol,Raltegravir~~Integrase inhibitors,http://fhir.hie.moh.gov.my/CodeSystem/active-ingredient-my-core,CodeSystemActiveIngredientMyCore
947,Spironolactone,Ramipril~~Angiotensin converting enzyme (ace) inhibitors,http://fhir.hie.moh.gov.my/CodeSystem/active-ingredient-my-core,CodeSystemActiveIngredientMyCore
948,Stavudine,Ranibizumab~~Monoclonal antibodies - humanised,http://fhir.hie.moh.gov.my/CodeSystem/active-ingredient-my-core,CodeSystemActiveIngredientMyCore
949,Stavudine+ Lamivudine+ Nevirapine,Ranitidine~~H2 receptor antagonists,http://fhir.hie.moh.gov.my/CodeSystem/active-ingredient-my-core,CodeSystemActiveIngredientMyCore
950,Streptokinase,Rasburicase~~Uricases,http://fhir.hie.moh.gov.my/CodeSystem/active-ingredient-my-core,CodeSystemActiveIngredientMyCore
951,Streptomycin,Rebamipide~~rebamipide,http://fhir.hie.moh.gov.my/CodeSystem/active-ingredient-my-core,CodeSystemActiveIngredientMyCore
952,Strontium Ranelate,Remifentanil~~Opioids,http://fhir.hie.moh.gov.my/CodeSystem/active-ingredient-my-core,CodeSystemActiveIngredientMyCore
953,Sucralfate,Repaglinide~~Meglitinides,http://fhir.hie.moh.gov.my/CodeSystem/active-ingredient-my-core,CodeSystemActiveIngredientMyCore
954,sugammadex,,http://fhir.hie.moh.gov.my/CodeSystem/active-ingredient-my-core,CodeSystemActiveIngredientMyCore
955,Sulfacetamide,Ribavirin~~Nucleoside reverse transcriptase inhibitors - guanosine analogues,http://fhir.hie.moh.gov.my/CodeSystem/active-ingredient-my-core,CodeSystemActiveIngredientMyCore
956,Sulfasalazine,Riboflavine (Vit. B2)~~Riboflavin (vitamin B2),http://fhir.hie.moh.gov.my/CodeSystem/active-ingredient-my-core,CodeSystemActiveIngredientMyCore
957,Sulfobromophthalein,Rifampicin~~Rifamycins,http://fhir.hie.moh.gov.my/CodeSystem/active-ingredient-my-core,CodeSystemActiveIngredientMyCore
958,Sulphur,Rifampicin+ isoniazid+ pyrazinamide~~Rifamycins,http://fhir.hie.moh.gov.my/CodeSystem/active-ingredient-my-core,CodeSystemActiveIngredientMyCore
959,Sulphamethoxazole+ Trimethoprim,Riluzole~~riluzole,http://fhir.hie.moh.gov.my/CodeSystem/active-ingredient-my-core,CodeSystemActiveIngredientMyCore
960,Sulphuric Acid,,http://fhir.hie.moh.gov.my/CodeSystem/active-ingredient-my-core,CodeSystemActiveIngredientMyCore
961,Sulpiride,Risperidone~~Dopamine antagonists,http://fhir.hie.moh.gov.my/CodeSystem/active-ingredient-my-core,CodeSystemActiveIngredientMyCore
962,Sumatriptan,Ritodrine~~Sympathomimetic beta agonists,http://fhir.hie.moh.gov.my/CodeSystem/active-ingredient-my-core,CodeSystemActiveIngredientMyCore
963,Sunitinib,Ritonavir~~ritonavir,http://fhir.hie.moh.gov.my/CodeSystem/active-ingredient-my-core,CodeSystemActiveIngredientMyCore
964,Titanium dioxide,Rituximab~~Monoclonal antibodies - chimeric human/murine,http://fhir.hie.moh.gov.my/CodeSystem/active-ingredient-my-core,CodeSystemActiveIngredientMyCore
965,Suxamethonium,Rivaroxaban~~Factor Xa inhibitors,http://fhir.hie.moh.gov.my/CodeSystem/active-ingredient-my-core,CodeSystemActiveIngredientMyCore
966,Tacrolimus,Rivastigmine~~Rivastigmine,http://fhir.hie.moh.gov.my/CodeSystem/active-ingredient-my-core,CodeSystemActiveIngredientMyCore
967,Tamoxifen,Rocuronium~~Neuromuscular blockers,http://fhir.hie.moh.gov.my/CodeSystem/active-ingredient-my-core,CodeSystemActiveIngredientMyCore
968,Tamsulosin,Ropinirole~~Ropinirole,http://fhir.hie.moh.gov.my/CodeSystem/active-ingredient-my-core,CodeSystemActiveIngredientMyCore
969,Tamsulosin+Dutasteride,Ropivacaine~~Amide type local anaesthetics,http://fhir.hie.moh.gov.my/CodeSystem/active-ingredient-my-core,CodeSystemActiveIngredientMyCore
970,Tar,,http://fhir.hie.moh.gov.my/CodeSystem/active-ingredient-my-core,CodeSystemActiveIngredientMyCore
971,Technetium-99m Albumin Colloid,Rosiglitazone~~Thiazolidinediones,http://fhir.hie.moh.gov.my/CodeSystem/active-ingredient-my-core,CodeSystemActiveIngredientMyCore
972,Technetium-99m Besilesomab,Rosuvastatin~~HMG-CoA reductase inhibitors,http://fhir.hie.moh.gov.my/CodeSystem/active-ingredient-my-core,CodeSystemActiveIngredientMyCore
973,Technetium-99m Bicisate,Rotigotine~~rotigotine,http://fhir.hie.moh.gov.my/CodeSystem/active-ingredient-my-core,CodeSystemActiveIngredientMyCore
974,Technetium-99m Colloidal Rhenium Sulphide,"Rubella, live attenuated~~Rubella vaccine",http://fhir.hie.moh.gov.my/CodeSystem/active-ingredient-my-core,CodeSystemActiveIngredientMyCore
975,Technetium-99m Exametazime,Rufinamide~~rufinamide,http://fhir.hie.moh.gov.my/CodeSystem/active-ingredient-my-core,CodeSystemActiveIngredientMyCore
976,Technetium-99m Macroaggregated Albumin,Ruxolitinib~~Janus kinase inhibitors,http://fhir.hie.moh.gov.my/CodeSystem/active-ingredient-my-core,CodeSystemActiveIngredientMyCore
977,Technetium-99m Mebrofenin,Salbutamol~~Sympathomimetic beta agonists,http://fhir.hie.moh.gov.my/CodeSystem/active-ingredient-my-core,CodeSystemActiveIngredientMyCore
978,Technetium-99m Medronate,,http://fhir.hie.moh.gov.my/CodeSystem/active-ingredient-my-core,CodeSystemActiveIngredientMyCore
979,Technetium-99m Mertiatide,Salbutamol+ Ipratropium bromide~~Sympathomimetic beta agonists,http://fhir.hie.moh.gov.my/CodeSystem/active-ingredient-my-core,CodeSystemActiveIngredientMyCore
980,Technetium-99m Oxidronate,Salbutamol+ Ipratropium bromide~~Anticholinergics,http://fhir.hie.moh.gov.my/CodeSystem/active-ingredient-my-core,CodeSystemActiveIngredientMyCore
981,Technetium-99m Pentetate,Salicylic acid~~Salicylates,http://fhir.hie.moh.gov.my/CodeSystem/active-ingredient-my-core,CodeSystemActiveIngredientMyCore
982,Technetium-99m Sestamibi,,http://fhir.hie.moh.gov.my/CodeSystem/active-ingredient-my-core,CodeSystemActiveIngredientMyCore
983,Technetium-99m Sodium Pertechnetate,"Salicylic acid, combinations~~Salicylates",http://fhir.hie.moh.gov.my/CodeSystem/active-ingredient-my-core,CodeSystemActiveIngredientMyCore
984,Technetium (99mTc) Sterile Generator,Salmeterol~~Sympathomimetic beta agonists,http://fhir.hie.moh.gov.my/CodeSystem/active-ingredient-my-core,CodeSystemActiveIngredientMyCore
985,Technetium-99m Succimer,Salmeterol + Fluticasone~~Corticosteroids,http://fhir.hie.moh.gov.my/CodeSystem/active-ingredient-my-core,CodeSystemActiveIngredientMyCore
986,Technetium-99m Succimer  V,Salmeterol + Fluticasone~~Sympathomimetic beta agonists,http://fhir.hie.moh.gov.my/CodeSystem/active-ingredient-my-core,CodeSystemActiveIngredientMyCore
987,Technetium-99m Sulfur Colloid,Sapropterin~~Sapropterin,http://fhir.hie.moh.gov.my/CodeSystem/active-ingredient-my-core,CodeSystemActiveIngredientMyCore
988,Technetium-99m Tetrofosmin,Saxagliptin~~Dipeptidylpeptidase-4 inhibitors,http://fhir.hie.moh.gov.my/CodeSystem/active-ingredient-my-core,CodeSystemActiveIngredientMyCore
989,Technetium-99m Pyrophosphate,Selegiline~~Monoamine oxidase type-B inhibitors,http://fhir.hie.moh.gov.my/CodeSystem/active-ingredient-my-core,CodeSystemActiveIngredientMyCore
990,Technical disinfectants,Selenium~~Selenium compounds,http://fhir.hie.moh.gov.my/CodeSystem/active-ingredient-my-core,CodeSystemActiveIngredientMyCore
991,Tegafur + uracil,Sertraline~~Selective serotonin reuptake inhibitors,http://fhir.hie.moh.gov.my/CodeSystem/active-ingredient-my-core,CodeSystemActiveIngredientMyCore
992,Teicoplanin,Sevelamer~~Sevelamer,http://fhir.hie.moh.gov.my/CodeSystem/active-ingredient-my-core,CodeSystemActiveIngredientMyCore
993,Telbivudine,Sevoflurane~~Halogenated anaesthetics,http://fhir.hie.moh.gov.my/CodeSystem/active-ingredient-my-core,CodeSystemActiveIngredientMyCore
994,Telmisartan,Sildenafil~~Phosphodiesterase type-5 inhibitors,http://fhir.hie.moh.gov.my/CodeSystem/active-ingredient-my-core,CodeSystemActiveIngredientMyCore
995,Telmisartan + Amlodipine,Silver nitrate~~Silver,http://fhir.hie.moh.gov.my/CodeSystem/active-ingredient-my-core,CodeSystemActiveIngredientMyCore
996,Telmisartan+ Hydrochlorothiazide,Silver sulfadiazine~~Silver,http://fhir.hie.moh.gov.my/CodeSystem/active-ingredient-my-core,CodeSystemActiveIngredientMyCore
997,Temozolomide,,http://fhir.hie.moh.gov.my/CodeSystem/active-ingredient-my-core,CodeSystemActiveIngredientMyCore
998,Tenecteplase,Simvastatin~~HMG-CoA reductase inhibitors,http://fhir.hie.moh.gov.my/CodeSystem/active-ingredient-my-core,CodeSystemActiveIngredientMyCore
999,Tenofovir Disoproxil,Sirolimus~~Macrolide immunosuppressants,http://fhir.hie.moh.gov.my/CodeSystem/active-ingredient-my-core,CodeSystemActiveIngredientMyCore
1000,Tenofovir Disoproxil+ Emtricitabine,Sitagliptin~~Dipeptidylpeptidase-4 inhibitors,http://fhir.hie.moh.gov.my/CodeSystem/active-ingredient-my-core,CodeSystemActiveIngredientMyCore
1001,Terazosin,Snake Venom Antiserum~~snake venom antisera,http://fhir.hie.moh.gov.my/CodeSystem/active-ingredient-my-core,CodeSystemActiveIngredientMyCore
1002,Terbinafine,,http://fhir.hie.moh.gov.my/CodeSystem/active-ingredient-my-core,CodeSystemActiveIngredientMyCore
1003,Terbutaline,Sodium Acetate~~Sodium acetate,http://fhir.hie.moh.gov.my/CodeSystem/active-ingredient-my-core,CodeSystemActiveIngredientMyCore
1004,Teriparatide,Alginic acid~~Alginic acid and alginates,http://fhir.hie.moh.gov.my/CodeSystem/active-ingredient-my-core,CodeSystemActiveIngredientMyCore
1005,Terlipressin,Sodium Bicarbonate~~sodium bicarbonate,http://fhir.hie.moh.gov.my/CodeSystem/active-ingredient-my-core,CodeSystemActiveIngredientMyCore
1006,Testosterone,Sodium Chloride~~Sodium chloride,http://fhir.hie.moh.gov.my/CodeSystem/active-ingredient-my-core,CodeSystemActiveIngredientMyCore
1007,Tetanus antitoxin,"Sodium Chloride, hypertonic~~Sodium chloride",http://fhir.hie.moh.gov.my/CodeSystem/active-ingredient-my-core,CodeSystemActiveIngredientMyCore
1008,Tetanus Immunoglobulin,Sodium Chloride+ Dextrose~~Glucose,http://fhir.hie.moh.gov.my/CodeSystem/active-ingredient-my-core,CodeSystemActiveIngredientMyCore
1009,Tetanus toxoid,Sodium Chloride+ Dextrose~~Sodium chloride,http://fhir.hie.moh.gov.my/CodeSystem/active-ingredient-my-core,CodeSystemActiveIngredientMyCore
1010,"Tetanus toxoid, combinations with diphtheria toxoid",,http://fhir.hie.moh.gov.my/CodeSystem/active-ingredient-my-core,CodeSystemActiveIngredientMyCore
1011,Tetrabenazine,Sodium Citrate~~Citric acid,http://fhir.hie.moh.gov.my/CodeSystem/active-ingredient-my-core,CodeSystemActiveIngredientMyCore
1012,Tetracaine (Amethocaine),,http://fhir.hie.moh.gov.my/CodeSystem/active-ingredient-my-core,CodeSystemActiveIngredientMyCore
1013,Tetracosactide,Sodium Glycerophoshate~~Sodium glycerophosphate,http://fhir.hie.moh.gov.my/CodeSystem/active-ingredient-my-core,CodeSystemActiveIngredientMyCore
1014,Tetracycline,,http://fhir.hie.moh.gov.my/CodeSystem/active-ingredient-my-core,CodeSystemActiveIngredientMyCore
1015,Thalidomide,sodium hypochlorite~~Hypochlorites,http://fhir.hie.moh.gov.my/CodeSystem/active-ingredient-my-core,CodeSystemActiveIngredientMyCore
1016,Thallous Chloride (Tl-201),,http://fhir.hie.moh.gov.my/CodeSystem/active-ingredient-my-core,CodeSystemActiveIngredientMyCore
1017,Theophylline,Sodium Iopodate~~Iodine-containing compounds,http://fhir.hie.moh.gov.my/CodeSystem/active-ingredient-my-core,CodeSystemActiveIngredientMyCore
1018,Thiamazole,Sodium Lactate~~Lactic acid,http://fhir.hie.moh.gov.my/CodeSystem/active-ingredient-my-core,CodeSystemActiveIngredientMyCore
1019,Thiamine (Vit. B1),,http://fhir.hie.moh.gov.my/CodeSystem/active-ingredient-my-core,CodeSystemActiveIngredientMyCore
1020,Thioguanine,,http://fhir.hie.moh.gov.my/CodeSystem/active-ingredient-my-core,CodeSystemActiveIngredientMyCore
1021,Thiopental,Sodium Nitrite~~Nitrates,http://fhir.hie.moh.gov.my/CodeSystem/active-ingredient-my-core,CodeSystemActiveIngredientMyCore
1022,Thiotepa,Sodium Nitroprusside~~Nitrates,http://fhir.hie.moh.gov.my/CodeSystem/active-ingredient-my-core,CodeSystemActiveIngredientMyCore
1023,Thymol,"Sodium Phosphate~~Sodium phosphate, dibasic",http://fhir.hie.moh.gov.my/CodeSystem/active-ingredient-my-core,CodeSystemActiveIngredientMyCore
1024,Thyrotropin alfa,,http://fhir.hie.moh.gov.my/CodeSystem/active-ingredient-my-core,CodeSystemActiveIngredientMyCore
1025,Tibolone,Sodium Tetradecyl Sulfate~~sodium tetradecyl sulfate,http://fhir.hie.moh.gov.my/CodeSystem/active-ingredient-my-core,CodeSystemActiveIngredientMyCore
1026,Ticagrelor,Sodium Thiosulphate~~Sodium thiosulfate,http://fhir.hie.moh.gov.my/CodeSystem/active-ingredient-my-core,CodeSystemActiveIngredientMyCore
1027,Ticlopidine,"Soft paraffin, fat products~~Paraffin",http://fhir.hie.moh.gov.my/CodeSystem/active-ingredient-my-core,CodeSystemActiveIngredientMyCore
1028,Tigecycline,Solifenacin~~Solifenacin,http://fhir.hie.moh.gov.my/CodeSystem/active-ingredient-my-core,CodeSystemActiveIngredientMyCore
1029,Timolol,Somatropin~~Growth hormones,http://fhir.hie.moh.gov.my/CodeSystem/active-ingredient-my-core,CodeSystemActiveIngredientMyCore
1030,Timolol+ latanoprost,Sorafenib~~Tyrosine kinase inhibitors,http://fhir.hie.moh.gov.my/CodeSystem/active-ingredient-my-core,CodeSystemActiveIngredientMyCore
1031,Tinidazole,Sorbitol~~sorbitol,http://fhir.hie.moh.gov.my/CodeSystem/active-ingredient-my-core,CodeSystemActiveIngredientMyCore
1032,Tinzaparin,Sotalol~~Beta-blockers,http://fhir.hie.moh.gov.my/CodeSystem/active-ingredient-my-core,CodeSystemActiveIngredientMyCore
1033,Tioconazole,Spironolactone~~Mineralocorticoid receptor antagonists,http://fhir.hie.moh.gov.my/CodeSystem/active-ingredient-my-core,CodeSystemActiveIngredientMyCore
1034,Tiotropium bromide,Stavudine~~Thymidine and analogues,http://fhir.hie.moh.gov.my/CodeSystem/active-ingredient-my-core,CodeSystemActiveIngredientMyCore
1035,Tirofiban,Stavudine+ Lamivudine+ Nevirapine~~Nucleoside reverse transcriptase inhibitors - cytosine analogues,http://fhir.hie.moh.gov.my/CodeSystem/active-ingredient-my-core,CodeSystemActiveIngredientMyCore
1036,Tocilizumab,Stavudine+ Lamivudine+ Nevirapine~~Nonnucleoside reverse transcriptase inhibitors,http://fhir.hie.moh.gov.my/CodeSystem/active-ingredient-my-core,CodeSystemActiveIngredientMyCore
1037,Tolterodine,Stavudine+ Lamivudine+ Nevirapine~~Thymidine and analogues,http://fhir.hie.moh.gov.my/CodeSystem/active-ingredient-my-core,CodeSystemActiveIngredientMyCore
1038,Topiramate,Streptokinase~~Streptokinase and related agents,http://fhir.hie.moh.gov.my/CodeSystem/active-ingredient-my-core,CodeSystemActiveIngredientMyCore
1039,Topotecan,Streptomycin~~Aminoglycosides,http://fhir.hie.moh.gov.my/CodeSystem/active-ingredient-my-core,CodeSystemActiveIngredientMyCore
1040,Trace Elements,Strontium Ranelate~~Strontium agents,http://fhir.hie.moh.gov.my/CodeSystem/active-ingredient-my-core,CodeSystemActiveIngredientMyCore
1041,Tragacanth,Sucralfate~~Aluminium compounds,http://fhir.hie.moh.gov.my/CodeSystem/active-ingredient-my-core,CodeSystemActiveIngredientMyCore
1042,Tramadol,sugammadex~~Sugammadex,http://fhir.hie.moh.gov.my/CodeSystem/active-ingredient-my-core,CodeSystemActiveIngredientMyCore
1043,Tramadol+ paracetamol,Sulfacetamide~~Sulfonamide antibiotics,http://fhir.hie.moh.gov.my/CodeSystem/active-ingredient-my-core,CodeSystemActiveIngredientMyCore
1044,Tranexamic acid,Sulfasalazine~~Sulfasalazine,http://fhir.hie.moh.gov.my/CodeSystem/active-ingredient-my-core,CodeSystemActiveIngredientMyCore
1045,Tranylcypromine,Sulfobromophthalein~~sulfobromophthalein sodium,http://fhir.hie.moh.gov.my/CodeSystem/active-ingredient-my-core,CodeSystemActiveIngredientMyCore
1046,Trastuzumab,,http://fhir.hie.moh.gov.my/CodeSystem/active-ingredient-my-core,CodeSystemActiveIngredientMyCore
1047,Travoprost,Sulphamethoxazole+ Trimethoprim~~Sulfonamide antibiotics,http://fhir.hie.moh.gov.my/CodeSystem/active-ingredient-my-core,CodeSystemActiveIngredientMyCore
1048,Travoprost + Timolol,Sulphamethoxazole+ Trimethoprim~~Trimethoprim and related agents,http://fhir.hie.moh.gov.my/CodeSystem/active-ingredient-my-core,CodeSystemActiveIngredientMyCore
1049,Tretinoin,,http://fhir.hie.moh.gov.my/CodeSystem/active-ingredient-my-core,CodeSystemActiveIngredientMyCore
1050,Triamcinolone,Sulpiride~~Benzamide derivatives,http://fhir.hie.moh.gov.my/CodeSystem/active-ingredient-my-core,CodeSystemActiveIngredientMyCore
1051,Triamcinolone acetonide,Sumatriptan~~Selective 5-HT1 receptor agonists (sulfonamide),http://fhir.hie.moh.gov.my/CodeSystem/active-ingredient-my-core,CodeSystemActiveIngredientMyCore
1052,Tribenoside,Sunitinib~~Tyrosine kinase inhibitors,http://fhir.hie.moh.gov.my/CodeSystem/active-ingredient-my-core,CodeSystemActiveIngredientMyCore
1053,Trichloroacetic Acid,,http://fhir.hie.moh.gov.my/CodeSystem/active-ingredient-my-core,CodeSystemActiveIngredientMyCore
1054,Trifluoperazine,Suxamethonium~~Neuromuscular blockers,http://fhir.hie.moh.gov.my/CodeSystem/active-ingredient-my-core,CodeSystemActiveIngredientMyCore
1055,Trimetazidine,Tacrolimus~~Macrolide immunosuppressants,http://fhir.hie.moh.gov.my/CodeSystem/active-ingredient-my-core,CodeSystemActiveIngredientMyCore
1056,Trimethoprim,Tamoxifen~~Oestrogen agonist-antagonist triphenylethylene derivatives,http://fhir.hie.moh.gov.my/CodeSystem/active-ingredient-my-core,CodeSystemActiveIngredientMyCore
1057,Trimethoprim+ Sulphamethoxazole,Tamsulosin~~Alpha-blockers (benzenesulfonamides),http://fhir.hie.moh.gov.my/CodeSystem/active-ingredient-my-core,CodeSystemActiveIngredientMyCore
1058,Trioxsalen,Tamsulosin+Dutasteride~~Alpha-blockers (benzenesulfonamides),http://fhir.hie.moh.gov.my/CodeSystem/active-ingredient-my-core,CodeSystemActiveIngredientMyCore
1059,Triprolidine+ Pseudoephedrine,Tamsulosin+Dutasteride~~5-Alpha-reductase inhibitors,http://fhir.hie.moh.gov.my/CodeSystem/active-ingredient-my-core,CodeSystemActiveIngredientMyCore
1060,Triptorelin,Tar~~Wood tar compounds,http://fhir.hie.moh.gov.my/CodeSystem/active-ingredient-my-core,CodeSystemActiveIngredientMyCore
1061,Tropicamide,,http://fhir.hie.moh.gov.my/CodeSystem/active-ingredient-my-core,CodeSystemActiveIngredientMyCore
1062,Tuberculin,,http://fhir.hie.moh.gov.my/CodeSystem/active-ingredient-my-core,CodeSystemActiveIngredientMyCore
1063,"Tuberculosis, live attenuated",,http://fhir.hie.moh.gov.my/CodeSystem/active-ingredient-my-core,CodeSystemActiveIngredientMyCore
1064,"Typhoid, inactivated, whole cell",,http://fhir.hie.moh.gov.my/CodeSystem/active-ingredient-my-core,CodeSystemActiveIngredientMyCore
1065,"Typhoid, oral, live attenuated",,http://fhir.hie.moh.gov.my/CodeSystem/active-ingredient-my-core,CodeSystemActiveIngredientMyCore
1066,Ubidecarenone,,http://fhir.hie.moh.gov.my/CodeSystem/active-ingredient-my-core,CodeSystemActiveIngredientMyCore
1067,Urofollitropin,,http://fhir.hie.moh.gov.my/CodeSystem/active-ingredient-my-core,CodeSystemActiveIngredientMyCore
1068,Urokinase,,http://fhir.hie.moh.gov.my/CodeSystem/active-ingredient-my-core,CodeSystemActiveIngredientMyCore
1069,Ursodeoxycholic acid,,http://fhir.hie.moh.gov.my/CodeSystem/active-ingredient-my-core,CodeSystemActiveIngredientMyCore
1070,Ustekinumab,,http://fhir.hie.moh.gov.my/CodeSystem/active-ingredient-my-core,CodeSystemActiveIngredientMyCore
1071,Valganciclovir,,http://fhir.hie.moh.gov.my/CodeSystem/active-ingredient-my-core,CodeSystemActiveIngredientMyCore
1072,Valproic Acid,,http://fhir.hie.moh.gov.my/CodeSystem/active-ingredient-my-core,CodeSystemActiveIngredientMyCore
1073,Valsartan,,http://fhir.hie.moh.gov.my/CodeSystem/active-ingredient-my-core,CodeSystemActiveIngredientMyCore
1074,Valsartan+ Hydrochlorothiazide,,http://fhir.hie.moh.gov.my/CodeSystem/active-ingredient-my-core,CodeSystemActiveIngredientMyCore
1075,Vancomycin,,http://fhir.hie.moh.gov.my/CodeSystem/active-ingredient-my-core,CodeSystemActiveIngredientMyCore
1076,Varenicline,,http://fhir.hie.moh.gov.my/CodeSystem/active-ingredient-my-core,CodeSystemActiveIngredientMyCore
1077,Varicella Zoster Immunoglobulin,,http://fhir.hie.moh.gov.my/CodeSystem/active-ingredient-my-core,CodeSystemActiveIngredientMyCore
1078,"Varicella, live attenuated",,http://fhir.hie.moh.gov.my/CodeSystem/active-ingredient-my-core,CodeSystemActiveIngredientMyCore
1079,Vasopressin,,http://fhir.hie.moh.gov.my/CodeSystem/active-ingredient-my-core,CodeSystemActiveIngredientMyCore
1080,Vecuronium,,http://fhir.hie.moh.gov.my/CodeSystem/active-ingredient-my-core,CodeSystemActiveIngredientMyCore
1081,Venlafaxine,Tegafur + uracil~~Fluoropyrimidines,http://fhir.hie.moh.gov.my/CodeSystem/active-ingredient-my-core,CodeSystemActiveIngredientMyCore
1082,Verapamil,Teicoplanin~~Glycopeptide antibiotics,http://fhir.hie.moh.gov.my/CodeSystem/active-ingredient-my-core,CodeSystemActiveIngredientMyCore
1083,Vigabatrin,Telbivudine~~Thymidine and analogues,http://fhir.hie.moh.gov.my/CodeSystem/active-ingredient-my-core,CodeSystemActiveIngredientMyCore
1084,Vildagliptin,Telmisartan~~Angiotensin II receptor antagonists,http://fhir.hie.moh.gov.my/CodeSystem/active-ingredient-my-core,CodeSystemActiveIngredientMyCore
1085,Vinblastine,Telmisartan + Amlodipine~~Angiotensin II receptor antagonists,http://fhir.hie.moh.gov.my/CodeSystem/active-ingredient-my-core,CodeSystemActiveIngredientMyCore
1086,Vincristine,Telmisartan + Amlodipine~~Calcium channel blocking agents - dihydropyridines,http://fhir.hie.moh.gov.my/CodeSystem/active-ingredient-my-core,CodeSystemActiveIngredientMyCore
1087,Vinorelbine,Telmisartan+ Hydrochlorothiazide~~Angiotensin II receptor antagonists,http://fhir.hie.moh.gov.my/CodeSystem/active-ingredient-my-core,CodeSystemActiveIngredientMyCore
1088,Retinol (Vitamin A),Telmisartan+ Hydrochlorothiazide~~Thiazide diuretics and related agents,http://fhir.hie.moh.gov.my/CodeSystem/active-ingredient-my-core,CodeSystemActiveIngredientMyCore
1089,Vitamin A  D,Temozolomide~~Triazenes,http://fhir.hie.moh.gov.my/CodeSystem/active-ingredient-my-core,CodeSystemActiveIngredientMyCore
1090,Vitamin B complex,Tenecteplase~~Tissue plasminogen activators,http://fhir.hie.moh.gov.my/CodeSystem/active-ingredient-my-core,CodeSystemActiveIngredientMyCore
1091,"Vitamin B1, B6, B12",Tenofovir Disoproxil~~Tenofovir (all salts),http://fhir.hie.moh.gov.my/CodeSystem/active-ingredient-my-core,CodeSystemActiveIngredientMyCore
1092,"Vitamin B6, B12, E, Nicotamide",,http://fhir.hie.moh.gov.my/CodeSystem/active-ingredient-my-core,CodeSystemActiveIngredientMyCore
1093,Von Willebrand factor,Terazosin~~Alpha-blockers (quinazoline derivatives),http://fhir.hie.moh.gov.my/CodeSystem/active-ingredient-my-core,CodeSystemActiveIngredientMyCore
1094,Von Willebrand factor and coagulation factor VIII in combination,Terbinafine~~Terbinafine,http://fhir.hie.moh.gov.my/CodeSystem/active-ingredient-my-core,CodeSystemActiveIngredientMyCore
1095,Voriconazole,Terbutaline~~Sympathomimetic beta agonists,http://fhir.hie.moh.gov.my/CodeSystem/active-ingredient-my-core,CodeSystemActiveIngredientMyCore
1096,Vorinostat,Teriparatide~~Teriparatide,http://fhir.hie.moh.gov.my/CodeSystem/active-ingredient-my-core,CodeSystemActiveIngredientMyCore
1097,Warfarin,Terlipressin~~Vasopressin and analogues,http://fhir.hie.moh.gov.my/CodeSystem/active-ingredient-my-core,CodeSystemActiveIngredientMyCore
1098,Water,Testosterone~~Testosterone,http://fhir.hie.moh.gov.my/CodeSystem/active-ingredient-my-core,CodeSystemActiveIngredientMyCore
1099,"Yellow fever, live attenuated",Tetanus antitoxin~~Tetanus antitoxins,http://fhir.hie.moh.gov.my/CodeSystem/active-ingredient-my-core,CodeSystemActiveIngredientMyCore
1100,Yttrium-90 Citrate,Tetanus Immunoglobulin~~Tetanus antitoxins,http://fhir.hie.moh.gov.my/CodeSystem/active-ingredient-my-core,CodeSystemActiveIngredientMyCore
1101,Yttrium-90 Ibritumomab Tiuxetan,Tetanus Immunoglobulin~~Human and human-derived immunoglobulins,http://fhir.hie.moh.gov.my/CodeSystem/active-ingredient-my-core,CodeSystemActiveIngredientMyCore
1102,Zalcitabine,Tetanus toxoid~~Tetanus vaccine (T vaccine),http://fhir.hie.moh.gov.my/CodeSystem/active-ingredient-my-core,CodeSystemActiveIngredientMyCore
1103,Zanamivir,"Tetanus toxoid, combinations with diphtheria toxoid~~Tetanus vaccine (T vaccine)",http://fhir.hie.moh.gov.my/CodeSystem/active-ingredient-my-core,CodeSystemActiveIngredientMyCore
1104,Zidovudine,"Tetanus toxoid, combinations with diphtheria toxoid~~Diphtheria vaccines",http://fhir.hie.moh.gov.my/CodeSystem/active-ingredient-my-core,CodeSystemActiveIngredientMyCore
1105,Zidovudine+ Lamivudine,Tetrabenazine~~tetrabenazine,http://fhir.hie.moh.gov.my/CodeSystem/active-ingredient-my-core,CodeSystemActiveIngredientMyCore
1106,Zinc Acetate,,http://fhir.hie.moh.gov.my/CodeSystem/active-ingredient-my-core,CodeSystemActiveIngredientMyCore
1107,Zinc Gluconate,Tetracosactide~~Adrenocorticotrophic hormones,http://fhir.hie.moh.gov.my/CodeSystem/active-ingredient-my-core,CodeSystemActiveIngredientMyCore
1108,Zinc Oxide,Tetracycline~~Tetracyclines,http://fhir.hie.moh.gov.my/CodeSystem/active-ingredient-my-core,CodeSystemActiveIngredientMyCore
1109,Zinc products,Thalidomide~~Thalidomide and analogue,http://fhir.hie.moh.gov.my/CodeSystem/active-ingredient-my-core,CodeSystemActiveIngredientMyCore
1110,Ziprasidone,,http://fhir.hie.moh.gov.my/CodeSystem/active-ingredient-my-core,CodeSystemActiveIngredientMyCore
1111,Zoledronic Acid,Theophylline~~Xanthine-related compounds,http://fhir.hie.moh.gov.my/CodeSystem/active-ingredient-my-core,CodeSystemActiveIngredientMyCore
1112,Zolpidem,Thiamazole~~Synthetic thyroid blocking agents,http://fhir.hie.moh.gov.my/CodeSystem/active-ingredient-my-core,CodeSystemActiveIngredientMyCore
1113,Zonisamide,Thiamine (Vit. B1)~~Thiamine (vitamin B1),http://fhir.hie.moh.gov.my/CodeSystem/active-ingredient-my-core,CodeSystemActiveIngredientMyCore
1114,Zuclopenthixol,Thioguanine~~Purine analogues,http://fhir.hie.moh.gov.my/CodeSystem/active-ingredient-my-core,CodeSystemActiveIngredientMyCore
1115,Fruit/Plant Essence/Extract/Oil,Thiopental~~Barbiturates,http://fhir.hie.moh.gov.my/CodeSystem/active-ingredient-my-core,CodeSystemActiveIngredientMyCore
1116,Dantrolene,Thiotepa~~thiotepa,http://fhir.hie.moh.gov.my/CodeSystem/active-ingredient-my-core,CodeSystemActiveIngredientMyCore
1117,"Rifampicin, Pyrazinamide, Ethambutol, Isoniazid",,http://fhir.hie.moh.gov.my/CodeSystem/active-ingredient-my-core,CodeSystemActiveIngredientMyCore
1126,Dienogest,,http://fhir.hie.moh.gov.my/CodeSystem/active-ingredient-my-core,CodeSystemActiveIngredientMyCore
1127,Estriol,Tibolone~~tibolone,http://fhir.hie.moh.gov.my/CodeSystem/active-ingredient-my-core,CodeSystemActiveIngredientMyCore
1128,"Valsartan, Amlodipine, Hydrochlorothiazide",Ticagrelor~~ticagrelor,http://fhir.hie.moh.gov.my/CodeSystem/active-ingredient-my-core,CodeSystemActiveIngredientMyCore
1136,Beclomethasone + Formoterol,Ticlopidine~~Thienopyridine derivatives,http://fhir.hie.moh.gov.my/CodeSystem/active-ingredient-my-core,CodeSystemActiveIngredientMyCore
1137,Trospium,Tigecycline~~Tetracyclines,http://fhir.hie.moh.gov.my/CodeSystem/active-ingredient-my-core,CodeSystemActiveIngredientMyCore
1138,Ceftaroline fosamil,Timolol~~Beta-blockers,http://fhir.hie.moh.gov.my/CodeSystem/active-ingredient-my-core,CodeSystemActiveIngredientMyCore
1139,Corifollitropin Alpha,Timolol+ latanoprost~~Beta-blockers,http://fhir.hie.moh.gov.my/CodeSystem/active-ingredient-my-core,CodeSystemActiveIngredientMyCore
1140,Metformin + Saxagliptin,Timolol+ latanoprost~~Prostaglandin analogues,http://fhir.hie.moh.gov.my/CodeSystem/active-ingredient-my-core,CodeSystemActiveIngredientMyCore
1141,Fingolimod,Tinidazole~~Nitroimidazole derivatives,http://fhir.hie.moh.gov.my/CodeSystem/active-ingredient-my-core,CodeSystemActiveIngredientMyCore
1142,Linagliptin,Tinzaparin~~Heparins,http://fhir.hie.moh.gov.my/CodeSystem/active-ingredient-my-core,CodeSystemActiveIngredientMyCore
1143,Buprenorphine,Tioconazole~~Imidazole and triazole derived antifungals,http://fhir.hie.moh.gov.my/CodeSystem/active-ingredient-my-core,CodeSystemActiveIngredientMyCore
1144,Golimumab,Tiotropium bromide~~Bromide-containing compounds,http://fhir.hie.moh.gov.my/CodeSystem/active-ingredient-my-core,CodeSystemActiveIngredientMyCore
1145,Rifampicin+ Isoniazid,Tiotropium bromide~~Anticholinergics,http://fhir.hie.moh.gov.my/CodeSystem/active-ingredient-my-core,CodeSystemActiveIngredientMyCore
1146,Gadoxetic acid,Tirofiban~~Glycoprotein IIb/IIIa inhibitors,http://fhir.hie.moh.gov.my/CodeSystem/active-ingredient-my-core,CodeSystemActiveIngredientMyCore
1147,Wool Fat,Tocilizumab~~Monoclonal antibodies - humanised,http://fhir.hie.moh.gov.my/CodeSystem/active-ingredient-my-core,CodeSystemActiveIngredientMyCore
1148,Adrenaline Acid Tartrate,Tolterodine~~Anticholinergics,http://fhir.hie.moh.gov.my/CodeSystem/active-ingredient-my-core,CodeSystemActiveIngredientMyCore
1149,Paraffin Wax,Topiramate~~topiramate,http://fhir.hie.moh.gov.my/CodeSystem/active-ingredient-my-core,CodeSystemActiveIngredientMyCore
1150,Hydrocortisone + Miconazole,Topotecan~~Topoisomerase I inhibitors,http://fhir.hie.moh.gov.my/CodeSystem/active-ingredient-my-core,CodeSystemActiveIngredientMyCore
1151,Polyethylene glycol + Propylene glycol,,http://fhir.hie.moh.gov.my/CodeSystem/active-ingredient-my-core,CodeSystemActiveIngredientMyCore
1152,Asenapine,,http://fhir.hie.moh.gov.my/CodeSystem/active-ingredient-my-core,CodeSystemActiveIngredientMyCore
1153,Beeswax,Tramadol~~Opioids,http://fhir.hie.moh.gov.my/CodeSystem/active-ingredient-my-core,CodeSystemActiveIngredientMyCore
1154,Calcium hydroxide,Tramadol+ paracetamol~~Paracetamol and related agents,http://fhir.hie.moh.gov.my/CodeSystem/active-ingredient-my-core,CodeSystemActiveIngredientMyCore
1155,Oleic acid,Tramadol+ paracetamol~~Opioids,http://fhir.hie.moh.gov.my/CodeSystem/active-ingredient-my-core,CodeSystemActiveIngredientMyCore
1156,Turpentine Oil,Tranexamic acid~~tranexamic acid,http://fhir.hie.moh.gov.my/CodeSystem/active-ingredient-my-core,CodeSystemActiveIngredientMyCore
1157,Betamethasone + Coal tar,Tranylcypromine~~Monoamine oxidase inhibitors,http://fhir.hie.moh.gov.my/CodeSystem/active-ingredient-my-core,CodeSystemActiveIngredientMyCore
1158,Hydrocortisone + salicylic acid,Trastuzumab~~Monoclonal antibodies - humanised,http://fhir.hie.moh.gov.my/CodeSystem/active-ingredient-my-core,CodeSystemActiveIngredientMyCore
1159,Ulipristal acetate,,http://fhir.hie.moh.gov.my/CodeSystem/active-ingredient-my-core,CodeSystemActiveIngredientMyCore
1160,Insulin glulisine,Travoprost + Timolol~~Prostaglandin analogues,http://fhir.hie.moh.gov.my/CodeSystem/active-ingredient-my-core,CodeSystemActiveIngredientMyCore
1161,Denosumab,Travoprost + Timolol~~Beta-blockers,http://fhir.hie.moh.gov.my/CodeSystem/active-ingredient-my-core,CodeSystemActiveIngredientMyCore
1162,Ferric oxide polymaltose complexes,Tretinoin~~Retinoids,http://fhir.hie.moh.gov.my/CodeSystem/active-ingredient-my-core,CodeSystemActiveIngredientMyCore
1163,Misoprostol,Triamcinolone~~Corticosteroids,http://fhir.hie.moh.gov.my/CodeSystem/active-ingredient-my-core,CodeSystemActiveIngredientMyCore
1164,Lactic acid,,http://fhir.hie.moh.gov.my/CodeSystem/active-ingredient-my-core,CodeSystemActiveIngredientMyCore
1165,Triglycerides,Tribenoside~~tribenoside,http://fhir.hie.moh.gov.my/CodeSystem/active-ingredient-my-core,CodeSystemActiveIngredientMyCore
1166,"Encephalitis, Japanese, inactivated, whole virus",,http://fhir.hie.moh.gov.my/CodeSystem/active-ingredient-my-core,CodeSystemActiveIngredientMyCore
1167,Cimicifugae rhizoma,Trifluoperazine~~Phenothiazines,http://fhir.hie.moh.gov.my/CodeSystem/active-ingredient-my-core,CodeSystemActiveIngredientMyCore
1168,Gadobenic acid,Trifluoperazine~~Piperazine and its derivatives,http://fhir.hie.moh.gov.my/CodeSystem/active-ingredient-my-core,CodeSystemActiveIngredientMyCore
1169,Fusidic acid + Hydrocortisone,Trimetazidine~~Trimetazidine,http://fhir.hie.moh.gov.my/CodeSystem/active-ingredient-my-core,CodeSystemActiveIngredientMyCore
1170,Glucosamine,Trimethoprim~~Trimethoprim and related agents,http://fhir.hie.moh.gov.my/CodeSystem/active-ingredient-my-core,CodeSystemActiveIngredientMyCore
1171,Citrulline,Trimethoprim+ Sulphamethoxazole~~Trimethoprim and related agents,http://fhir.hie.moh.gov.my/CodeSystem/active-ingredient-my-core,CodeSystemActiveIngredientMyCore
1172,Sodium benzoate,Trimethoprim+ Sulphamethoxazole~~Sulfonamide antibiotics,http://fhir.hie.moh.gov.my/CodeSystem/active-ingredient-my-core,CodeSystemActiveIngredientMyCore
1173,Levocarnitine (Carnitine),Trioxsalen~~Psoralens,http://fhir.hie.moh.gov.my/CodeSystem/active-ingredient-my-core,CodeSystemActiveIngredientMyCore
1174,Potassium alluminium phosphate,Triprolidine+ Pseudoephedrine~~Sympathomimetic mixed alpha and beta agonists,http://fhir.hie.moh.gov.my/CodeSystem/active-ingredient-my-core,CodeSystemActiveIngredientMyCore
1175,Biotin,Triprolidine+ Pseudoephedrine~~Antihistamines - alkylamine derivatives,http://fhir.hie.moh.gov.my/CodeSystem/active-ingredient-my-core,CodeSystemActiveIngredientMyCore
1176,Polyoxyethylene 20 sorbitan mono-oleate,Triptorelin~~Gonadotrophin-releasing hormone analogues,http://fhir.hie.moh.gov.my/CodeSystem/active-ingredient-my-core,CodeSystemActiveIngredientMyCore
1177,Sodium phenylbutyrate,Tropicamide~~Anticholinergics,http://fhir.hie.moh.gov.my/CodeSystem/active-ingredient-my-core,CodeSystemActiveIngredientMyCore
1178,Squaric acid dibutylester,Tuberculin~~Tuberculins,http://fhir.hie.moh.gov.my/CodeSystem/active-ingredient-my-core,CodeSystemActiveIngredientMyCore
1179,Carbomer (Polyacrylic acid),"Tuberculosis, live attenuated~~BCG preparations",http://fhir.hie.moh.gov.my/CodeSystem/active-ingredient-my-core,CodeSystemActiveIngredientMyCore
1180,Timolol + Bimatoprost,"Typhoid, inactivated, whole cell~~Typhoid vaccine",http://fhir.hie.moh.gov.my/CodeSystem/active-ingredient-my-core,CodeSystemActiveIngredientMyCore
1181,Timolol + Dorzolamide,"Typhoid, oral, live attenuated~~Typhoid vaccine",http://fhir.hie.moh.gov.my/CodeSystem/active-ingredient-my-core,CodeSystemActiveIngredientMyCore
1182,Stiripentol,Ubidecarenone~~Ubiquinone and related compounds,http://fhir.hie.moh.gov.my/CodeSystem/active-ingredient-my-core,CodeSystemActiveIngredientMyCore
1183,Atovaquone,Urofollitropin~~Follicle stimulating hormones,http://fhir.hie.moh.gov.my/CodeSystem/active-ingredient-my-core,CodeSystemActiveIngredientMyCore
1184,Hypromellose + Dextran 70,Urokinase~~Urokinase,http://fhir.hie.moh.gov.my/CodeSystem/active-ingredient-my-core,CodeSystemActiveIngredientMyCore
1185,Sodium borate,Ursodeoxycholic acid~~Bile acids,http://fhir.hie.moh.gov.my/CodeSystem/active-ingredient-my-core,CodeSystemActiveIngredientMyCore
1186,Food Colouring/Food Dye,Ustekinumab~~Monoclonal antibodies - human,http://fhir.hie.moh.gov.my/CodeSystem/active-ingredient-my-core,CodeSystemActiveIngredientMyCore
1187,Ambrisentan,Valganciclovir~~Guanine nucleoside antivirals,http://fhir.hie.moh.gov.my/CodeSystem/active-ingredient-my-core,CodeSystemActiveIngredientMyCore
1188,Buprenorphine + Naloxone,Valproic Acid~~Valproic acid and derivatives,http://fhir.hie.moh.gov.my/CodeSystem/active-ingredient-my-core,CodeSystemActiveIngredientMyCore
1189,Dimenhydrinate,Valsartan~~Angiotensin II receptor antagonists,http://fhir.hie.moh.gov.my/CodeSystem/active-ingredient-my-core,CodeSystemActiveIngredientMyCore
1190,Eplerenone,Valsartan+ Hydrochlorothiazide~~Thiazide diuretics and related agents,http://fhir.hie.moh.gov.my/CodeSystem/active-ingredient-my-core,CodeSystemActiveIngredientMyCore
1191,Indapamide,Valsartan+ Hydrochlorothiazide~~Angiotensin II receptor antagonists,http://fhir.hie.moh.gov.my/CodeSystem/active-ingredient-my-core,CodeSystemActiveIngredientMyCore
1192,Levamisole,Vancomycin~~Glycopeptide antibiotics,http://fhir.hie.moh.gov.my/CodeSystem/active-ingredient-my-core,CodeSystemActiveIngredientMyCore
1193,Mianserin,Varenicline~~Varenicline,http://fhir.hie.moh.gov.my/CodeSystem/active-ingredient-my-core,CodeSystemActiveIngredientMyCore
1194,Pioglitazone,Varicella Zoster Immunoglobulin~~Human and human-derived immunoglobulins,http://fhir.hie.moh.gov.my/CodeSystem/active-ingredient-my-core,CodeSystemActiveIngredientMyCore
1195,Tadalafil,"Varicella, live attenuated~~Varicella vaccine",http://fhir.hie.moh.gov.my/CodeSystem/active-ingredient-my-core,CodeSystemActiveIngredientMyCore
1196,Belimumab,Vasopressin~~Vasopressin and analogues,http://fhir.hie.moh.gov.my/CodeSystem/active-ingredient-my-core,CodeSystemActiveIngredientMyCore
1197,Abiraterone,Vecuronium~~Neuromuscular blockers,http://fhir.hie.moh.gov.my/CodeSystem/active-ingredient-my-core,CodeSystemActiveIngredientMyCore
1198,Aliskiren fumarate,Venlafaxine~~Phenethylamine bicyclic antidepressants,http://fhir.hie.moh.gov.my/CodeSystem/active-ingredient-my-core,CodeSystemActiveIngredientMyCore
1199,Verteporfin,Verapamil~~Calcium channel blocking agents - phenylalkylamines,http://fhir.hie.moh.gov.my/CodeSystem/active-ingredient-my-core,CodeSystemActiveIngredientMyCore
1200,Triflusal,Vigabatrin~~vigabatrin,http://fhir.hie.moh.gov.my/CodeSystem/active-ingredient-my-core,CodeSystemActiveIngredientMyCore
1201,Tianeptine,Vildagliptin~~Dipeptidylpeptidase-4 inhibitors,http://fhir.hie.moh.gov.my/CodeSystem/active-ingredient-my-core,CodeSystemActiveIngredientMyCore
1202,Lacosamide,Vinblastine~~Vinca alkaloids,http://fhir.hie.moh.gov.my/CodeSystem/active-ingredient-my-core,CodeSystemActiveIngredientMyCore
1203,Temsirolimus,Vincristine~~Vinca alkaloids,http://fhir.hie.moh.gov.my/CodeSystem/active-ingredient-my-core,CodeSystemActiveIngredientMyCore
1204,Sulodexide,Vinorelbine~~Vinca alkaloids,http://fhir.hie.moh.gov.my/CodeSystem/active-ingredient-my-core,CodeSystemActiveIngredientMyCore
1205,Brinzolamide,,http://fhir.hie.moh.gov.my/CodeSystem/active-ingredient-my-core,CodeSystemActiveIngredientMyCore
1206,Roflumilast,,http://fhir.hie.moh.gov.my/CodeSystem/active-ingredient-my-core,CodeSystemActiveIngredientMyCore
1207,Rifabutin,,http://fhir.hie.moh.gov.my/CodeSystem/active-ingredient-my-core,CodeSystemActiveIngredientMyCore
1208,Propafenone,"Vitamin B1, B6, B12~~Pyridoxine (vitamin B6)",http://fhir.hie.moh.gov.my/CodeSystem/active-ingredient-my-core,CodeSystemActiveIngredientMyCore
1209,White petrolatum,"Vitamin B1, B6, B12~~Thiamine (vitamin B1)",http://fhir.hie.moh.gov.my/CodeSystem/active-ingredient-my-core,CodeSystemActiveIngredientMyCore
1210,Gelatin,"Vitamin B1, B6, B12~~Cyanocobalamin (vitamin B12)",http://fhir.hie.moh.gov.my/CodeSystem/active-ingredient-my-core,CodeSystemActiveIngredientMyCore
1211,Polyoxyethylene 20 Sorbitan Monolaurate,"Vitamin B6, B12, E, Nicotamide~~Cyanocobalamin (vitamin B12)",http://fhir.hie.moh.gov.my/CodeSystem/active-ingredient-my-core,CodeSystemActiveIngredientMyCore
1212,Caramel,"Vitamin B6, B12, E, Nicotamide~~Nicotinic acid and related agents",http://fhir.hie.moh.gov.my/CodeSystem/active-ingredient-my-core,CodeSystemActiveIngredientMyCore
1213,Lenograstim,"Vitamin B6, B12, E, Nicotamide~~Vitamin E analogues",http://fhir.hie.moh.gov.my/CodeSystem/active-ingredient-my-core,CodeSystemActiveIngredientMyCore
1214,Mebendazole,"Vitamin B6, B12, E, Nicotamide~~Pyridoxine (vitamin B6)",http://fhir.hie.moh.gov.my/CodeSystem/active-ingredient-my-core,CodeSystemActiveIngredientMyCore
1215,Pasireotide,Von Willebrand factor~~factor von willebrand,http://fhir.hie.moh.gov.my/CodeSystem/active-ingredient-my-core,CodeSystemActiveIngredientMyCore
1216,Poractant Alfa,,http://fhir.hie.moh.gov.my/CodeSystem/active-ingredient-my-core,CodeSystemActiveIngredientMyCore
1217,Lanreotide,Voriconazole~~Imidazole and triazole derived antifungals,http://fhir.hie.moh.gov.my/CodeSystem/active-ingredient-my-core,CodeSystemActiveIngredientMyCore
1218,Aflibercept,Vorinostat~~vorinostat,http://fhir.hie.moh.gov.my/CodeSystem/active-ingredient-my-core,CodeSystemActiveIngredientMyCore
1219,Alemtuzumab,Warfarin~~Coumarins,http://fhir.hie.moh.gov.my/CodeSystem/active-ingredient-my-core,CodeSystemActiveIngredientMyCore
1220,Timolol + Brimonidine,,http://fhir.hie.moh.gov.my/CodeSystem/active-ingredient-my-core,CodeSystemActiveIngredientMyCore
1221,Timolol + Brinzolamide,"Yellow fever, live attenuated~~Yellow fever vaccine",http://fhir.hie.moh.gov.my/CodeSystem/active-ingredient-my-core,CodeSystemActiveIngredientMyCore
1222,Cabazitaxel,,http://fhir.hie.moh.gov.my/CodeSystem/active-ingredient-my-core,CodeSystemActiveIngredientMyCore
1223,Chondroitin sulfate,,http://fhir.hie.moh.gov.my/CodeSystem/active-ingredient-my-core,CodeSystemActiveIngredientMyCore
1224,Cinacalcet hydrochloride,Zalcitabine~~zalcitabine,http://fhir.hie.moh.gov.my/CodeSystem/active-ingredient-my-core,CodeSystemActiveIngredientMyCore
1225,Daptomycin,Zanamivir~~Sialic acid derived neuraminidase inhibitors,http://fhir.hie.moh.gov.my/CodeSystem/active-ingredient-my-core,CodeSystemActiveIngredientMyCore
1226,Drotrecogin alfa,Zidovudine~~Thymidine and analogues,http://fhir.hie.moh.gov.my/CodeSystem/active-ingredient-my-core,CodeSystemActiveIngredientMyCore
1227,Eculizumab,Zidovudine+ Lamivudine~~Thymidine and analogues,http://fhir.hie.moh.gov.my/CodeSystem/active-ingredient-my-core,CodeSystemActiveIngredientMyCore
1228,Eribulin mesilate,Zidovudine+ Lamivudine~~Nucleoside reverse transcriptase inhibitors - cytosine analogues,http://fhir.hie.moh.gov.my/CodeSystem/active-ingredient-my-core,CodeSystemActiveIngredientMyCore
1229,Etravirine,Zinc Acetate~~Zinc compounds,http://fhir.hie.moh.gov.my/CodeSystem/active-ingredient-my-core,CodeSystemActiveIngredientMyCore
1230,Exenatide,Zinc Gluconate~~Gluconic acid,http://fhir.hie.moh.gov.my/CodeSystem/active-ingredient-my-core,CodeSystemActiveIngredientMyCore
1231,Fesoterodine,Zinc Gluconate~~Zinc compounds,http://fhir.hie.moh.gov.my/CodeSystem/active-ingredient-my-core,CodeSystemActiveIngredientMyCore
1232,Fosfomycin Trometamol,,http://fhir.hie.moh.gov.my/CodeSystem/active-ingredient-my-core,CodeSystemActiveIngredientMyCore
1233,Fulvestrant,Zinc products~~Zinc compounds,http://fhir.hie.moh.gov.my/CodeSystem/active-ingredient-my-core,CodeSystemActiveIngredientMyCore
1234,Glimepiride,Ziprasidone~~Benzisothiazolyl piperazine derivatives,http://fhir.hie.moh.gov.my/CodeSystem/active-ingredient-my-core,CodeSystemActiveIngredientMyCore
1235,Atovaquone + Proguanil,Zoledronic Acid~~Bisphosphonates,http://fhir.hie.moh.gov.my/CodeSystem/active-ingredient-my-core,CodeSystemActiveIngredientMyCore
1236,"Ointment base (Soft paraffin, fat products)",Zolpidem~~Imidazopyridines,http://fhir.hie.moh.gov.my/CodeSystem/active-ingredient-my-core,CodeSystemActiveIngredientMyCore
1237,Cream base,Zonisamide~~Sulfonamide anticonvulsants,http://fhir.hie.moh.gov.my/CodeSystem/active-ingredient-my-core,CodeSystemActiveIngredientMyCore
1238,Plant/Vegetable Oil,Zuclopenthixol~~Thioxanthenes,http://fhir.hie.moh.gov.my/CodeSystem/active-ingredient-my-core,CodeSystemActiveIngredientMyCore
1239,Spirit (Flavoured),,http://fhir.hie.moh.gov.my/CodeSystem/active-ingredient-my-core,CodeSystemActiveIngredientMyCore
1240,Aromatic water/spirit,Dantrolene~~Dantrolene,http://fhir.hie.moh.gov.my/CodeSystem/active-ingredient-my-core,CodeSystemActiveIngredientMyCore
1241,Pirfenidone,,http://fhir.hie.moh.gov.my/CodeSystem/active-ingredient-my-core,CodeSystemActiveIngredientMyCore
1242,Dalfampridine (fampridine),Dienogest~~Progestogens,http://fhir.hie.moh.gov.my/CodeSystem/active-ingredient-my-core,CodeSystemActiveIngredientMyCore
1243,Trientine,Estriol~~Estrogens,http://fhir.hie.moh.gov.my/CodeSystem/active-ingredient-my-core,CodeSystemActiveIngredientMyCore
1244,Vindesine,"Valsartan, Amlodipine, Hydrochlorothiazide~~Angiotensin II receptor antagonists",http://fhir.hie.moh.gov.my/CodeSystem/active-ingredient-my-core,CodeSystemActiveIngredientMyCore
1245,Micafungin,"Valsartan, Amlodipine, Hydrochlorothiazide~~Calcium channel blocking agents - dihydropyridines",http://fhir.hie.moh.gov.my/CodeSystem/active-ingredient-my-core,CodeSystemActiveIngredientMyCore
1246,Degarelix,"Valsartan, Amlodipine, Hydrochlorothiazide~~Thiazide diuretics and related agents",http://fhir.hie.moh.gov.my/CodeSystem/active-ingredient-my-core,CodeSystemActiveIngredientMyCore
1247,Potassium acetate,,http://fhir.hie.moh.gov.my/CodeSystem/active-ingredient-my-core,CodeSystemActiveIngredientMyCore
1248,Certolizumab pegol,Trospium~~Anticholinergics,http://fhir.hie.moh.gov.my/CodeSystem/active-ingredient-my-core,CodeSystemActiveIngredientMyCore
1249,Regorafenib,Ceftaroline fosamil~~Cephalosporins,http://fhir.hie.moh.gov.my/CodeSystem/active-ingredient-my-core,CodeSystemActiveIngredientMyCore
1250,Carboxymethylcellulose,Corifollitropin Alpha~~Follicle stimulating hormones,http://fhir.hie.moh.gov.my/CodeSystem/active-ingredient-my-core,CodeSystemActiveIngredientMyCore
1251,Talc,,http://fhir.hie.moh.gov.my/CodeSystem/active-ingredient-my-core,CodeSystemActiveIngredientMyCore
1252,Polidocanol (Lauromacrogol),Fingolimod~~Fingolimod,http://fhir.hie.moh.gov.my/CodeSystem/active-ingredient-my-core,CodeSystemActiveIngredientMyCore
1253,Apixaban,Linagliptin~~Dipeptidylpeptidase-4 inhibitors,http://fhir.hie.moh.gov.my/CodeSystem/active-ingredient-my-core,CodeSystemActiveIngredientMyCore
1254,Jellyfish Antivenom,Buprenorphine~~Opioids,http://fhir.hie.moh.gov.my/CodeSystem/active-ingredient-my-core,CodeSystemActiveIngredientMyCore
1255,Ajmaline,Golimumab~~Monoclonal antibodies - human,http://fhir.hie.moh.gov.my/CodeSystem/active-ingredient-my-core,CodeSystemActiveIngredientMyCore
1256,Aldesleukin,,http://fhir.hie.moh.gov.my/CodeSystem/active-ingredient-my-core,CodeSystemActiveIngredientMyCore
1257,Aluminium chloride,Gadoxetic acid~~Gadolinium complexes,http://fhir.hie.moh.gov.my/CodeSystem/active-ingredient-my-core,CodeSystemActiveIngredientMyCore
1258,Benzbromarone,,http://fhir.hie.moh.gov.my/CodeSystem/active-ingredient-my-core,CodeSystemActiveIngredientMyCore
1259,Bosutinib,,http://fhir.hie.moh.gov.my/CodeSystem/active-ingredient-my-core,CodeSystemActiveIngredientMyCore
1260,Betaine Hydrochloride,,http://fhir.hie.moh.gov.my/CodeSystem/active-ingredient-my-core,CodeSystemActiveIngredientMyCore
1261,Brentuximab vedotin,,http://fhir.hie.moh.gov.my/CodeSystem/active-ingredient-my-core,CodeSystemActiveIngredientMyCore
1262,Calcium dobesilate,,http://fhir.hie.moh.gov.my/CodeSystem/active-ingredient-my-core,CodeSystemActiveIngredientMyCore
1263,Capreomycin,,http://fhir.hie.moh.gov.my/CodeSystem/active-ingredient-my-core,CodeSystemActiveIngredientMyCore
1264,Cyproheptadine,,http://fhir.hie.moh.gov.my/CodeSystem/active-ingredient-my-core,CodeSystemActiveIngredientMyCore
1265,Dapagliflozin propanediol monohydrate,,http://fhir.hie.moh.gov.my/CodeSystem/active-ingredient-my-core,CodeSystemActiveIngredientMyCore
1266,Dexrazoxane,,http://fhir.hie.moh.gov.my/CodeSystem/active-ingredient-my-core,CodeSystemActiveIngredientMyCore
1267,Mercaptamine bitartrate (Cysteamine bitartrate),,http://fhir.hie.moh.gov.my/CodeSystem/active-ingredient-my-core,CodeSystemActiveIngredientMyCore
1268,Dimethyl fumarate,,http://fhir.hie.moh.gov.my/CodeSystem/active-ingredient-my-core,CodeSystemActiveIngredientMyCore
1269,Defibrotide,,http://fhir.hie.moh.gov.my/CodeSystem/active-ingredient-my-core,CodeSystemActiveIngredientMyCore
1270,Dasabuvir,,http://fhir.hie.moh.gov.my/CodeSystem/active-ingredient-my-core,CodeSystemActiveIngredientMyCore
1271,Elosulfase alpha,,http://fhir.hie.moh.gov.my/CodeSystem/active-ingredient-my-core,CodeSystemActiveIngredientMyCore
1272,Eslicarbazepine acetate,,http://fhir.hie.moh.gov.my/CodeSystem/active-ingredient-my-core,CodeSystemActiveIngredientMyCore
1273,Ethinylestradiol,,http://fhir.hie.moh.gov.my/CodeSystem/active-ingredient-my-core,CodeSystemActiveIngredientMyCore
1274,Ferric subsulphate,,http://fhir.hie.moh.gov.my/CodeSystem/active-ingredient-my-core,CodeSystemActiveIngredientMyCore
1275,Fomepizole,,http://fhir.hie.moh.gov.my/CodeSystem/active-ingredient-my-core,CodeSystemActiveIngredientMyCore
1276,Hyaluronidase,,http://fhir.hie.moh.gov.my/CodeSystem/active-ingredient-my-core,CodeSystemActiveIngredientMyCore
1277,Coagulation factor XIII,,http://fhir.hie.moh.gov.my/CodeSystem/active-ingredient-my-core,CodeSystemActiveIngredientMyCore
1278,Indigo Carmine (indigotindisulfonate),,http://fhir.hie.moh.gov.my/CodeSystem/active-ingredient-my-core,CodeSystemActiveIngredientMyCore
1279,Indocyanine Green,,http://fhir.hie.moh.gov.my/CodeSystem/active-ingredient-my-core,CodeSystemActiveIngredientMyCore
1280,Levosimendan,,http://fhir.hie.moh.gov.my/CodeSystem/active-ingredient-my-core,CodeSystemActiveIngredientMyCore
1281,Ispaghula (psylia seed),,http://fhir.hie.moh.gov.my/CodeSystem/active-ingredient-my-core,CodeSystemActiveIngredientMyCore
1282,Methacholine,,http://fhir.hie.moh.gov.my/CodeSystem/active-ingredient-my-core,CodeSystemActiveIngredientMyCore
1283,Midodrine,,http://fhir.hie.moh.gov.my/CodeSystem/active-ingredient-my-core,CodeSystemActiveIngredientMyCore
1284,Modafinil,,http://fhir.hie.moh.gov.my/CodeSystem/active-ingredient-my-core,CodeSystemActiveIngredientMyCore
1285,Nelarabine,,http://fhir.hie.moh.gov.my/CodeSystem/active-ingredient-my-core,CodeSystemActiveIngredientMyCore
1286,Obinutuzumab,,http://fhir.hie.moh.gov.my/CodeSystem/active-ingredient-my-core,CodeSystemActiveIngredientMyCore
1287,Omega-3-triglycerides,,http://fhir.hie.moh.gov.my/CodeSystem/active-ingredient-my-core,CodeSystemActiveIngredientMyCore
1288,Paromomycin,,http://fhir.hie.moh.gov.my/CodeSystem/active-ingredient-my-core,CodeSystemActiveIngredientMyCore
1289,Pegaspargase (Pegylated asparaginase),,http://fhir.hie.moh.gov.my/CodeSystem/active-ingredient-my-core,CodeSystemActiveIngredientMyCore
1290,Phentolamine,,http://fhir.hie.moh.gov.my/CodeSystem/active-ingredient-my-core,CodeSystemActiveIngredientMyCore
1291,Pomalidomide,,http://fhir.hie.moh.gov.my/CodeSystem/active-ingredient-my-core,CodeSystemActiveIngredientMyCore
1292,Praziquantel,,http://fhir.hie.moh.gov.my/CodeSystem/active-ingredient-my-core,CodeSystemActiveIngredientMyCore
1293,Pyridoxal phosphate,,http://fhir.hie.moh.gov.my/CodeSystem/active-ingredient-my-core,CodeSystemActiveIngredientMyCore
1294,Rifaximin,,http://fhir.hie.moh.gov.my/CodeSystem/active-ingredient-my-core,CodeSystemActiveIngredientMyCore
1295,Romiplostim,,http://fhir.hie.moh.gov.my/CodeSystem/active-ingredient-my-core,CodeSystemActiveIngredientMyCore
1296,Sibutramine,,http://fhir.hie.moh.gov.my/CodeSystem/active-ingredient-my-core,CodeSystemActiveIngredientMyCore
1297,Sulphadiazine + Trimethoprim,,http://fhir.hie.moh.gov.my/CodeSystem/active-ingredient-my-core,CodeSystemActiveIngredientMyCore
1298,Sulphadiazine,,http://fhir.hie.moh.gov.my/CodeSystem/active-ingredient-my-core,CodeSystemActiveIngredientMyCore
1299,Sulthiame,,http://fhir.hie.moh.gov.my/CodeSystem/active-ingredient-my-core,CodeSystemActiveIngredientMyCore
1300,Teriflunomide,,http://fhir.hie.moh.gov.my/CodeSystem/active-ingredient-my-core,CodeSystemActiveIngredientMyCore
1301,Tiopronin,,http://fhir.hie.moh.gov.my/CodeSystem/active-ingredient-my-core,CodeSystemActiveIngredientMyCore
1302,Tizanidine,,http://fhir.hie.moh.gov.my/CodeSystem/active-ingredient-my-core,CodeSystemActiveIngredientMyCore
1303,Tryptophan,,http://fhir.hie.moh.gov.my/CodeSystem/active-ingredient-my-core,CodeSystemActiveIngredientMyCore
1304,Zinc Sulphate,,http://fhir.hie.moh.gov.my/CodeSystem/active-ingredient-my-core,CodeSystemActiveIngredientMyCore
1305,Zinc protein complex (amino acid chelate),,http://fhir.hie.moh.gov.my/CodeSystem/active-ingredient-my-core,CodeSystemActiveIngredientMyCore
1306,Zinc (mineral supplement),,http://fhir.hie.moh.gov.my/CodeSystem/active-ingredient-my-core,CodeSystemActiveIngredientMyCore
1307,Ammonium chloride,,http://fhir.hie.moh.gov.my/CodeSystem/active-ingredient-my-core,CodeSystemActiveIngredientMyCore
1308,Ademethionine (S-Adenosyl methionine),,http://fhir.hie.moh.gov.my/CodeSystem/active-ingredient-my-core,CodeSystemActiveIngredientMyCore
1309,Tofacitinib,,http://fhir.hie.moh.gov.my/CodeSystem/active-ingredient-my-core,CodeSystemActiveIngredientMyCore
1310,Magnesium oxide,,http://fhir.hie.moh.gov.my/CodeSystem/active-ingredient-my-core,CodeSystemActiveIngredientMyCore
1311,Diacerein,,http://fhir.hie.moh.gov.my/CodeSystem/active-ingredient-my-core,CodeSystemActiveIngredientMyCore
1312,Dextran,,http://fhir.hie.moh.gov.my/CodeSystem/active-ingredient-my-core,CodeSystemActiveIngredientMyCore
1313,"Ombitasvir, Paritaprevir, Ritonavir",,http://fhir.hie.moh.gov.my/CodeSystem/active-ingredient-my-core,CodeSystemActiveIngredientMyCore
1314,Pyroxylin,,http://fhir.hie.moh.gov.my/CodeSystem/active-ingredient-my-core,CodeSystemActiveIngredientMyCore
1315,Tegaserod,,http://fhir.hie.moh.gov.my/CodeSystem/active-ingredient-my-core,CodeSystemActiveIngredientMyCore
1316,Zopiclone,,http://fhir.hie.moh.gov.my/CodeSystem/active-ingredient-my-core,CodeSystemActiveIngredientMyCore
1317,Rifampicin + Dapsone,,http://fhir.hie.moh.gov.my/CodeSystem/active-ingredient-my-core,CodeSystemActiveIngredientMyCore
1318,Rifampicin + Clofazimine + Dapsone,,http://fhir.hie.moh.gov.my/CodeSystem/active-ingredient-my-core,CodeSystemActiveIngredientMyCore
1319,Simethicone,,http://fhir.hie.moh.gov.my/CodeSystem/active-ingredient-my-core,CodeSystemActiveIngredientMyCore
1320,Bedaquiline,,http://fhir.hie.moh.gov.my/CodeSystem/active-ingredient-my-core,CodeSystemActiveIngredientMyCore
1321,Gemtuzumab,,http://fhir.hie.moh.gov.my/CodeSystem/active-ingredient-my-core,CodeSystemActiveIngredientMyCore
1322,Darifenacin,,http://fhir.hie.moh.gov.my/CodeSystem/active-ingredient-my-core,CodeSystemActiveIngredientMyCore
1323,Tribulus terrestris,,http://fhir.hie.moh.gov.my/CodeSystem/active-ingredient-my-core,CodeSystemActiveIngredientMyCore
1324,Metyrapone,,http://fhir.hie.moh.gov.my/CodeSystem/active-ingredient-my-core,CodeSystemActiveIngredientMyCore
1325,Iodised Oil Fluid,,http://fhir.hie.moh.gov.my/CodeSystem/active-ingredient-my-core,CodeSystemActiveIngredientMyCore
1326,5-Hydroxytryptophan,,http://fhir.hie.moh.gov.my/CodeSystem/active-ingredient-my-core,CodeSystemActiveIngredientMyCore
1327,Paracetamol + Codeine,,http://fhir.hie.moh.gov.my/CodeSystem/active-ingredient-my-core,CodeSystemActiveIngredientMyCore
1328,Afatinib,,http://fhir.hie.moh.gov.my/CodeSystem/active-ingredient-my-core,CodeSystemActiveIngredientMyCore
1329,Tetrahydrobiopterin,,http://fhir.hie.moh.gov.my/CodeSystem/active-ingredient-my-core,CodeSystemActiveIngredientMyCore
1330,Idursulfase beta,,http://fhir.hie.moh.gov.my/CodeSystem/active-ingredient-my-core,CodeSystemActiveIngredientMyCore
1331,Raltitrexed,,http://fhir.hie.moh.gov.my/CodeSystem/active-ingredient-my-core,CodeSystemActiveIngredientMyCore
1332,Prucalopride,,http://fhir.hie.moh.gov.my/CodeSystem/active-ingredient-my-core,CodeSystemActiveIngredientMyCore
1333,Mirabegron,,http://fhir.hie.moh.gov.my/CodeSystem/active-ingredient-my-core,CodeSystemActiveIngredientMyCore
1334,Racecadotril,,http://fhir.hie.moh.gov.my/CodeSystem/active-ingredient-my-core,CodeSystemActiveIngredientMyCore
1335,Levomepromazine (methotrimeprazine),,http://fhir.hie.moh.gov.my/CodeSystem/active-ingredient-my-core,CodeSystemActiveIngredientMyCore
1336,Tocopherol (Vitamin E),,http://fhir.hie.moh.gov.my/CodeSystem/active-ingredient-my-core,CodeSystemActiveIngredientMyCore
1337,Indacaterol + Glycopyrronium bromide,,http://fhir.hie.moh.gov.my/CodeSystem/active-ingredient-my-core,CodeSystemActiveIngredientMyCore
1338,Lactobacilus A + Bifidobacterium B,,http://fhir.hie.moh.gov.my/CodeSystem/active-ingredient-my-core,CodeSystemActiveIngredientMyCore
1339,Citicoline,,http://fhir.hie.moh.gov.my/CodeSystem/active-ingredient-my-core,CodeSystemActiveIngredientMyCore
1340,di-sodium hydrogen phosphate,,http://fhir.hie.moh.gov.my/CodeSystem/active-ingredient-my-core,CodeSystemActiveIngredientMyCore
1341,Sulphur hexachloride,,http://fhir.hie.moh.gov.my/CodeSystem/active-ingredient-my-core,CodeSystemActiveIngredientMyCore
1342,Dimethicone,,http://fhir.hie.moh.gov.my/CodeSystem/active-ingredient-my-core,CodeSystemActiveIngredientMyCore
1343,Octenidine,,http://fhir.hie.moh.gov.my/CodeSystem/active-ingredient-my-core,CodeSystemActiveIngredientMyCore
1344,Dexlansoprazole,,http://fhir.hie.moh.gov.my/CodeSystem/active-ingredient-my-core,CodeSystemActiveIngredientMyCore
1345,Metformin + Linagliptin,,http://fhir.hie.moh.gov.my/CodeSystem/active-ingredient-my-core,CodeSystemActiveIngredientMyCore
1346,Ixazomib,,http://fhir.hie.moh.gov.my/CodeSystem/active-ingredient-my-core,CodeSystemActiveIngredientMyCore
1347,Secukinumab,,http://fhir.hie.moh.gov.my/CodeSystem/active-ingredient-my-core,CodeSystemActiveIngredientMyCore
1348,Rifapentine,,http://fhir.hie.moh.gov.my/CodeSystem/active-ingredient-my-core,CodeSystemActiveIngredientMyCore
1349,Benzocaine,,http://fhir.hie.moh.gov.my/CodeSystem/active-ingredient-my-core,CodeSystemActiveIngredientMyCore
1350,Olodaterol,,http://fhir.hie.moh.gov.my/CodeSystem/active-ingredient-my-core,CodeSystemActiveIngredientMyCore
1351,Ponatinib,,http://fhir.hie.moh.gov.my/CodeSystem/active-ingredient-my-core,CodeSystemActiveIngredientMyCore
1352,Pinaverium,,http://fhir.hie.moh.gov.my/CodeSystem/active-ingredient-my-core,CodeSystemActiveIngredientMyCore
1353,Macrogol,,http://fhir.hie.moh.gov.my/CodeSystem/active-ingredient-my-core,CodeSystemActiveIngredientMyCore
1354,Crizotinib,,http://fhir.hie.moh.gov.my/CodeSystem/active-ingredient-my-core,CodeSystemActiveIngredientMyCore
1355,Clopidogrel + Acetylsalicyclic acid,,http://fhir.hie.moh.gov.my/CodeSystem/active-ingredient-my-core,CodeSystemActiveIngredientMyCore
1356,Flurbiprofen,,http://fhir.hie.moh.gov.my/CodeSystem/active-ingredient-my-core,CodeSystemActiveIngredientMyCore
1357,Insulin Degludec,,http://fhir.hie.moh.gov.my/CodeSystem/active-ingredient-my-core,CodeSystemActiveIngredientMyCore
1358,Etidronic acid,,http://fhir.hie.moh.gov.my/CodeSystem/active-ingredient-my-core,CodeSystemActiveIngredientMyCore
1359,Osimertinib,,http://fhir.hie.moh.gov.my/CodeSystem/active-ingredient-my-core,CodeSystemActiveIngredientMyCore
1360,Rilpivirine,,http://fhir.hie.moh.gov.my/CodeSystem/active-ingredient-my-core,CodeSystemActiveIngredientMyCore
1361,Digoxin immune fab,,http://fhir.hie.moh.gov.my/CodeSystem/active-ingredient-my-core,CodeSystemActiveIngredientMyCore
1362,Efavirenz + Emtricitabine + Tenofovir disoproxil,,http://fhir.hie.moh.gov.my/CodeSystem/active-ingredient-my-core,CodeSystemActiveIngredientMyCore
1363,Sodium Fluoride,,http://fhir.hie.moh.gov.my/CodeSystem/active-ingredient-my-core,CodeSystemActiveIngredientMyCore
1364,Sacubitril and valsartan,,http://fhir.hie.moh.gov.my/CodeSystem/active-ingredient-my-core,CodeSystemActiveIngredientMyCore
1365,Maraviroc,,http://fhir.hie.moh.gov.my/CodeSystem/active-ingredient-my-core,CodeSystemActiveIngredientMyCore
1366,Axitinib,,http://fhir.hie.moh.gov.my/CodeSystem/active-ingredient-my-core,CodeSystemActiveIngredientMyCore
1367,Lenvatinib,,http://fhir.hie.moh.gov.my/CodeSystem/active-ingredient-my-core,CodeSystemActiveIngredientMyCore
1368,"Tegafur, gimeracil, otaracil",,http://fhir.hie.moh.gov.my/CodeSystem/active-ingredient-my-core,CodeSystemActiveIngredientMyCore
1369,Dimercaptosuccinic acid (Succimer),,http://fhir.hie.moh.gov.my/CodeSystem/active-ingredient-my-core,CodeSystemActiveIngredientMyCore
1370,DOTA-[NAL3]-Octreotate,,http://fhir.hie.moh.gov.my/CodeSystem/active-ingredient-my-core,CodeSystemActiveIngredientMyCore
1371,DOTA-[TRY3]-Octreotate,,http://fhir.hie.moh.gov.my/CodeSystem/active-ingredient-my-core,CodeSystemActiveIngredientMyCore
1372,DOTA-Octreotate,,http://fhir.hie.moh.gov.my/CodeSystem/active-ingredient-my-core,CodeSystemActiveIngredientMyCore
1373,Germanium-68/Gallium-68,,http://fhir.hie.moh.gov.my/CodeSystem/active-ingredient-my-core,CodeSystemActiveIngredientMyCore
1374,Iodine-124,,http://fhir.hie.moh.gov.my/CodeSystem/active-ingredient-my-core,CodeSystemActiveIngredientMyCore
1375,Lutetium-177,,http://fhir.hie.moh.gov.my/CodeSystem/active-ingredient-my-core,CodeSystemActiveIngredientMyCore
1376,Samarium-153 Lexidronam,,http://fhir.hie.moh.gov.my/CodeSystem/active-ingredient-my-core,CodeSystemActiveIngredientMyCore
1377,Scantibodies Calcitonin,,http://fhir.hie.moh.gov.my/CodeSystem/active-ingredient-my-core,CodeSystemActiveIngredientMyCore
1378,Sodium Pyrophosphate Decahydrate,,http://fhir.hie.moh.gov.my/CodeSystem/active-ingredient-my-core,CodeSystemActiveIngredientMyCore
1379,Fluorine-18 Fluorodeoxyglucose,,http://fhir.hie.moh.gov.my/CodeSystem/active-ingredient-my-core,CodeSystemActiveIngredientMyCore
1380,Methylene Diphosphonate,,http://fhir.hie.moh.gov.my/CodeSystem/active-ingredient-my-core,CodeSystemActiveIngredientMyCore
1381,Diethylenetriamine Pentaacetic Acid,,http://fhir.hie.moh.gov.my/CodeSystem/active-ingredient-my-core,CodeSystemActiveIngredientMyCore
1382,Resin microspheres,,http://fhir.hie.moh.gov.my/CodeSystem/active-ingredient-my-core,CodeSystemActiveIngredientMyCore
1383,PSMA-HBED-CC,,http://fhir.hie.moh.gov.my/CodeSystem/active-ingredient-my-core,CodeSystemActiveIngredientMyCore
1384,Proflavine,,http://fhir.hie.moh.gov.my/CodeSystem/active-ingredient-my-core,CodeSystemActiveIngredientMyCore
1385,Sodium nitrate + Sodium Thiosulfate,,http://fhir.hie.moh.gov.my/CodeSystem/active-ingredient-my-core,CodeSystemActiveIngredientMyCore
1386,Resorcinol,,http://fhir.hie.moh.gov.my/CodeSystem/active-ingredient-my-core,CodeSystemActiveIngredientMyCore
1387,Tafluprost,,http://fhir.hie.moh.gov.my/CodeSystem/active-ingredient-my-core,CodeSystemActiveIngredientMyCore
1388,Dolutegravir,,http://fhir.hie.moh.gov.my/CodeSystem/active-ingredient-my-core,CodeSystemActiveIngredientMyCore
1389,Cefoxitin,,http://fhir.hie.moh.gov.my/CodeSystem/active-ingredient-my-core,CodeSystemActiveIngredientMyCore
1390,Ferric hexacyanoferrate,,http://fhir.hie.moh.gov.my/CodeSystem/active-ingredient-my-core,CodeSystemActiveIngredientMyCore
1391,Propamidine,,http://fhir.hie.moh.gov.my/CodeSystem/active-ingredient-my-core,CodeSystemActiveIngredientMyCore
1392,L-methionine,,http://fhir.hie.moh.gov.my/CodeSystem/active-ingredient-my-core,CodeSystemActiveIngredientMyCore
1393,Sofosbuvir and Ledipasvir,,http://fhir.hie.moh.gov.my/CodeSystem/active-ingredient-my-core,CodeSystemActiveIngredientMyCore
1394,Idarucizumab,,http://fhir.hie.moh.gov.my/CodeSystem/active-ingredient-my-core,CodeSystemActiveIngredientMyCore
1395,Panitumumab,,http://fhir.hie.moh.gov.my/CodeSystem/active-ingredient-my-core,CodeSystemActiveIngredientMyCore
1396,Pimozide,,http://fhir.hie.moh.gov.my/CodeSystem/active-ingredient-my-core,CodeSystemActiveIngredientMyCore
1397,Calcium and Vitamin D,,http://fhir.hie.moh.gov.my/CodeSystem/active-ingredient-my-core,CodeSystemActiveIngredientMyCore
1398,Ibrutinib,,http://fhir.hie.moh.gov.my/CodeSystem/active-ingredient-my-core,CodeSystemActiveIngredientMyCore
1399,Calfactant,,http://fhir.hie.moh.gov.my/CodeSystem/active-ingredient-my-core,CodeSystemActiveIngredientMyCore
1400,Recombinant Human Beta-Glucuronidase,,http://fhir.hie.moh.gov.my/CodeSystem/active-ingredient-my-core,CodeSystemActiveIngredientMyCore
1401,Resorcinol and Phenol,,http://fhir.hie.moh.gov.my/CodeSystem/active-ingredient-my-core,CodeSystemActiveIngredientMyCore
1402,Sodium Bicarbonate and Sodium Chloride,,http://fhir.hie.moh.gov.my/CodeSystem/active-ingredient-my-core,CodeSystemActiveIngredientMyCore
1403,Darbepoietin alfa,,http://fhir.hie.moh.gov.my/CodeSystem/active-ingredient-my-core,CodeSystemActiveIngredientMyCore
1404,Mexiletine,,http://fhir.hie.moh.gov.my/CodeSystem/active-ingredient-my-core,CodeSystemActiveIngredientMyCore
1405,Pembrolizumab,,http://fhir.hie.moh.gov.my/CodeSystem/active-ingredient-my-core,CodeSystemActiveIngredientMyCore
1406,Alirocumab,,http://fhir.hie.moh.gov.my/CodeSystem/active-ingredient-my-core,CodeSystemActiveIngredientMyCore
1407,Evolocumab,,http://fhir.hie.moh.gov.my/CodeSystem/active-ingredient-my-core,CodeSystemActiveIngredientMyCore
1408,Daclatasvir,,http://fhir.hie.moh.gov.my/CodeSystem/active-ingredient-my-core,CodeSystemActiveIngredientMyCore
1409,"Vilanterol, Umeclidinium bromide",,http://fhir.hie.moh.gov.my/CodeSystem/active-ingredient-my-core,CodeSystemActiveIngredientMyCore
1410,Vortioxetine,,http://fhir.hie.moh.gov.my/CodeSystem/active-ingredient-my-core,CodeSystemActiveIngredientMyCore
1411,Vedolizumab,,http://fhir.hie.moh.gov.my/CodeSystem/active-ingredient-my-core,CodeSystemActiveIngredientMyCore
1412,Metformin + Dapagliflozin,,http://fhir.hie.moh.gov.my/CodeSystem/active-ingredient-my-core,CodeSystemActiveIngredientMyCore
1413,Nintedanib,,http://fhir.hie.moh.gov.my/CodeSystem/active-ingredient-my-core,CodeSystemActiveIngredientMyCore
1414,Sofosbuvir,,http://fhir.hie.moh.gov.my/CodeSystem/active-ingredient-my-core,CodeSystemActiveIngredientMyCore
1415,Brinzolamide + Brimonidine,,http://fhir.hie.moh.gov.my/CodeSystem/active-ingredient-my-core,CodeSystemActiveIngredientMyCore
1416,Enzalutamide,,http://fhir.hie.moh.gov.my/CodeSystem/active-ingredient-my-core,CodeSystemActiveIngredientMyCore
1417,Daratumumab,,http://fhir.hie.moh.gov.my/CodeSystem/active-ingredient-my-core,CodeSystemActiveIngredientMyCore
1418,Tafluprost + Timolol,,http://fhir.hie.moh.gov.my/CodeSystem/active-ingredient-my-core,CodeSystemActiveIngredientMyCore
1419,Ethylenediaminetetraacetic acid,,http://fhir.hie.moh.gov.my/CodeSystem/active-ingredient-my-core,CodeSystemActiveIngredientMyCore
1420,Pimecrolimus,,http://fhir.hie.moh.gov.my/CodeSystem/active-ingredient-my-core,CodeSystemActiveIngredientMyCore
1421,Multivitamin and Minerals,,http://fhir.hie.moh.gov.my/CodeSystem/active-ingredient-my-core,CodeSystemActiveIngredientMyCore
1422,Ceftolozane + tazobactam,,http://fhir.hie.moh.gov.my/CodeSystem/active-ingredient-my-core,CodeSystemActiveIngredientMyCore
1423,"Sodium Picosulfate, Magnesium Oxide and Citric Acid",,http://fhir.hie.moh.gov.my/CodeSystem/active-ingredient-my-core,CodeSystemActiveIngredientMyCore
1424,Carfilzomib,,http://fhir.hie.moh.gov.my/CodeSystem/active-ingredient-my-core,CodeSystemActiveIngredientMyCore
1425,Elbasvir and Grazoprevir,,http://fhir.hie.moh.gov.my/CodeSystem/active-ingredient-my-core,CodeSystemActiveIngredientMyCore
1426,Ranolazine,,http://fhir.hie.moh.gov.my/CodeSystem/active-ingredient-my-core,CodeSystemActiveIngredientMyCore
1427,Doxorubicin (Peg Liposomal),,http://fhir.hie.moh.gov.my/CodeSystem/active-ingredient-my-core,CodeSystemActiveIngredientMyCore
1428,Ribociclib,,http://fhir.hie.moh.gov.my/CodeSystem/active-ingredient-my-core,CodeSystemActiveIngredientMyCore
1429,Palbociclib,,http://fhir.hie.moh.gov.my/CodeSystem/active-ingredient-my-core,CodeSystemActiveIngredientMyCore
1430,Potassium Dihydrogen Phosphate,,http://fhir.hie.moh.gov.my/CodeSystem/active-ingredient-my-core,CodeSystemActiveIngredientMyCore
1431,Durvalumab,,http://fhir.hie.moh.gov.my/CodeSystem/active-ingredient-my-core,CodeSystemActiveIngredientMyCore
1432,Insulin Degludec and Insulin Aspart,,http://fhir.hie.moh.gov.my/CodeSystem/active-ingredient-my-core,CodeSystemActiveIngredientMyCore
1433,Olodaterol and Tiotropium bromide,,http://fhir.hie.moh.gov.my/CodeSystem/active-ingredient-my-core,CodeSystemActiveIngredientMyCore
1434,Anakinra,,http://fhir.hie.moh.gov.my/CodeSystem/active-ingredient-my-core,CodeSystemActiveIngredientMyCore
1435,Nebivolol,,http://fhir.hie.moh.gov.my/CodeSystem/active-ingredient-my-core,CodeSystemActiveIngredientMyCore
1436,Macitentan,,http://fhir.hie.moh.gov.my/CodeSystem/active-ingredient-my-core,CodeSystemActiveIngredientMyCore
1437,Pertuzumab,,http://fhir.hie.moh.gov.my/CodeSystem/active-ingredient-my-core,CodeSystemActiveIngredientMyCore
1438,Agalsidase beta,,http://fhir.hie.moh.gov.my/CodeSystem/active-ingredient-my-core,CodeSystemActiveIngredientMyCore
1439,Alectinib,,http://fhir.hie.moh.gov.my/CodeSystem/active-ingredient-my-core,CodeSystemActiveIngredientMyCore
1440,Atezolizumab,,http://fhir.hie.moh.gov.my/CodeSystem/active-ingredient-my-core,CodeSystemActiveIngredientMyCore
1441,Blinatumomab,,http://fhir.hie.moh.gov.my/CodeSystem/active-ingredient-my-core,CodeSystemActiveIngredientMyCore
1442,Tenofovir alafenamide,,http://fhir.hie.moh.gov.my/CodeSystem/active-ingredient-my-core,CodeSystemActiveIngredientMyCore
1443,Ceritinib,,http://fhir.hie.moh.gov.my/CodeSystem/active-ingredient-my-core,CodeSystemActiveIngredientMyCore
1444,Dulaglutide,,http://fhir.hie.moh.gov.my/CodeSystem/active-ingredient-my-core,CodeSystemActiveIngredientMyCore
1445,Vilanterol + Fluticasone,,http://fhir.hie.moh.gov.my/CodeSystem/active-ingredient-my-core,CodeSystemActiveIngredientMyCore
1446,Iron(III) Isomaltoside 1000,,http://fhir.hie.moh.gov.my/CodeSystem/active-ingredient-my-core,CodeSystemActiveIngredientMyCore
1447,Midostaurin,,http://fhir.hie.moh.gov.my/CodeSystem/active-ingredient-my-core,CodeSystemActiveIngredientMyCore
1448,Venetoclax,,http://fhir.hie.moh.gov.my/CodeSystem/active-ingredient-my-core,CodeSystemActiveIngredientMyCore
1449,Ramucirumab,,http://fhir.hie.moh.gov.my/CodeSystem/active-ingredient-my-core,CodeSystemActiveIngredientMyCore
1450,Lorlatinib,,http://fhir.hie.moh.gov.my/CodeSystem/active-ingredient-my-core,CodeSystemActiveIngredientMyCore
1451,Rurioctocog alfa pegol,,http://fhir.hie.moh.gov.my/CodeSystem/active-ingredient-my-core,CodeSystemActiveIngredientMyCore
1452,Nivolumab,,http://fhir.hie.moh.gov.my/CodeSystem/active-ingredient-my-core,CodeSystemActiveIngredientMyCore
1453,Inotuzumab ozogamicin,,http://fhir.hie.moh.gov.my/CodeSystem/active-ingredient-my-core,CodeSystemActiveIngredientMyCore
1454,Asfotase alfa,,http://fhir.hie.moh.gov.my/CodeSystem/active-ingredient-my-core,CodeSystemActiveIngredientMyCore
1455,Brivaracetam,,http://fhir.hie.moh.gov.my/CodeSystem/active-ingredient-my-core,CodeSystemActiveIngredientMyCore
1456,Dimercapto-propanesulphonate (DMPS),,http://fhir.hie.moh.gov.my/CodeSystem/active-ingredient-my-core,CodeSystemActiveIngredientMyCore
1457,Trastuzumab emtansine,,http://fhir.hie.moh.gov.my/CodeSystem/active-ingredient-my-core,CodeSystemActiveIngredientMyCore
1458,Paclitaxel protein-bound,,http://fhir.hie.moh.gov.my/CodeSystem/active-ingredient-my-core,CodeSystemActiveIngredientMyCore
1459,Emicizumab,,http://fhir.hie.moh.gov.my/CodeSystem/active-ingredient-my-core,CodeSystemActiveIngredientMyCore
1460,Cerliponase alfa,,http://fhir.hie.moh.gov.my/CodeSystem/active-ingredient-my-core,CodeSystemActiveIngredientMyCore
1461,Guselkumab,,http://fhir.hie.moh.gov.my/CodeSystem/active-ingredient-my-core,CodeSystemActiveIngredientMyCore
1462,Docusate sodium,,http://fhir.hie.moh.gov.my/CodeSystem/active-ingredient-my-core,CodeSystemActiveIngredientMyCore
1463,Lercanidipine,,http://fhir.hie.moh.gov.my/CodeSystem/active-ingredient-my-core,CodeSystemActiveIngredientMyCore
1464,Polatuzumab vedotin,,http://fhir.hie.moh.gov.my/CodeSystem/active-ingredient-my-core,CodeSystemActiveIngredientMyCore
1465,Insulin glargine and Lixisenatide,,http://fhir.hie.moh.gov.my/CodeSystem/active-ingredient-my-core,CodeSystemActiveIngredientMyCore
1466,Thyrotropin RH (Protirelin),,http://fhir.hie.moh.gov.my/CodeSystem/active-ingredient-my-core,CodeSystemActiveIngredientMyCore
1467,Erenumab,,http://fhir.hie.moh.gov.my/CodeSystem/active-ingredient-my-core,CodeSystemActiveIngredientMyCore
1468,Baricitinib,,http://fhir.hie.moh.gov.my/CodeSystem/active-ingredient-my-core,CodeSystemActiveIngredientMyCore
1469,Pyrimethamine+ sulfamethoxazole,,http://fhir.hie.moh.gov.my/CodeSystem/active-ingredient-my-core,CodeSystemActiveIngredientMyCore
1470,Tolvaptan,,http://fhir.hie.moh.gov.my/CodeSystem/active-ingredient-my-core,CodeSystemActiveIngredientMyCore
1471,Dupilumab,,http://fhir.hie.moh.gov.my/CodeSystem/active-ingredient-my-core,CodeSystemActiveIngredientMyCore
1472,Dornase alfa,,http://fhir.hie.moh.gov.my/CodeSystem/active-ingredient-my-core,CodeSystemActiveIngredientMyCore
1473,Benzydamine + Cetylpyridinium,,http://fhir.hie.moh.gov.my/CodeSystem/active-ingredient-my-core,CodeSystemActiveIngredientMyCore
1474,Benzydamine + Cetylpyridinium + Pholcodine,,http://fhir.hie.moh.gov.my/CodeSystem/active-ingredient-my-core,CodeSystemActiveIngredientMyCore
1475,mecasermin (human insulin-like growth factor-1(IGF-1),,http://fhir.hie.moh.gov.my/CodeSystem/active-ingredient-my-core,CodeSystemActiveIngredientMyCore
1476,Hepatitis A & B Combination,,http://fhir.hie.moh.gov.my/CodeSystem/active-ingredient-my-core,CodeSystemActiveIngredientMyCore
1477,sertaconazole,,http://fhir.hie.moh.gov.my/CodeSystem/active-ingredient-my-core,CodeSystemActiveIngredientMyCore
1478,Fluocinolone + Hydroquinone + Tretinoin,,http://fhir.hie.moh.gov.my/CodeSystem/active-ingredient-my-core,CodeSystemActiveIngredientMyCore
1479,Abemaciclib,,http://fhir.hie.moh.gov.my/CodeSystem/active-ingredient-my-core,CodeSystemActiveIngredientMyCore
1480,Isavuconazole,,http://fhir.hie.moh.gov.my/CodeSystem/active-ingredient-my-core,CodeSystemActiveIngredientMyCore
1481,Palonosetron + Netupitant,,http://fhir.hie.moh.gov.my/CodeSystem/active-ingredient-my-core,CodeSystemActiveIngredientMyCore
1482,Human fibrinogen,,http://fhir.hie.moh.gov.my/CodeSystem/active-ingredient-my-core,CodeSystemActiveIngredientMyCore
1483,Glecaprevir and Pibrentasvir,,http://fhir.hie.moh.gov.my/CodeSystem/active-ingredient-my-core,CodeSystemActiveIngredientMyCore
1484,Gilteritinib,,http://fhir.hie.moh.gov.my/CodeSystem/active-ingredient-my-core,CodeSystemActiveIngredientMyCore
1485,Riociguat,,http://fhir.hie.moh.gov.my/CodeSystem/active-ingredient-my-core,CodeSystemActiveIngredientMyCore
1486,Ixekizumab,,http://fhir.hie.moh.gov.my/CodeSystem/active-ingredient-my-core,CodeSystemActiveIngredientMyCore
1487,Luseogliflozin,,http://fhir.hie.moh.gov.my/CodeSystem/active-ingredient-my-core,CodeSystemActiveIngredientMyCore
1488,Emtricitabine and Tenofovir alafenamide,,http://fhir.hie.moh.gov.my/CodeSystem/active-ingredient-my-core,CodeSystemActiveIngredientMyCore
1489,Onasemnogene abeparvovec,,http://fhir.hie.moh.gov.my/CodeSystem/active-ingredient-my-core,CodeSystemActiveIngredientMyCore
1490,Betacarotene,,http://fhir.hie.moh.gov.my/CodeSystem/active-ingredient-my-core,CodeSystemActiveIngredientMyCore
1491,Apalutamide,,http://fhir.hie.moh.gov.my/CodeSystem/active-ingredient-my-core,CodeSystemActiveIngredientMyCore
1492,Ripretinib,,http://fhir.hie.moh.gov.my/CodeSystem/active-ingredient-my-core,CodeSystemActiveIngredientMyCore
1493,Azelastine and fluticasone,,http://fhir.hie.moh.gov.my/CodeSystem/active-ingredient-my-core,CodeSystemActiveIngredientMyCore
1494,Bilastine,,http://fhir.hie.moh.gov.my/CodeSystem/active-ingredient-my-core,CodeSystemActiveIngredientMyCore
1495,Ocrelizumab,,http://fhir.hie.moh.gov.my/CodeSystem/active-ingredient-my-core,CodeSystemActiveIngredientMyCore
1496,Acacia gum,,http://fhir.hie.moh.gov.my/CodeSystem/active-ingredient-my-core,CodeSystemActiveIngredientMyCore
1497,House Dust Mites allergen extract,,http://fhir.hie.moh.gov.my/CodeSystem/active-ingredient-my-core,CodeSystemActiveIngredientMyCore
1498,Multivitamin (Fat soluble),,http://fhir.hie.moh.gov.my/CodeSystem/active-ingredient-my-core,CodeSystemActiveIngredientMyCore
1499,Multivitamin (Water soluble),,http://fhir.hie.moh.gov.my/CodeSystem/active-ingredient-my-core,CodeSystemActiveIngredientMyCore
1500,Favipiravir,,http://fhir.hie.moh.gov.my/CodeSystem/active-ingredient-my-core,CodeSystemActiveIngredientMyCore
1501,Remdesivir,,http://fhir.hie.moh.gov.my/CodeSystem/active-ingredient-my-core,CodeSystemActiveIngredientMyCore
1502,Asciminib,,http://fhir.hie.moh.gov.my/CodeSystem/active-ingredient-my-core,CodeSystemActiveIngredientMyCore
1503,Mepolizumab,,http://fhir.hie.moh.gov.my/CodeSystem/active-ingredient-my-core,CodeSystemActiveIngredientMyCore
1504,Vemurafenib,,http://fhir.hie.moh.gov.my/CodeSystem/active-ingredient-my-core,CodeSystemActiveIngredientMyCore
1505,Obeticholic acid,,http://fhir.hie.moh.gov.my/CodeSystem/active-ingredient-my-core,CodeSystemActiveIngredientMyCore
1506,Vestronidase alfa,,http://fhir.hie.moh.gov.my/CodeSystem/active-ingredient-my-core,CodeSystemActiveIngredientMyCore
1507,Famotidine,,http://fhir.hie.moh.gov.my/CodeSystem/active-ingredient-my-core,CodeSystemActiveIngredientMyCore
1508,Valaciclovir,,http://fhir.hie.moh.gov.my/CodeSystem/active-ingredient-my-core,CodeSystemActiveIngredientMyCore
1509,Human fibrinogen + thrombin,,http://fhir.hie.moh.gov.my/CodeSystem/active-ingredient-my-core,CodeSystemActiveIngredientMyCore
1510,13C-UREA,,http://fhir.hie.moh.gov.my/CodeSystem/active-ingredient-my-core,CodeSystemActiveIngredientMyCore
1511,Sulfur Hexafluoride Lipid-type A microspheres,,http://fhir.hie.moh.gov.my/CodeSystem/active-ingredient-my-core,CodeSystemActiveIngredientMyCore
1512,"poliomyelitis, trivalent, inactivated, whole virus",,http://fhir.hie.moh.gov.my/CodeSystem/active-ingredient-my-core,CodeSystemActiveIngredientMyCore
1513,Magnesium Aspartate,,http://fhir.hie.moh.gov.my/CodeSystem/active-ingredient-my-core,CodeSystemActiveIngredientMyCore
1514,Sterile Evacuated Vial (SEV),,http://fhir.hie.moh.gov.my/CodeSystem/active-ingredient-my-core,CodeSystemActiveIngredientMyCore
1515,Saline Elution Vial,,http://fhir.hie.moh.gov.my/CodeSystem/active-ingredient-my-core,CodeSystemActiveIngredientMyCore
1516,combinations of imidazole derivatives,,http://fhir.hie.moh.gov.my/CodeSystem/active-ingredient-my-core,CodeSystemActiveIngredientMyCore
1517,Erbium-169 Citrate,,http://fhir.hie.moh.gov.my/CodeSystem/active-ingredient-my-core,CodeSystemActiveIngredientMyCore
1518,"Sofosbuvir, velpatasvir and voxilaprevir",,http://fhir.hie.moh.gov.my/CodeSystem/active-ingredient-my-core,CodeSystemActiveIngredientMyCore
1519,Quinidine,,http://fhir.hie.moh.gov.my/CodeSystem/active-ingredient-my-core,CodeSystemActiveIngredientMyCore
1520,Procainamide,,http://fhir.hie.moh.gov.my/CodeSystem/active-ingredient-my-core,CodeSystemActiveIngredientMyCore
1521,semaglutide,,http://fhir.hie.moh.gov.my/CodeSystem/active-ingredient-my-core,CodeSystemActiveIngredientMyCore
1522,Letermovir,,http://fhir.hie.moh.gov.my/CodeSystem/active-ingredient-my-core,CodeSystemActiveIngredientMyCore
1523,Selinexor,,http://fhir.hie.moh.gov.my/CodeSystem/active-ingredient-my-core,CodeSystemActiveIngredientMyCore
1524,vonoprazan,,http://fhir.hie.moh.gov.my/CodeSystem/active-ingredient-my-core,CodeSystemActiveIngredientMyCore
1525,Esketamine,,http://fhir.hie.moh.gov.my/CodeSystem/active-ingredient-my-core,CodeSystemActiveIngredientMyCore
1526,diphtheria-Hemophilus influenzae B-pertussis-poliomyelitis-tetanus-hepatitis B,,http://fhir.hie.moh.gov.my/CodeSystem/active-ingredient-my-core,CodeSystemActiveIngredientMyCore
1527,siponimod,,http://fhir.hie.moh.gov.my/CodeSystem/active-ingredient-my-core,CodeSystemActiveIngredientMyCore
1528,Allergen Rubber Additives Series,,http://fhir.hie.moh.gov.my/CodeSystem/active-ingredient-my-core,CodeSystemActiveIngredientMyCore
1529,Allergen Bakery Series,,http://fhir.hie.moh.gov.my/CodeSystem/active-ingredient-my-core,CodeSystemActiveIngredientMyCore
1530,Allergen Hairdressing Series,,http://fhir.hie.moh.gov.my/CodeSystem/active-ingredient-my-core,CodeSystemActiveIngredientMyCore
1531,Allergen Metal Series,,http://fhir.hie.moh.gov.my/CodeSystem/active-ingredient-my-core,CodeSystemActiveIngredientMyCore
1532,Allergen Cosmetic Series,,http://fhir.hie.moh.gov.my/CodeSystem/active-ingredient-my-core,CodeSystemActiveIngredientMyCore
1533,Allergen European Baseline Series,,http://fhir.hie.moh.gov.my/CodeSystem/active-ingredient-my-core,CodeSystemActiveIngredientMyCore
1534,Allergen Plastic & Glues Series,,http://fhir.hie.moh.gov.my/CodeSystem/active-ingredient-my-core,CodeSystemActiveIngredientMyCore
1535,Allergen Textile Colours & Finish Series,,http://fhir.hie.moh.gov.my/CodeSystem/active-ingredient-my-core,CodeSystemActiveIngredientMyCore
1536,Allergen Shoe Series,,http://fhir.hie.moh.gov.my/CodeSystem/active-ingredient-my-core,CodeSystemActiveIngredientMyCore
1537,COVID-19 Vaccine,,http://fhir.hie.moh.gov.my/CodeSystem/active-ingredient-my-core,CodeSystemActiveIngredientMyCore
1538,risankizumab,,http://fhir.hie.moh.gov.my/CodeSystem/active-ingredient-my-core,CodeSystemActiveIngredientMyCore
1539,sofosbuvir and velpatasvir,,http://fhir.hie.moh.gov.my/CodeSystem/active-ingredient-my-core,CodeSystemActiveIngredientMyCore
1540,brexpiprazole,,http://fhir.hie.moh.gov.my/CodeSystem/active-ingredient-my-core,CodeSystemActiveIngredientMyCore
1541,mivacurium chloride,,http://fhir.hie.moh.gov.my/CodeSystem/active-ingredient-my-core,CodeSystemActiveIngredientMyCore
1542,fosphenytoin,,http://fhir.hie.moh.gov.my/CodeSystem/active-ingredient-my-core,CodeSystemActiveIngredientMyCore
1543,cladribine,,http://fhir.hie.moh.gov.my/CodeSystem/active-ingredient-my-core,CodeSystemActiveIngredientMyCore
1544,13C-urea,,http://fhir.hie.moh.gov.my/CodeSystem/active-ingredient-my-core,CodeSystemActiveIngredientMyCore
1545,Carnoy`s Solution,,http://fhir.hie.moh.gov.my/CodeSystem/active-ingredient-my-core,CodeSystemActiveIngredientMyCore
1546,Allergen Dental Screening Series,,http://fhir.hie.moh.gov.my/CodeSystem/active-ingredient-my-core,CodeSystemActiveIngredientMyCore
1547,Antithrombin III,,http://fhir.hie.moh.gov.my/CodeSystem/active-ingredient-my-core,CodeSystemActiveIngredientMyCore
1548,Human Hemin,,http://fhir.hie.moh.gov.my/CodeSystem/active-ingredient-my-core,CodeSystemActiveIngredientMyCore
1549,Sarilumab,,http://fhir.hie.moh.gov.my/CodeSystem/active-ingredient-my-core,CodeSystemActiveIngredientMyCore
1550,"articaine, combinations",,http://fhir.hie.moh.gov.my/CodeSystem/active-ingredient-my-core,CodeSystemActiveIngredientMyCore
1551,ceftazidime and beta-lactamase inhibitor,,http://fhir.hie.moh.gov.my/CodeSystem/active-ingredient-my-core,CodeSystemActiveIngredientMyCore
1552,flucloxacillin,,http://fhir.hie.moh.gov.my/CodeSystem/active-ingredient-my-core,CodeSystemActiveIngredientMyCore
1553,Benralizumab,,http://fhir.hie.moh.gov.my/CodeSystem/active-ingredient-my-core,CodeSystemActiveIngredientMyCore
1554,olaparib,,http://fhir.hie.moh.gov.my/CodeSystem/active-ingredient-my-core,CodeSystemActiveIngredientMyCore
1555,nadroparin,,http://fhir.hie.moh.gov.my/CodeSystem/active-ingredient-my-core,CodeSystemActiveIngredientMyCore
1556,Chenodeoxycholic acid,,http://fhir.hie.moh.gov.my/CodeSystem/active-ingredient-my-core,CodeSystemActiveIngredientMyCore
1557,Not applicable,,http://fhir.hie.moh.gov.my/CodeSystem/active-ingredient-my-core,CodeSystemActiveIngredientMyCore
1558,Deflazacort,,http://fhir.hie.moh.gov.my/CodeSystem/active-ingredient-my-core,CodeSystemActiveIngredientMyCore
1559,vandetanib,,http://fhir.hie.moh.gov.my/CodeSystem/active-ingredient-my-core,CodeSystemActiveIngredientMyCore
1560,cariprazine,,http://fhir.hie.moh.gov.my/CodeSystem/active-ingredient-my-core,CodeSystemActiveIngredientMyCore
1561,Casirivimab & Imdevimab,,http://fhir.hie.moh.gov.my/CodeSystem/active-ingredient-my-core,CodeSystemActiveIngredientMyCore
1562,talazoparib,,http://fhir.hie.moh.gov.my/CodeSystem/active-ingredient-my-core,CodeSystemActiveIngredientMyCore
1563,satralizumab,,http://fhir.hie.moh.gov.my/CodeSystem/active-ingredient-my-core,CodeSystemActiveIngredientMyCore
1564,hydroquinidine,,http://fhir.hie.moh.gov.my/CodeSystem/active-ingredient-my-core,CodeSystemActiveIngredientMyCore
1565,Aztreonam,,http://fhir.hie.moh.gov.my/CodeSystem/active-ingredient-my-core,CodeSystemActiveIngredientMyCore
1566,Alitretinoin,,http://fhir.hie.moh.gov.my/CodeSystem/active-ingredient-my-core,CodeSystemActiveIngredientMyCore
1567,Niacinamide (Vitamin B3),,http://fhir.hie.moh.gov.my/CodeSystem/active-ingredient-my-core,CodeSystemActiveIngredientMyCore
1568,dabrafenib,,http://fhir.hie.moh.gov.my/CodeSystem/active-ingredient-my-core,CodeSystemActiveIngredientMyCore
1569,Allergen Fragrance Series,,http://fhir.hie.moh.gov.my/CodeSystem/active-ingredient-my-core,CodeSystemActiveIngredientMyCore
1570,Allergen International Comprehensive Baseline Series,,http://fhir.hie.moh.gov.my/CodeSystem/active-ingredient-my-core,CodeSystemActiveIngredientMyCore
1571,avelumab,,http://fhir.hie.moh.gov.my/CodeSystem/active-ingredient-my-core,CodeSystemActiveIngredientMyCore
1572,Amivantamab,,http://fhir.hie.moh.gov.my/CodeSystem/active-ingredient-my-core,CodeSystemActiveIngredientMyCore
1573,Methoxyflurane,,http://fhir.hie.moh.gov.my/CodeSystem/active-ingredient-my-core,CodeSystemActiveIngredientMyCore
1574,dinutuximab beta,,http://fhir.hie.moh.gov.my/CodeSystem/active-ingredient-my-core,CodeSystemActiveIngredientMyCore
1575,collagenase,,http://fhir.hie.moh.gov.my/CodeSystem/active-ingredient-my-core,CodeSystemActiveIngredientMyCore
1576,Ravidasvir,,http://fhir.hie.moh.gov.my/CodeSystem/active-ingredient-my-core,CodeSystemActiveIngredientMyCore
1577,Nirmatrelvir & Ritonavir,,http://fhir.hie.moh.gov.my/CodeSystem/active-ingredient-my-core,CodeSystemActiveIngredientMyCore
1578,entrectinib,,http://fhir.hie.moh.gov.my/CodeSystem/active-ingredient-my-core,CodeSystemActiveIngredientMyCore
1579,trametinib,,http://fhir.hie.moh.gov.my/CodeSystem/active-ingredient-my-core,CodeSystemActiveIngredientMyCore
1580,Molnupiravir,,http://fhir.hie.moh.gov.my/CodeSystem/active-ingredient-my-core,CodeSystemActiveIngredientMyCore
1581,capmatinib,,http://fhir.hie.moh.gov.my/CodeSystem/active-ingredient-my-core,CodeSystemActiveIngredientMyCore
1582,fidaxomicin,,http://fhir.hie.moh.gov.my/CodeSystem/active-ingredient-my-core,CodeSystemActiveIngredientMyCore
1583,apraclonidine,,http://fhir.hie.moh.gov.my/CodeSystem/active-ingredient-my-core,CodeSystemActiveIngredientMyCore
1584,"propanol, combinations",,http://fhir.hie.moh.gov.my/CodeSystem/active-ingredient-my-core,CodeSystemActiveIngredientMyCore
1585,tafamidis,,http://fhir.hie.moh.gov.my/CodeSystem/active-ingredient-my-core,CodeSystemActiveIngredientMyCore
1586,Luspatercept,,http://fhir.hie.moh.gov.my/CodeSystem/active-ingredient-my-core,CodeSystemActiveIngredientMyCore
1587,Upadacitinib,,http://fhir.hie.moh.gov.my/CodeSystem/active-ingredient-my-core,CodeSystemActiveIngredientMyCore
1588,tixagevimab and cilgavimab,,http://fhir.hie.moh.gov.my/CodeSystem/active-ingredient-my-core,CodeSystemActiveIngredientMyCore
1589,buserelin,,http://fhir.hie.moh.gov.my/CodeSystem/active-ingredient-my-core,CodeSystemActiveIngredientMyCore
1590,sodium iodide (124I),,http://fhir.hie.moh.gov.my/CodeSystem/active-ingredient-my-core,CodeSystemActiveIngredientMyCore
1591,TRODAT-1,,http://fhir.hie.moh.gov.my/CodeSystem/active-ingredient-my-core,CodeSystemActiveIngredientMyCore
1592,fluocinolone acetonide and antiinfectives,,http://fhir.hie.moh.gov.my/CodeSystem/active-ingredient-my-core,CodeSystemActiveIngredientMyCore
1593,Ravulizumab,,http://fhir.hie.moh.gov.my/CodeSystem/active-ingredient-my-core,CodeSystemActiveIngredientMyCore
1594,Allergen,,http://fhir.hie.moh.gov.my/CodeSystem/active-ingredient-my-core,CodeSystemActiveIngredientMyCore
1595,silodosin,,http://fhir.hie.moh.gov.my/CodeSystem/active-ingredient-my-core,CodeSystemActiveIngredientMyCore
1596,Magnesium,,http://fhir.hie.moh.gov.my/CodeSystem/active-ingredient-my-core,CodeSystemActiveIngredientMyCore
1597,Prostate Spesific Membrane Antigen (PMSA),,http://fhir.hie.moh.gov.my/CodeSystem/active-ingredient-my-core,CodeSystemActiveIngredientMyCore
1598,sulbactam,,http://fhir.hie.moh.gov.my/CodeSystem/active-ingredient-my-core,CodeSystemActiveIngredientMyCore
1599,thrombin,,http://fhir.hie.moh.gov.my/CodeSystem/active-ingredient-my-core,CodeSystemActiveIngredientMyCore
1600,tobramycin,,http://fhir.hie.moh.gov.my/CodeSystem/active-ingredient-my-core,CodeSystemActiveIngredientMyCore
1601,tepotinib,,http://fhir.hie.moh.gov.my/CodeSystem/active-ingredient-my-core,CodeSystemActiveIngredientMyCore
1602,romosozumab,,http://fhir.hie.moh.gov.my/CodeSystem/active-ingredient-my-core,CodeSystemActiveIngredientMyCore
1603,Dacomitinib,,http://fhir.hie.moh.gov.my/CodeSystem/active-ingredient-my-core,CodeSystemActiveIngredientMyCore
1604,"Alverine, combinations",,http://fhir.hie.moh.gov.my/CodeSystem/active-ingredient-my-core,CodeSystemActiveIngredientMyCore
1605,Magnesium Chloride,,http://fhir.hie.moh.gov.my/CodeSystem/active-ingredient-my-core,CodeSystemActiveIngredientMyCore
1606,ofatumumab,,http://fhir.hie.moh.gov.my/CodeSystem/active-ingredient-my-core,CodeSystemActiveIngredientMyCore
1607,Sotorasib,,http://fhir.hie.moh.gov.my/CodeSystem/active-ingredient-my-core,CodeSystemActiveIngredientMyCore
1608,Macitentan & Tadalafil,,http://fhir.hie.moh.gov.my/CodeSystem/active-ingredient-my-core,CodeSystemActiveIngredientMyCore
1609,"lamivudine, tenofovir disoproxil and dolutegravir",,http://fhir.hie.moh.gov.my/CodeSystem/active-ingredient-my-core,CodeSystemActiveIngredientMyCore
1610,Alpelisib,,http://fhir.hie.moh.gov.my/CodeSystem/active-ingredient-my-core,CodeSystemActiveIngredientMyCore
1611,"tegafur, combinations",,http://fhir.hie.moh.gov.my/CodeSystem/active-ingredient-my-core,CodeSystemActiveIngredientMyCore
1612,Inclisiran,,http://fhir.hie.moh.gov.my/CodeSystem/active-ingredient-my-core,CodeSystemActiveIngredientMyCore
1613,"indacaterol, glycopyrronium bromide and mometasone",,http://fhir.hie.moh.gov.my/CodeSystem/active-ingredient-my-core,CodeSystemActiveIngredientMyCore
1614,selpercatinib,,http://fhir.hie.moh.gov.my/CodeSystem/active-ingredient-my-core,CodeSystemActiveIngredientMyCore
1615,Other mineral products,,http://fhir.hie.moh.gov.my/CodeSystem/active-ingredient-my-core,CodeSystemActiveIngredientMyCore
1616,Navitoclax,,http://fhir.hie.moh.gov.my/CodeSystem/active-ingredient-my-core,CodeSystemActiveIngredientMyCore
1617,edoxaban,,http://fhir.hie.moh.gov.my/CodeSystem/active-ingredient-my-core,CodeSystemActiveIngredientMyCore
1618,"orphenadrine, combinations",,http://fhir.hie.moh.gov.my/CodeSystem/active-ingredient-my-core,CodeSystemActiveIngredientMyCore
1619,"paracetamol, combinations excl. psycholeptics",,http://fhir.hie.moh.gov.my/CodeSystem/active-ingredient-my-core,CodeSystemActiveIngredientMyCore
1620,beraprost,,http://fhir.hie.moh.gov.my/CodeSystem/active-ingredient-my-core,CodeSystemActiveIngredientMyCore
1621,Hippocastani semen,,http://fhir.hie.moh.gov.my/CodeSystem/active-ingredient-my-core,CodeSystemActiveIngredientMyCore
1622,[68Ga]Ga-PSMA-HBED-CC,,http://fhir.hie.moh.gov.my/CodeSystem/active-ingredient-my-core,CodeSystemActiveIngredientMyCore
1623,metaraminol,,http://fhir.hie.moh.gov.my/CodeSystem/active-ingredient-my-core,CodeSystemActiveIngredientMyCore
1624,mobocertinib,,http://fhir.hie.moh.gov.my/CodeSystem/active-ingredient-my-core,CodeSystemActiveIngredientMyCore
1625,avalglucosidase alfa,,http://fhir.hie.moh.gov.my/CodeSystem/active-ingredient-my-core,CodeSystemActiveIngredientMyCore
