code,display,definition,system_url,system_name
PNA00001,"Nutriflex Lipid Peri 955kcal,1.25L","Nutriflex Lipid Peri 955kcal,1.25L",http://fhir.hie.moh.gov.my/CodeSystem/drug-my-core,CodeSystemDrugMyCore
PNA00020,"Smof Kabiven Peripheral 1000kcal, 1.5L","Smof Kabiven Peripheral 1000kcal, 1.5L",http://fhir.hie.moh.gov.my/CodeSystem/drug-my-core,CodeSystemDrugMyCore
PNA00014,"Kabiven Periferal 1000kcal, 1.5L","Kabiven Periferal 1000kcal, 1.5L",http://fhir.hie.moh.gov.my/CodeSystem/drug-my-core,CodeSystemDrugMyCore
PNA00015,"Kabiven Periferal 1400kcal, 2.0L","Kabiven Periferal 1400kcal, 2.0L",http://fhir.hie.moh.gov.my/CodeSystem/drug-my-core,CodeSystemDrugMyCore
PNA00013,"Kabiven Central 1900kcal, 2.053L","Kabiven Central 1900kcal, 2.053L",http://fhir.hie.moh.gov.my/CodeSystem/drug-my-core,CodeSystemDrugMyCore
PNA00009,"Nutriflex Lipid Special 2215kcal, 1.875L","Nutriflex Lipid Special 2215kcal, 1.875L",http://fhir.hie.moh.gov.my/CodeSystem/drug-my-core,CodeSystemDrugMyCore
PNA00021,"Smof Kabiven Peripheral 1300kcal, 1.9L","Smof Kabiven Peripheral 1300kcal, 1.9L",http://fhir.hie.moh.gov.my/CodeSystem/drug-my-core,CodeSystemDrugMyCore
PNA00018,"Smof Kabiven Central 2200kcal, 2.0L","Smof Kabiven Central 2200kcal, 2.0L",http://fhir.hie.moh.gov.my/CodeSystem/drug-my-core,CodeSystemDrugMyCore
PNA00003,"Nutriflex Lipid Peri 1910kcal, 2.5L","Nutriflex Lipid Peri 1910kcal, 2.5L",http://fhir.hie.moh.gov.my/CodeSystem/drug-my-core,CodeSystemDrugMyCore
PNA00017,"Smof Kabiven Central 1600kcal, 1.5L","Smof Kabiven Central 1600kcal, 1.5L",http://fhir.hie.moh.gov.my/CodeSystem/drug-my-core,CodeSystemDrugMyCore
PNA00002,"Nutriflex Lipid Peri 1435kcal,1.875L","Nutriflex Lipid Peri 1435kcal,1.875L",http://fhir.hie.moh.gov.my/CodeSystem/drug-my-core,CodeSystemDrugMyCore
PNA00011,Kabiven Central 900kcal 1.026L,Kabiven Central 900kcal 1.026L,http://fhir.hie.moh.gov.my/CodeSystem/drug-my-core,CodeSystemDrugMyCore
PNA00012,"Kabiven Central 1400kcal, 1.54L","Kabiven Central 1400kcal, 1.54L",http://fhir.hie.moh.gov.my/CodeSystem/drug-my-core,CodeSystemDrugMyCore
PNA00010,"Nutriflex Lipid Special 2950kcal, 2.5L","Nutriflex Lipid Special 2950kcal, 2.5L",http://fhir.hie.moh.gov.my/CodeSystem/drug-my-core,CodeSystemDrugMyCore
PNA00006,"Nutriflex Lipid Plus 2530kcal, 2.5L","Nutriflex Lipid Plus 2530kcal, 2.5L",http://fhir.hie.moh.gov.my/CodeSystem/drug-my-core,CodeSystemDrugMyCore
B05BA01910P3001a,Amino acid 5% (Aminoven) 500ml IV Soln,Aminoven 5% 500ml IV Soln,http://fhir.hie.moh.gov.my/CodeSystem/drug-my-core,CodeSystemDrugMyCore
B05BA01910P3001k,Amino acid 15% (Aminoplasmal) 500ml IV Soln,"Aminoplasma 15%, 500ml IV Soln",http://fhir.hie.moh.gov.my/CodeSystem/drug-my-core,CodeSystemDrugMyCore
B05BA01910P3001c,Amino acid 10% (Aminoven) 500ml IV Soln,"Aminoven 10%, 500ml IV Soln",http://fhir.hie.moh.gov.my/CodeSystem/drug-my-core,CodeSystemDrugMyCore
B05BA01910P3001n,Amino acid 6.53% (Vaminolact) 100ml IV Soln,Vaminolact 6.53% 100ml IV Soln,http://fhir.hie.moh.gov.my/CodeSystem/drug-my-core,CodeSystemDrugMyCore
B05BA01910P3001m,Amino acid 13.4% (Glamin) 500ml IV Soln,Glamin 13.4% 500ml IV Soln,http://fhir.hie.moh.gov.my/CodeSystem/drug-my-core,CodeSystemDrugMyCore
B05BA01910P3001b,Amino acid 6.53% (Vaminolact) 500ml IV Soln,Vaminolact 6.53% 500ml IV Soln,http://fhir.hie.moh.gov.my/CodeSystem/drug-my-core,CodeSystemDrugMyCore
B05BA01910P3001d,Amino acid 15% (Aminoven) 500ml IV Soln,Aminoven 15% 500ml IV Soln,http://fhir.hie.moh.gov.my/CodeSystem/drug-my-core,CodeSystemDrugMyCore
RAW00016,Concentrated Anise Water BP,Concentrated Anise Water BP,http://fhir.hie.moh.gov.my/CodeSystem/drug-my-core,CodeSystemDrugMyCore
RAW00083,Arachis Oil (Peanut Oil),Arachis Oil (Peanut Oil),http://fhir.hie.moh.gov.my/CodeSystem/drug-my-core,CodeSystemDrugMyCore
P01BE03000P3001XX,Artesunate 60mg injection,Artesunate 60mg injection,http://fhir.hie.moh.gov.my/CodeSystem/drug-my-core,CodeSystemDrugMyCore
RAW00104,Ascorbic Acid Powder,Ascorbic Acid Powder,http://fhir.hie.moh.gov.my/CodeSystem/drug-my-core,CodeSystemDrugMyCore
J01FA10011P4001XX,Azithromycin 500mg Injection,Azithromycin 500mg Injection,http://fhir.hie.moh.gov.my/CodeSystem/drug-my-core,CodeSystemDrugMyCore
J07AN01000P4001XX,BCG Vaccine Freeze-Dried Inj,BCG Vaccine Freeze-Dried Injection,http://fhir.hie.moh.gov.my/CodeSystem/drug-my-core,CodeSystemDrugMyCore
RAW00100,Bentonite Powder,Bentonite Powder,http://fhir.hie.moh.gov.my/CodeSystem/drug-my-core,CodeSystemDrugMyCore
RAW00029,Lysol (Benzalkonium Chloride) Soln,Lysol (Benzalkonium Chloride) Soln,http://fhir.hie.moh.gov.my/CodeSystem/drug-my-core,CodeSystemDrugMyCore
RAW00093,Tetracycline Hydrochloride Powder,Tetracycline Hydrochloride Powder,http://fhir.hie.moh.gov.my/CodeSystem/drug-my-core,CodeSystemDrugMyCore
RAW00053,Bismuth subnitrate,Bismuth subnitrate,http://fhir.hie.moh.gov.my/CodeSystem/drug-my-core,CodeSystemDrugMyCore
GLN0200022,"Bismuth, Iodoform, Liquid Paraffin (BIPP) Paste, Gauze 0.5 inch",BIPP Gauze Roll (0.5 inch),http://fhir.hie.moh.gov.my/CodeSystem/drug-my-core,CodeSystemDrugMyCore
N01BB01110P3002XX,Bupivacaine 0.5% (Plain) Injection,Bupivacaine 0.5% (Plain) Injection,http://fhir.hie.moh.gov.my/CodeSystem/drug-my-core,CodeSystemDrugMyCore
N01BB01110P3004XX,Bupivacaine 0.125% Epidural Inj,Bupivacaine 0.125% Epidural Inj,http://fhir.hie.moh.gov.my/CodeSystem/drug-my-core,CodeSystemDrugMyCore
N01BB01110P3003XX,Bupivacaine 0.5% Heavy Inj,Bupivacaine 0.5% Heavy Inj,http://fhir.hie.moh.gov.my/CodeSystem/drug-my-core,CodeSystemDrugMyCore
IVA00006,Bupivacaine 1 mg/ml + Fentanyl  1 mcg/ml  Epidural,Bpcaine 0.1%  + Fentanyl  1 mcg/ml  Epi.,http://fhir.hie.moh.gov.my/CodeSystem/drug-my-core,CodeSystemDrugMyCore
IVA00005,Bupivacaine 1 mg/ml  + Fentanyl 2 mcg/ml Epidural,Bpcaine 0.1%  + Fentanyl 2 mcg/ml Epi.,http://fhir.hie.moh.gov.my/CodeSystem/drug-my-core,CodeSystemDrugMyCore
IVA00004,Bupivacaine 0.5 mg/ml + Fentanyl  Citrate 2 mcg/ml,Bpcaine 0.05%  + Fentanyl  2 mcg/ml Epi.,http://fhir.hie.moh.gov.my/CodeSystem/drug-my-core,CodeSystemDrugMyCore
N01BB51975P3001XX,"Bupivacaine 0.5%+Adrenaline 1:200,000 Inj","Bupivacaine 0.5%,Adrenaline 1:200000 Inj",http://fhir.hie.moh.gov.my/CodeSystem/drug-my-core,CodeSystemDrugMyCore
H05BA01000P3002XX,Calcitonin (synthetic Salmon) 100 IU Injection,Calcitonin (synthetic Salmon) 100 IU Inj,http://fhir.hie.moh.gov.my/CodeSystem/drug-my-core,CodeSystemDrugMyCore
H05BA01000P3001XX,Calcitonin (Synthetic Salmon) 50 IU Injection,Calcitonin (Synthetic Salmon) 50 IU Inj,http://fhir.hie.moh.gov.my/CodeSystem/drug-my-core,CodeSystemDrugMyCore
KPK00007,Calcium Chloride 10%  injection,Calcium Chloride 10%  injection,http://fhir.hie.moh.gov.my/CodeSystem/drug-my-core,CodeSystemDrugMyCore
RAW00105,Disodium edetate BP,Disodium edetate BP,http://fhir.hie.moh.gov.my/CodeSystem/drug-my-core,CodeSystemDrugMyCore
V03AB03999P3001XX,Calcium Disodium Edetate 200mg Inj,Calcium Disodium Edetate 200mg Inj,http://fhir.hie.moh.gov.my/CodeSystem/drug-my-core,CodeSystemDrugMyCore
RAW00059,Camphor BP,Camphor BP,http://fhir.hie.moh.gov.my/CodeSystem/drug-my-core,CodeSystemDrugMyCore
RAW00017,Concentrated Camphor Water BP,Concentrated Camphor Water BP,http://fhir.hie.moh.gov.my/CodeSystem/drug-my-core,CodeSystemDrugMyCore
J01DB04520P3001XX,Cefazolin 1g Inj,Cefazolin 1g Inj,http://fhir.hie.moh.gov.my/CodeSystem/drug-my-core,CodeSystemDrugMyCore
J01DE01110P4001XX,Cefepime 500mg Inj,Cefepime 500mg Inj,http://fhir.hie.moh.gov.my/CodeSystem/drug-my-core,CodeSystemDrugMyCore
J01DE01110P4002XX,Cefepime 1g Inj,Cefepime 1g Inj,http://fhir.hie.moh.gov.my/CodeSystem/drug-my-core,CodeSystemDrugMyCore
J01DD12520P4001XX,Cefoperazone 500mg Inj,Cefoperazone 500mg Inj,http://fhir.hie.moh.gov.my/CodeSystem/drug-my-core,CodeSystemDrugMyCore
J01DD12520P4003XX,Cefoperazone 2g Inj,Cefoperazone 2g Inj,http://fhir.hie.moh.gov.my/CodeSystem/drug-my-core,CodeSystemDrugMyCore
J01DD12520P4002XX,Cefoperazone 1g Inj,Cefoperazone 1g Inj,http://fhir.hie.moh.gov.my/CodeSystem/drug-my-core,CodeSystemDrugMyCore
J01DD62000P4001XX,Cefoperazone 500mg + Sulbactam 500mg Inj,Cefoperazone 500mg + Sulbactam 500mg Inj,http://fhir.hie.moh.gov.my/CodeSystem/drug-my-core,CodeSystemDrugMyCore
J01DD01520P4001XX,Cefotaxime 500mg Injection,Cefotaxime 500mg Injection,http://fhir.hie.moh.gov.my/CodeSystem/drug-my-core,CodeSystemDrugMyCore
J01DD01520P4002XX,Cefotaxime 1g Injection,Cefotaxime 1g Injection,http://fhir.hie.moh.gov.my/CodeSystem/drug-my-core,CodeSystemDrugMyCore
J01DD02520P4004XX,Ceftazidime 2g Injection,Ceftazidime 2g Injection,http://fhir.hie.moh.gov.my/CodeSystem/drug-my-core,CodeSystemDrugMyCore
J01DD02520P4002XX,Ceftazidime 500mg Injection,Ceftazidime 500mg Injection,http://fhir.hie.moh.gov.my/CodeSystem/drug-my-core,CodeSystemDrugMyCore
J01DD02520P4001XX,Ceftazidime 250mg Injection,Ceftazidime 250mg Injection,http://fhir.hie.moh.gov.my/CodeSystem/drug-my-core,CodeSystemDrugMyCore
J01DD02520P4003XX,Ceftazidime 1g Injection,Ceftazidime 1g Injection,http://fhir.hie.moh.gov.my/CodeSystem/drug-my-core,CodeSystemDrugMyCore
J01DD04520P4003XX,Ceftriaxone 1g Injection,Ceftriaxone 1g Injection,http://fhir.hie.moh.gov.my/CodeSystem/drug-my-core,CodeSystemDrugMyCore
J01DC02520P4002XX,Cefuroxime 750mg Injection,Cefuroxime 750mg Injection,http://fhir.hie.moh.gov.my/CodeSystem/drug-my-core,CodeSystemDrugMyCore
J01DC02520P4001XX,Cefuroxime 250mg Injection,Cefuroxime 250mg Injection,http://fhir.hie.moh.gov.my/CodeSystem/drug-my-core,CodeSystemDrugMyCore
RAW00005,Alcohol Cetostearyl,Alcohol Cetostearyl,http://fhir.hie.moh.gov.my/CodeSystem/drug-my-core,CodeSystemDrugMyCore
RAW00007,Cetrimide Powder BP,Cetrimide Powder BP,http://fhir.hie.moh.gov.my/CodeSystem/drug-my-core,CodeSystemDrugMyCore
GLN0200023,Cetrimide 20% Concentrated Solution,Cetrimide 20% concentrated Solution,http://fhir.hie.moh.gov.my/CodeSystem/drug-my-core,CodeSystemDrugMyCore
RAW00097,Chloral Hydrate Powder,Chloral Hydrate Powder,http://fhir.hie.moh.gov.my/CodeSystem/drug-my-core,CodeSystemDrugMyCore
J01BA01520P4001XX,Chloramphenicol 1g Injection,Chloramphenicol 1g Injection,http://fhir.hie.moh.gov.my/CodeSystem/drug-my-core,CodeSystemDrugMyCore
RAW00098,Chlorhexidine Diacetate Powder,Chlorhexidine Diacetate Powder,http://fhir.hie.moh.gov.my/CodeSystem/drug-my-core,CodeSystemDrugMyCore
B05DB00908H2004XX,Peritoneal Dialysis with 2.5% Glucose Solution (2 Litres),"Peritoneal Dialysis, 2.5% Glucose Soln",http://fhir.hie.moh.gov.my/CodeSystem/drug-my-core,CodeSystemDrugMyCore
B05DB00908H2502d,CAPD 2.5L bag 1.75mmol Calcium Dialysate Soln 2.5% Dextrose,CAPD 1.75mmol Calcium 2.5%Dext 2.5L,http://fhir.hie.moh.gov.my/CodeSystem/drug-my-core,CodeSystemDrugMyCore
RAW00046,Iodine Tincture (Weak Iodine Solution BP),Iodine Tincture (Weak Iodine Solution BP,http://fhir.hie.moh.gov.my/CodeSystem/drug-my-core,CodeSystemDrugMyCore
RAW00090,Sodium Hydroxide (NaOH),Sodium Hydroxide (NaOH),http://fhir.hie.moh.gov.my/CodeSystem/drug-my-core,CodeSystemDrugMyCore
IVA00009,Heparin 1 IU/ml in 0.9% Sodium Chloride,Heparin 1 IU/ml in 0.9% Sodium Chloride,http://fhir.hie.moh.gov.my/CodeSystem/drug-my-core,CodeSystemDrugMyCore
S01EC01000P4001XX,Acetazolamide 500mg Inj,Acetazolamide 500mg Inj,http://fhir.hie.moh.gov.my/CodeSystem/drug-my-core,CodeSystemDrugMyCore
RAW00001,Acetic Acid BP/USP (Acid Acetic Glacial BP),Acid Acetic Glacial BP,http://fhir.hie.moh.gov.my/CodeSystem/drug-my-core,CodeSystemDrugMyCore
RAW00056,Acetone,Acetone,http://fhir.hie.moh.gov.my/CodeSystem/drug-my-core,CodeSystemDrugMyCore
L04AB04000P5001XX,Adalimumab 40mg Injection,Adalimumab 40mg Injection,http://fhir.hie.moh.gov.my/CodeSystem/drug-my-core,CodeSystemDrugMyCore
J07AM01000P3001XX,Tetanus Toxoid Injection (10 doses),Tetanus Toxoid Injection (10 doses),http://fhir.hie.moh.gov.my/CodeSystem/drug-my-core,CodeSystemDrugMyCore
PNP00004,"PN Soln 4, 300ml, Preterm Dextrose 10% Na 6mmol","PN Soln 4, 300ml Preterm Dext 10%",http://fhir.hie.moh.gov.my/CodeSystem/drug-my-core,CodeSystemDrugMyCore
PNP00001,"PN Soln 1, 100ml 72kcal Dext 14%, K nil (Starter)","PN Soln1, 100ml 72kcal Dext 14%, K nil",http://fhir.hie.moh.gov.my/CodeSystem/drug-my-core,CodeSystemDrugMyCore
PNP00002,"PN Soln 2, 200ml 144kcal Dext 14% Maintainance","PN Soln 2, 200ml 144kcal Dext 14%",http://fhir.hie.moh.gov.my/CodeSystem/drug-my-core,CodeSystemDrugMyCore
PNP00003,"PN Soln 3, 400ml, Preterm, Dextrose 10%, Normal sodium","PN Soln 3, 400ml Preterm Dext 10%",http://fhir.hie.moh.gov.my/CodeSystem/drug-my-core,CodeSystemDrugMyCore
PNP00014,"PN Soln 14, 100ml (47kcal, Dext 10%, Na 4.1mmol)","PN Soln 14, 100ml (47kcal, Dext 10%",http://fhir.hie.moh.gov.my/CodeSystem/drug-my-core,CodeSystemDrugMyCore
PNP00011,"PN Soln 100ml, Starter, Dextrose 10% without Potassium",PN Soln 100ml Starter Dext 10% without K,http://fhir.hie.moh.gov.my/CodeSystem/drug-my-core,CodeSystemDrugMyCore
PNP00012,"PN Soln 12, 200ml 94kcal, Dext 10%, Na 5.2mmol)","PN Soln 12, 200ml (94kcal, Dext 10%",http://fhir.hie.moh.gov.my/CodeSystem/drug-my-core,CodeSystemDrugMyCore
PNP00013,"PN Soln 13, 200ml (94kcal, Dext 10%, Na 14mmol)","PN Soln 13, 200ml (94kcal, Dext 10%",http://fhir.hie.moh.gov.my/CodeSystem/drug-my-core,CodeSystemDrugMyCore
PNP00015,"PN Soln 15, 200ml (100kcal, Dext 10%, organic PO4+)","PN Soln 15, 200ml (100kcal, Dext 10%",http://fhir.hie.moh.gov.my/CodeSystem/drug-my-core,CodeSystemDrugMyCore
PNP00018,"PN Soln 18, Starter 100ml 46kcal 10%Dext without Na+  K+","PN Soln 18, 100ml 10%Dext without Na & K",http://fhir.hie.moh.gov.my/CodeSystem/drug-my-core,CodeSystemDrugMyCore
PNP00017,"PN Soln 17, Starter 200ml 100kcal 10%Dext without K+","PN Soln 17, 200ml 10% Dext without K+",http://fhir.hie.moh.gov.my/CodeSystem/drug-my-core,CodeSystemDrugMyCore
PNP00010,"PN Soln 10, Starter without K+, 48.3kcal","PN Soln 10, Starter without K+, 48.3kcal",http://fhir.hie.moh.gov.my/CodeSystem/drug-my-core,CodeSystemDrugMyCore
PNP00008,"PN Soln 8, 200ml (94kcal, Dext 10%, Na 6.8mmol)","PN Soln 8, 200ml (94kcal, Dext 10%)",http://fhir.hie.moh.gov.my/CodeSystem/drug-my-core,CodeSystemDrugMyCore
PNP00005,"PN Soln 5, 200ml (115kcal, Dext 15%, Na 6mmol)","PN Soln 5, 200ml (115kcal, Dext 15%",http://fhir.hie.moh.gov.my/CodeSystem/drug-my-core,CodeSystemDrugMyCore
PNP00009,"PN Soln 9, Starter 100ml (47.2kcal, Dext 10%, K nil)","PN Soln 9, 100ml 47.2kcal, Dext 10%",http://fhir.hie.moh.gov.my/CodeSystem/drug-my-core,CodeSystemDrugMyCore
PNP00007,"PN Soln 7, 200ml (115kcal, Dext 15%, Na 8mmol)","PN Soln 7, 200ml (115kcal, Dext 15%",http://fhir.hie.moh.gov.my/CodeSystem/drug-my-core,CodeSystemDrugMyCore
PNP00006,"PN Soln 6, 200ml 115kcal, Dext 12.5% Na 8mmol","PN Soln 6, 200ml 115kcal, Dext 12.5%",http://fhir.hie.moh.gov.my/CodeSystem/drug-my-core,CodeSystemDrugMyCore
PNP00016,PN Soln 16 200ml 100kcal 10% Dextrose KPHPO,PN Soln 16 200ml 100kcal 10% Dextrose,http://fhir.hie.moh.gov.my/CodeSystem/drug-my-core,CodeSystemDrugMyCore
PNA00016,"Smof Kabiven Central 1100kcal, 1.0L","Smof Kabiven Central 1100kcal, 1.0L",http://fhir.hie.moh.gov.my/CodeSystem/drug-my-core,CodeSystemDrugMyCore
PNA00007,"Nutriflex Lipid Special 740kcal, 0.625L","Nutriflex Lipid Special 740kcal, 0.625L",http://fhir.hie.moh.gov.my/CodeSystem/drug-my-core,CodeSystemDrugMyCore
PNA00008,"Nutriflex Lipid Special 1475kcal,1.25L","Nutriflex Lipid Special 1475kcal,1.25L",http://fhir.hie.moh.gov.my/CodeSystem/drug-my-core,CodeSystemDrugMyCore
B01AD02000P4001XX,Alteplase 50mg/50ml Powder for Injection (rTPA),Alteplase 50mg/50ml Injection,http://fhir.hie.moh.gov.my/CodeSystem/drug-my-core,CodeSystemDrugMyCore
PNA00005,"Nutriflex Lipid Plus 1900kcal, 1.875L","Nutriflex Lipid Plus 1900kcal, 1.875L",http://fhir.hie.moh.gov.my/CodeSystem/drug-my-core,CodeSystemDrugMyCore
PNA00019,"Smof Kabiven Peripheral 800kcal, 1.2L","Smof Kabiven Peripheral 800kcal, 1.2L",http://fhir.hie.moh.gov.my/CodeSystem/drug-my-core,CodeSystemDrugMyCore
PNA00004,"Nutriflex Lipid Plus 1265kcal,1.25L","Nutriflex Lipid Plus 1265kcal,1.25L",http://fhir.hie.moh.gov.my/CodeSystem/drug-my-core,CodeSystemDrugMyCore
D02AX00000G1001XX,Aqueous Cream,Aqueous Cream,http://fhir.hie.moh.gov.my/CodeSystem/drug-my-core,CodeSystemDrugMyCore
RAW00102,Alcohol 90% V/V,Alcohol 90% V/V,http://fhir.hie.moh.gov.my/CodeSystem/drug-my-core,CodeSystemDrugMyCore
RPH000015,Technetium-99m Succimer (Tc-99m DMSA),Tc-99m Succimer,http://fhir.hie.moh.gov.my/CodeSystem/drug-my-core,CodeSystemDrugMyCore
EAR00002,Ichthammol Glycerin 10% Ear Drops,Ichthammol Glycerin 10% Ear Drops,http://fhir.hie.moh.gov.my/CodeSystem/drug-my-core,CodeSystemDrugMyCore
M04AB01000T1001XX,Probenecid 500 mg Tablet,Probenecid 500mg Tab,http://fhir.hie.moh.gov.my/CodeSystem/drug-my-core,CodeSystemDrugMyCore
N01BX01000A4001XX,Ethyl Chloride Spray,Ethyl Chloride Spray,http://fhir.hie.moh.gov.my/CodeSystem/drug-my-core,CodeSystemDrugMyCore
GLN0200013,Compound Podophyllin Paint (BP),Compound Podophyllin Paint (BP),http://fhir.hie.moh.gov.my/CodeSystem/drug-my-core,CodeSystemDrugMyCore
RAW00006,Cetomacrogol 1000 BP,Cetomacrogol 1000 BP,http://fhir.hie.moh.gov.my/CodeSystem/drug-my-core,CodeSystemDrugMyCore
J01CF02520P4002XX,Cloxacillin 500mg Inj,Cloxacillin 500mg Inj,http://fhir.hie.moh.gov.my/CodeSystem/drug-my-core,CodeSystemDrugMyCore
RAW00082,Hydrochloric Acid,Hydrochloric Acid,http://fhir.hie.moh.gov.my/CodeSystem/drug-my-core,CodeSystemDrugMyCore
RAW00003,Salicylic Acid BP,Salicylic Acid BP,http://fhir.hie.moh.gov.my/CodeSystem/drug-my-core,CodeSystemDrugMyCore
RAW00070,Sodium Lauryl Sulfate Solution,Sodium Lauryl Sulfate Solution,http://fhir.hie.moh.gov.my/CodeSystem/drug-my-core,CodeSystemDrugMyCore
C09AA02253T1001XX,Enalapril 5 mg Tablet,Enalapril 5mg Tablet,http://fhir.hie.moh.gov.my/CodeSystem/drug-my-core,CodeSystemDrugMyCore
A04AA02110P3001XX,Granisetron HCl 3mg/3ml Injection,Granisetron HCl 3mg/3ml Injection,http://fhir.hie.moh.gov.my/CodeSystem/drug-my-core,CodeSystemDrugMyCore
RAW00011,Chloroform BP,Chloroform BP,http://fhir.hie.moh.gov.my/CodeSystem/drug-my-core,CodeSystemDrugMyCore
RAW00073,X-Temp,X-Temp,http://fhir.hie.moh.gov.my/CodeSystem/drug-my-core,CodeSystemDrugMyCore
RAW00072,Sorbitol Liquid 70% (non-crystallising),Sorbitol Liquid 70% (non-crystallising),http://fhir.hie.moh.gov.my/CodeSystem/drug-my-core,CodeSystemDrugMyCore
V04CF01000P3001XX,Tuberculin PPD 2 TU/0.1ml Dose in 1.5 ml Injection,Tuberculin PPD 2 TU/0.1ml Dose in 1.5 ml,http://fhir.hie.moh.gov.my/CodeSystem/drug-my-core,CodeSystemDrugMyCore
KPK00108,Ivermectin 3mg Tablet,Ivermectin 3mg Tablet,http://fhir.hie.moh.gov.my/CodeSystem/drug-my-core,CodeSystemDrugMyCore
N05BA09000T1001XX,Clobazam 10mg Tablet,Clobazam 10mg Tablet,http://fhir.hie.moh.gov.my/CodeSystem/drug-my-core,CodeSystemDrugMyCore
M01AC06000T1001XX,Meloxicam 7.5 mg Tablet,Meloxicam 7.5mg Tab,http://fhir.hie.moh.gov.my/CodeSystem/drug-my-core,CodeSystemDrugMyCore
GLN0100053,Frusemide 1mg/ml Syrup,Frusemide 1mg/ml Syrup,http://fhir.hie.moh.gov.my/CodeSystem/drug-my-core,CodeSystemDrugMyCore
C01EB17110T1001XX,Ivabradine 5 mg Tablet,Ivabradine 5mg Tab,http://fhir.hie.moh.gov.my/CodeSystem/drug-my-core,CodeSystemDrugMyCore
N06AX16110C2001XX,Venlafaxine HCl 75 mg EXTENDED RELEASE Capsule,Venlafaxine HCl 75mg ER Cap,http://fhir.hie.moh.gov.my/CodeSystem/drug-my-core,CodeSystemDrugMyCore
RAW00068,Podophyllin/Podophyllum Resin,Podophyllin/Podophyllum Resin,http://fhir.hie.moh.gov.my/CodeSystem/drug-my-core,CodeSystemDrugMyCore
D05AA00000L5201XX,Coal Tar 20% Solution,Coal Tar 20% Solution,http://fhir.hie.moh.gov.my/CodeSystem/drug-my-core,CodeSystemDrugMyCore
RAW00092,Sodium Salicylate BP,Sodium Salicylate BP,http://fhir.hie.moh.gov.my/CodeSystem/drug-my-core,CodeSystemDrugMyCore
RAW00055,Chlorbutol,Chlorbutol,http://fhir.hie.moh.gov.my/CodeSystem/drug-my-core,CodeSystemDrugMyCore
N01AA01000L9901XX,Ether Solvent,Ether Solvent,http://fhir.hie.moh.gov.my/CodeSystem/drug-my-core,CodeSystemDrugMyCore
RAW00076,Ichthammol BP,Ichthammol BP,http://fhir.hie.moh.gov.my/CodeSystem/drug-my-core,CodeSystemDrugMyCore
RAW00032,Menthol Crystal BP/USP,Menthol Crystal BP/USP,http://fhir.hie.moh.gov.my/CodeSystem/drug-my-core,CodeSystemDrugMyCore
RAW00034,Neomycin Sulp Powder BP,Neomycin Sulp Powder BP,http://fhir.hie.moh.gov.my/CodeSystem/drug-my-core,CodeSystemDrugMyCore
RAW00069,Trichloroacetic acid Crystal,Trichloroacetic acid Crystal,http://fhir.hie.moh.gov.my/CodeSystem/drug-my-core,CodeSystemDrugMyCore
RAW00044,Syrup BP / Simple Syrup,Syrup BP / Simple Syrup,http://fhir.hie.moh.gov.my/CodeSystem/drug-my-core,CodeSystemDrugMyCore
N01AB07000L5001XX,Desflurane Liquid,Desflurane Liquid,http://fhir.hie.moh.gov.my/CodeSystem/drug-my-core,CodeSystemDrugMyCore
A06AX01000L5001XX,Glycerin,Glycerin,http://fhir.hie.moh.gov.my/CodeSystem/drug-my-core,CodeSystemDrugMyCore
RAW00009,Chlorocresol BP,Chlorocresol BP,http://fhir.hie.moh.gov.my/CodeSystem/drug-my-core,CodeSystemDrugMyCore
RAW00020,Ephedrine HCl Powder,Ephedrine HCl Powder,http://fhir.hie.moh.gov.my/CodeSystem/drug-my-core,CodeSystemDrugMyCore
RAW00004,Alcohol 96% (For External Use Only),Alcohol 96% (For External Use Only),http://fhir.hie.moh.gov.my/CodeSystem/drug-my-core,CodeSystemDrugMyCore
RAW00071,Methylcellulose Powder,Methylcellulose Powder,http://fhir.hie.moh.gov.my/CodeSystem/drug-my-core,CodeSystemDrugMyCore
RAW00033,Morphine HCl Powder,Morphine HCl Powder,http://fhir.hie.moh.gov.my/CodeSystem/drug-my-core,CodeSystemDrugMyCore
RAW00050,Sodium Citrate BP,Sodium Citrate BP,http://fhir.hie.moh.gov.my/CodeSystem/drug-my-core,CodeSystemDrugMyCore
RAW00074,Distilled Water,Distilled Water,http://fhir.hie.moh.gov.my/CodeSystem/drug-my-core,CodeSystemDrugMyCore
IVA00023,Cocaine  5% Solution,Cocaine  5% Solution,http://fhir.hie.moh.gov.my/CodeSystem/drug-my-core,CodeSystemDrugMyCore
RAW00106,Buffer Solution,Buffer Solution,http://fhir.hie.moh.gov.my/CodeSystem/drug-my-core,CodeSystemDrugMyCore
B05XA30905P3002XX,Trace Element - Paediatric (Peditrace) 10mL Inj,Trace Element (Peditrace) 10mL Inj,http://fhir.hie.moh.gov.my/CodeSystem/drug-my-core,CodeSystemDrugMyCore
B05XA30905P3001XX,Trace Element-Adult (Addamel N) 10mL Inj,Trace Element (Addamel N) 10mL Inj,http://fhir.hie.moh.gov.my/CodeSystem/drug-my-core,CodeSystemDrugMyCore
RPH000027,Yttrium-90 Ibritumomab Tiuxetan,Y-90 Ibritumomab Tiuxetan,http://fhir.hie.moh.gov.my/CodeSystem/drug-my-core,CodeSystemDrugMyCore
B05DB00908H2501a,CAPD 2L bag 1.75mmol Calcium Dialysate Soln 1.5% Dextrose,CAPD 1.75mmol Calcium 1.5% Dext 2L,http://fhir.hie.moh.gov.my/CodeSystem/drug-my-core,CodeSystemDrugMyCore
B05DB00908H2501b,CAPD 2L bag 1.25mmol Calcium Dialysate Soln 1.5% Dextrose,CAPD 1.25mmol Calcium 1.5%Dext 2L,http://fhir.hie.moh.gov.my/CodeSystem/drug-my-core,CodeSystemDrugMyCore
B05DB00908H2501c,CAPD/APD 2.5L bag 1.25mmol Calcium Dialysate Soln 1.5% Dextrose,CAPD/APD 1.25mmol Calcium 1.5%Dext 2.5L,http://fhir.hie.moh.gov.my/CodeSystem/drug-my-core,CodeSystemDrugMyCore
B05DB00908H2501d,CAPD 2.5L bag 1.75mmol Calcium Dialysate Soln 1.5% Dextrose,CAPD 1.75mmol Calcium 1.5%Dext 2.5L,http://fhir.hie.moh.gov.my/CodeSystem/drug-my-core,CodeSystemDrugMyCore
B05DB00908H2001XX,Peritoneal Dialysis Solution with 1.5% Dextrose (2 Litres),Peritoneal Dialysis 1.5% Dextrose,http://fhir.hie.moh.gov.my/CodeSystem/drug-my-core,CodeSystemDrugMyCore
B05DB00908H2503a,CAPD 2L bag 1.25mmol Calcium Dialysate Soln 4.25% Dextrose,CAPD 1.25mmol Calcium 4.25%Dext 2L,http://fhir.hie.moh.gov.my/CodeSystem/drug-my-core,CodeSystemDrugMyCore
B05DB00908H2503b,CAPD 2.5L bag 1.25mmol Calcium Dialysate Soln 4.25% Dextrose,CAPD 1.25mmol Calcium  4.25%Dex 2.5L,http://fhir.hie.moh.gov.my/CodeSystem/drug-my-core,CodeSystemDrugMyCore
B05DB00908H2503c,CAPD 2L bag 1.75mmol Calcium Dialysate Soln 4.25% Dextrose,CAPD 1.75mmol Calcium 4.25%Dext 2L,http://fhir.hie.moh.gov.my/CodeSystem/drug-my-core,CodeSystemDrugMyCore
B05DB00908H2503d,CAPD 2.5L bag 1.75mmol Calcium Dialysate Soln 4.25% Dextrose,CAPD 1.75mmol Calcium 4.25%Dex 2.5L,http://fhir.hie.moh.gov.my/CodeSystem/drug-my-core,CodeSystemDrugMyCore
B05DB00908H2002XX,Peritoneal Dialysis with 4.25% Glucose Solution (2Litres),"Peritoneal Dialysis, 4.25% Glucose Soln",http://fhir.hie.moh.gov.my/CodeSystem/drug-my-core,CodeSystemDrugMyCore
B05DB00908H2003XX,Peritoneal Dialysis with 7.5% Icodextrin Solution,Peritoneal Dialysis 7.5% Icodextrin Soln,http://fhir.hie.moh.gov.my/CodeSystem/drug-my-core,CodeSystemDrugMyCore
B05DB00908H2502a,CAPD 2L bag 1.25mmol Calcium Dialysate Soln 2.5% Dextrose,CAPD 1.25mmol Calcium 2.5%Dext 2L,http://fhir.hie.moh.gov.my/CodeSystem/drug-my-core,CodeSystemDrugMyCore
B05DB00908H2502b,CAPD/APD 2.5L bag 1.25mmol Calcium Dialysate Soln 2.5% Dextrose,CAPD/APD 1.25mmol Calcium 2.5%Dext 2.5L,http://fhir.hie.moh.gov.my/CodeSystem/drug-my-core,CodeSystemDrugMyCore
B05DB00908H2502c,CAPD 2L bag 1.75mmol Calcium Dialysate Soln 2.5% Dextrose,CAPD 1.75mmol Calcium 2.5%Dext 2L,http://fhir.hie.moh.gov.my/CodeSystem/drug-my-core,CodeSystemDrugMyCore
IVA00010,Levobupivacaine 1 mg/ml + Fentanyl  2 mcg/ml Epidural,Lpcaine 0.1% +  Fentanyl  2 mcg/ml Epi.,http://fhir.hie.moh.gov.my/CodeSystem/drug-my-core,CodeSystemDrugMyCore
RAW00008,Fruit Flavored Syrup,Fruit Flavored Syrup,http://fhir.hie.moh.gov.my/CodeSystem/drug-my-core,CodeSystemDrugMyCore
RAW00026,Fruit Essence,Fruit Essence,http://fhir.hie.moh.gov.my/CodeSystem/drug-my-core,CodeSystemDrugMyCore
RAW00048,Zinc Oxide BP,Zinc Oxide BP,http://fhir.hie.moh.gov.my/CodeSystem/drug-my-core,CodeSystemDrugMyCore
RAW00096,Barium Sulphate Powder BPC,Barium Sulphate Powder BPC,http://fhir.hie.moh.gov.my/CodeSystem/drug-my-core,CodeSystemDrugMyCore
RAW00099,Fuller's Earth Powder,Fuller's Earth Powder,http://fhir.hie.moh.gov.my/CodeSystem/drug-my-core,CodeSystemDrugMyCore
RAW00103,Dill Water Concentrate (Aqua Anethi),Dill Water Concentrate (Aqua Anethi),http://fhir.hie.moh.gov.my/CodeSystem/drug-my-core,CodeSystemDrugMyCore
RPH000050,Tc-99m Sterile Generator (405mCi),Tc-99m Sterile Generator (405mCi),http://fhir.hie.moh.gov.my/CodeSystem/drug-my-core,CodeSystemDrugMyCore
RPH000009,Technetium-99m Mebrofenin,Tc-99m Mebrofenin,http://fhir.hie.moh.gov.my/CodeSystem/drug-my-core,CodeSystemDrugMyCore
RPH000040,Preparation kit: Technetium-99m Medronate (Tc-99m MDP),Prep kit: Tc-99m Medronate,http://fhir.hie.moh.gov.my/CodeSystem/drug-my-core,CodeSystemDrugMyCore
RPH000010,Technetium-99m Medronate (Tc-99m MDP),Tc-99m Medronate,http://fhir.hie.moh.gov.my/CodeSystem/drug-my-core,CodeSystemDrugMyCore
RPH000011,Technetium-99m Mertiatide (Tc-99m MAG3),Tc-99m Mertiatide,http://fhir.hie.moh.gov.my/CodeSystem/drug-my-core,CodeSystemDrugMyCore
RPH000041,Preparation kit: Technetium-99m Mertiatide (Tc-99m MAG3),Prep kit: Tc-99m Mertiatide,http://fhir.hie.moh.gov.my/CodeSystem/drug-my-core,CodeSystemDrugMyCore
RPH000012,Technetium-99m Oxidronate (Tc-99m HDP),Tc-99m Oxidronate,http://fhir.hie.moh.gov.my/CodeSystem/drug-my-core,CodeSystemDrugMyCore
RPH000043,Preparation kit: Technetium-99m Pentetate (Tc-99m DTPA),Preparation kit: Tc-99m Pentetate,http://fhir.hie.moh.gov.my/CodeSystem/drug-my-core,CodeSystemDrugMyCore
RPH000013,Technetium-99m Pentetate (Tc-99m DTPA),Tc-99m Pentetate,http://fhir.hie.moh.gov.my/CodeSystem/drug-my-core,CodeSystemDrugMyCore
RPH000044,Preparation kit: Technetium-99m Sestamibi,Preparation kit: Tc-99m Sestamibi,http://fhir.hie.moh.gov.my/CodeSystem/drug-my-core,CodeSystemDrugMyCore
RPH000014,Technetium-99m Sestamibi,Tc-99m Sestamibi,http://fhir.hie.moh.gov.my/CodeSystem/drug-my-core,CodeSystemDrugMyCore
RPH000003,Sodium Pertechnetate (Tc-99m),Sodium Pertechnetate (Tc-99m),http://fhir.hie.moh.gov.my/CodeSystem/drug-my-core,CodeSystemDrugMyCore
RPH000045,Preparation kit: Technetium-99m Succimer (Tc-99m DMSA),Prep kit: Tc-99m Succimer,http://fhir.hie.moh.gov.my/CodeSystem/drug-my-core,CodeSystemDrugMyCore
RPH000016,Technetium-99m Succimer V (Tc-99m DMSA V),Tc-99m Succimer V,http://fhir.hie.moh.gov.my/CodeSystem/drug-my-core,CodeSystemDrugMyCore
RPH000017,Technetium-99m Sulfur Colloid,Tc-99m Sulfur Colloid,http://fhir.hie.moh.gov.my/CodeSystem/drug-my-core,CodeSystemDrugMyCore
RPH000046,Preparation kit: Technetium-99m Sulfur Colloid,Prep kit: Tc-99m Sulfur Colloid,http://fhir.hie.moh.gov.my/CodeSystem/drug-my-core,CodeSystemDrugMyCore
RPH000047,Preparation kit: Technetium-99m Tetrofosmin,Prep kit: Tc-99m Tetrofosmin,http://fhir.hie.moh.gov.my/CodeSystem/drug-my-core,CodeSystemDrugMyCore
RPH000018,Technetium-99m Tetrofosmin,Tc-99m Tetrofosmin,http://fhir.hie.moh.gov.my/CodeSystem/drug-my-core,CodeSystemDrugMyCore
RPH000048,Preparation kit: Technetium-99m Pyrophosphate (Tc-99m PYP),Prep kit: Tc-99m Pyrophosphate,http://fhir.hie.moh.gov.my/CodeSystem/drug-my-core,CodeSystemDrugMyCore
RPH000019,Technetium-99m Pyrophosphate (Tc-99m PYP),Tc-99m Pyrophosphate,http://fhir.hie.moh.gov.my/CodeSystem/drug-my-core,CodeSystemDrugMyCore
V07AV00000L9907XX,"Succindialdehyde 11%, Dimethoxytetrahydrofuran 3% Soln",Gigasept Soln,http://fhir.hie.moh.gov.my/CodeSystem/drug-my-core,CodeSystemDrugMyCore
V07AV00000L9909XX,Ortho-phthalaldehyde 0.55% Solution,Ortho-phthalaldehyde 0.55% Solution,http://fhir.hie.moh.gov.my/CodeSystem/drug-my-core,CodeSystemDrugMyCore
GLN0200037,Sodium Hypochlorite 5.25% Solution,Sodium Hypochlorite 5.25% Solution,http://fhir.hie.moh.gov.my/CodeSystem/drug-my-core,CodeSystemDrugMyCore
V07AV00000L9903XX,Sodium Hypochlorite 10% Solution,Sodium Hypochlorite 10% Solution,http://fhir.hie.moh.gov.my/CodeSystem/drug-my-core,CodeSystemDrugMyCore
V07AV00000L9906XX,Peracetic Acid and Hydrogen Peroxide,Peracetic Acid and Hydrogen Peroxide,http://fhir.hie.moh.gov.my/CodeSystem/drug-my-core,CodeSystemDrugMyCore
V07AV00000T1001XX,Sodium Dichloroisocyanurate 2.5g Tablet,Sodium Dichloroisocyanurate 2.5g Tablet,http://fhir.hie.moh.gov.my/CodeSystem/drug-my-core,CodeSystemDrugMyCore
V07AV00000F9901XX,Chlorinated Lime Powder,Chlorinated Lime Powder,http://fhir.hie.moh.gov.my/CodeSystem/drug-my-core,CodeSystemDrugMyCore
V07AV00000L9905XX,Glutaraldehyde Solution,Glutaraldehyde Solution,http://fhir.hie.moh.gov.my/CodeSystem/drug-my-core,CodeSystemDrugMyCore
V07AV00000T1002XX,Sodium Dichloroisocyanurate 5g Tablet,Sodium Dichloroisocyanurate 5g Tablet,http://fhir.hie.moh.gov.my/CodeSystem/drug-my-core,CodeSystemDrugMyCore
V07AV00100L9908XX,Benzalkonium Chloride Disinfectant Soln,Benzalkonium Cl Disinfectant Soln,http://fhir.hie.moh.gov.my/CodeSystem/drug-my-core,CodeSystemDrugMyCore
KPK00187,Teriparatide 20mcg Pre-filled Pen,Teriparatide 20mcg Pen,http://fhir.hie.moh.gov.my/CodeSystem/drug-my-core,CodeSystemDrugMyCore
G03BA03000P3001XX,Testosterone undecanoate 250mg/ml Injection,Testosterone undecanoate 250mg/ml Inj,http://fhir.hie.moh.gov.my/CodeSystem/drug-my-core,CodeSystemDrugMyCore
J06BB02000P3001XX,Tetanus Immunoglobulin Human 250 Units/Vial Inj,Tetanus Immunoglobulin 250Units/Vial Inj,http://fhir.hie.moh.gov.my/CodeSystem/drug-my-core,CodeSystemDrugMyCore
RAW00014,Chloroform Water Double-Strength BP (0.5% v/v),Chloroform Water Double-Strength BP,http://fhir.hie.moh.gov.my/CodeSystem/drug-my-core,CodeSystemDrugMyCore
RAW00012,Chloroform Spirit BP (5% v/v),Chloroform Spirit BP,http://fhir.hie.moh.gov.my/CodeSystem/drug-my-core,CodeSystemDrugMyCore
RAW00013,Chloroform Water BP (Single Strength Chloroform Water BP),Chloroform Water BP,http://fhir.hie.moh.gov.my/CodeSystem/drug-my-core,CodeSystemDrugMyCore
RAW00010,Chloroform AR,Chloroform AR,http://fhir.hie.moh.gov.my/CodeSystem/drug-my-core,CodeSystemDrugMyCore
J07AE01000P3001XX,Cholera Vaccine,Cholera Vaccine,http://fhir.hie.moh.gov.my/CodeSystem/drug-my-core,CodeSystemDrugMyCore
RPH000033,Chromium-51 EDTA,Chromium (Cr-51) EDTA,http://fhir.hie.moh.gov.my/CodeSystem/drug-my-core,CodeSystemDrugMyCore
RAW00075,Citric Acid BP (anhydrous),Citric Acid Powder,http://fhir.hie.moh.gov.my/CodeSystem/drug-my-core,CodeSystemDrugMyCore
J01FA09000P3001XX,Clarithromycin 500mg Injection,Clarithromycin 500mg Injection,http://fhir.hie.moh.gov.my/CodeSystem/drug-my-core,CodeSystemDrugMyCore
J01CF02520P4001XX,Cloxacillin 250mg Inj,Cloxacillin 250mg Inj,http://fhir.hie.moh.gov.my/CodeSystem/drug-my-core,CodeSystemDrugMyCore
B02BD01000P4001XX,"Factor IX, II, VII, X in Combination Inj","Factor IX, II, VII, X Combination Inj",http://fhir.hie.moh.gov.my/CodeSystem/drug-my-core,CodeSystemDrugMyCore
RAW00015,Cocaine HCl BP Powder,Cocaine HCl BP Powder,http://fhir.hie.moh.gov.my/CodeSystem/drug-my-core,CodeSystemDrugMyCore
RAW00078,Coconut Oil,Coconut Oil,http://fhir.hie.moh.gov.my/CodeSystem/drug-my-core,CodeSystemDrugMyCore
B05CB10907L5001XX,Balanced Salt Solution,Balanced Salt Solution,http://fhir.hie.moh.gov.my/CodeSystem/drug-my-core,CodeSystemDrugMyCore
B05CB10905L5001XX,Balanced Salt Solution PLUS,Balanced Salt Solution PLUS,http://fhir.hie.moh.gov.my/CodeSystem/drug-my-core,CodeSystemDrugMyCore
A06AD10921L9902XX,Potassium Cl 0.15%  Sodium Cl 0.9% IV Soln 500ml,KCl 0.15%  NaCl 0.9% IV Soln 500ml,http://fhir.hie.moh.gov.my/CodeSystem/drug-my-core,CodeSystemDrugMyCore
RAW00039,Ora-Sweet SF,Ora-Sweet SF,http://fhir.hie.moh.gov.my/CodeSystem/drug-my-core,CodeSystemDrugMyCore
RAW00037,Ora-Plus,Ora-Plus,http://fhir.hie.moh.gov.my/CodeSystem/drug-my-core,CodeSystemDrugMyCore
RAW00036,Ora-Blend SF,Ora-Blend SF,http://fhir.hie.moh.gov.my/CodeSystem/drug-my-core,CodeSystemDrugMyCore
RAW00035,Ora-Blend,Ora-Blend,http://fhir.hie.moh.gov.my/CodeSystem/drug-my-core,CodeSystemDrugMyCore
RAW00038,Ora-Sweet,Ora-Sweet,http://fhir.hie.moh.gov.my/CodeSystem/drug-my-core,CodeSystemDrugMyCore
V03AC01196P3001XX,Desferrioxamine 500mg Injection,Desferrioxamine 500mg Injection,http://fhir.hie.moh.gov.my/CodeSystem/drug-my-core,CodeSystemDrugMyCore
B05BA03000P6001a,Dextrose 5% 500ml  IV soln,Dextrose 5% 500mL IV soln,http://fhir.hie.moh.gov.my/CodeSystem/drug-my-core,CodeSystemDrugMyCore
B05BA03000P6003XX,Dextrose 20% 500mL IV soln,Dextrose 20% 500mL IV soln,http://fhir.hie.moh.gov.my/CodeSystem/drug-my-core,CodeSystemDrugMyCore
B05BA03000P6002XX,Dextrose 10% 500mL IV soln,Dextrose 10% 500mL IV soln,http://fhir.hie.moh.gov.my/CodeSystem/drug-my-core,CodeSystemDrugMyCore
B05BA03000P3005b,Dextrose 50% 10mL Inj,Dextrose 50% 10mL Inj,http://fhir.hie.moh.gov.my/CodeSystem/drug-my-core,CodeSystemDrugMyCore
B05BA03000P6001b,Dextrose 5% 100ml IV soln,Dextrose 5% 100mL IV soln,http://fhir.hie.moh.gov.my/CodeSystem/drug-my-core,CodeSystemDrugMyCore
B05BA03000P3005a,Dextrose 50% IV soln 500ml,Dextrose 50% IV soln 500ml,http://fhir.hie.moh.gov.my/CodeSystem/drug-my-core,CodeSystemDrugMyCore
B05BA03000P3004XX,Dextrose 30% 10ml Inj,Dextrose 30% 10ml Inj,http://fhir.hie.moh.gov.my/CodeSystem/drug-my-core,CodeSystemDrugMyCore
V08AA01254L9901XX,"Diatrizoate Meglumine, Sodium Amidotrizoate Aqueous Soln",Gastrografin Aqueous Solution,http://fhir.hie.moh.gov.my/CodeSystem/drug-my-core,CodeSystemDrugMyCore
V08AA01993P3002XX,Sodium  Meglumine Diatrizoate 58-60% Inj,Sod.  Meglumine Diatrizoate 58-60% Inj,http://fhir.hie.moh.gov.my/CodeSystem/drug-my-core,CodeSystemDrugMyCore
KPK00083,Digoxin Immune Fab 38mg Injection,Digoxin Immune Fab 38mg Inj,http://fhir.hie.moh.gov.my/CodeSystem/drug-my-core,CodeSystemDrugMyCore
J07AF01000P3001XX,Diphtheria Antitoxin Injection,Diphtheria Antitoxin Injection,http://fhir.hie.moh.gov.my/CodeSystem/drug-my-core,CodeSystemDrugMyCore
J07CA06963P3001XX,Diptheria-Tetanus-Pertussis-Inactivated Polio Virus-Haemophilus Influenza B (DTaP-IPV- Hib) Vaccine,DTaP-IPV- Hib Vaccine,http://fhir.hie.moh.gov.my/CodeSystem/drug-my-core,CodeSystemDrugMyCore
J07CA05963P3001XX,"Diphtheria, Pertussis, Tetanus and Hepatitis B Vaccine",Dipht-Pertussis-Tetanus-Hep B Vaccine,http://fhir.hie.moh.gov.my/CodeSystem/drug-my-core,CodeSystemDrugMyCore
RAW00087,Dipotassium phosphate (K2HPO4),Dipotassium phosphate (K2HPO4),http://fhir.hie.moh.gov.my/CodeSystem/drug-my-core,CodeSystemDrugMyCore
B05AA06905P9901b,Tetraspan 6% IV Soln,Tetraspan 6% IV Soln,http://fhir.hie.moh.gov.my/CodeSystem/drug-my-core,CodeSystemDrugMyCore
B05AA10905P9901XX,Haemaccel (Polygeline) 3.5% 500ml IV Soln,Haemaccel 3.5% 500ml IV Soln,http://fhir.hie.moh.gov.my/CodeSystem/drug-my-core,CodeSystemDrugMyCore
J01MA14110P3001XX,Moxifloxacin 400mg Inj,Moxifloxacin 400mg Inj,http://fhir.hie.moh.gov.my/CodeSystem/drug-my-core,CodeSystemDrugMyCore
A11BA00901P3001d,"Vitamin A, D, E, K (Vitalipid N Infant) 10ml Inj","Vitamin A,D,E,K (Vitalipid N Pead) Inj",http://fhir.hie.moh.gov.my/CodeSystem/drug-my-core,CodeSystemDrugMyCore
A11BA00901P3001c,Vitamin B and C (Soluvit N) in 10 ml WFI,Vitamin B and C (Soluvit N) in 10ml WFI,http://fhir.hie.moh.gov.my/CodeSystem/drug-my-core,CodeSystemDrugMyCore
A11BA00901P3001a,Vitamin B and C (P-Trovite) 10mL Inj,Vitamin B and C (P-Trovite) 10mL Inj,http://fhir.hie.moh.gov.my/CodeSystem/drug-my-core,CodeSystemDrugMyCore
A11BA00901P3001f,"Vitamin A, D, E, K (Vitalipid N Adult) 10ml Inj","Vitamin A,D,E,K (Vitalipid N Adult) Inj",http://fhir.hie.moh.gov.my/CodeSystem/drug-my-core,CodeSystemDrugMyCore
A11BA00901P3001b,"Vitamin A, B, C, D, E (Cernevit) 5mL Inj","Vitamin A, B, C, D, E (Cernevit) 5mL Inj",http://fhir.hie.moh.gov.my/CodeSystem/drug-my-core,CodeSystemDrugMyCore
S01F000183P3001XX,"Mydriatic (Atropine, Cocaine, Adrenaline) Inj",Mydriatic Inj,http://fhir.hie.moh.gov.my/CodeSystem/drug-my-core,CodeSystemDrugMyCore
IVA00013,Mydricaine Subconjuctival  Injection,Mydricaine Subconjuctival  Inj.,http://fhir.hie.moh.gov.my/CodeSystem/drug-my-core,CodeSystemDrugMyCore
B02BD09000P4004XX,Nonacog alfa 2000 IU injection,Nonacog alfa 2000 IU injection,http://fhir.hie.moh.gov.my/CodeSystem/drug-my-core,CodeSystemDrugMyCore
B02BD09000P4002XX,Nonacog alfa 500 IU injection,Nonacog alfa 500 IU injection,http://fhir.hie.moh.gov.my/CodeSystem/drug-my-core,CodeSystemDrugMyCore
B02BD09000P4001XX,Nonacog alfa 250 IU injection,Nonacog alfa 250 IU injection,http://fhir.hie.moh.gov.my/CodeSystem/drug-my-core,CodeSystemDrugMyCore
B02BD09000P4003XX,Nonacog alfa 1000 IU injection,Nonacog alfa 1000 IU injection,http://fhir.hie.moh.gov.my/CodeSystem/drug-my-core,CodeSystemDrugMyCore
G03AC01257P3001XX,Norethisterone Enanthate 200mg/ml Injection,Norethisterone Enanthate 200mg/ml Inj,http://fhir.hie.moh.gov.my/CodeSystem/drug-my-core,CodeSystemDrugMyCore
H01CB02122P2001XX,Octreotide Acetate 20 mg Injection LAR,Octreotide Acetate 20 mg Inj LAR,http://fhir.hie.moh.gov.my/CodeSystem/drug-my-core,CodeSystemDrugMyCore
H01CB02122P2002XX,Octreotide Acetate 30 mg Injection LAR,Octreotide Acetate 30 mg Inj LAR,http://fhir.hie.moh.gov.my/CodeSystem/drug-my-core,CodeSystemDrugMyCore
J01MA01000P4001XX,Ofloxacin 200mg Injection,Ofloxacin 200mg Injection,http://fhir.hie.moh.gov.my/CodeSystem/drug-my-core,CodeSystemDrugMyCore
R03DX05000P3001XX,Omalizumab 150mg Injection,Omalizumab 150mg Injection,http://fhir.hie.moh.gov.my/CodeSystem/drug-my-core,CodeSystemDrugMyCore
G02AC01900P3001XX,Oxytocin 5U + Ergometrine 0.5mg/ml Inj,Oxytocin 5U + Ergometrine 0.5mg/ml Inj,http://fhir.hie.moh.gov.my/CodeSystem/drug-my-core,CodeSystemDrugMyCore
M05BA03520P3002XX,Pamidronate Disodium 90mg/10ml Injection,Pamidronate Disodium 90mg Injection,http://fhir.hie.moh.gov.my/CodeSystem/drug-my-core,CodeSystemDrugMyCore
M05BA03520P3001XX,Pamidronate Disodium 30mg/10ml Injection,Pamidronate Disodium 30mg Injection,http://fhir.hie.moh.gov.my/CodeSystem/drug-my-core,CodeSystemDrugMyCore
J07BM02000P3001XX,"Human Papillomavirus Types 16,18 Vaccine",Cervarix Vaccine,http://fhir.hie.moh.gov.my/CodeSystem/drug-my-core,CodeSystemDrugMyCore
J07BM01000P3001XX,"Human Papillomavirus Types 6,11,16,18 Vaccine",Gardasil Vaccine,http://fhir.hie.moh.gov.my/CodeSystem/drug-my-core,CodeSystemDrugMyCore
N05CC05000P3001XX,Paraldehyde Injection,Paraldehyde Injection,http://fhir.hie.moh.gov.my/CodeSystem/drug-my-core,CodeSystemDrugMyCore
M01AH04520P3001XX,Parecoxib Sodium 40mg Injection,Parecoxib Sodium 40mg Injectionj,http://fhir.hie.moh.gov.my/CodeSystem/drug-my-core,CodeSystemDrugMyCore
KPK00149,Patent Blue V Sodium Guerbet 2.5% Inj,Patent Blue V Sodium Guerbet 2.5% Inj,http://fhir.hie.moh.gov.my/CodeSystem/drug-my-core,CodeSystemDrugMyCore
J01MA03196P3001XX,Pefloxacin 400mg Inj,Pefloxacin 400mg Inj,http://fhir.hie.moh.gov.my/CodeSystem/drug-my-core,CodeSystemDrugMyCore
P01CX01198P3001XX,Pentamidine Isethionate 300 mg Injection,Pentamidine Isethionate 300 mg Inj,http://fhir.hie.moh.gov.my/CodeSystem/drug-my-core,CodeSystemDrugMyCore
RAW00018,Concentrated Peppermint Emulsion BP,Concentrated Peppermint Emulsion BP,http://fhir.hie.moh.gov.my/CodeSystem/drug-my-core,CodeSystemDrugMyCore
RAW00051,Phenylmercuric Nitrate BP,Phenylmercuric Nitrate BP,http://fhir.hie.moh.gov.my/CodeSystem/drug-my-core,CodeSystemDrugMyCore
J01CA12520P4002XX,Piperacillin Sodium 4 g Injection,Piperacillin Sodium 4 g Injection,http://fhir.hie.moh.gov.my/CodeSystem/drug-my-core,CodeSystemDrugMyCore
J07AL01000P3001XX,Pneumococcal Vaccine 0.5ml (Polyvalent - 23-serotypes),Pneumococcal Vaccine (Polyvalent - 23),http://fhir.hie.moh.gov.my/CodeSystem/drug-my-core,CodeSystemDrugMyCore
J01DH04000P4001XX,Doripenem 500mg/10ml Injection,Doripenem 500mg/10ml Injection,http://fhir.hie.moh.gov.my/CodeSystem/drug-my-core,CodeSystemDrugMyCore
RAW00019,Emulsifying Wax BP,Emulsifying Wax BP,http://fhir.hie.moh.gov.my/CodeSystem/drug-my-core,CodeSystemDrugMyCore
J01DH03520P4001XX,Ertapenem 1g Injection,Ertapenem 1g Injection,http://fhir.hie.moh.gov.my/CodeSystem/drug-my-core,CodeSystemDrugMyCore
J01FA01129P3001XX,Erythromycin Lactobionate 500 mg Injection,Erythromycin Lactobionate 500 mg Inj,http://fhir.hie.moh.gov.my/CodeSystem/drug-my-core,CodeSystemDrugMyCore
B03XA01000P5001b,Epoietin Beta 1000 IU Injection,Epoietin Beta 1000 IU Injection,http://fhir.hie.moh.gov.my/CodeSystem/drug-my-core,CodeSystemDrugMyCore
B03XA01000P5004a,Erythropoietin Alfa 4000 IU Injection,Erythropoietin Alfa 4000 IU Injection,http://fhir.hie.moh.gov.my/CodeSystem/drug-my-core,CodeSystemDrugMyCore
B03XA01000P5005XX,"Erythropoietin Alfa 10,000 IU Injection","Erythropoietin Alfa 10,000 IU Injection",http://fhir.hie.moh.gov.my/CodeSystem/drug-my-core,CodeSystemDrugMyCore
B03XA01000P5002a,Erythropoietin Alfa 2000 IU Inj,Erythropoietin Alfa 2000 IU Inj,http://fhir.hie.moh.gov.my/CodeSystem/drug-my-core,CodeSystemDrugMyCore
B03XA01000P5001a,Erythropoietin Alfa 1000 IU Injection,Erythropoietin Alfa 1000 IU Injection,http://fhir.hie.moh.gov.my/CodeSystem/drug-my-core,CodeSystemDrugMyCore
B03XA01000P5004b,Epoietin Beta 4000 IU Injection,Epoietin Beta 4000 IU Injection,http://fhir.hie.moh.gov.my/CodeSystem/drug-my-core,CodeSystemDrugMyCore
B03XA01000P5002b,Epoietin Beta 2000 IU Injection,Epoietin Beta 2000 IU Injection,http://fhir.hie.moh.gov.my/CodeSystem/drug-my-core,CodeSystemDrugMyCore
B03XA01000P5003XX,Erythropoietin Alfa 3000 IU Injection,Erythropoietin Alfa 3000 IU Injection,http://fhir.hie.moh.gov.my/CodeSystem/drug-my-core,CodeSystemDrugMyCore
B03XA01000P5011,"Epoietin Beta 10,000 IU/0.6ml Injection","Epoietin Beta 10,000 IU/0.6ml Injection",http://fhir.hie.moh.gov.my/CodeSystem/drug-my-core,CodeSystemDrugMyCore
RAW00043,Industrial Methylated Spirit (96%)BP - IMS (Industrial Denatured Alcohol),Industrial Methylated Spirit (96%),http://fhir.hie.moh.gov.my/CodeSystem/drug-my-core,CodeSystemDrugMyCore
RAW00101,Alcohol 95% V/V,Alcohol 95% V/V,http://fhir.hie.moh.gov.my/CodeSystem/drug-my-core,CodeSystemDrugMyCore
RAW00021,Alcohol Absolute (Ethanol) AR,Alcohol Absolute (Ethanol) AR,http://fhir.hie.moh.gov.my/CodeSystem/drug-my-core,CodeSystemDrugMyCore
B05BA02000P6002d,"Fat emulsion, SMOFlipid 20% 250ml IV Soln",SMOFlipid 20% 250ml IV Soln,http://fhir.hie.moh.gov.my/CodeSystem/drug-my-core,CodeSystemDrugMyCore
B05BA02000P6002c,"Fat emulsion, Lipidem/Lipoplus 20% 250ml IV Soln",Lipidem/Lipoplus 20% 250ml IV Soln,http://fhir.hie.moh.gov.my/CodeSystem/drug-my-core,CodeSystemDrugMyCore
B05BA02000P6002a,"Fat emulsion, Lipofundin MCT/LCT 20% 250ml IV Soln",Lipofundin MCT/LCT 20% 250ml IV Soln,http://fhir.hie.moh.gov.my/CodeSystem/drug-my-core,CodeSystemDrugMyCore
LIPSTD03,"Lipid Standard 3 (9kcal, 5ml)","Lipid Standard 3 (9kcal, 5ml)",http://fhir.hie.moh.gov.my/CodeSystem/drug-my-core,CodeSystemDrugMyCore
B05BA02000P6002b,"Fat emulsion, Intralipid 20% 250ml IV Soln",Intralipid 20% 250ml IV Soln,http://fhir.hie.moh.gov.my/CodeSystem/drug-my-core,CodeSystemDrugMyCore
B05BA02000P6002e,"Fat emulsion, SMOFlipid 20% 500ml IV Soln",SMOFlipid 20% 500ml IV Soln,http://fhir.hie.moh.gov.my/CodeSystem/drug-my-core,CodeSystemDrugMyCore
B05BA02000P6002f,"Fat emulsion, SMOFlipid 20% 100ml IV Soln",SMOFlipid 20% 100ml IV Soln,http://fhir.hie.moh.gov.my/CodeSystem/drug-my-core,CodeSystemDrugMyCore
B05BA02000P6002g,"Fat emulsion, Intralipid 20% 100ml IV Soln",Intralipid 20% 100ml IV Soln,http://fhir.hie.moh.gov.my/CodeSystem/drug-my-core,CodeSystemDrugMyCore
B05BA02000P6001b,"Fat emulsion, Intralipid 10% 250ml IV Soln",Intralipid 10% 250ml IV Soln,http://fhir.hie.moh.gov.my/CodeSystem/drug-my-core,CodeSystemDrugMyCore
B05BA02000P6001a,"Fat emulsion, Lipofundin MCT/LCT 10% 250ml IV Soln",Lipofundin MCT/LCT 10% 250ml IV Soln,http://fhir.hie.moh.gov.my/CodeSystem/drug-my-core,CodeSystemDrugMyCore
LIPSTD01,"Lipid Soln 18ml 28.8kcal, Lipid + Water Soluble Vitamin (3.2gLipid/18ml)",Lipid Soln 18ml 28.8kcal (3.2gLipid),http://fhir.hie.moh.gov.my/CodeSystem/drug-my-core,CodeSystemDrugMyCore
LIPSTD02,"Lipid Standard 2 (25kcal, 15ml)","Lipid Standard 2 (25kcal, 15ml)",http://fhir.hie.moh.gov.my/CodeSystem/drug-my-core,CodeSystemDrugMyCore
RAW00094,Ferric Ammonium Citrate,Ferric Ammonium Citrate,http://fhir.hie.moh.gov.my/CodeSystem/drug-my-core,CodeSystemDrugMyCore
RPH000023,F-18 Fluorodeoxyglucose (F-18 FDG) 350mCi,F-18 Fluorodeoxyglucose (F-18 FDG)350mCi,http://fhir.hie.moh.gov.my/CodeSystem/drug-my-core,CodeSystemDrugMyCore
G03GA05000P3002XX,Follitropin Alpha (r-hFSH) 300 IU Injection,Follitropin Alpha (r-hFSH) 300 IU Inj,http://fhir.hie.moh.gov.my/CodeSystem/drug-my-core,CodeSystemDrugMyCore
G03GA05000P3001XX,Follitropin Alpha (r-hFSH) 75 IU Injection,Follitropin Alpha (r-hFSH) 75 IU Inj,http://fhir.hie.moh.gov.my/CodeSystem/drug-my-core,CodeSystemDrugMyCore
G03GA06000P3001XX,Follitropin Beta (r-hFSH) 50 IU Injection,Follitropin Beta (r-hFSH) 50 IU Inj,http://fhir.hie.moh.gov.my/CodeSystem/drug-my-core,CodeSystemDrugMyCore
G03GA06000P3002XX,Follitropin Beta (r-hFSH) 300 IU Injection,Follitropin Beta (r-hFSH) 300 IU Inj,http://fhir.hie.moh.gov.my/CodeSystem/drug-my-core,CodeSystemDrugMyCore
RAW00027,Formaldehyde BP,Formaldehyde BP,http://fhir.hie.moh.gov.my/CodeSystem/drug-my-core,CodeSystemDrugMyCore
J01XC01520P4001XX,Fusidic Acid 500mg Injection,Fusidic Acid 500mg Injection,http://fhir.hie.moh.gov.my/CodeSystem/drug-my-core,CodeSystemDrugMyCore
V08CA09000P3001XX,Gadobutrol 1 mmol/ml injection (15ml Vial),Gadobutrol 1mmol/ml inj (15ml/Vial),http://fhir.hie.moh.gov.my/CodeSystem/drug-my-core,CodeSystemDrugMyCore
V08CA03000P3001XX,Gadodiamide 287mg (0.5 mmol/ml),Gadodiamide 287mg (0.5 mmol/ml),http://fhir.hie.moh.gov.my/CodeSystem/drug-my-core,CodeSystemDrugMyCore
V08CA01000P3001XX,Gadopentetate Dimeglumine 469 mg/ml,Gadopentetate Dimeglumine 469 mg/ml,http://fhir.hie.moh.gov.my/CodeSystem/drug-my-core,CodeSystemDrugMyCore
V08CA02254P3001XX,"Gadoterate Meglumine 0.5 mmol/ml Injection, 20ml Vial",Gadoterate Meglumine 0.5 mmol/ml Inj,http://fhir.hie.moh.gov.my/CodeSystem/drug-my-core,CodeSystemDrugMyCore
RPH000022,Gallium-67 Citrate,Ga-67 Citrate,http://fhir.hie.moh.gov.my/CodeSystem/drug-my-core,CodeSystemDrugMyCore
RPH000024,Gallium-68 DOTATATE,Ga-68 DOTATATE,http://fhir.hie.moh.gov.my/CodeSystem/drug-my-core,CodeSystemDrugMyCore
RAW00023,Ginger Syrup BPC,Ginger Syrup BPC,http://fhir.hie.moh.gov.my/CodeSystem/drug-my-core,CodeSystemDrugMyCore
RAW00022,Glycyrrhiza Liquid Extract (Liquorice Liquid Extract BP),Glycyrrhiza Liquid Extract (Liquorice),http://fhir.hie.moh.gov.my/CodeSystem/drug-my-core,CodeSystemDrugMyCore
B05ZA00908H1001e,Haemodialysis Concentrate Acidic Component (Renacid K5),Haemodialysis Conc. (Renacid K5),http://fhir.hie.moh.gov.my/CodeSystem/drug-my-core,CodeSystemDrugMyCore
B05ZA00908H1002b,Haemodialysis Concentrate Bicarbonate Component B (Renacarb K2),Haemodialysis Conc (Renacarb K2),http://fhir.hie.moh.gov.my/CodeSystem/drug-my-core,CodeSystemDrugMyCore
B05ZA00908H1001XX,Haemodialysis Concentrate with Acetate (Acidic Component),"Haemodialysis Concentrate, Acetate",http://fhir.hie.moh.gov.my/CodeSystem/drug-my-core,CodeSystemDrugMyCore
J07AG01000P4001XX,Haemophilus Influenzae Type b Conjugate 10 mcg Vaccine,Haemophilus Influenzae Type B Vaccine,http://fhir.hie.moh.gov.my/CodeSystem/drug-my-core,CodeSystemDrugMyCore
J07AG52000P3001XX,Diphtheria-Pertussis-Tetanus-Haemophilus TypeB 10mcg Vaccine,Diph-Pertussis-Tetanus-HiB Vaccine,http://fhir.hie.moh.gov.my/CodeSystem/drug-my-core,CodeSystemDrugMyCore
G03GA01000P4001XX,Human Chorionic Gonadotrophin 5000IU Inj,Human Chorionic Gonadotrophin 5000IU Inj,http://fhir.hie.moh.gov.my/CodeSystem/drug-my-core,CodeSystemDrugMyCore
G03GA02954P4003XX,Menotrophin-Highly Purified 75IU Inj (FSH+LH),Menotrophin-Highly Purified 75 IU Inj,http://fhir.hie.moh.gov.my/CodeSystem/drug-my-core,CodeSystemDrugMyCore
G03GA02954P4002XX,Menotrophin-Highly Purified 150IU Inj (FSH+LH),Menotrophin-Highly Purified 150 IU Inj,http://fhir.hie.moh.gov.my/CodeSystem/drug-my-core,CodeSystemDrugMyCore
G03GA02954P4001XX,Menotrophin (FSH+LH) 75 IU Inj,Menotrophin (FSH+LH) 75 IU Inj,http://fhir.hie.moh.gov.my/CodeSystem/drug-my-core,CodeSystemDrugMyCore
RAW00024,Hydrocortisone Acetate BP/USP Micronised,Hydrocortisone Acetate BP/USP Micronised,http://fhir.hie.moh.gov.my/CodeSystem/drug-my-core,CodeSystemDrugMyCore
RAW00028,Hydrogen Peroxide 130 Volume Liquid,Hydrogen Peroxide 130 Volume Liquid,http://fhir.hie.moh.gov.my/CodeSystem/drug-my-core,CodeSystemDrugMyCore
B05AA07000P9901a,Haes Steril 6% 500ml IV Soln,Haes Steril 6% 500ml IV Soln,http://fhir.hie.moh.gov.my/CodeSystem/drug-my-core,CodeSystemDrugMyCore
B05AA07000P9901b,"Hydroxyethyl Starch 6% 500ml IV Soln, Venofundin",Venofundin 500ml IV Soln,http://fhir.hie.moh.gov.my/CodeSystem/drug-my-core,CodeSystemDrugMyCore
B05AA07000P9901d,"Hydroxyethyl Starch 6%, 500mL IV Solution (Voluven 6%)",Hydroxyethyl Starch 6% IV Soln 500ml,http://fhir.hie.moh.gov.my/CodeSystem/drug-my-core,CodeSystemDrugMyCore
B05AA07000P9901e,"Hydroxyethyl Starch 10%, 500mL IV Solution (Voluven 10%)",Hydroxyethyl Starch (Voluven) 10% IV Sol,http://fhir.hie.moh.gov.my/CodeSystem/drug-my-core,CodeSystemDrugMyCore
B05AA07000P9901c,Haes Steril 10% IV Soln,Haes Steril 10% IV Soln,http://fhir.hie.moh.gov.my/CodeSystem/drug-my-core,CodeSystemDrugMyCore
G03DA03128P2001XX,Hydroxyprogesterone Caproate 250mg Injection,Hydroxyprogesterone Caproate 250mg Inj,http://fhir.hie.moh.gov.my/CodeSystem/drug-my-core,CodeSystemDrugMyCore
KPK00101,Hydralazine 10mg Tab,Hydralazine 10mg Tab,http://fhir.hie.moh.gov.my/CodeSystem/drug-my-core,CodeSystemDrugMyCore
J01DH51961P4002XX,Imipenem 500mg+Cilastatin Injection,Imipenem 500mg+Cilastatin injection,http://fhir.hie.moh.gov.my/CodeSystem/drug-my-core,CodeSystemDrugMyCore
J06BA02000P3001XX,Human Normal Immunoglobulin 2500mg/50ml Injection (5%),Human Normal Immunoglobulin Inj 2500mg,http://fhir.hie.moh.gov.my/CodeSystem/drug-my-core,CodeSystemDrugMyCore
RPH000029,Indium-111 Ibritumomab Tiuxetan,In-111 Ibritumomab Tiuxetan,http://fhir.hie.moh.gov.my/CodeSystem/drug-my-core,CodeSystemDrugMyCore
J07BB02963P3001XX,Influenza Vaccine (Inactivated) Injection,Influenza Vaccine (Inactivated) Inj,http://fhir.hie.moh.gov.my/CodeSystem/drug-my-core,CodeSystemDrugMyCore
RPH000021,Iodine-131 Metaiodobenzylguanidine (I-131 MIBG) 1 mCi,I-131 Metaiodobenzylguanidine 1 mCi,http://fhir.hie.moh.gov.my/CodeSystem/drug-my-core,CodeSystemDrugMyCore
V08AA03000P3001XX,Iodamide Injection,Iodamide Injection,http://fhir.hie.moh.gov.my/CodeSystem/drug-my-core,CodeSystemDrugMyCore
RAW00077,Iodine Crystal,Iodine Crystal,http://fhir.hie.moh.gov.my/CodeSystem/drug-my-core,CodeSystemDrugMyCore
RPH000028,Iodine-131 Tositumomab,Y-90 Tositumomab,http://fhir.hie.moh.gov.my/CodeSystem/drug-my-core,CodeSystemDrugMyCore
V08AB09000P3001XX,Iodixanol 320 mg I/ml Injection (50ml),Iodixanol 320 mg I/ml Injection (50ml),http://fhir.hie.moh.gov.my/CodeSystem/drug-my-core,CodeSystemDrugMyCore
V08AB02000P3001XX,Iohexol 350 mg I/ml Injection (50ml vial),Iohexol 350 mg I/ml Injection (50ml vial,http://fhir.hie.moh.gov.my/CodeSystem/drug-my-core,CodeSystemDrugMyCore
V08AB04000P3001XX,Iopamidol 30.62g In 50ml Injection,Iopamidol 30.62g In 50ml Injection,http://fhir.hie.moh.gov.my/CodeSystem/drug-my-core,CodeSystemDrugMyCore
RAW00047,Ipecacuanha Tincture BP,Ipecacuanha Tincture BP,http://fhir.hie.moh.gov.my/CodeSystem/drug-my-core,CodeSystemDrugMyCore
J01GB04183P4001XX,Kanamycin 1g Injection,Kanamycin 1g Injection,http://fhir.hie.moh.gov.my/CodeSystem/drug-my-core,CodeSystemDrugMyCore
J01MA12000P3001XX,Levofloxacin 500mg/100ml Injection,Levofloxacin 500mg/100ml Injection,http://fhir.hie.moh.gov.my/CodeSystem/drug-my-core,CodeSystemDrugMyCore
N01BB02110P3002XX,LIGNOcaine HCl 1% Injection (10ml),Lignocaine HCl 1% Injection (10ml),http://fhir.hie.moh.gov.my/CodeSystem/drug-my-core,CodeSystemDrugMyCore
N01BB02110P3001XX,LIGNOcaine HCl (Lidocaine) 2% Injection (10ml) for local anaesthetic,Lignocaine HCl 2% Injection (10ml),http://fhir.hie.moh.gov.my/CodeSystem/drug-my-core,CodeSystemDrugMyCore
N01BB52974P3001XX,"Lignocaine 2 % with Adrenaline (1:80,000) Injection",Lignocaine 2% + Adrenaline Injection,http://fhir.hie.moh.gov.my/CodeSystem/drug-my-core,CodeSystemDrugMyCore
RAW00031,Magnesium Carbonate Light BP/EP,Magnesium Carbonate Light BP/EP,http://fhir.hie.moh.gov.my/CodeSystem/drug-my-core,CodeSystemDrugMyCore
RAW00095,Magnesium Sulphate Crystal,Magnesium Sulphate Crystal,http://fhir.hie.moh.gov.my/CodeSystem/drug-my-core,CodeSystemDrugMyCore
B05BC01000P3001XX,Mannitol 10% 500mL IV soln,Mannitol 10% 500mL IV soln,http://fhir.hie.moh.gov.my/CodeSystem/drug-my-core,CodeSystemDrugMyCore
B05BC01000P3002XX,Mannitol 20% 500mL IV soln,Mannitol 20% 500mL IV soln,http://fhir.hie.moh.gov.my/CodeSystem/drug-my-core,CodeSystemDrugMyCore
G03AC06122P3001XX,Medroxyprogesterone Acetate 150mg Inj,Medroxyprogesterone Acetate 150mg Inj,http://fhir.hie.moh.gov.my/CodeSystem/drug-my-core,CodeSystemDrugMyCore
N01BB53974P3001XX,"Mepivacaine HCl 2% with Adrenaline (1:100,000) Injection (2.2ml)",Mepivacaine HCl 2% with Adrenaline  Inj,http://fhir.hie.moh.gov.my/CodeSystem/drug-my-core,CodeSystemDrugMyCore
J01DH02000P4001XX,Meropenem 500mg Injection,Meropenem 500mg Injection,http://fhir.hie.moh.gov.my/CodeSystem/drug-my-core,CodeSystemDrugMyCore
J01DH02000P4002XX,Meropenem 1000mg Injection (1g),Meropenem 1000mg Injection,http://fhir.hie.moh.gov.my/CodeSystem/drug-my-core,CodeSystemDrugMyCore
B03XA03000P5006XX,Methoxypolyethyleneglycol epoetin beta (Mircera) 150mcg/0.3 ml Inj,Mircera 150 mcg/0.3 ml Inj,http://fhir.hie.moh.gov.my/CodeSystem/drug-my-core,CodeSystemDrugMyCore
B03XA03000P5002XX,Methoxypolyethyleneglycol epoetin beta (Mircera) 50mcg/0.3 ml Inj,Mircera 50 mcg/0.3 ml Inj,http://fhir.hie.moh.gov.my/CodeSystem/drug-my-core,CodeSystemDrugMyCore
B03XA03000P5005XX,Methoxypolyethyleneglycol epoetin beta (Mircera) 120mcg/0.3 ml Inj,Mircera 120 mcg/0.3 ml Inj,http://fhir.hie.moh.gov.my/CodeSystem/drug-my-core,CodeSystemDrugMyCore
B03XA03000P5001XX,Methoxypolyethyleneglycol epoetin beta (Mircera) 100mcg/0.3 ml Inj,Mircera 100 mcg/0.3 ml Inj,http://fhir.hie.moh.gov.my/CodeSystem/drug-my-core,CodeSystemDrugMyCore
B03XA03000P5004XX,Methoxypolyethyleneglycol epoetin beta (Mircera) 75mcg/0.3ml Inj,Mircera 75 mcg/0.3 ml Inj,http://fhir.hie.moh.gov.my/CodeSystem/drug-my-core,CodeSystemDrugMyCore
B03XA03000P5007XX,Methoxypolyethyleneglycol epoetin beta (Mircera) 200mcg/0.3 ml Inj,Mircera 200 mcg/0.3 ml Inj,http://fhir.hie.moh.gov.my/CodeSystem/drug-my-core,CodeSystemDrugMyCore
V03AB17100P3001XX,Methylene Blue 1% Injection,Methylene Blue 1% Injection,http://fhir.hie.moh.gov.my/CodeSystem/drug-my-core,CodeSystemDrugMyCore
H02AB04520P4001XX,Methylprednisolone Sodium Succinate 500mg Injection,Methylprednisolone Sod. Succ. 500mg Inj,http://fhir.hie.moh.gov.my/CodeSystem/drug-my-core,CodeSystemDrugMyCore
H02AB04134P3001XX,Methylprednisolone Acetate 40mg injection,Methylprednisolone Acetate 40mg inj,http://fhir.hie.moh.gov.my/CodeSystem/drug-my-core,CodeSystemDrugMyCore
H02AB04520P4002XX,Methylprednisolone Sodium Succinate 1g Injection,Methylprednisolone Sod. Succ. 1 g Inj.,http://fhir.hie.moh.gov.my/CodeSystem/drug-my-core,CodeSystemDrugMyCore
B05AA06905P9901d,Gelaspan 4% IV Soln,Gelaspan 4% IV Soln,http://fhir.hie.moh.gov.my/CodeSystem/drug-my-core,CodeSystemDrugMyCore
KPK00028,"Polymyxin B  500,000iu Injection","Polymyxin B  500,000iu Injection",http://fhir.hie.moh.gov.my/CodeSystem/drug-my-core,CodeSystemDrugMyCore
RAW00086,Potassium Bicarbonate (KHCO3),Potassium Bicarbonate,http://fhir.hie.moh.gov.my/CodeSystem/drug-my-core,CodeSystemDrugMyCore
RAW00085,Potassium Carbonate (K2CO3),Potassium Carbonate,http://fhir.hie.moh.gov.my/CodeSystem/drug-my-core,CodeSystemDrugMyCore
RAW00057,Potassium Chloride powder,Potassium Chloride powder,http://fhir.hie.moh.gov.my/CodeSystem/drug-my-core,CodeSystemDrugMyCore
RAW00063,Potassium Citrate Powder,Potassium Citrate Powder,http://fhir.hie.moh.gov.my/CodeSystem/drug-my-core,CodeSystemDrugMyCore
RAW00088,Potassium Hydroxide (KOH),Potassium Hydroxide (KOH),http://fhir.hie.moh.gov.my/CodeSystem/drug-my-core,CodeSystemDrugMyCore
RAW00058,Potassium Iodide,Potassium Iodide,http://fhir.hie.moh.gov.my/CodeSystem/drug-my-core,CodeSystemDrugMyCore
RAW00089,Potassium Permanganate Crystal,Potassium Permanganate Crystal,http://fhir.hie.moh.gov.my/CodeSystem/drug-my-core,CodeSystemDrugMyCore
B05XA06170P3001XX,Potassium Dihydrogen Phosphate Injection,Potassium Dihydrogen Phosphate Injection,http://fhir.hie.moh.gov.my/CodeSystem/drug-my-core,CodeSystemDrugMyCore
J01CE09702P4001XX,Procaine Benzylpenicillin 3MIU (3g) Injection,Procaine Benzylpenicillin 3MIU (3g) Inj,http://fhir.hie.moh.gov.my/CodeSystem/drug-my-core,CodeSystemDrugMyCore
J01CE09702P4002XX,Procaine Benzylpenicillin 4MIU (4g) Injection,Procaine Benzylpenicillin 4MIU (4g) Inj,http://fhir.hie.moh.gov.my/CodeSystem/drug-my-core,CodeSystemDrugMyCore
RAW00040,Propylene Glycol,Propylene Glycol,http://fhir.hie.moh.gov.my/CodeSystem/drug-my-core,CodeSystemDrugMyCore
RPH000026,Rhenium-186 Sulphide,R-186 Sulphide,http://fhir.hie.moh.gov.my/CodeSystem/drug-my-core,CodeSystemDrugMyCore
N05AX08000P3001XX,Risperidone 25 mg Injection (Long Acting),Risperidone 25 mg Inj,http://fhir.hie.moh.gov.my/CodeSystem/drug-my-core,CodeSystemDrugMyCore
N01AX10000P9901XX,Propofol 1% Injection (200mg/20ml Vial),Propofol 1% Inj (200mg/20ml Vial),http://fhir.hie.moh.gov.my/CodeSystem/drug-my-core,CodeSystemDrugMyCore
IVA00017,Ropivacaine 0.5 mg/ml  + Fentanyl  2 mcg/ml Epidural,Rpcaine 0.05% + Fentanyl  2 mcg/ml Epi.,http://fhir.hie.moh.gov.my/CodeSystem/drug-my-core,CodeSystemDrugMyCore
RAW00080,Silver Nitrate Crystal,Silver Nitrate Crystal,http://fhir.hie.moh.gov.my/CodeSystem/drug-my-core,CodeSystemDrugMyCore
J06AA03000P3004XX,Antivenene Serum Snake polyvalent Inj,Antivenene Serum Snake polyvalent Inj,http://fhir.hie.moh.gov.my/CodeSystem/drug-my-core,CodeSystemDrugMyCore
J06AA03000P3002XX,Antivenene Cobra Injection,Cobra Antivenom,http://fhir.hie.moh.gov.my/CodeSystem/drug-my-core,CodeSystemDrugMyCore
J06AA03000P3001XX,Antivenene Pit Viper Injection,Malayan Pit Viper Antivenom,http://fhir.hie.moh.gov.my/CodeSystem/drug-my-core,CodeSystemDrugMyCore
RAW00041,Soda Lime Granules BP/USP,Soda Lime Granules BP/USP,http://fhir.hie.moh.gov.my/CodeSystem/drug-my-core,CodeSystemDrugMyCore
B05XA02131P3001XX,Sodium Bicarbonate 4.2% (0.5 mmol/ml) Injection,Sodium Bicarbonate 4.2% Injection,http://fhir.hie.moh.gov.my/CodeSystem/drug-my-core,CodeSystemDrugMyCore
RAW00042,Sodium Bicarbonate Powder BP/USP,Sodium Bicarbonate Powder BP/USP,http://fhir.hie.moh.gov.my/CodeSystem/drug-my-core,CodeSystemDrugMyCore
B05XA02131P3002XX,Sodium Bicarbonate 8.4% (1 mmol/ml) Injection (10ml Ampoule),Sodium Bicarbonate 8.4% Injection,http://fhir.hie.moh.gov.my/CodeSystem/drug-my-core,CodeSystemDrugMyCore
B05XA03100P6002d,Sodium Chloride 0.9% 20mL Inj,Sodium Chloride 0.9% 20mL Inj,http://fhir.hie.moh.gov.my/CodeSystem/drug-my-core,CodeSystemDrugMyCore
B05XA03100P6002f,Sodium Chloride 0.9% 1000mL Irrigation Soln,NaCl 0.9% 1000mL Irrigation Soln,http://fhir.hie.moh.gov.my/CodeSystem/drug-my-core,CodeSystemDrugMyCore
B05XA03100P9901XX,Sodium Chloride 3% 500mL IV soln,Sodium Chloride 3% 500mL IV soln,http://fhir.hie.moh.gov.my/CodeSystem/drug-my-core,CodeSystemDrugMyCore
B05XA03100P9902XX,Sodium Chloride 20% Inj,Sodium Chloride 20% Inj,http://fhir.hie.moh.gov.my/CodeSystem/drug-my-core,CodeSystemDrugMyCore
B05XA03100P6001XX,Sodium Chloride 0.45% 500mL IV soln,Sodium Chloride 0.45% 500mL IV soln,http://fhir.hie.moh.gov.my/CodeSystem/drug-my-core,CodeSystemDrugMyCore
B05XA03100P6002g,Sodium Chloride 0.9% 3L Irrigation Soln,NaCl 0.9% 3L Irrigation Soln,http://fhir.hie.moh.gov.my/CodeSystem/drug-my-core,CodeSystemDrugMyCore
B05XA03100P6002a,Sodium Chloride 0.9% 500mL IV soln,Sodium Chloride 0.9% 500mL IV soln,http://fhir.hie.moh.gov.my/CodeSystem/drug-my-core,CodeSystemDrugMyCore
B05XA03100P6002b,Sodium Chloride 0.9% 100mL IV soln,Sodium Chloride 0.9% 100mL IV soln,http://fhir.hie.moh.gov.my/CodeSystem/drug-my-core,CodeSystemDrugMyCore
B05XA03100P6002e,Sodium Chloride 0.9% 500mL Irrigation Soln,NaCl 0.9% 500mL Irrigation Soln,http://fhir.hie.moh.gov.my/CodeSystem/drug-my-core,CodeSystemDrugMyCore
B05XA03100P6002c,Sodium Chloride 0.9% 250mL IV soln,Sodium Chloride 0.9% 250mL IV soln,http://fhir.hie.moh.gov.my/CodeSystem/drug-my-core,CodeSystemDrugMyCore
RAW00049,Sodium Chloride BP (Powder),Sodium Chloride BP,http://fhir.hie.moh.gov.my/CodeSystem/drug-my-core,CodeSystemDrugMyCore
B05XA03904P6003XX,Sodium Chloride 0.9% with Dextrose 5% 500mL IV soln,NaCl 0.9% with Dext 5% 500mL IV soln,http://fhir.hie.moh.gov.my/CodeSystem/drug-my-core,CodeSystemDrugMyCore
B05XA03904P6002XX,Sodium Chloride 0.45% with Dextrose 10% 500mL IV soln,NaCl 0.45% with Dext 10% 500mL IV soln,http://fhir.hie.moh.gov.my/CodeSystem/drug-my-core,CodeSystemDrugMyCore
B05XA03904P6005XX,Sodium Chloride 0.45% with Dextrose 5% 500mL IV soln,NaCl 0.45% with Dext 5% 500mL IV soln,http://fhir.hie.moh.gov.my/CodeSystem/drug-my-core,CodeSystemDrugMyCore
B05XA03904P6004XX,Sodium Chloride 0.18% with Dextrose 4.23% 500mL IV soln,NaCl 0.18% with Dext4.23% 500mL IV soln,http://fhir.hie.moh.gov.my/CodeSystem/drug-my-core,CodeSystemDrugMyCore
B05XA03904P6001XX,Sodium Chloride 0.18% with Dextrose 10% 500mL IV soln,NaCl 0.18% with Dext 10% 500mL IV soln,http://fhir.hie.moh.gov.my/CodeSystem/drug-my-core,CodeSystemDrugMyCore
RPH000030,Sodium Chromate (Cr-51) Solution,Sodium Chromate (Cr-51) Solution,http://fhir.hie.moh.gov.my/CodeSystem/drug-my-core,CodeSystemDrugMyCore
B05CB02136H3001XX,Sodium Citrate 3.8% Solution (Sterile),Sodium Citrate 3.8% Solution,http://fhir.hie.moh.gov.my/CodeSystem/drug-my-core,CodeSystemDrugMyCore
RAW00081,Sodium Dihydrogen Phosphate Anhydrous (NaH2PO4 - Sodium dihydrogen orthophosphate anhydrous),Sodium Dihydrogen Phosphate Anhydrous,http://fhir.hie.moh.gov.my/CodeSystem/drug-my-core,CodeSystemDrugMyCore
KPK00022,Sodium Glycerophosphate 20ml Injection,Sodium Glycerophosphate 20ml Injection,http://fhir.hie.moh.gov.my/CodeSystem/drug-my-core,CodeSystemDrugMyCore
B05XA30125P6001XX,Sodium Lactate Compound 500mL IV soln,Sodium Lactate Compound 500mL IV soln,http://fhir.hie.moh.gov.my/CodeSystem/drug-my-core,CodeSystemDrugMyCore
RAW00052,Sodium Metabisulfite,Sodium Metabisulfite,http://fhir.hie.moh.gov.my/CodeSystem/drug-my-core,CodeSystemDrugMyCore
RPH000031,Sodium Phosphate (P-32),Sodium Phosphate (P-32),http://fhir.hie.moh.gov.my/CodeSystem/drug-my-core,CodeSystemDrugMyCore
J01GA01183P4001XX,Streptomycin Sulphate 1g Injection,Streptomycin Sulphate 1g Injection,http://fhir.hie.moh.gov.my/CodeSystem/drug-my-core,CodeSystemDrugMyCore
RAW00064,Sulphur Powder,Sulphur Powder,http://fhir.hie.moh.gov.my/CodeSystem/drug-my-core,CodeSystemDrugMyCore
RAW00091,Sulphuric Acid (H2SO4),Sulphuric Acid (H2SO4),http://fhir.hie.moh.gov.my/CodeSystem/drug-my-core,CodeSystemDrugMyCore
N02CC01000P5001XX,Sumatriptan 6 mg/0.5 ml Injection,Sumatriptan 6 mg/0.5 ml Injection,http://fhir.hie.moh.gov.my/CodeSystem/drug-my-core,CodeSystemDrugMyCore
RAW00030,Liquid Picis Carbonis BP Solution (Liquid Coal Tar),Liquid Picis Carbonis BP Solution (LPC),http://fhir.hie.moh.gov.my/CodeSystem/drug-my-core,CodeSystemDrugMyCore
RPH000004,Technetium-99m Albumin Colloid,Technetium-99m Albumin Colloid,http://fhir.hie.moh.gov.my/CodeSystem/drug-my-core,CodeSystemDrugMyCore
RPH000034,Preparation kit: Technetium-99m Albumin Colloid,Preparation kit: Tc-99m Albumin Colloid,http://fhir.hie.moh.gov.my/CodeSystem/drug-my-core,CodeSystemDrugMyCore
RPH000005,Technetium-99m Besilesomab,Technetium-99m Besilesomab,http://fhir.hie.moh.gov.my/CodeSystem/drug-my-core,CodeSystemDrugMyCore
RPH000035,Preparation kit: Technetium-99m Besilesomab,Preparation kit: Tc-99m Besilesomab,http://fhir.hie.moh.gov.my/CodeSystem/drug-my-core,CodeSystemDrugMyCore
RPH000049,Preparation kit: Technetium-99m Bicisate,Prep kit: Tc-99m Bicisate,http://fhir.hie.moh.gov.my/CodeSystem/drug-my-core,CodeSystemDrugMyCore
RPH000036,Preparation kit: Technetium-99m Colloidal Rhenium Sulphide,Preparation kit: Tc-99m Rhenium Sulphide,http://fhir.hie.moh.gov.my/CodeSystem/drug-my-core,CodeSystemDrugMyCore
RPH000006,Technetium-99m Colloidal Rhenium Sulphide,Tc-99m Colloidal Rhenium Sulphide,http://fhir.hie.moh.gov.my/CodeSystem/drug-my-core,CodeSystemDrugMyCore
RPH000037,Preparation kit: Technetium-99m Exametazime (Tc-99m HMPAO),Prep Kit: Tc-99m Exametazime,http://fhir.hie.moh.gov.my/CodeSystem/drug-my-core,CodeSystemDrugMyCore
RPH000007,Technetium-99m Exametazime (Tc-99m HMPAO),Tc-99m Exametazime,http://fhir.hie.moh.gov.my/CodeSystem/drug-my-core,CodeSystemDrugMyCore
RPH000008,Technetium-99m Macroaggregated Albumin (Tc-99m MAA),Tc-99m Macroaggregated Albumin,http://fhir.hie.moh.gov.my/CodeSystem/drug-my-core,CodeSystemDrugMyCore
RPH000038,Preparation kit: Technetium-99m Macroaggregated Albumin (Tc99m MAA),Prep kit: Tc-99m Macroaggregated Albumin,http://fhir.hie.moh.gov.my/CodeSystem/drug-my-core,CodeSystemDrugMyCore
RPH000039,Preparation kit: Technetium-99m Mebrofenin,Preparation kit: Tc-99m Mebrofenin,http://fhir.hie.moh.gov.my/CodeSystem/drug-my-core,CodeSystemDrugMyCore
N01BC01110L5001XX,Cocaine 10% Solution,Cocaine 10% Solution,http://fhir.hie.moh.gov.my/CodeSystem/drug-my-core,CodeSystemDrugMyCore
A16AB02000P4002XX,Imiglucerase 400 IU Injection,Imiglucerase 400 IU Injection,http://fhir.hie.moh.gov.my/CodeSystem/drug-my-core,CodeSystemDrugMyCore
KPK00063,Caffeine (anhydrous),Caffeine (anhydrous),http://fhir.hie.moh.gov.my/CodeSystem/drug-my-core,CodeSystemDrugMyCore
EYE00002,Amphotericin 0.1% Eye Drops,Amphotericin 0.1% Eye Drops,http://fhir.hie.moh.gov.my/CodeSystem/drug-my-core,CodeSystemDrugMyCore
M09AB00000T1001XX,Prolase Tablet,Prolase Tablet,http://fhir.hie.moh.gov.my/CodeSystem/drug-my-core,CodeSystemDrugMyCore
EYE00027,Vancomycin 33mg/mL (3.3%) Eye Drops,Vancomycin 3.3% Eye Drops,http://fhir.hie.moh.gov.my/CodeSystem/drug-my-core,CodeSystemDrugMyCore
EYE00010,"Benzylpenicillin 10,000 Units/mL Eye Drops","B.penicillin 10,000 Units/mL Eye Drops",http://fhir.hie.moh.gov.my/CodeSystem/drug-my-core,CodeSystemDrugMyCore
EYE00018,Ciclosporin A 1% Eye Drops,Ciclosporin A 1% Eye Drops,http://fhir.hie.moh.gov.my/CodeSystem/drug-my-core,CodeSystemDrugMyCore
EYE00012,Benzylpenicillin 5000 units/mL Eye Drops,B.penicillin 5000 units/mL Eye Drops,http://fhir.hie.moh.gov.my/CodeSystem/drug-my-core,CodeSystemDrugMyCore
EYE00007,Amphotericin 0.5% Eye Drops (5mg/ml),Amphotericin 0.5% Eye Drops,http://fhir.hie.moh.gov.my/CodeSystem/drug-my-core,CodeSystemDrugMyCore
EAR00001,Sodium Bicarbonate 5% Ear Drops (5ml),Sodium Bicarbonate 5% Ear Drops,http://fhir.hie.moh.gov.my/CodeSystem/drug-my-core,CodeSystemDrugMyCore
EYE00004,Amphotericin 0.15% Eye Drops,Amphotericin 0.15% Eye Drops,http://fhir.hie.moh.gov.my/CodeSystem/drug-my-core,CodeSystemDrugMyCore
EYE00005,Amphotericin 0.2% Eye Drops (2mg/ml),Amphotericin 0.2% Eye Drops,http://fhir.hie.moh.gov.my/CodeSystem/drug-my-core,CodeSystemDrugMyCore
EYE00009,Ascorbic Acid 10% Eye Drops  (Powder),Ascorbic Acid 10% Eye Drops  (Powder),http://fhir.hie.moh.gov.my/CodeSystem/drug-my-core,CodeSystemDrugMyCore
EYE00003,Amphotericin 0.125% Eye Drops,Amphotericin 0.125% Eye Drops,http://fhir.hie.moh.gov.my/CodeSystem/drug-my-core,CodeSystemDrugMyCore
EYE00001,Amikacin 2% Eye Drops,Amikacin 2% Eye Drops,http://fhir.hie.moh.gov.my/CodeSystem/drug-my-core,CodeSystemDrugMyCore
EYE00023,Gentamicin 3% Fortified Eye Drops,Gentamicin 3% Fortified Eye Drops,http://fhir.hie.moh.gov.my/CodeSystem/drug-my-core,CodeSystemDrugMyCore
EYE00016,Ciclosporin A 0.05% Eye Drops,Ciclosporin A 0.05% Eye Drops,http://fhir.hie.moh.gov.my/CodeSystem/drug-my-core,CodeSystemDrugMyCore
EYE00019,Fluconazole 0.2% Eye Drops,Fluconazole 0.2% Eye Drops,http://fhir.hie.moh.gov.my/CodeSystem/drug-my-core,CodeSystemDrugMyCore
EYE00017,Ciclosporin A 0.5 % Eye Drops,Ciclosporin A 0.5 % Eye Drops,http://fhir.hie.moh.gov.my/CodeSystem/drug-my-core,CodeSystemDrugMyCore
RAW00079,Olive Oil,Olive Oil,http://fhir.hie.moh.gov.my/CodeSystem/drug-my-core,CodeSystemDrugMyCore
EYE00021,Gentamicin 1.4%  Fortified Eye Drops,Gentamicin 1.4%  Fortified Eye Drops,http://fhir.hie.moh.gov.my/CodeSystem/drug-my-core,CodeSystemDrugMyCore
EYE00022,Gentamicin 1.5%  Fortified Eye Drops,Gentamicin 1.5%  Fortified Eye Drops,http://fhir.hie.moh.gov.my/CodeSystem/drug-my-core,CodeSystemDrugMyCore
EYE00020,Gentamicin 0.9% Fortified Eye Drops,Gentamicin 0.9% Fortified Eye Drops,http://fhir.hie.moh.gov.my/CodeSystem/drug-my-core,CodeSystemDrugMyCore
EYE00014,Cefuroxime 5% Eye Drops,Cefuroxime 5% Eye Drops,http://fhir.hie.moh.gov.my/CodeSystem/drug-my-core,CodeSystemDrugMyCore
EYE00008,Ascorbic Acid 10% Eye Drops,Ascorbic Acid 10% Eye Drops,http://fhir.hie.moh.gov.my/CodeSystem/drug-my-core,CodeSystemDrugMyCore
EYE00006,Amphotericin 0.25% Eye Drops,Amphotericin 0.25% Eye Drops,http://fhir.hie.moh.gov.my/CodeSystem/drug-my-core,CodeSystemDrugMyCore
EYE00026,Vancomycin 5% Eye Drops,Vancomycin 5% Eye Drops,http://fhir.hie.moh.gov.my/CodeSystem/drug-my-core,CodeSystemDrugMyCore
EYE00015,Chlorhexidine 0.02% Eye Drops,Chlorhexidine 0.02% Eye Drops,http://fhir.hie.moh.gov.my/CodeSystem/drug-my-core,CodeSystemDrugMyCore
EYE00013,Ceftazidime 5% Eye Drops,Ceftazidime 5% Eye Drops,http://fhir.hie.moh.gov.my/CodeSystem/drug-my-core,CodeSystemDrugMyCore
EYE00011,Benzylpenicillin 2500 units/mL (1.5mg/mL) Eye Drops,B.penicillin 2500 units/mL Eye Drops,http://fhir.hie.moh.gov.my/CodeSystem/drug-my-core,CodeSystemDrugMyCore
S01FA01183D2001XX,Atropine Sulphate 1% Eye Drops,Atropine Sulphate 1% Eye Drops,http://fhir.hie.moh.gov.my/CodeSystem/drug-my-core,CodeSystemDrugMyCore
KPK00058,Betaine powder for oral soln,Betaine powder for oral soln,http://fhir.hie.moh.gov.my/CodeSystem/drug-my-core,CodeSystemDrugMyCore
G02AD04999P3001XX,Carboprost Tromethamine 250mcg Injection,Carboprost Tromethamine 250mcg Injection,http://fhir.hie.moh.gov.my/CodeSystem/drug-my-core,CodeSystemDrugMyCore
RPH000032,Thallous Chloride (Tl-201),Thallous Chloride (Tl-201),http://fhir.hie.moh.gov.my/CodeSystem/drug-my-core,CodeSystemDrugMyCore
KPK00193,Tigecycline 50mg Injection,Tigecycline 50mg Injection,http://fhir.hie.moh.gov.my/CodeSystem/drug-my-core,CodeSystemDrugMyCore
R03CC03183P3001XX,Terbutaline Sulphate 0.5mg/ml Injection,Terbutaline Sulphate 0.5mg/ml Inj,http://fhir.hie.moh.gov.my/CodeSystem/drug-my-core,CodeSystemDrugMyCore
J01EE01961P3001XX,Sulphamethoxazole 400 mg + Trimethoprim 80mg Inj (dose in TMP only),Sulp 400mg  +TMP 80mg Inj(dose in TMP),http://fhir.hie.moh.gov.my/CodeSystem/drug-my-core,CodeSystemDrugMyCore
G03GA04000P3002XX,Urofollitropin (FSH) 150 IU Injection,Urofollitropin (FSH) 150 IU Injection,http://fhir.hie.moh.gov.my/CodeSystem/drug-my-core,CodeSystemDrugMyCore
G03GA04000P3001XX,Urofollitropin (FSH) 75 IU Injection,Urofollitropin (FSH) 75 IU Injection,http://fhir.hie.moh.gov.my/CodeSystem/drug-my-core,CodeSystemDrugMyCore
N03AG01520P4001XX,Sodium Valproate 400 mg Injection,Sodium Valproate 400 mg Injection,http://fhir.hie.moh.gov.my/CodeSystem/drug-my-core,CodeSystemDrugMyCore
A11EX00901P3001XX,Vitamin B Complex 10ml Inj,Vitamin B Complex 10ml Inj,http://fhir.hie.moh.gov.my/CodeSystem/drug-my-core,CodeSystemDrugMyCore
A11DB00901P3001XX,"Vitamin B1, B6, B12 Inj","Vitamin B1, B6, B12 Inj",http://fhir.hie.moh.gov.my/CodeSystem/drug-my-core,CodeSystemDrugMyCore
J02AC03000P3001XX,Voriconazole 200mg/20ml Powder for Injection,Voriconazole 200mg/20ml Injection,http://fhir.hie.moh.gov.my/CodeSystem/drug-my-core,CodeSystemDrugMyCore
V07AB00000P3001d,Sterile Water for Irrigation 1000mL,Sterile Water for Irrigation 1000mL,http://fhir.hie.moh.gov.my/CodeSystem/drug-my-core,CodeSystemDrugMyCore
V07AB00000P3001c,Sterile Water for Irrigation 500mL,Sterile Water for Irrigation 500mL,http://fhir.hie.moh.gov.my/CodeSystem/drug-my-core,CodeSystemDrugMyCore
V07AB00000P3001b,Sterile Water for Injection 10mL,Sterile Water for Injection 10mL,http://fhir.hie.moh.gov.my/CodeSystem/drug-my-core,CodeSystemDrugMyCore
V07AB00000P3001a,Sterile Water for Injection 500mL,Sterile Water for Injection 500mL,http://fhir.hie.moh.gov.my/CodeSystem/drug-my-core,CodeSystemDrugMyCore
RPH000025,Yttrium-90 Citrate,Y-90 Citrate,http://fhir.hie.moh.gov.my/CodeSystem/drug-my-core,CodeSystemDrugMyCore
J01CR01961P4001XX,Ampicillin 500mg + Sulbactam 250mg Injection,Ampicillin 500mg + Sulbactam 250mg Inj,http://fhir.hie.moh.gov.my/CodeSystem/drug-my-core,CodeSystemDrugMyCore
IVA00011,Magnesium Sulphate  10 mmol/500ml Injection,Mag. Sulphate  10 mmol/500ml Inj.,http://fhir.hie.moh.gov.my/CodeSystem/drug-my-core,CodeSystemDrugMyCore
RAW00025,Lemon Spirit BP,Lemon Spirit BP,http://fhir.hie.moh.gov.my/CodeSystem/drug-my-core,CodeSystemDrugMyCore
KPK00002,Amphotericin B Liposomal 50mg powder for Injection,Amphotericin B Liposomal 50mg Inj,http://fhir.hie.moh.gov.my/CodeSystem/drug-my-core,CodeSystemDrugMyCore
A02AA10912L2101XX,Magnesium Trisilicate Mixture,Magnesium Trisilicate Mixture,http://fhir.hie.moh.gov.my/CodeSystem/drug-my-core,CodeSystemDrugMyCore
C03EA01900T1001XX,Amiloride HCl 5 mg  Hydrochlorothiazide 50 mg Tablet,Amiloride HCl 5mg  HCTZ 50mg Tab,http://fhir.hie.moh.gov.my/CodeSystem/drug-my-core,CodeSystemDrugMyCore
C09DB01935T1003XX,Amlodipine 10 mg and Valsartan 160 mg Tablet,Amlodipine 10mg  Valsartan 160mg Tab,http://fhir.hie.moh.gov.my/CodeSystem/drug-my-core,CodeSystemDrugMyCore
C09DB01935T1002XX,Amlodipine 5 mg and Valsartan 160 mg Tablet,Amlodipine 5mg  Valsartan 160mg Tab,http://fhir.hie.moh.gov.my/CodeSystem/drug-my-core,CodeSystemDrugMyCore
J01CR02961T1002XX,Amoxicillin 500 mg  Clavulanate 125 mg Tablet,Amoxicillin-Clav 625mg Tab,http://fhir.hie.moh.gov.my/CodeSystem/drug-my-core,CodeSystemDrugMyCore
P01BE52981T1001XX,Artemether 20mg + Lumefantrine 120mg,Artemether 20mg  Lumefantrine 120mg Tab,http://fhir.hie.moh.gov.my/CodeSystem/drug-my-core,CodeSystemDrugMyCore
P01BF02000T1002XX,"Artesunate 100mg, Mefloquine HCI 220mg Tablet","Artesunate 100mg, Mefloquine 220mg Tab",http://fhir.hie.moh.gov.my/CodeSystem/drug-my-core,CodeSystemDrugMyCore
P01BF02000T1001XX,"Artesunate 25mg, Mefloquine HCI 55mg Tablet","Artesunate 25mg, Mefloquine 55mg Tab",http://fhir.hie.moh.gov.my/CodeSystem/drug-my-core,CodeSystemDrugMyCore
GLN0100054,Bentonite Suspension,Bentonite Suspension,http://fhir.hie.moh.gov.my/CodeSystem/drug-my-core,CodeSystemDrugMyCore
A01AD02110A4201XX,Benzydamine 3mg/ml throat spray,Benzydamine 3mg/ml throat spray,http://fhir.hie.moh.gov.my/CodeSystem/drug-my-core,CodeSystemDrugMyCore
A01AD02110M2001XX,Benzydamine HCl 0.15% Solution,Benzydamine HCl 0.15% Solution,http://fhir.hie.moh.gov.my/CodeSystem/drug-my-core,CodeSystemDrugMyCore
S02AA03000D1001XX,Boric Acid 2% w/v with Spirit Ear Drops,Boric Acid 2% w/v with Spirit Ear Drops,http://fhir.hie.moh.gov.my/CodeSystem/drug-my-core,CodeSystemDrugMyCore
GLN0200039,Ephedrine 0.25% w/v Nasal Drops,Ephedrine 0.25% w/v Nasal Drops,http://fhir.hie.moh.gov.my/CodeSystem/drug-my-core,CodeSystemDrugMyCore
R01AA03110D6001XX,Ephedrine 0.5% w/v Nasal Drops,Ephedrine 0.5% w/v Nasal Drops,http://fhir.hie.moh.gov.my/CodeSystem/drug-my-core,CodeSystemDrugMyCore
L04AB01000P4002XX,Etanercept 50mg Injection,Etanercept 50mg Injection,http://fhir.hie.moh.gov.my/CodeSystem/drug-my-core,CodeSystemDrugMyCore
L04AA11000P4001XX,Etanercept 25mg Injection,Etanercept 25mg Injection,http://fhir.hie.moh.gov.my/CodeSystem/drug-my-core,CodeSystemDrugMyCore
J01GB03183P1001XX,Gentamicin 7.5 mg Beads,Gentamicin 7.5 mg Beads,http://fhir.hie.moh.gov.my/CodeSystem/drug-my-core,CodeSystemDrugMyCore
S02AA06241D1001XX,Hydrogen Peroxide 1.5% Ear Drops,Hydrogen Peroxide 1.5% Ear Drops,http://fhir.hie.moh.gov.my/CodeSystem/drug-my-core,CodeSystemDrugMyCore
A10AB05000P3001XX,Insulin aspart (Novorapid) 100 IU/ml FlexPen,Novorapid 100 IU/ml FlexPen,http://fhir.hie.moh.gov.my/CodeSystem/drug-my-core,CodeSystemDrugMyCore
A10AD05000P3001XX,Insulin aspart 30%/aspart protamine 70%(NovoMix-30) 100 IU/ml FlexPen,NovoMix-30 100 IU/ml FlexPen,http://fhir.hie.moh.gov.my/CodeSystem/drug-my-core,CodeSystemDrugMyCore
A10AE05000P5001XX,Insulin detemir (Levemir) 100 IU/ml FlexPen,Levemir 100 IU/ml FlexPen,http://fhir.hie.moh.gov.my/CodeSystem/drug-my-core,CodeSystemDrugMyCore
A10AE04000P5001XX,Insulin glargine (Lantus) 100 IU/ml Pre-filled Pen,Lantus 100 IU/ml Pre-filled Pen,http://fhir.hie.moh.gov.my/CodeSystem/drug-my-core,CodeSystemDrugMyCore
A10AC01000P3001a,Insulin isophane (Insulatard) 100 IU/mL Vial,Insulatard 100 IU/mL Vial,http://fhir.hie.moh.gov.my/CodeSystem/drug-my-core,CodeSystemDrugMyCore
A10AC01000P3001b,Insulin isophane (Humulin N) 100 IU/mL Vial,Humulin N 100 IU/mL Vial,http://fhir.hie.moh.gov.my/CodeSystem/drug-my-core,CodeSystemDrugMyCore
A10AC01000P5001b,Insulin isophane (Humulin N) 100 IU/mL Penfill,Humulin N 100 IU/mL Penfill,http://fhir.hie.moh.gov.my/CodeSystem/drug-my-core,CodeSystemDrugMyCore
A10AC01000P5001a,Insulin isophane (Insulatard) 100 IU/mL Penfill,Insulatard 100 IU/mL Penfill,http://fhir.hie.moh.gov.my/CodeSystem/drug-my-core,CodeSystemDrugMyCore
KPK00102,Hydroquinone 4% Cream,Hydroquinone 4% Cream,http://fhir.hie.moh.gov.my/CodeSystem/drug-my-core,CodeSystemDrugMyCore
A10AB04000P5001XX,Insulin Lispro (Humalog) 100 IU/ml Cartridge,Humalog 100 IU/ml Cartridge,http://fhir.hie.moh.gov.my/CodeSystem/drug-my-core,CodeSystemDrugMyCore
A10AD04000P5001XX,Insulin lispro 25% /lispro protamin 75%(Humalog Mix-25) 100 IU/mL Penfill Cartridge,Humalog Mix-25 100 IU/mL Cartridge,http://fhir.hie.moh.gov.my/CodeSystem/drug-my-core,CodeSystemDrugMyCore
A10AB01000P3001a,Insulin regular (HumulinR) 100 IU/mL Vial,HumulinR 100 IU/mL Vial,http://fhir.hie.moh.gov.my/CodeSystem/drug-my-core,CodeSystemDrugMyCore
A10AB01000P5001a,Insulin regular (HumulinR) 100 IU/mL Penfill,HumulinR 100 IU/mL Penfill,http://fhir.hie.moh.gov.my/CodeSystem/drug-my-core,CodeSystemDrugMyCore
A10AB01000P3001b,Insulin regular (Actrapid) 100 IU/mL Vial,Actrapid 100 IU/mL Vial,http://fhir.hie.moh.gov.my/CodeSystem/drug-my-core,CodeSystemDrugMyCore
A10AB01000P5001b,Insulin regular (Actrapid) 100 IU/mL Penfill,Actrapid 100 IU/mL Penfill,http://fhir.hie.moh.gov.my/CodeSystem/drug-my-core,CodeSystemDrugMyCore
A10AD01000P5001a,Insulin regular/isophane (Humulin 30/70) 100 IU/mL Penfill,Humulin 30/70 100 IU/mL Penfill,http://fhir.hie.moh.gov.my/CodeSystem/drug-my-core,CodeSystemDrugMyCore
A10AD01000P3001a,Insulin regular/isophane (Humulin 30/70) 100 IU/mL Vial,Humulin 30/70 100 IU/mL Vial,http://fhir.hie.moh.gov.my/CodeSystem/drug-my-core,CodeSystemDrugMyCore
A10AD01000P5001b,Insulin regular/isophane (Mixtard-30) 100 IU/mL Penfill,Mixtard-30 100 IU/mL Penfill,http://fhir.hie.moh.gov.my/CodeSystem/drug-my-core,CodeSystemDrugMyCore
A10AD01000P3001b,Insulin regular/isophane (Mixtard-30) 100 IU/mL Vial,Mixtard-30 100 IU/mL Vial,http://fhir.hie.moh.gov.my/CodeSystem/drug-my-core,CodeSystemDrugMyCore
L03AB04000P3002XX,Interferon Alpha 2a 4.5MIU Injection,Interferon Alpha 2a 4.5MIU Injection,http://fhir.hie.moh.gov.my/CodeSystem/drug-my-core,CodeSystemDrugMyCore
L03AB04000P3001XX,Interferon Alpha 2a 3MIU Injection,Interferon Alpha 2a 3MIU Injection,http://fhir.hie.moh.gov.my/CodeSystem/drug-my-core,CodeSystemDrugMyCore
L03AB05000P3001XX,Interferon Alpha 2b 3 MIU Injection,Interferon Alpha 2b 3 MIU Inj,http://fhir.hie.moh.gov.my/CodeSystem/drug-my-core,CodeSystemDrugMyCore
L03AB05000P5002XX,Interferon Alpha 2b 30MIU Injection,Interferon Alpha 2b 30MIU Injection,http://fhir.hie.moh.gov.my/CodeSystem/drug-my-core,CodeSystemDrugMyCore
L03AB05000P5001XX,Interferon Alpha 2b 18MIU Injection,Interferon Alpha 2b 18MIU Injection,http://fhir.hie.moh.gov.my/CodeSystem/drug-my-core,CodeSystemDrugMyCore
L03AB07000P5002XX,Interferon Beta 1a 44 mcg Injection,Interferon Beta 1a 44 mcg Injection,http://fhir.hie.moh.gov.my/CodeSystem/drug-my-core,CodeSystemDrugMyCore
L03AB07000P5001XX,Interferon Beta-1a 22 mcg Injection,Interferon Beta-1a 22 mcg Injection,http://fhir.hie.moh.gov.my/CodeSystem/drug-my-core,CodeSystemDrugMyCore
H03CA00200L9901XX,Iodine and Potassium Iodide Aqueous Solution (Lugol's Solution),Lugol's Soln (Iodine & potassium iodide),http://fhir.hie.moh.gov.my/CodeSystem/drug-my-core,CodeSystemDrugMyCore
A02AH00912L2101XX,Sodium Bicarbonate and Magnesium Carbonate Compound Mixture (Carminative Mixt),Carminative Mixture,http://fhir.hie.moh.gov.my/CodeSystem/drug-my-core,CodeSystemDrugMyCore
KPK00023,Cyclosporin 0.05% EyeDrop (0.4ml/amp),Cyclosporin 0.05% EyeDrop,http://fhir.hie.moh.gov.my/CodeSystem/drug-my-core,CodeSystemDrugMyCore
G03CA57000G1001XX,Conjugated Oestrogens 0.625 mg/g Cream,Conjugated Oestrogens 0.625 mg/g Cream,http://fhir.hie.moh.gov.my/CodeSystem/drug-my-core,CodeSystemDrugMyCore
GLN0200011,Formaldehyde 10% Solution,Formalin 10% Solution,http://fhir.hie.moh.gov.my/CodeSystem/drug-my-core,CodeSystemDrugMyCore
R02AB03000A4101XX,Fusafungine 1% Nasal Spray,Fusafungine 1% Nasal Spray,http://fhir.hie.moh.gov.my/CodeSystem/drug-my-core,CodeSystemDrugMyCore
D11AX05183G6001XX,Magnesium Sulphate 45% Paste (Morrison Paste),Magnesium Sulphate 45% Paste,http://fhir.hie.moh.gov.my/CodeSystem/drug-my-core,CodeSystemDrugMyCore
EYE00030,Methylcellulose 3% Eye Drop,Methylcellulose 3% Eye Drop,http://fhir.hie.moh.gov.my/CodeSystem/drug-my-core,CodeSystemDrugMyCore
EYE00029,Methylcellulose 2.25% Eye Gel,Methylcellulose 2.25% Eye Gel,http://fhir.hie.moh.gov.my/CodeSystem/drug-my-core,CodeSystemDrugMyCore
EYE00028,Methylcellulose 1% Eye Drop,Methylcellulose 1% Eye Drop,http://fhir.hie.moh.gov.my/CodeSystem/drug-my-core,CodeSystemDrugMyCore
R01AD09139A4101XX,Mometasone Furoate 50 mcg Aqueous Nasal Spray,Mometasone Furoate 50mcg Aq Nasal Spray,http://fhir.hie.moh.gov.my/CodeSystem/drug-my-core,CodeSystemDrugMyCore
A06AD15000F2101XX,Polyethylene Glycol /Macrogol 4000 Powder,Polyethylene Glycol /Macrogol 4000 Powd,http://fhir.hie.moh.gov.my/CodeSystem/drug-my-core,CodeSystemDrugMyCore
V03AE01999F2101XX,"Calcium Polystyrene Sulphonate Powder, 5g/sachet",Calcium Polystyrene Sulphonate Powder,http://fhir.hie.moh.gov.my/CodeSystem/drug-my-core,CodeSystemDrugMyCore
A12BA02955L2101XX,Potassium Citrate 3g/10ml Mixture BPC,Potassium Citrate Mixt. BPC,http://fhir.hie.moh.gov.my/CodeSystem/drug-my-core,CodeSystemDrugMyCore
R03AK06989A2102XX,"Salmeterol 25mcg, Fluticasone Propionate 125mcg Evohaler (120dose)",Salmeterol-Fluticasone 25/125 Evohaler,http://fhir.hie.moh.gov.my/CodeSystem/drug-my-core,CodeSystemDrugMyCore
R03AK06989A2106XX,"Salmeterol 50mcg, Fluticasone Propionate 500mcg Accuhaler (60doses)",Salmeterol/Fluticasone 50/500mcg Accuhal,http://fhir.hie.moh.gov.my/CodeSystem/drug-my-core,CodeSystemDrugMyCore
R03AK06989A2101XX,"Salmeterol 50mcg, Fluticasone Propionate 250mcg Accuhaler (60doses)",Salmeterol/Fluticasone 50/250mcg Accuhal,http://fhir.hie.moh.gov.my/CodeSystem/drug-my-core,CodeSystemDrugMyCore
R03AK06989A2103,Salmeterol 50mcg  Fluticasone Propionate 100mcg Inh,Salmeterol/Fluticasone 50/100 Inh,http://fhir.hie.moh.gov.my/CodeSystem/drug-my-core,CodeSystemDrugMyCore
B05CB02136L2101XX,"Sodium Citrate, Citric Acid Mixture 3 g/10 ml",Sodium Citrate+Citric Mixt 3g/10ml,http://fhir.hie.moh.gov.my/CodeSystem/drug-my-core,CodeSystemDrugMyCore
A06AG01162G2001XX,"Sodium Biphosphate 16%, Sodium Phosphate 6% Enema (Fleet)","Sod Biphosphate, Sod Phosphate Enema",http://fhir.hie.moh.gov.my/CodeSystem/drug-my-core,CodeSystemDrugMyCore
A06AG01162L9901XX,Monobasic Sod Phosphate 16% Dibasic Sod Phosphate 6% Oral Soln,Monobasic/Dibasic Sod Phosphate 16/6%,http://fhir.hie.moh.gov.my/CodeSystem/drug-my-core,CodeSystemDrugMyCore
A11CB00901C1001XX,Vitamin A+D Capsule (Cod Liver Oil),Vitamin A+D Capsule (Cod Liver Oil),http://fhir.hie.moh.gov.my/CodeSystem/drug-my-core,CodeSystemDrugMyCore
A11EA00901T1001XX,Vitamin B Complex Tablet,Vitamin B Complex Tab,http://fhir.hie.moh.gov.my/CodeSystem/drug-my-core,CodeSystemDrugMyCore
A11DB00901T1001XX,"Vitamin B1, B6, B12 Tablet","Vitamin B1, B6, B12 Tab",http://fhir.hie.moh.gov.my/CodeSystem/drug-my-core,CodeSystemDrugMyCore
A11E000901T1001XX,"Vitamin E,B6,B12, Nicotinamide Tab","Vitamin E,B6,B12, Nicotinamide Tab",http://fhir.hie.moh.gov.my/CodeSystem/drug-my-core,CodeSystemDrugMyCore
A07BA01000F1001XX,Charcoal Activated Granules,Charcoal Activated Granules,http://fhir.hie.moh.gov.my/CodeSystem/drug-my-core,CodeSystemDrugMyCore
A10BD07926T1001XX,Sitagliptin 50 mg and Metformin HCl 500 mg Tablet,Sitagliptin 50mg  Metformin 500mg Tab,http://fhir.hie.moh.gov.my/CodeSystem/drug-my-core,CodeSystemDrugMyCore
A10BD07926T1002XX,Sitagliptin 50 mg and Metformin HCl 850 mg Tablet,Sitagliptin 50mg  Metformin 850 mg Tab,http://fhir.hie.moh.gov.my/CodeSystem/drug-my-core,CodeSystemDrugMyCore
A10BD07926T1003XX,Sitagliptin 50 mg and Metformin HCl 1000 mg Tablet,Sitagliptin 50mg  Metformin 1000mg Tab,http://fhir.hie.moh.gov.my/CodeSystem/drug-my-core,CodeSystemDrugMyCore
R01BA52988T1001XX,Loratadine 5 mg and Pseudoephedrine Sulphate 120 mg Tablet,Loratadine 5 mg Pseudoephedrine 120mg T,http://fhir.hie.moh.gov.my/CodeSystem/drug-my-core,CodeSystemDrugMyCore
EYE00025,Sodium Chloride 3% Eye Drops (Hypertonic Saline),Sodium Chloride 3% Eye Drops,http://fhir.hie.moh.gov.my/CodeSystem/drug-my-core,CodeSystemDrugMyCore
S01GA52110D2001XX,Antazoline-Tetrahydrozoline Eye Drops (Spersallerg),Spersallerg Eye Drop,http://fhir.hie.moh.gov.my/CodeSystem/drug-my-core,CodeSystemDrugMyCore
R03AK07989A2102XX,Budesonide 320mcg and Formoterol 9mcg Turbuhaler (60doses),Budesonide/Formoterol 320/9 Turbu,http://fhir.hie.moh.gov.my/CodeSystem/drug-my-core,CodeSystemDrugMyCore
S01EB02100D2001XX,Carbachol 0.01% Intraocular Solution,Carbachol 0.01% Intraocular Solution,http://fhir.hie.moh.gov.my/CodeSystem/drug-my-core,CodeSystemDrugMyCore
S01AX13110D2001XX,Ciprofloxacin HCl 0.3% Ophthalmic Solution,Ciprofloxacin HCl 0.3% Ophthalmic Sol,http://fhir.hie.moh.gov.my/CodeSystem/drug-my-core,CodeSystemDrugMyCore
G03FA12295T1002XX,Conj Oestrogens 0.625mg+ Medroxyprogesterone A. 2.5mg Tab,Conj Oestrog 0.625mg  M.Progest A 2.5mg,http://fhir.hie.moh.gov.my/CodeSystem/drug-my-core,CodeSystemDrugMyCore
S01GX01520D2001XX,Sodium Cromoglycate 2% Eye Drops (10ml),Sod Cromoglycate 2% Eye Drops,http://fhir.hie.moh.gov.my/CodeSystem/drug-my-core,CodeSystemDrugMyCore
S01FA04000D2002XX,Cyclopentolate 1% Eye Drops,Cyclopentolate 1% Eye Drops,http://fhir.hie.moh.gov.my/CodeSystem/drug-my-core,CodeSystemDrugMyCore
GLN0200040,Dextrose in Glycerine Nasal Drop,Dextrose in Glycerine Nasal Drop,http://fhir.hie.moh.gov.my/CodeSystem/drug-my-core,CodeSystemDrugMyCore
C05CA53931T1001XX,Diosmin 450 mg and Hesperidin 50 mg Tablet,Diosmin 450mg and Hesperidin 50mg Tab,http://fhir.hie.moh.gov.my/CodeSystem/drug-my-core,CodeSystemDrugMyCore
S01EC03110D2001XX,Dorzolamide HCl 2% Ophthalmic Solution,Dorzolamide HCl 2% Ophthalmic Solution,http://fhir.hie.moh.gov.my/CodeSystem/drug-my-core,CodeSystemDrugMyCore
A05BA00924C1001XX,Essential Phospholipids Capsule,Essential Phospholipids Cap,http://fhir.hie.moh.gov.my/CodeSystem/drug-my-core,CodeSystemDrugMyCore
G03AA09954T1002XX,Ethinylestradiol 20mcg+ Desogestrel 150mcg Tab (21tab/pck),E.Estradiol 20mcg Desogestrel 150mcg,http://fhir.hie.moh.gov.my/CodeSystem/drug-my-core,CodeSystemDrugMyCore
G03AB05954T1001XX,Desogestrel 150mcg  Ethinyloestradiol 30mcg Tablet,Desogestrel 150mcgE.Estradiol 30mcg Tab,http://fhir.hie.moh.gov.my/CodeSystem/drug-my-core,CodeSystemDrugMyCore
G03AA12954T1002XX,Ethinylestradiol 20mcg  Drospirenone 3mg Tablet,E.Estradiol 20mcg  Drospirenone 3mg Tab,http://fhir.hie.moh.gov.my/CodeSystem/drug-my-core,CodeSystemDrugMyCore
G03AA10954T1001XX,Ethinylestradiol 20 mcg  Gestodene 75 mcg Tablet (21tab/pck),E.Estradiol 20mcg  Gestodene 75mcg Tab,http://fhir.hie.moh.gov.my/CodeSystem/drug-my-core,CodeSystemDrugMyCore
C10BA02000T1001XX,Ezetimibe 10 mg  Simvastatin 20 mg Tablet,Ezetimibe 10mg  Simvastatin 20mg Tab,http://fhir.hie.moh.gov.my/CodeSystem/drug-my-core,CodeSystemDrugMyCore
S01BA07000D2001XX,Fluorometholone 0.1% Ophthalmic Suspension,Fluorometholone 0.1% Ophthalmic Susp,http://fhir.hie.moh.gov.my/CodeSystem/drug-my-core,CodeSystemDrugMyCore
S01BC05239D2001XX,Ketorolac Tromethamine 0.5% Eye drops,Ketorolac Tromethamine 0.5% Eye drops,http://fhir.hie.moh.gov.my/CodeSystem/drug-my-core,CodeSystemDrugMyCore
J05AR02964T1001XX,Abacavir Sulphate 600mg + Lamivudine 300mg Tablet,Abacavir 600mg + Lamivudine 300mg Tab,http://fhir.hie.moh.gov.my/CodeSystem/drug-my-core,CodeSystemDrugMyCore
S01EE01000D2001XX,Latanoprost 0.005% Eye Drops,Latanoprost 0.005% Eye Drops,http://fhir.hie.moh.gov.my/CodeSystem/drug-my-core,CodeSystemDrugMyCore
RAW00054,Iodoform,Iodoform,http://fhir.hie.moh.gov.my/CodeSystem/drug-my-core,CodeSystemDrugMyCore
N04BA02977T4001XX,Levodopa 100 mg and Benserazide 25 mg Dispersible Tablet,L-dopa 100mg Benserazide 25mg Disp. Tab,http://fhir.hie.moh.gov.my/CodeSystem/drug-my-core,CodeSystemDrugMyCore
N04BA02977C1001XX,"Levodopa 100 mg, Benserazide 25 mg HBS capsule","Levodopa 100mg, Benserazide 25mg HBS cap",http://fhir.hie.moh.gov.my/CodeSystem/drug-my-core,CodeSystemDrugMyCore
N04BA02977T1001XX,"Levodopa 200 mg, Benserazide 50 mg Tablet","L-dopa 200 mg, Benserazide 50 mg Tab",http://fhir.hie.moh.gov.my/CodeSystem/drug-my-core,CodeSystemDrugMyCore
N04BA02000T1002XX,Levodopa 250 mg and Carbidopa 25 mg Tablet,L-dopa 250mg  Carbidopa 25mg Tab,http://fhir.hie.moh.gov.my/CodeSystem/drug-my-core,CodeSystemDrugMyCore
N04BA02000T1001XX,Levodopa 100 mg and Carbidopa 25 mg Tablet,L-dopa 100mg  Carbidopa 25mg Tab,http://fhir.hie.moh.gov.my/CodeSystem/drug-my-core,CodeSystemDrugMyCore
N04BA03977T1002XX,"Levodopa 100 mg, Carbidopa 25 mg  Entacapone 200 mg Tablet",L-dopa/C.dopa/Entacapone 100/25/200 Tab,http://fhir.hie.moh.gov.my/CodeSystem/drug-my-core,CodeSystemDrugMyCore
J05AE06964L9901XX,Lopinavir 80mg/Ritonavir 20mg in 1mL Oral Solution (dose base on lopinavir only),Lopinavir/Ritonavir Oral Solution,http://fhir.hie.moh.gov.my/CodeSystem/drug-my-core,CodeSystemDrugMyCore
J05AE06964T1001XX,Lopinavir 200 mg and Ritonavir 50 mg Tablet,Lopinavir 200mg  Ritonavir 50mg Tab,http://fhir.hie.moh.gov.my/CodeSystem/drug-my-core,CodeSystemDrugMyCore
KPK00113,Lopinavir 100mg + Ritonavir 25mg Tablet,Lopinavir 100mg + Ritonavir 25mg Tab,http://fhir.hie.moh.gov.my/CodeSystem/drug-my-core,CodeSystemDrugMyCore
C09DA01935T1001XX,Losartan Potassium 50 mg Hydrochlorothiazide 12.5 mg Tablet,Losartan 50mg  HCTZ 12.5mg Tab,http://fhir.hie.moh.gov.my/CodeSystem/drug-my-core,CodeSystemDrugMyCore
C09DA01935T1003XX,Losartan Potassium 100mg  Hydrochlorothiazide 12.5mg Tablet,Losartan 100mg  HCTZ 12.5mg Tab,http://fhir.hie.moh.gov.my/CodeSystem/drug-my-core,CodeSystemDrugMyCore
C09DA01935T1004XX,Losartan Potassium 100 mg  Hydrochlorothiazide 25 mg Tablet,Losartan 100mg  HCTZ 25mg Tab,http://fhir.hie.moh.gov.my/CodeSystem/drug-my-core,CodeSystemDrugMyCore
R06AE55919T1001XX,Meclozine HCl 25 mg and Pyridoxine 50 mg Tablet,Meclozine HCl 25mg  Pyridoxine 50mg Tab,http://fhir.hie.moh.gov.my/CodeSystem/drug-my-core,CodeSystemDrugMyCore
A10BD02926T1001XX,Metformin 500 mg and Glibenclamide 2.5 mg Tablet,Metformin 500mg Glibenclamide 2.5mg Tab,http://fhir.hie.moh.gov.my/CodeSystem/drug-my-core,CodeSystemDrugMyCore
A10BD02926T1002XX,Metformin 500 mg and Glibenclamide 5 mg Tablet,Metformin 500mg Glibenclamide 5mg Tab,http://fhir.hie.moh.gov.my/CodeSystem/drug-my-core,CodeSystemDrugMyCore
A10BD08926T1001XX,Vildagliptin 50 mg and Metformin HCl 850 mg Tablet,Vildagliptin 50mg  Metformin 850mg Tab,http://fhir.hie.moh.gov.my/CodeSystem/drug-my-core,CodeSystemDrugMyCore
A10BD08926T1002XX,Vildagliptin 50 mg and Metformin HCl 1000 mg Tablet,Vildagliptin 50mg  Metformin 1000mg Tab,http://fhir.hie.moh.gov.my/CodeSystem/drug-my-core,CodeSystemDrugMyCore
S01AX22110D2001XX,Moxifloxacin 0.5% Ophthalmic Solution,Moxifloxacin 0.5% Ophthalmic Solution,http://fhir.hie.moh.gov.my/CodeSystem/drug-my-core,CodeSystemDrugMyCore
A11AA03903C1001XX,Pre/Post-Natal Vitamin and Mineral Capsule,Pre/Post Natal Vitamin and Mineral Cap,http://fhir.hie.moh.gov.my/CodeSystem/drug-my-core,CodeSystemDrugMyCore
A11AA03903T1001XX,Pre/Post- Natal Vitamin and Mineral Tablet,Pre/Post Natal Vitamin and Mineral Tab,http://fhir.hie.moh.gov.my/CodeSystem/drug-my-core,CodeSystemDrugMyCore
KPK00127,Natamycin 5% Eye Susp,Natamycin 5% Eye Susp,http://fhir.hie.moh.gov.my/CodeSystem/drug-my-core,CodeSystemDrugMyCore
S01CA05991D2001XX,Betamethasone-Neomycin Eye Drops,Betamethasone-Neomycin Eye Drops,http://fhir.hie.moh.gov.my/CodeSystem/drug-my-core,CodeSystemDrugMyCore
S01AA30990D2001XX,"Neomycin, Polymyxin B, Gramicidin Eye Drops","Neomycin,PolymyxinB,Gramicidin Eye Drop",http://fhir.hie.moh.gov.my/CodeSystem/drug-my-core,CodeSystemDrugMyCore
KPK00128,Nepafenac 0.1% Opthalmic Suspension,Nepafenac 0.1% Opthalmic Suspension,http://fhir.hie.moh.gov.my/CodeSystem/drug-my-core,CodeSystemDrugMyCore
S01AX12000D2001XX,Norfloxacin 0.3% Eye Drops,Norfloxacin 0.3% Eye Drops,http://fhir.hie.moh.gov.my/CodeSystem/drug-my-core,CodeSystemDrugMyCore
S01GX09110D2002XX,Olopatadine HCl 0.2% Opthalmic Solution,Olopatadine HCl 0.2% Opthalmic Solution,http://fhir.hie.moh.gov.my/CodeSystem/drug-my-core,CodeSystemDrugMyCore
N02AA55900T1003XX,"Oxycodone HCl 20mg, Naloxone HCl 10mg Dehydrate Tablet","Oxycodone 20mg, Naloxone 10mg Tab",http://fhir.hie.moh.gov.my/CodeSystem/drug-my-core,CodeSystemDrugMyCore
N02AA55900T1002XX,"Oxycodone HCl 10mg, Naloxone HCl 5mg Dehydrate Tablet","Oxycodone 10mg, Naloxone 5mg Tab",http://fhir.hie.moh.gov.my/CodeSystem/drug-my-core,CodeSystemDrugMyCore
N02AA55900T1001XX,"Oxycodone HCl 5mg, Naloxone HCl 2.5mg Dehydrate Tablet","Oxycodone 5mg, Naloxone 2.5mg Tab",http://fhir.hie.moh.gov.my/CodeSystem/drug-my-core,CodeSystemDrugMyCore
N02AA55900T1004XX,"Oxycodone HCl 40mg, Naloxone HCl 20mg Dehydrate Tablet","Oxycodone 40mg, Naloxone 20mg Tab",http://fhir.hie.moh.gov.my/CodeSystem/drug-my-core,CodeSystemDrugMyCore
C09BA04900T1001XX,Perindopril 4 mg and Indapamide 1.25 mg Tablet,"Perindopril4mg,Indapamide1.25mg Tab",http://fhir.hie.moh.gov.my/CodeSystem/drug-my-core,CodeSystemDrugMyCore
EYE00024,Phenylephrine HCl 10% Eye Drops,Phenylephrine HCl 10% Eye Drops,http://fhir.hie.moh.gov.my/CodeSystem/drug-my-core,CodeSystemDrugMyCore
S01FB01110D2001XX,Phenylephrine HCI 2.5% Eye Drops,Phenylephrine HCI 2.5% Eye Drops,http://fhir.hie.moh.gov.my/CodeSystem/drug-my-core,CodeSystemDrugMyCore
S01FB01110D2002XX,Phenylephrine HCl 10% Eye Drops,Phenylephrine HCl 10% Eye Drops,http://fhir.hie.moh.gov.my/CodeSystem/drug-my-core,CodeSystemDrugMyCore
S01EB01110D2002XX,Pilocarpine 2% Eye Drops,Pilocarpine 2% Eye Drops,http://fhir.hie.moh.gov.my/CodeSystem/drug-my-core,CodeSystemDrugMyCore
S01EB01110D2001XX,Pilocarpine 1% Eye Drops,Pilocarpine 1% Eye Drops,http://fhir.hie.moh.gov.my/CodeSystem/drug-my-core,CodeSystemDrugMyCore
S01EB01110D2003XX,Pilocarpine 4% Eye Drops,Pilocarpine 4% Eye Drops,http://fhir.hie.moh.gov.my/CodeSystem/drug-my-core,CodeSystemDrugMyCore
G03DA04000G3001XX,Progesterone 8% Vaginal Gel,Progesterone 8% Vaginal Gel,http://fhir.hie.moh.gov.my/CodeSystem/drug-my-core,CodeSystemDrugMyCore
R05CA04900L2101XX,Ammonia and Ipecacuanha Mixture BP,Ammonia and Ipecacuanha Mixture BP,http://fhir.hie.moh.gov.my/CodeSystem/drug-my-core,CodeSystemDrugMyCore
KPK00186,Tenofovir 300mg + Lamivudine 300mg Tab,Tenofovir 300mg + Lamivudine 300mg Tab,http://fhir.hie.moh.gov.my/CodeSystem/drug-my-core,CodeSystemDrugMyCore
C09DB06935T1002XX,Amlodipine Camsylate 5mg-Losartan Potassium 100mg Tablet,Amlodipine 5mg-Losartan 100mg Tab,http://fhir.hie.moh.gov.my/CodeSystem/drug-my-core,CodeSystemDrugMyCore
C09DB06935T1001XX,Amlodipine Camsylate 5mg-Losartan Potassium 50mg Tablet,Amlodipine 5mg-Losartan 50mg Tab,http://fhir.hie.moh.gov.my/CodeSystem/drug-my-core,CodeSystemDrugMyCore
A07EC02259G2001XX,Mesalazine 6.67% w/w Enema (2g/30ml),Mesalazine 6.67% w/w Enema (2g/30ml),http://fhir.hie.moh.gov.my/CodeSystem/drug-my-core,CodeSystemDrugMyCore
A11BA00901D5001XX,Multivitamin Drops for Infant/Paediatric,Multivitamin Drops for Infant/Paediatric,http://fhir.hie.moh.gov.my/CodeSystem/drug-my-core,CodeSystemDrugMyCore
A11BA00901L9001XX,Multivitamin Syrup,Multivitamin Syrup,http://fhir.hie.moh.gov.my/CodeSystem/drug-my-core,CodeSystemDrugMyCore
S02DA30900D1001XX,Ear Wax Softener (Ear Drop),Ear Wax Softener (Ear Drop),http://fhir.hie.moh.gov.my/CodeSystem/drug-my-core,CodeSystemDrugMyCore
L03AB11000P5001XX,Peginterferon Alpha-2a 180 mcg Prefilled Syringe,Peginterferon Alpha-2a 180 mcg PF Sy,http://fhir.hie.moh.gov.my/CodeSystem/drug-my-core,CodeSystemDrugMyCore
L03AB11000P5002XX,Peginterferon Alpha-2a 135 mcg Prefilled Syringe,Peginterferon Alpha-2a 135 mcg PF Sy,http://fhir.hie.moh.gov.my/CodeSystem/drug-my-core,CodeSystemDrugMyCore
L03AB10000P5005XX,Pegylated Interferon Alpha-2b 150mcg Injection,Peg-Interferon Alpha-2b 150mcg Redipen,http://fhir.hie.moh.gov.my/CodeSystem/drug-my-core,CodeSystemDrugMyCore
KPK00110,Liothyronine 5mcg tablet,Liothyronine 5mcg tablet,http://fhir.hie.moh.gov.my/CodeSystem/drug-my-core,CodeSystemDrugMyCore
L03AB10000P5002XX,Pegylated Interferon Alpha-2b 80 mcg Injection,Peg-Interferon Alpha-2b 80 mcg Redipen,http://fhir.hie.moh.gov.my/CodeSystem/drug-my-core,CodeSystemDrugMyCore
L03AB10000P5003XX,Pegylated Interferon Alpha-2b 100 mcg Injection,Peg-Interferon Alpha-2b 100 mcg Redipen,http://fhir.hie.moh.gov.my/CodeSystem/drug-my-core,CodeSystemDrugMyCore
L03AB10000P5001XX,Pegylated Interferon Alpha-2b 50 mcg Injection,Peg-Interferon Alpha-2b 50 mcg Redipen,http://fhir.hie.moh.gov.my/CodeSystem/drug-my-core,CodeSystemDrugMyCore
H01AC01000P3002XX,Somatropin 12 mg (36IU) Injection,Somatropin 12 mg Inj,http://fhir.hie.moh.gov.my/CodeSystem/drug-my-core,CodeSystemDrugMyCore
C09DB04935T1002XX,Telmisartan 80mg + Amlodipine 10mg Tab,Telmisartan 80mg + Amlodipine 10mg Tab,http://fhir.hie.moh.gov.my/CodeSystem/drug-my-core,CodeSystemDrugMyCore
C10BX03935T1008XX,Telmisartan 80mg + Amlodipine 5mg Tab,Telmisartan 80mg + Amlodipine 5mg Tab,http://fhir.hie.moh.gov.my/CodeSystem/drug-my-core,CodeSystemDrugMyCore
KPK00221,Telmisartan 80mg + Amlodipine 20mg Tab,Telmisartan 80mg + Amlodipine 20mg Tab,http://fhir.hie.moh.gov.my/CodeSystem/drug-my-core,CodeSystemDrugMyCore
A06AA01000L5001XX,Liquid Paraffin (milliliter),Liquid Paraffin,http://fhir.hie.moh.gov.my/CodeSystem/drug-my-core,CodeSystemDrugMyCore
A06AG20921G2001XX,"Glycerin 25%, Sodium Chloride 15% Enema, 20ml (Ravin)",Glycerin 25%  Sodium Chloride 15% Enema,http://fhir.hie.moh.gov.my/CodeSystem/drug-my-core,CodeSystemDrugMyCore
L03AB10000P5004XX,Pegylated Interferon Alpha-2b 120 mcg Injection,Peg-Interferon Alpha-2b 120 mcg Redipen,http://fhir.hie.moh.gov.my/CodeSystem/drug-my-core,CodeSystemDrugMyCore
J07BF02000D5001XX,Polio Oral Vaccine (10 doses),Polio Oral Vaccine (10 doses),http://fhir.hie.moh.gov.my/CodeSystem/drug-my-core,CodeSystemDrugMyCore
V03AE01520F2101XX,Sodium Polystyrene Sulphonate Powder,Sodium Polystyrene Sulphonate Powder,http://fhir.hie.moh.gov.my/CodeSystem/drug-my-core,CodeSystemDrugMyCore
H03CA00200L2101XX,Potassium Iodide Mixture,Potassium Iodide Mixture,http://fhir.hie.moh.gov.my/CodeSystem/drug-my-core,CodeSystemDrugMyCore
B05CB02136L9901XX,Sodium Citrate 0.3 M Solution,Sodium Citrate 0.3 M Solution,http://fhir.hie.moh.gov.my/CodeSystem/drug-my-core,CodeSystemDrugMyCore
GLN0100010,Shohl's Solution (Sodium Citrate 490mg/Citric Acid 640mg per 5ml),"Shohl's:SodCitrate 490mg,CitricA 640mg",http://fhir.hie.moh.gov.my/CodeSystem/drug-my-core,CodeSystemDrugMyCore
GLN0100011,Shohl's Solution (Sodium Citrate 500mg/Citric Acid 334mg per 5ml),"Shohl's:SodCitrate500mg,CitricA334mg/5m/",http://fhir.hie.moh.gov.my/CodeSystem/drug-my-core,CodeSystemDrugMyCore
RPH000001,Sodium Iodide (I-131) Solution,Sodium Iodide (I-131) Solution,http://fhir.hie.moh.gov.my/CodeSystem/drug-my-core,CodeSystemDrugMyCore
RPH000002,Sodium Iodide (I-131) Capsule,Sodium Iodide (I-131) Capsule,http://fhir.hie.moh.gov.my/CodeSystem/drug-my-core,CodeSystemDrugMyCore
A11BA00901T1001XX,Multivitamin Tablet/Capsule,Multivitamin Tablet/Capsule,http://fhir.hie.moh.gov.my/CodeSystem/drug-my-core,CodeSystemDrugMyCore
C01CA07110P3001XX,Dobutamine 12.5mg/ml in 20ml Injection (250mg/20ml),Dobutamine 250mg/20ml Injection,http://fhir.hie.moh.gov.my/CodeSystem/drug-my-core,CodeSystemDrugMyCore
C01CA04110P3001XX,Dopamine 40 mg / ml in 5 ml Injection (200mg/5ml),DOPamine HCl 40 mg/ml Injection (5ml),http://fhir.hie.moh.gov.my/CodeSystem/drug-my-core,CodeSystemDrugMyCore
IVA00007,Dopamine HCI 10mg/ml Injection,Dopamine HCI 10mg/ml Injection,http://fhir.hie.moh.gov.my/CodeSystem/drug-my-core,CodeSystemDrugMyCore
N07AA00100P3001XX,Edrophonium 10mg/ml Inj,Edrophonium Chloride 10 mg/ml Injection,http://fhir.hie.moh.gov.my/CodeSystem/drug-my-core,CodeSystemDrugMyCore
R03CA02110P3001XX,Ephedrine HCl 30 mg/ml Injection,Ephedrine HCl 30 mg/ml Injection,http://fhir.hie.moh.gov.my/CodeSystem/drug-my-core,CodeSystemDrugMyCore
B02BD08000P4004XX,Factor VIIa (Recombinant) eptacog alfa (activated) 50 KIU (1 mg) Injection,Factor VIIa (Eptacog alfa) 50 KIU Inj,http://fhir.hie.moh.gov.my/CodeSystem/drug-my-core,CodeSystemDrugMyCore
B02BD08000P4005XX,Factor VIIa (Recombinant) eptacog alfa (activated) 100 KIU (2 mg) Injection,Factor VIIa (Eptacog alfa) 100 KIU Inj,http://fhir.hie.moh.gov.my/CodeSystem/drug-my-core,CodeSystemDrugMyCore
C07AB09110P3001XX,Esmolol HCl 10 mg/ml Injection (10ml amp/vial),Esmolol HCl 10 mg/ml Injection,http://fhir.hie.moh.gov.my/CodeSystem/drug-my-core,CodeSystemDrugMyCore
A02BC05000P3001XX,ESOMEprazole 40mg Injection,Esomeprazole 40mg Injection,http://fhir.hie.moh.gov.my/CodeSystem/drug-my-core,CodeSystemDrugMyCore
N01AX07000P3001XX,Etomidate 20mg/10ml Inj,Etomidate 20mg/10ml Inj,http://fhir.hie.moh.gov.my/CodeSystem/drug-my-core,CodeSystemDrugMyCore
N01AH01136P3001XX,Fentanyl Citrate 50mcg/ml Injection (2ml),Fentanyl Citrate 50 mcg/ml Inj (2ml),http://fhir.hie.moh.gov.my/CodeSystem/drug-my-core,CodeSystemDrugMyCore
IVA00008,Fentanyl Citrate 10mcg/ml PCA (50ml),Fentanyl Citrate 10mcg/ml PCA (50ml),http://fhir.hie.moh.gov.my/CodeSystem/drug-my-core,CodeSystemDrugMyCore
B03AC06000P3001XX,Iron Dextran 50mg/ml Injection (2ml Amp),Iron Dextran 50mg/ml Inj (2ml Amp),http://fhir.hie.moh.gov.my/CodeSystem/drug-my-core,CodeSystemDrugMyCore
J02AC01000P9901XX,Fluconazole 100mg/50ml Injection,Fluconazole 100mg/50ml Inj,http://fhir.hie.moh.gov.my/CodeSystem/drug-my-core,CodeSystemDrugMyCore
J02AX01000P9901XX,Flucytosine 2.5g/250ml Injection,Flucytosine 2.5g/250ml Injection,http://fhir.hie.moh.gov.my/CodeSystem/drug-my-core,CodeSystemDrugMyCore
V03AB25000P3001XX,Flumazenil 0.5mg/5ml Injection,Flumazenil 0.5mg/5ml Inj,http://fhir.hie.moh.gov.my/CodeSystem/drug-my-core,CodeSystemDrugMyCore
S01JA01520M9901XX,Fluorescein 1 mg Ophthalmic Strip,Fluorescein 1 mg Ophthalmic Strip,http://fhir.hie.moh.gov.my/CodeSystem/drug-my-core,CodeSystemDrugMyCore
S01JA01520P3001XX,Fluorescein Sodium 10% (500mg/5ml) Injection,Fluorescein Sodium 10% (500mg/5ml) Inj,http://fhir.hie.moh.gov.my/CodeSystem/drug-my-core,CodeSystemDrugMyCore
KPK00001,Fluorouracil 5000mg/100ml,Fluorouracil 5000mg/100ml,http://fhir.hie.moh.gov.my/CodeSystem/drug-my-core,CodeSystemDrugMyCore
N05AF01135P2001XX,Flupenthixol Decanoate Depot 20mg/ml lnjection,Flupenthixol Decanoate Depot 20mg/ml lnj,http://fhir.hie.moh.gov.my/CodeSystem/drug-my-core,CodeSystemDrugMyCore
N05AB02135P3001XX,Fluphenazine Decanoate 25mg/ml Inj,Fluphenazine Decanoate 25mg/ml Inj,http://fhir.hie.moh.gov.my/CodeSystem/drug-my-core,CodeSystemDrugMyCore
KPK00095,Foscarnet 24mg/ml injection (500ml Inf Bott),Foscarnet 24mg/ml injection,http://fhir.hie.moh.gov.my/CodeSystem/drug-my-core,CodeSystemDrugMyCore
C03CA01000P3001XX,Frusemide 10mg/ml in 2ml amp (20mg/2ml),Frusemide 10mg/ml in 2ml amp (20mg/2ml),http://fhir.hie.moh.gov.my/CodeSystem/drug-my-core,CodeSystemDrugMyCore
KPK00096,Galsulfase 1mg/1ml injection,Galsulfase 1mg/1ml injection,http://fhir.hie.moh.gov.my/CodeSystem/drug-my-core,CodeSystemDrugMyCore
J05AB06520P3001XX,Ganciclovir 500mg/10ml Injection,Ganciclovir 500mg/10ml Injection,http://fhir.hie.moh.gov.my/CodeSystem/drug-my-core,CodeSystemDrugMyCore
J06AA05000P3001XX,"Mixed Gas-Gangrene Antitoxin 25,000units/5ml Inj","GasGangrenAntitoxin25,000U Inj",http://fhir.hie.moh.gov.my/CodeSystem/drug-my-core,CodeSystemDrugMyCore
G02AD03000S1001XX,Gemeprost (Prostagladin E1) 1 mg Pessary,Gemeprost 1 mg Pessary,http://fhir.hie.moh.gov.my/CodeSystem/drug-my-core,CodeSystemDrugMyCore
J01GB03183P3003XX,Gentamicin 80mg/2ml Injection,Gentamicin 80mg/2ml Injection,http://fhir.hie.moh.gov.my/CodeSystem/drug-my-core,CodeSystemDrugMyCore
J01GB03183P3002XX,Gentamicin 20mg/2ml Injection,Gentamicin 20mg/2ml Injection,http://fhir.hie.moh.gov.my/CodeSystem/drug-my-core,CodeSystemDrugMyCore
C01DA02221P3001XX,Glyceryl Trinitrate 5mg/ml Injection (10ml amp),Glyceryl Trinitrate 5mg/ml Inj (10ml amp,http://fhir.hie.moh.gov.my/CodeSystem/drug-my-core,CodeSystemDrugMyCore
A03AB02320P3001XX,Glycopyrrolate 200mcg/ml Injection,Glycopyrrolate 200mcg/ml Injection,http://fhir.hie.moh.gov.my/CodeSystem/drug-my-core,CodeSystemDrugMyCore
L02AE03000P2001XX,Goserelin 3.6mg Depot Injection,Goserelin 3.6mg Depot Injection,http://fhir.hie.moh.gov.my/CodeSystem/drug-my-core,CodeSystemDrugMyCore
L02AE03000P2002XX,Goserelin 10.8mg Depot Injection,Goserelin 10.8mg Depot Injection,http://fhir.hie.moh.gov.my/CodeSystem/drug-my-core,CodeSystemDrugMyCore
S01HA04110D2001XX,Proparacaine HCI 0.5% Ophthalmic Drops,Proparacaine HCI 0.5% Ophthalmic Drops,http://fhir.hie.moh.gov.my/CodeSystem/drug-my-core,CodeSystemDrugMyCore
P01BD51981T1001XX,Sulfadoxine 500 mg and Pyrimethamine 25 mg Tablet,Sulfadoxine 500mg/Pyrimethamine 25mg Tab,http://fhir.hie.moh.gov.my/CodeSystem/drug-my-core,CodeSystemDrugMyCore
J04AM05000T1001XX,Rifampicin150mg/ Isoniazid75mg/ Pyrazinamide400mg Tab,Rifampicin/ Isoniazid/ Pyrazinamide Tab,http://fhir.hie.moh.gov.my/CodeSystem/drug-my-core,CodeSystemDrugMyCore
GLN0200035,Sodium Chloride 0.9% Nasal Drops,Sodium Chloride 0.9% Nasal Drops,http://fhir.hie.moh.gov.my/CodeSystem/drug-my-core,CodeSystemDrugMyCore
J05AR07964T1001XX,"Stavudine 30mg, Lamivudine 150mg  Nevirapine 200mg Tablet","d4T 30mg, 3TC 150mg  NVP 200mg Tab",http://fhir.hie.moh.gov.my/CodeSystem/drug-my-core,CodeSystemDrugMyCore
J05AR07964T1002XX,"Stavudine 40mg, Lamivudine 150mg  Nevirapine 200mg Tablet","d4T 40mg, 3TC 150mg  NVP 200mg Tab",http://fhir.hie.moh.gov.my/CodeSystem/drug-my-core,CodeSystemDrugMyCore
J01EE01961T1001XX,Sulphamethoxazole 400 mg  Trimethoprim 80 mg Tablet,Sulphamethoxazole 400mg  TMP 80mg Tab,http://fhir.hie.moh.gov.my/CodeSystem/drug-my-core,CodeSystemDrugMyCore
L01BC53980C1001XX,Tegafur 100 mg +Uracil 224 mg Capsule,Tegafur 100mg +Uracil 224mg Cap,http://fhir.hie.moh.gov.my/CodeSystem/drug-my-core,CodeSystemDrugMyCore
C09DA07000T1001XX,Telmisartan 80 mg  Hydrochlorothiazide 12.5 mg Tablet,Telmisartan 80mg  HCTZ 12.5mg Tab,http://fhir.hie.moh.gov.my/CodeSystem/drug-my-core,CodeSystemDrugMyCore
J05AR03964T1001XX,"Tenofovir Disoproxil Fumarate 300mg, Emtricitabine 200mg Tab","Tenofovir 300mg, Emtricitabine 200mg Tab",http://fhir.hie.moh.gov.my/CodeSystem/drug-my-core,CodeSystemDrugMyCore
S01ED01253D2002XX,Timolol Maleate 0.5% Eye Drops,Timolol Maleate 0.5% Eye Drops,http://fhir.hie.moh.gov.my/CodeSystem/drug-my-core,CodeSystemDrugMyCore
S01ED51990D2004XX,Latanoprost 0.005% +Timolol 0.5% Eye Drops,Latanoprost +Timolol Eye Drops,http://fhir.hie.moh.gov.my/CodeSystem/drug-my-core,CodeSystemDrugMyCore
KPK00196,Travoprost 0.004% Ophthalmic solution,Travoprost 0.004% Ophthalmic solution,http://fhir.hie.moh.gov.my/CodeSystem/drug-my-core,CodeSystemDrugMyCore
S01ED51990D2003,Travoprost 0.004% +Timolol 0.5% Eye Drops,Travoprost 0.004% Timolol 0.5% Eye Drop,http://fhir.hie.moh.gov.my/CodeSystem/drug-my-core,CodeSystemDrugMyCore
R01BA52988T1002XX,Triprolidine HCl 2.5 mg and Pseudoephedrine HCl 60 mg Tablet,Triprolidine2.5mg  Pseudoephed60mg Tab,http://fhir.hie.moh.gov.my/CodeSystem/drug-my-core,CodeSystemDrugMyCore
S01FA06000D2002XX,Tropicamide 1% Eye Drops,Tropicamide 1% Eye Drops,http://fhir.hie.moh.gov.my/CodeSystem/drug-my-core,CodeSystemDrugMyCore
C09DA03935T1002XX,Valsartan 160 mg and Hydrochlorothiazide 25 mg Tablet,Valsartan 160mg  HCTZ 25mg Tab,http://fhir.hie.moh.gov.my/CodeSystem/drug-my-core,CodeSystemDrugMyCore
C09DA03935T1001XX,Valsartan 80 mg and Hydrochlorothiazide 12.5 mg Tablet,Valsartan 80mg and HCTZ 12.5mg Tab,http://fhir.hie.moh.gov.my/CodeSystem/drug-my-core,CodeSystemDrugMyCore
J05AR01964T1001XX,Zidovudine 300 mg  Lamivudine 150 mg Tablet,Zidovudine 300mg  Lamivudine 150mg Tab,http://fhir.hie.moh.gov.my/CodeSystem/drug-my-core,CodeSystemDrugMyCore
S01ED02110D2001XX,Betaxolol 0.25% Eye Suspension,Betaxolol 0.25% Eye Suspension,http://fhir.hie.moh.gov.my/CodeSystem/drug-my-core,CodeSystemDrugMyCore
S01EE03000D2001XX,Bimatoprost 0.03% Ophthalmic Solution,Bimatoprost 0.03% Ophthalmic Solution,http://fhir.hie.moh.gov.my/CodeSystem/drug-my-core,CodeSystemDrugMyCore
C05AX02931S2001XX,"Benzyl Benzoate, Zinc Oxide & Balsam Peru Suppository (Anusol)","Benzyl B, Zinc & Balsam Peru Suppository",http://fhir.hie.moh.gov.my/CodeSystem/drug-my-core,CodeSystemDrugMyCore
S01EA05123D2001XX,Brimonidine Tartrate 0.15% Ophthalmic Solution,Brimonidine Tartrate 0.15%Ophthalmic Sol,http://fhir.hie.moh.gov.my/CodeSystem/drug-my-core,CodeSystemDrugMyCore
R03AKO7989A2101XX,Budesonide 160mcg and Formoterol 4.5mcg Turbuhaler (120doses),Budesonide/Formoterol 160/4.5 Turbu,http://fhir.hie.moh.gov.my/CodeSystem/drug-my-core,CodeSystemDrugMyCore
G03AA07954T1002XX,Ethinylestradiol 20mcg+ Levonorgestrel 100mcg Tab (21tab/pck),E/estradiol+ L-norgestrel 20/100mcg Tab,http://fhir.hie.moh.gov.my/CodeSystem/drug-my-core,CodeSystemDrugMyCore
C05AX03931S2001XX,"Lignocaine, Aluminium, Zinc, Hydrocortisone Supp (Xyloproct)","Lig, Aluminium, Zinc and Hydrocort Supp",http://fhir.hie.moh.gov.my/CodeSystem/drug-my-core,CodeSystemDrugMyCore
S01XA00990D2001XX,Methylcellulose 1% +50mg Vitamin C Eye Drops,Methylcellulose + Vitamin C Eye Drops,http://fhir.hie.moh.gov.my/CodeSystem/drug-my-core,CodeSystemDrugMyCore
S01BA06162D2001XX,Betamethasone Disodium Phosphate 0.1% Eye Drops,Beta. Disod Phosp. 0.1% Eye Drops,http://fhir.hie.moh.gov.my/CodeSystem/drug-my-core,CodeSystemDrugMyCore
L01XC06000P5002XX,Cetuximab 5mg/ml Injection (20ml Vial),Cetuximab 5mg/ml Injection (20ml Vial),http://fhir.hie.moh.gov.my/CodeSystem/drug-my-core,CodeSystemDrugMyCore
IVA00015,Pethidine 2 mg/ml Epidural,Pethidine 2 mg/ml Epi.,http://fhir.hie.moh.gov.my/CodeSystem/drug-my-core,CodeSystemDrugMyCore
KPK00191,Thiotepa 15mg injection,Thiotepa 15mg injection,http://fhir.hie.moh.gov.my/CodeSystem/drug-my-core,CodeSystemDrugMyCore
KPK00138,Orphenadrine 60mg/2ml Injection,Orphenadrine 60mg/2ml Injection,http://fhir.hie.moh.gov.my/CodeSystem/drug-my-core,CodeSystemDrugMyCore
C08DA01110P3001XX,Verapamil HCl 5mg/2ml Injection,Verapamil HCl 5mg/2ml Inj,http://fhir.hie.moh.gov.my/CodeSystem/drug-my-core,CodeSystemDrugMyCore
IVA00030,Heparin Sodium 1 IU/ml in NaCl 0.45% Inj,Heparin Sodium 1 IU/ml in NaCl 0.45% Inj,http://fhir.hie.moh.gov.my/CodeSystem/drug-my-core,CodeSystemDrugMyCore
N02AA01183P3001XX,Morphine Sulphate 10 mg/ml Injection,Morphine Sulphate 10 mg/ml Injection,http://fhir.hie.moh.gov.my/CodeSystem/drug-my-core,CodeSystemDrugMyCore
IVA00003,Aminophylline 5 mg/ml Injection,Aminophylline 5 mg/ml Inj.,http://fhir.hie.moh.gov.my/CodeSystem/drug-my-core,CodeSystemDrugMyCore
IVA00016,Ropivacaine  2 mg/ml (0.2%) Epidural,Ropivacaine  2 mg/ml (0.2%) Epi.,http://fhir.hie.moh.gov.my/CodeSystem/drug-my-core,CodeSystemDrugMyCore
KPK00073,Cladribine 10mg/10ml injection,Cladribine 10mg/10ml injection,http://fhir.hie.moh.gov.my/CodeSystem/drug-my-core,CodeSystemDrugMyCore
B01AC13000P3001,Abciximab 10mg/5ml Injection,Abciximab 10mg/5ml Injection,http://fhir.hie.moh.gov.my/CodeSystem/drug-my-core,CodeSystemDrugMyCore
V03AB23520P3001XX,"Acetylcysteine 200mg/ml Injection, 10ml","Acetylcysteine 200mg/ml Inj, 10ml",http://fhir.hie.moh.gov.my/CodeSystem/drug-my-core,CodeSystemDrugMyCore
J05AB01000P4001XX,Acyclovir 250mg/10ml Injection,Acyclovir 250mg/10ml Injection,http://fhir.hie.moh.gov.my/CodeSystem/drug-my-core,CodeSystemDrugMyCore
C01EB10000P3001XX,Adenosine 6mg/2ml Injection (3mg/ml) - 2ml amp,Adenosine 6mg/2ml Injection (3mg/ml),http://fhir.hie.moh.gov.my/CodeSystem/drug-my-core,CodeSystemDrugMyCore
KPK00013,Epinephrine 0.15mg Inj Pen,Epinephrine 0.15mg Inj Pen,http://fhir.hie.moh.gov.my/CodeSystem/drug-my-core,CodeSystemDrugMyCore
C01CA24123P3001XX,Adrenaline Acid Tartrate 1mg/ml Injection,Adrenaline 1 mg/ml Injection,http://fhir.hie.moh.gov.my/CodeSystem/drug-my-core,CodeSystemDrugMyCore
KPK00014,Epinephrine 0.3mg Inj Pen,Epinephrine 0.3mg Inj Pen,http://fhir.hie.moh.gov.my/CodeSystem/drug-my-core,CodeSystemDrugMyCore
B05AA01000P3001XX,"Human Albumin 20%, 50ml IV Soln","Human Albumin 20%, 50ml IV Soln",http://fhir.hie.moh.gov.my/CodeSystem/drug-my-core,CodeSystemDrugMyCore
B05AA01000P3001b,"Human Albumin 5%, 100ml IV Soln","Human Albumin 5%, 100ml IV Soln",http://fhir.hie.moh.gov.my/CodeSystem/drug-my-core,CodeSystemDrugMyCore
B05AA01000P3001a,"Human Albumin 25%, 50ml IV Soln","Human Albumin 25%, 50ml IV Soln",http://fhir.hie.moh.gov.my/CodeSystem/drug-my-core,CodeSystemDrugMyCore
A11CC03000P3001XX,Alfacalcidol 1mcg/0.5ml Injection (0.5ml amp),Alfacalcidol 1mcg/0.5ml Inj (0.5ml amp),http://fhir.hie.moh.gov.my/CodeSystem/drug-my-core,CodeSystemDrugMyCore
N01AH02110P3001XX,Alfentanil HCl 0.5mg/ml Inj,Alfentanil HCl 0.5 mg/ml Injection,http://fhir.hie.moh.gov.my/CodeSystem/drug-my-core,CodeSystemDrugMyCore
A16AB07000P4001XX,Alglucosidase alfa 50mg/10ml Injection,Alglucosidase alfa 50mg/10ml Injection,http://fhir.hie.moh.gov.my/CodeSystem/drug-my-core,CodeSystemDrugMyCore
C01EA01000P3001XX,Alprostadil 500mcg/ml Inj,Alprostadil 500 mcg/ml Injection,http://fhir.hie.moh.gov.my/CodeSystem/drug-my-core,CodeSystemDrugMyCore
IVA00001,Alprostadil 20 mcg/ml Injection,Alprostadil 20 mcg/ml Inj.,http://fhir.hie.moh.gov.my/CodeSystem/drug-my-core,CodeSystemDrugMyCore
J01GB06183P3002XX,Amikacin 500mg/2ml Injection,Amikacin 500mg/2ml Injection,http://fhir.hie.moh.gov.my/CodeSystem/drug-my-core,CodeSystemDrugMyCore
J01GB06183P3003XX,Amikacin 250mg/2ml Injection,Amikacin 250mg/2ml Injection,http://fhir.hie.moh.gov.my/CodeSystem/drug-my-core,CodeSystemDrugMyCore
KPK00043,Amiloride 5mg tablet,Amiloride 5mg tablet,http://fhir.hie.moh.gov.my/CodeSystem/drug-my-core,CodeSystemDrugMyCore
R03DA05000P3001XX,Aminophylline 25mg/ml in 10ml Injection (250mg/10ml),Aminophylline 250mg/10ml Inj,http://fhir.hie.moh.gov.my/CodeSystem/drug-my-core,CodeSystemDrugMyCore
C01BD01110P3001XX,Amiodarone 150mg/3ml Injection,Amiodarone 150mg/3ml Injection,http://fhir.hie.moh.gov.my/CodeSystem/drug-my-core,CodeSystemDrugMyCore
J01CR02961P4002XX,Amoxicillin 1g + Clavulanate 200mg Injection,Amoxicillin 1g + Clavulanate 200mg Inj,http://fhir.hie.moh.gov.my/CodeSystem/drug-my-core,CodeSystemDrugMyCore
J02AA01801P4001XX,Amphotericin B 50mg/10ml powder for Injection,Amphotericin B 50mg/10ml Inj,http://fhir.hie.moh.gov.my/CodeSystem/drug-my-core,CodeSystemDrugMyCore
J01CR01961P4002XX,Ampicillin 1g + Sulbactam 500mg Injection,Ampicillin 1g + Sulbactam 500mg Inj,http://fhir.hie.moh.gov.my/CodeSystem/drug-my-core,CodeSystemDrugMyCore
N01BB10110P3001XX,Levobupivacaine 5mg/ml Injection (10ml),Levobupivacaine 5mg/ml Injection (10ml),http://fhir.hie.moh.gov.my/CodeSystem/drug-my-core,CodeSystemDrugMyCore
S01GA55990D2001XX,Cyclopentolate 0.2%-Phenylephrine 1% Eye Drops (Cyclomydril),"Cyclopentolate,Phenyleph Eye Drops",http://fhir.hie.moh.gov.my/CodeSystem/drug-my-core,CodeSystemDrugMyCore
G03HB01954T1001XX,Cyproterone Acetate 2mg  Ethinyloestradiol 0.035mg Tablet,Cyproterone A 2mg  E.Oestradiol 0.035mg,http://fhir.hie.moh.gov.my/CodeSystem/drug-my-core,CodeSystemDrugMyCore
S01BA01162D2001XX,Dexamethasone sodium phosphate 0.1% Eye Drops,Dexamethasone 0.1% Eye Drops,http://fhir.hie.moh.gov.my/CodeSystem/drug-my-core,CodeSystemDrugMyCore
S01CA01990D2001XX,"Dexamethasone,Neomycin,Polymyxin B Eye Drop (Maxitrol)","Dexamethasone,Neomycin,Polymyxin EyeDrop",http://fhir.hie.moh.gov.my/CodeSystem/drug-my-core,CodeSystemDrugMyCore
S01AA13000D2001XX,Fusidic Acid 1% Eye Drops,Fusidic Acid 1% Eye Drops,http://fhir.hie.moh.gov.my/CodeSystem/drug-my-core,CodeSystemDrugMyCore
S01CA05990D2001XX,Gentamicin-Betamethasone Eye Drops,Gentamicin-Betamethasone Eye Drops,http://fhir.hie.moh.gov.my/CodeSystem/drug-my-core,CodeSystemDrugMyCore
S01FA05330D2003XX,Homatropine 2% Eye Drops,Homatropine 2% Eye Drops,http://fhir.hie.moh.gov.my/CodeSystem/drug-my-core,CodeSystemDrugMyCore
C09DA04000T1003XX,Irbesartan 150 mg and Hydrochlorothiazide 12.5 mg Tablet,Irbesartan 150mg  HCTZ 12.5mg Tab,http://fhir.hie.moh.gov.my/CodeSystem/drug-my-core,CodeSystemDrugMyCore
C09DA04000T1001XX,Irbesartan 300 mg  Hydrochlorothiazide 12.5 mg Tablet,Irbesartan 300mg  HCTZ 12.5mg Tab,http://fhir.hie.moh.gov.my/CodeSystem/drug-my-core,CodeSystemDrugMyCore
B03AE10903T1001XX,"Ferrous CR 525mg,Folic 800mcg,Vit C,B1,B2,B3,B6,B12,Ca Pantothenate Tablet",Iberet-Folic-500,http://fhir.hie.moh.gov.my/CodeSystem/drug-my-core,CodeSystemDrugMyCore
C02CA01110T1002XX,Prazosin HCl 2 mg Tablet,Prazosin HCl 2mg Tab,http://fhir.hie.moh.gov.my/CodeSystem/drug-my-core,CodeSystemDrugMyCore
N04BA03977T1004XX,"Levodopa 200 mg, Carbidopa 50 mg  Entacapone 200 mg Tablet",L-dopa/C.dopa/Entacapone 200/50/200 Tab,http://fhir.hie.moh.gov.my/CodeSystem/drug-my-core,CodeSystemDrugMyCore
N04BA03977T1001XX,"Levodopa 50mg, Carbidopa 12.5mg  Entacapone 200mg Tablet",L-dopa/C.dopa/Entacapone 50/12.5/200 Tab,http://fhir.hie.moh.gov.my/CodeSystem/drug-my-core,CodeSystemDrugMyCore
N04BA03977T1003XX,"Levodopa 150 mg, Carbidopa 37.5 mg  Entacapone 200mg Tablet",L-dopa/C.dopa/Entacapone 150/37.5/200Tab,http://fhir.hie.moh.gov.my/CodeSystem/drug-my-core,CodeSystemDrugMyCore
G03AA07954T1001XX,Ethinyloestradiol 30mcg+ Levonorgestrel 150mcg Tab,E/estradiol+ L-norgestrel 30/150mcg Tab,http://fhir.hie.moh.gov.my/CodeSystem/drug-my-core,CodeSystemDrugMyCore
S01FA04000D2001XX,Cyclopentolate 0.5% Eye Drops,Cyclopentolate 0.5% Eye Drops,http://fhir.hie.moh.gov.my/CodeSystem/drug-my-core,CodeSystemDrugMyCore
KPK00223,Chlorhexidine gluconate 1% Cream [Chlorhexidine Cream 1% (Obstetric)],Chlorhexidine gluconate 1% Cream,http://fhir.hie.moh.gov.my/CodeSystem/drug-my-core,CodeSystemDrugMyCore
GLN0200027,Chlorhexidine 1 in 100 (1%) in Aqueous/Water,Chlorhexidine 1 in 100 (1%) in Aqueous,http://fhir.hie.moh.gov.my/CodeSystem/drug-my-core,CodeSystemDrugMyCore
GLN0200026,Chlorhexidine 1 in 50 (2%) in Alcohol 70%,Chlorhexidine 1 in 50 in Alcohol 70%,http://fhir.hie.moh.gov.my/CodeSystem/drug-my-core,CodeSystemDrugMyCore
GLN0200030,Chlorhexidine 1 in 2000 (0.05%) in Aqueous/Water,Chlorhexidine 1 in 2000 in Aqueous/Water,http://fhir.hie.moh.gov.my/CodeSystem/drug-my-core,CodeSystemDrugMyCore
GLN0200029,Chlorhexidine 1 in 200 (0.5%) in Alcohol 70%,Chlorhexidine 1 in 200 in Alcohol 70%,http://fhir.hie.moh.gov.my/CodeSystem/drug-my-core,CodeSystemDrugMyCore
G03AC08000P1001XX,Etonogestrel 68 mg Implant,Etonogestrel 68 mg Implant,http://fhir.hie.moh.gov.my/CodeSystem/drug-my-core,CodeSystemDrugMyCore
N01AB06000L5001XX,Isoflurane Liquid,Isoflurane Liquid,http://fhir.hie.moh.gov.my/CodeSystem/drug-my-core,CodeSystemDrugMyCore
G02BA03000P1001XX,Levonorgestrel 52 mg Intrauterine System (20mcg/24hrs),Levonorgestrel 52 mg Intrauterine System,http://fhir.hie.moh.gov.my/CodeSystem/drug-my-core,CodeSystemDrugMyCore
D08AE03000L5001XX,Phenol 80% w/w Liquid,Phenol 80% w/w Liquid,http://fhir.hie.moh.gov.my/CodeSystem/drug-my-core,CodeSystemDrugMyCore
N01AB08000L5001XX,Sevoflurane Liquid 250ml,Sevoflurane Liquid 250ml,http://fhir.hie.moh.gov.my/CodeSystem/drug-my-core,CodeSystemDrugMyCore
R01A000999L5001XX,Alkaline Nasal Douche,Alkaline Nasal Douche,http://fhir.hie.moh.gov.my/CodeSystem/drug-my-core,CodeSystemDrugMyCore
GLN0200028,Chlorhexidine 5% in Aqueous/Water,Chlorhexidine 5% in Aqueous/Water,http://fhir.hie.moh.gov.my/CodeSystem/drug-my-core,CodeSystemDrugMyCore
G02BA02000M9002XX,Copper 375 mm2 Intrauterine Device,Copper 375 mm2 Intrauterine Device,http://fhir.hie.moh.gov.my/CodeSystem/drug-my-core,CodeSystemDrugMyCore
G02BA02000M9001XX,Copper 250 mm2 Intrauterine Device,Copper 250 mm2 Intrauterine Device,http://fhir.hie.moh.gov.my/CodeSystem/drug-my-core,CodeSystemDrugMyCore
V08BA01183L8001XX,Barium Sulphate Suspension,Barium Sulphate Suspension,http://fhir.hie.moh.gov.my/CodeSystem/drug-my-core,CodeSystemDrugMyCore
V07AB00900L8001XX,"Magnesium, Aluminium Hydroxide and Simethicone Suspension","Mg, Al Hydroxide and Simethicone Susp",http://fhir.hie.moh.gov.my/CodeSystem/drug-my-core,CodeSystemDrugMyCore
N01BB02110A4001XX,Lignocaine (Lidocaine) 10 % w/w Spray,Lignocaine (Lidocaine) 10% w/w Spray,http://fhir.hie.moh.gov.my/CodeSystem/drug-my-core,CodeSystemDrugMyCore
S01AD03000G5101XX,Acyclovir 3% Eye Ointment,Acyclovir 3% Eye Ointment,http://fhir.hie.moh.gov.my/CodeSystem/drug-my-core,CodeSystemDrugMyCore
S01BA06162G5101XX,Betamethasone Disodium Phosphate 0.1% Eye Ointment,Beta Disod Phosp 0.1% Eye Ointment,http://fhir.hie.moh.gov.my/CodeSystem/drug-my-core,CodeSystemDrugMyCore
S01AA01000G5101XX,Chloramphenicol 1% Eye Ointment,Chloramphenicol 1% Eye Ointment,http://fhir.hie.moh.gov.my/CodeSystem/drug-my-core,CodeSystemDrugMyCore
S01AA02000G5101XX,Chlortetracycline 1% Eye Ointment,Chlortetracycline 1% Eye Ointment,http://fhir.hie.moh.gov.my/CodeSystem/drug-my-core,CodeSystemDrugMyCore
S01CA01990G5101XX,"Dexamethasone,Neomycin,Polymyxin B EyeOint (Maxitrol)",Dexa  Neomycin  Polymyxin B Eye Oint,http://fhir.hie.moh.gov.my/CodeSystem/drug-my-core,CodeSystemDrugMyCore
S01AA11183G5101XX,Gentamicin 0.3% Eye Ointment,Gentamicin 0.3% Eye Ointment,http://fhir.hie.moh.gov.my/CodeSystem/drug-my-core,CodeSystemDrugMyCore
S01CA05990G5101XX,Gentamicin-Betamethasone Eye Oint,Gentamicin-Betamethasone Eye Oint,http://fhir.hie.moh.gov.my/CodeSystem/drug-my-core,CodeSystemDrugMyCore
S01AA30947G5101XX,"Oxytetracycline, Polymyxin B Eye Oint",Oxytetra  Polymyxin B Sulp Eye Oint,http://fhir.hie.moh.gov.my/CodeSystem/drug-my-core,CodeSystemDrugMyCore
S01XA20000G3001XX,Protein Free Haemodialysate 20% Eye Gel,Protein Free Haemodialysate 20% Eye Gel,http://fhir.hie.moh.gov.my/CodeSystem/drug-my-core,CodeSystemDrugMyCore
S01KA02000G3201XX,"Hypromellose 0.3%, Carbomer 980 Ophthalmic Gel","Hypromellose, Carbomer Ophthalmic Gel",http://fhir.hie.moh.gov.my/CodeSystem/drug-my-core,CodeSystemDrugMyCore
D08AC52137L9902XX,Chlorhexidine Gluconate 2% in Alcohol 70% Solution,Chlorhexidine Gluconate 2% in Alcohol70%,http://fhir.hie.moh.gov.my/CodeSystem/drug-my-core,CodeSystemDrugMyCore
D08A000183F9901XX,Copper Sulphate Crystal,Copper Sulphate Crystal,http://fhir.hie.moh.gov.my/CodeSystem/drug-my-core,CodeSystemDrugMyCore
D01AC02221F2001XX,Miconazole Nitrate 2% Powder,Miconazole Nitrate 2% Powder,http://fhir.hie.moh.gov.my/CodeSystem/drug-my-core,CodeSystemDrugMyCore
G01AX03900L9901XX,Policresulen 360 mg/g Concentrate,Policresulen 360 mg/g Concentrate,http://fhir.hie.moh.gov.my/CodeSystem/drug-my-core,CodeSystemDrugMyCore
A06AG01162L5001XX,Monobasic Sod Phosphate 48% Dibasic Sod Phosphate 18% Oral Soln,Monobasic/Dibasic Sod Phosphate 48/18%,http://fhir.hie.moh.gov.my/CodeSystem/drug-my-core,CodeSystemDrugMyCore
D08AC02137M9901XX,Chlorhexidine Gluconate 4% Solution / Scrub,Chlorhexidine Gluconate 4% Solution,http://fhir.hie.moh.gov.my/CodeSystem/drug-my-core,CodeSystemDrugMyCore
N01BB02984A4101XX,Lignocaine HCl 5% and Phenylephrine HCl 0.5% Nasal Spray,Ligno 5% and Phenyleph 0.5% Nasal Spray,http://fhir.hie.moh.gov.my/CodeSystem/drug-my-core,CodeSystemDrugMyCore
KPK00061,Biotene mouthwash,Biotene mouthwash,http://fhir.hie.moh.gov.my/CodeSystem/drug-my-core,CodeSystemDrugMyCore
D03AX00000G4001XX,Protein Free Haemodialysate 10% Jelly,Protein Free Haemodialysate 10% Jelly,http://fhir.hie.moh.gov.my/CodeSystem/drug-my-core,CodeSystemDrugMyCore
S02DC00000D1001XX,Olive Oil Ear Drops,Olive Oil Ear Drops,http://fhir.hie.moh.gov.my/CodeSystem/drug-my-core,CodeSystemDrugMyCore
R03AC02183A3001XX,Salbutamol 0.5 % Nebulising Solution,Salbutamol 0.5 % Nebulising Solution,http://fhir.hie.moh.gov.my/CodeSystem/drug-my-core,CodeSystemDrugMyCore
S02AA00000D1002XX,Clotrimazole 1% Ear Drop,Clotrimazole 1% Ear Drop,http://fhir.hie.moh.gov.my/CodeSystem/drug-my-core,CodeSystemDrugMyCore
R03AK03986A2101XX,Ipratropium Br 20 mcg Fenoterol 50 mcg/dose Inhalation,Ipratropium/Fenoterol 20/50 Inh,http://fhir.hie.moh.gov.my/CodeSystem/drug-my-core,CodeSystemDrugMyCore
A07CA00905F2101XX,Oral Rehydration Salt,Oral Rehydration Salt,http://fhir.hie.moh.gov.my/CodeSystem/drug-my-core,CodeSystemDrugMyCore
R03AK04320A1001XX,Ipratropium Br 20 mcg  Salbutamol 100 mcg/dose Inhalation,Ipratropium/Salbutamol 20/100 Inh,http://fhir.hie.moh.gov.my/CodeSystem/drug-my-core,CodeSystemDrugMyCore
A02BX13915L8001XX,"Sodium Alginate,  Potassium Bicarbonate Suspension","Sodium Alginate, Potassium Bicarb Susp",http://fhir.hie.moh.gov.my/CodeSystem/drug-my-core,CodeSystemDrugMyCore
A02AA10912T1001XX,Magnesium Trisilicate Tablet,Magnesium Trisilicate Tab,http://fhir.hie.moh.gov.my/CodeSystem/drug-my-core,CodeSystemDrugMyCore
S02CA03991D1001XX,Polymyxin Neomycin  Hydrocortisone Ear Drop,Polymyxin Neomycin  Hydrocort Ear Drop,http://fhir.hie.moh.gov.my/CodeSystem/drug-my-core,CodeSystemDrugMyCore
S02AA00000D1001XX,Ofloxacin 0.3% Otic Solution,Ofloxacin 0.3% Otic Solution,http://fhir.hie.moh.gov.my/CodeSystem/drug-my-core,CodeSystemDrugMyCore
R01AA05110A4101XX,Oxymetazoline HCl 0.025% (Paediatric) Nasal Spray,Oxymetazoline 0.025% (Paed) Nasal Spray,http://fhir.hie.moh.gov.my/CodeSystem/drug-my-core,CodeSystemDrugMyCore
R01AA05110D6001XX,Oxymetazoline HCl 0.025% (Paediatric) Nasal Drops,Oxymetazoline 0.025% (Paed) Nasal Drops,http://fhir.hie.moh.gov.my/CodeSystem/drug-my-core,CodeSystemDrugMyCore
R01AA05110D6002XX,Oxymetazoline HCl 0.05% (Adult) Nasal Drops,Oxymetazoline 0.05% (Adult) Nasal Drops,http://fhir.hie.moh.gov.my/CodeSystem/drug-my-core,CodeSystemDrugMyCore
R01AA05110A4102XX,Oxymetazoline HCl 0.05% (Adult) Nasal Spray,Oxymetazoline 0.05% (Adult) Nasal Spray,http://fhir.hie.moh.gov.my/CodeSystem/drug-my-core,CodeSystemDrugMyCore
S03BA03162D1002XX,Betamethasone Disodium Phosphate 0.1% Ear Drops,Beta Disod Phosp 0.1% Ear Drops,http://fhir.hie.moh.gov.my/CodeSystem/drug-my-core,CodeSystemDrugMyCore
S03BA03162D1001XX,Betamethasone Disodium Phosphate 0.5% Ear Drops,Beta Disod Phosp 0.5% Ear Drops,http://fhir.hie.moh.gov.my/CodeSystem/drug-my-core,CodeSystemDrugMyCore
S03CA06991D1001XX,Betamethasone-Neomycin Sulphate 0.5% Ear Drops,Betamethasone-Neomycin 0.5% Ear Drops,http://fhir.hie.moh.gov.my/CodeSystem/drug-my-core,CodeSystemDrugMyCore
S01AA01000D2001XX,Chloramphenicol 0.5% Eye Drops,Chloramphenicol 0.5% Eye Drops,http://fhir.hie.moh.gov.my/CodeSystem/drug-my-core,CodeSystemDrugMyCore
S02AA01000D1001XX,Chloramphenicol 5% w/v Ear Drops,Chloramphenicol 5% w/v Ear Drops,http://fhir.hie.moh.gov.my/CodeSystem/drug-my-core,CodeSystemDrugMyCore
S01CA01991D1001XX,"Framycetin,Dexamethasone,Gramicidin Ear Drops (Sofradex)","Framycetin, Dexa  Gramicidin Ear Drop",http://fhir.hie.moh.gov.my/CodeSystem/drug-my-core,CodeSystemDrugMyCore
R06AA52110L2101XX,Diphenhydramine HCl Expectorant (Adult),Diphenhydramine HCl Expectorant (Adult),http://fhir.hie.moh.gov.my/CodeSystem/drug-my-core,CodeSystemDrugMyCore
A07DA01922T1001XX,Diphenoxylate with Atropine Sulphate Tablet,Diphenoxylate with Atropine Sulphate Tab,http://fhir.hie.moh.gov.my/CodeSystem/drug-my-core,CodeSystemDrugMyCore
R01BA52110L9001XX,Triprolidine 1.25mg and Pseudoephedrine 30mg/5ml Syrup,Triprolidine/Pseudoephedrine Syr,http://fhir.hie.moh.gov.my/CodeSystem/drug-my-core,CodeSystemDrugMyCore
S01XA20900G5101XX,"White Petroleum Anhydrous Liquid Lanolin, Mineral Oil Eye Ointment","White Petroleum, Mineral Oil Eye Oint",http://fhir.hie.moh.gov.my/CodeSystem/drug-my-core,CodeSystemDrugMyCore
R02AA05137M2001XX,Chlorhexidine Gluconate 0.2% Mouthwash,Chlorhexidine Gluconate 0.2% Mouthwash,http://fhir.hie.moh.gov.my/CodeSystem/drug-my-core,CodeSystemDrugMyCore
GLN0200034,Sodium Bicarbonate Mouthwash,Sodium Bicarbonate Mouthwash,http://fhir.hie.moh.gov.my/CodeSystem/drug-my-core,CodeSystemDrugMyCore
A01AD11985M2001XX,Thymol Compound Gargle,Thymol Compound Gargle,http://fhir.hie.moh.gov.my/CodeSystem/drug-my-core,CodeSystemDrugMyCore
C05AX03931G5001XX,"Lignocaine, Aluminium, Zinc, Hydrocortisone Oint (Xyloproct)","Lig, Aluminium, Zinc  Hydrocort Oint",http://fhir.hie.moh.gov.my/CodeSystem/drug-my-core,CodeSystemDrugMyCore
B05BA01910P3001j,Amino acid 10% (Aminoven Infant) 100ml IV Soln,Aminoven Infant 10% 100ml IV Soln,http://fhir.hie.moh.gov.my/CodeSystem/drug-my-core,CodeSystemDrugMyCore
B05BA01910P3001l,Amino Acid 6.5%  with Taurine 100ml IV Soln,Amino Acid 6.5% +Taurine 100ml IV Soln,http://fhir.hie.moh.gov.my/CodeSystem/drug-my-core,CodeSystemDrugMyCore
B05BA01910P3001i,Amino acid 10% (Aminoplasmal) 500ml IV Soln,"Aminoplasmal 10% , 500ml IV Soln",http://fhir.hie.moh.gov.my/CodeSystem/drug-my-core,CodeSystemDrugMyCore
B05BA01910P3001h,Amino acid 8% (Aminosteril N-Hepa) 500ml IV Soln,Aminosteril N-Hepa 8% 500ml IV Soln,http://fhir.hie.moh.gov.my/CodeSystem/drug-my-core,CodeSystemDrugMyCore
B05BA01910P3001g,N(2)-L-alanyl-L-glutamine 20% (Dipeptivan) 100ml IV Soln,Dipeptivan 20% 100ml IV Soln,http://fhir.hie.moh.gov.my/CodeSystem/drug-my-core,CodeSystemDrugMyCore
B05BA01910P3001e,Amino acid 10% (Aminoplasmal Hepa) 500ml IV Soln,"Aminoplasmal Hepa 10% , 500ml IV Soln",http://fhir.hie.moh.gov.my/CodeSystem/drug-my-core,CodeSystemDrugMyCore
B05BA01910P3001f,Amino acid 10% (Nephrotech) 500ml IV Soln,Nephrotect 10% 500ml IV Soln,http://fhir.hie.moh.gov.my/CodeSystem/drug-my-core,CodeSystemDrugMyCore
J01CR02961P4001XX,Amoxicillin 500mg + Clavulanate 100mg Injection,Amoxicillin 500mg+ Clavulanate 100mg Inj,http://fhir.hie.moh.gov.my/CodeSystem/drug-my-core,CodeSystemDrugMyCore
RAW00084,Phenol Crystal,Phenol Crystal,http://fhir.hie.moh.gov.my/CodeSystem/drug-my-core,CodeSystemDrugMyCore
D02AB00240G5001XX,Zinc Oxide Ointment BP (15% w/w),Zinc Oxide Ointment BP,http://fhir.hie.moh.gov.my/CodeSystem/drug-my-core,CodeSystemDrugMyCore
H01CC02122P4001XX,Cetrorelix 0.25mg Injection,Cetrorelix 0.25 mg Injection,http://fhir.hie.moh.gov.my/CodeSystem/drug-my-core,CodeSystemDrugMyCore
J02AX06000P3001XX,Anidulafungin 100mg/30ml Injection,Anidulafungin 100mg/30ml Injection,http://fhir.hie.moh.gov.my/CodeSystem/drug-my-core,CodeSystemDrugMyCore
J06BB01000P3001XX,Anti RhD Immunoglobulin 250mcg/2ml Inj,Anti RhD Immunoglobulin 250mcg/2ml Inj,http://fhir.hie.moh.gov.my/CodeSystem/drug-my-core,CodeSystemDrugMyCore
J06BB01000P3001a,Anti RhD Immunoglobulin 300mcg/2ml Inj,Anti RhD Immunoglobulin 300mcg/2ml Inj,http://fhir.hie.moh.gov.my/CodeSystem/drug-my-core,CodeSystemDrugMyCore
L04AA03000P3001XX,Antithymocyte Immunoglobulin (Horse) Inj,Antilymphocyte Ig (Horse) Inj,http://fhir.hie.moh.gov.my/CodeSystem/drug-my-core,CodeSystemDrugMyCore
L04AA04000P3001XX,Antithymocyte Immunoglobulin (rabbit) Inj,Antithymocyte Ig (rabbit) Inj,http://fhir.hie.moh.gov.my/CodeSystem/drug-my-core,CodeSystemDrugMyCore
B02AB01000P3001XX,"Aprotinin 10,000KIU/ml Inj","Aprotinin 10,000KIU/ml Inj",http://fhir.hie.moh.gov.my/CodeSystem/drug-my-core,CodeSystemDrugMyCore
KPK00049,Arginine Hydrochloride 30g/300ml IV Soln,Arginine Hydrochloride 30g/300ml IV Soln,http://fhir.hie.moh.gov.my/CodeSystem/drug-my-core,CodeSystemDrugMyCore
KPK00003,Amsacrine 75mg injection,Amsacrine 75mg injection,http://fhir.hie.moh.gov.my/CodeSystem/drug-my-core,CodeSystemDrugMyCore
A11GA01000P3001XX,Ascorbic Acid 500mg/2ml Inj,Ascorbic Acid 500mg/2ml Inj,http://fhir.hie.moh.gov.my/CodeSystem/drug-my-core,CodeSystemDrugMyCore
G02CX01122P3001a,Atosiban 6.75mg/0.9ml Injection,Atosiban 6.75mg/0.9ml Injection,http://fhir.hie.moh.gov.my/CodeSystem/drug-my-core,CodeSystemDrugMyCore
M03AC04197P3002XX,Atracurium Besylate 50mg/5ml Injection,Atracurium Besylate 50mg/5ml Inj,http://fhir.hie.moh.gov.my/CodeSystem/drug-my-core,CodeSystemDrugMyCore
M03AC04197P3001XX,Atracurium Besylate 25mg/2.5ml Injection,Atracurium Besylate 25mg/2.5ml Injection,http://fhir.hie.moh.gov.my/CodeSystem/drug-my-core,CodeSystemDrugMyCore
B05AA06905P9901c,Tetraspan 10% IV Soln,Tetraspan 10% IV Soln,http://fhir.hie.moh.gov.my/CodeSystem/drug-my-core,CodeSystemDrugMyCore
KPK00054,Azacitidine 100mg Injection,Azacitidine 100mg Injection,http://fhir.hie.moh.gov.my/CodeSystem/drug-my-core,CodeSystemDrugMyCore
L04AC02000P3001XX,Basiliximab 20mg Inj,Basiliximab 20mg Inj,http://fhir.hie.moh.gov.my/CodeSystem/drug-my-core,CodeSystemDrugMyCore
R01AD01133A4101XX,Beclomethasone Dipropionate 50 mcg/dose Nasal Spray,Beclomet 50 mcg/dose Nasal Spray,http://fhir.hie.moh.gov.my/CodeSystem/drug-my-core,CodeSystemDrugMyCore
KPK00056,Bendamustine 100mg/20ml injection,Bendamustine 100mg/20ml injection,http://fhir.hie.moh.gov.my/CodeSystem/drug-my-core,CodeSystemDrugMyCore
KPK00057,Bendamustine 25mg/10ml injection,Bendamustine 25mg/10ml injection,http://fhir.hie.moh.gov.my/CodeSystem/drug-my-core,CodeSystemDrugMyCore
J01CE08702P4001XX,Benzathine Penicillin 2.4MIU (1.8g) Injection,Benzathine Penicillin 2.4MIU (1.8g) Inj,http://fhir.hie.moh.gov.my/CodeSystem/drug-my-core,CodeSystemDrugMyCore
J01CE01702P4002XX,Benzylpenicillin 5MIU (3g) Injection,Benzylpenicillin 5MIU (3g) Injection,http://fhir.hie.moh.gov.my/CodeSystem/drug-my-core,CodeSystemDrugMyCore
J01CE01702P4001XX,Benzylpenicillin 1MIU (600mg) Injection,Benzylpenicillin 1MIU (600mg) Injection,http://fhir.hie.moh.gov.my/CodeSystem/drug-my-core,CodeSystemDrugMyCore
H02AB01162P3001XX,Betamethasone Sodium Phosphate 4mg/ml Injection,Betamethasone 4mg/ml Injection,http://fhir.hie.moh.gov.my/CodeSystem/drug-my-core,CodeSystemDrugMyCore
KPK00006,Bevacizumab 400mg/16ml Injection,Bevacizumab 400mg/16ml Injection,http://fhir.hie.moh.gov.my/CodeSystem/drug-my-core,CodeSystemDrugMyCore
L01XX32000P3001XX,Bortezomib 3.5mg/1.4ml Injection (SC),Bortezomib 3.5mg Injection (SC),http://fhir.hie.moh.gov.my/CodeSystem/drug-my-core,CodeSystemDrugMyCore
M03AX01000P4001XX,Clostridium Botulinum Toxin Type A 100 units Inj,C. Botulinum Toxin Type A 100 units Inj,http://fhir.hie.moh.gov.my/CodeSystem/drug-my-core,CodeSystemDrugMyCore
M03AX01000P4002XX,Clostridium Botulinum Toxin Type A 500 units Inj,C. Botulinum Toxin Type A 500 units Inj,http://fhir.hie.moh.gov.my/CodeSystem/drug-my-core,CodeSystemDrugMyCore
R05CB02110P3001XX,Bromhexine 4mg/2ml Inj,Bromhexine 4mg/2ml Inj,http://fhir.hie.moh.gov.my/CodeSystem/drug-my-core,CodeSystemDrugMyCore
C03CA02000P3001XX,Bumetanide 0.5mg/ml Injection (4ml),Bumetanide 0.5mg/ml Inj,http://fhir.hie.moh.gov.my/CodeSystem/drug-my-core,CodeSystemDrugMyCore
A11CC04000P3002XX,Calcitriol 2mcg/ml Injection,Calcitriol 2mcg/ml Injection,http://fhir.hie.moh.gov.my/CodeSystem/drug-my-core,CodeSystemDrugMyCore
A11CC04000P3001XX,Calcitriol 1mcg/ml Injection,Calcitriol 1mcg/ml Injection,http://fhir.hie.moh.gov.my/CodeSystem/drug-my-core,CodeSystemDrugMyCore
V03AF03237P3002XX,Leucovorin Calcium 50mg/5ml Injection (Folinic acid),Leucovorin Calcium 50mg/5ml Inj,http://fhir.hie.moh.gov.my/CodeSystem/drug-my-core,CodeSystemDrugMyCore
V03AF03237P3001XX,Leucovorin Calcium 3mg/ml Injection (Folinic acid),Leucovorin Calcium 3mg/ml Inj,http://fhir.hie.moh.gov.my/CodeSystem/drug-my-core,CodeSystemDrugMyCore
A12AA03000P3001XX,Calcium Gluconate 10% Injection,Calcium Gluconate 10% Injection,http://fhir.hie.moh.gov.my/CodeSystem/drug-my-core,CodeSystemDrugMyCore
H01BB03000P2001XX,Carbetocin 100 mcg/ml Injection,Carbetocin 100 mcg/ml Injection,http://fhir.hie.moh.gov.my/CodeSystem/drug-my-core,CodeSystemDrugMyCore
KPK00068,Carmustine 100mg Inj,Carmustine 100mg Inj,http://fhir.hie.moh.gov.my/CodeSystem/drug-my-core,CodeSystemDrugMyCore
J02AX04122P4002XX,Caspofungin 70mg/10ml Injection,Caspofungin 70mg/10ml Injection,http://fhir.hie.moh.gov.my/CodeSystem/drug-my-core,CodeSystemDrugMyCore
J02AX04122P4001XX,Caspofungin 50mg/10ml Injection,Caspofungin 50mg/10ml Injection,http://fhir.hie.moh.gov.my/CodeSystem/drug-my-core,CodeSystemDrugMyCore
J01DD04520P4002XX,Ceftriaxone 500mg Injection,Ceftriaxone 500mg Injection,http://fhir.hie.moh.gov.my/CodeSystem/drug-my-core,CodeSystemDrugMyCore
J01DD04520P4001XX,Ceftriaxone 250mg Injection,Ceftriaxone 250mg Injection,http://fhir.hie.moh.gov.my/CodeSystem/drug-my-core,CodeSystemDrugMyCore
J01DC02520P4003XX,Cefuroxime 1.5g Injection,Cefuroxime 1.5g Injection,http://fhir.hie.moh.gov.my/CodeSystem/drug-my-core,CodeSystemDrugMyCore
R06AB04253P3001XX,Chlorpheniramine 10mg/ml Injection,Chlorpheniramine 10mg/ml Injection,http://fhir.hie.moh.gov.my/CodeSystem/drug-my-core,CodeSystemDrugMyCore
KPK00069,Chlorpromazine 50mg/2ml Injection,Chlorpromazine 50mg/2ml Injection,http://fhir.hie.moh.gov.my/CodeSystem/drug-my-core,CodeSystemDrugMyCore
L04AD01000P3001XX,Ciclosporin 50mg/ml Injection,Ciclosporin 50mg/ml Injection,http://fhir.hie.moh.gov.my/CodeSystem/drug-my-core,CodeSystemDrugMyCore
KPK00072,Cidofovir 375mg/5ml injection,Cidofovir 375mg/5ml injection,http://fhir.hie.moh.gov.my/CodeSystem/drug-my-core,CodeSystemDrugMyCore
J01MA02125P3002XX,Ciprofloxacin 200mg/100ml Injection,Ciprofloxacin 200mg/100ml Injection,http://fhir.hie.moh.gov.my/CodeSystem/drug-my-core,CodeSystemDrugMyCore
J01MA02125P3001XX,Ciprofloxacin 100mg/50ml Injection,Ciprofloxacin 100mg/50ml Injection,http://fhir.hie.moh.gov.my/CodeSystem/drug-my-core,CodeSystemDrugMyCore
M03AC11197P3001XX,Cisatracurium Besylate 2 mg/ml Injection (5ml),Cisatracurium Besylate 2 mg/ml Injection,http://fhir.hie.moh.gov.my/CodeSystem/drug-my-core,CodeSystemDrugMyCore
J01FF01162P3001XX,Clindamycin 600mg/4ml Injection,Clindamycin 600mg/4ml Injection,http://fhir.hie.moh.gov.my/CodeSystem/drug-my-core,CodeSystemDrugMyCore
KPK00074,Clofarabine 20mg/20ml Injection,Clofarabine 20mg/20ml Injection,http://fhir.hie.moh.gov.my/CodeSystem/drug-my-core,CodeSystemDrugMyCore
B02BD04000P9901XX,Factor IX 500 IU Injection (Anti-Haemophilic Factor IX Conc (Human) Inj,Factor IX 500 IU Injection,http://fhir.hie.moh.gov.my/CodeSystem/drug-my-core,CodeSystemDrugMyCore
B02BD06000P4002a,High Purity Factor VIII 250 IU Injection,High Purity Factor VIII 250 IU Inj,http://fhir.hie.moh.gov.my/CodeSystem/drug-my-core,CodeSystemDrugMyCore
B02BD02000P4001XX,Factor VIII (Recombinant) 250 IU Injection,Factor VIII (Recombinant) 250 IU Inj,http://fhir.hie.moh.gov.my/CodeSystem/drug-my-core,CodeSystemDrugMyCore
B02BD03000P4001XX,Factor VIII Inhibitor Bypassing Fraction 500IU Powder for Injection (FEIBA),Factor VIII 500IU Inh Bypass Fraction,http://fhir.hie.moh.gov.my/CodeSystem/drug-my-core,CodeSystemDrugMyCore
KPK00209,Colistimethate 1 MIU Injection (Polymyxin E),Colistimethate 1 MIU Inj (Polymyxin E),http://fhir.hie.moh.gov.my/CodeSystem/drug-my-core,CodeSystemDrugMyCore
B03BA01000P3002XX,Cyanocobalamin 1mg/ml Injection,Cyanocobalamin 1mg/ml Injection,http://fhir.hie.moh.gov.my/CodeSystem/drug-my-core,CodeSystemDrugMyCore
B03BA01000P3001XX,Cyanocobalamin 100mcg/ml Injection,Cyanocobalamin 100mcg/ml Injection,http://fhir.hie.moh.gov.my/CodeSystem/drug-my-core,CodeSystemDrugMyCore
H01BA02122P3001XX,Desmopressin Acetate 4 mcg/ml Injection,Desmopressin Acetate 4 mcg/ml Injection,http://fhir.hie.moh.gov.my/CodeSystem/drug-my-core,CodeSystemDrugMyCore
H02AB02162P3001XX,Dexamethasone Sodium Phosphate 4mg/ml in 2ml Injection (8mg/2ml),Dexamethasone 8 mg/2 ml Injection,http://fhir.hie.moh.gov.my/CodeSystem/drug-my-core,CodeSystemDrugMyCore
N05CM18110P4001XX,Dexmedetomidine 100mcg/ml Injection (2ml/vial),Dexmedetomidine HCl 100 mcg/ml Injection,http://fhir.hie.moh.gov.my/CodeSystem/drug-my-core,CodeSystemDrugMyCore
N05BA01000P3001XX,Diazepam 10 mg/2 ml Injection,Diazepam 10 mg/2 ml Injection,http://fhir.hie.moh.gov.my/CodeSystem/drug-my-core,CodeSystemDrugMyCore
M01AB05520P3001XX,Diclofenac Sodium 75mg/3 ml Injection,Diclofenac Sodium 75mg/3 ml Injection,http://fhir.hie.moh.gov.my/CodeSystem/drug-my-core,CodeSystemDrugMyCore
C01AA05000P3001XX,Digoxin 500 mcg/2ml Injection,Digoxin 500 mcg/2 ml Injection,http://fhir.hie.moh.gov.my/CodeSystem/drug-my-core,CodeSystemDrugMyCore
V03AB09000P3001XX,Dimercaprol 50mg/ml Injection (2ml amp/vial),Dimercaprol 50mg/ml Injection,http://fhir.hie.moh.gov.my/CodeSystem/drug-my-core,CodeSystemDrugMyCore
G02AD02000S1001XX,Dinoprostone (Prostagladine E2) 3mg Vaginal Tablet,Dinoprostone 3 mg Vaginal Tab,http://fhir.hie.moh.gov.my/CodeSystem/drug-my-core,CodeSystemDrugMyCore
KPK00085,Dipyridamole 10mg/2ml injection,Dipyridamole 10mg/2ml injection,http://fhir.hie.moh.gov.my/CodeSystem/drug-my-core,CodeSystemDrugMyCore
C07AA05110P3001XX,Propranolol HCl 1mg/ml Injection,Propranolol HCl 1mg/ml Injection,http://fhir.hie.moh.gov.my/CodeSystem/drug-my-core,CodeSystemDrugMyCore
V03AB14183P3001XX,Protamine Sulphate 50mg/5ml Injection,Protamine Sulphate 50mg/5ml Inj,http://fhir.hie.moh.gov.my/CodeSystem/drug-my-core,CodeSystemDrugMyCore
A11HA02110P3001XX,Pyridoxine HCl 50 mg/2ml Inj,Pyridoxine HCl 50 mg/2ml Inj,http://fhir.hie.moh.gov.my/CodeSystem/drug-my-core,CodeSystemDrugMyCore
P01BC01110P3001XX,Quinine Dihydrochloride 600mg/2ml Injection,Quinine Dihydrochloride 600mg/2ml Inj,http://fhir.hie.moh.gov.my/CodeSystem/drug-my-core,CodeSystemDrugMyCore
J06BB05000P3001XX,Antirabies Immunoglobulin (Human) 300 iu/2ml,Antirabies Immunoglobulin  300 iu/2ml,http://fhir.hie.moh.gov.my/CodeSystem/drug-my-core,CodeSystemDrugMyCore
J07BG01000P4001XX,Rabies Vaccine Injection,Rabies Vaccine Injection,http://fhir.hie.moh.gov.my/CodeSystem/drug-my-core,CodeSystemDrugMyCore
S01LA04000P3001XX,Ranibizumab 10 mg/ml Inj (2.3mg in 0.23ml Vial),Ranibizumab 2.3 mg/ 0.23ml Inj,http://fhir.hie.moh.gov.my/CodeSystem/drug-my-core,CodeSystemDrugMyCore
A02BA02110P3001XX,Ranitidine 50mg/2ml Injection,Ranitidine 50mg/2ml Inj,http://fhir.hie.moh.gov.my/CodeSystem/drug-my-core,CodeSystemDrugMyCore
V03AF07000P4002,Rasburicase 7.5mg injection,Rasburicase 7.5mg injection,http://fhir.hie.moh.gov.my/CodeSystem/drug-my-core,CodeSystemDrugMyCore
N01AH06110P4001XX,Remifentanil 5 mg Injection,Remifentanil 5 mg Inj,http://fhir.hie.moh.gov.my/CodeSystem/drug-my-core,CodeSystemDrugMyCore
N05AX08000P3002XX,Risperidone 37.5 mg Injection (Long Acting),Risperidone 37.5mg Inj,http://fhir.hie.moh.gov.my/CodeSystem/drug-my-core,CodeSystemDrugMyCore
G02CA01110P3001XX,Ritodrine HCl 50mg/5ml Inj,Ritodrine HCl 50mg/5ml Inj,http://fhir.hie.moh.gov.my/CodeSystem/drug-my-core,CodeSystemDrugMyCore
L01XC02000P3001XX,Rituximab 500mg/50ml Injection,Rituximab 500mg/50ml Injection,http://fhir.hie.moh.gov.my/CodeSystem/drug-my-core,CodeSystemDrugMyCore
M03AC09320P3001XX,Rocuronium Bromide 10mg/ml Inj (5ml),Rocuronium Bromide 10mg/ml Inj (5ml),http://fhir.hie.moh.gov.my/CodeSystem/drug-my-core,CodeSystemDrugMyCore
N01BB09110P3001XX,Ropivacaine HCl 2 mg/ml Injection (20ml),Ropivacaine HCl 2 mg/ml Inj.(20ml),http://fhir.hie.moh.gov.my/CodeSystem/drug-my-core,CodeSystemDrugMyCore
N01BB09110P3002XX,Ropivacaine HCl 7.5 mg/ml Injection (20ml),Ropivacaine HCl 7.5 mg/ml Inj (20ml),http://fhir.hie.moh.gov.my/CodeSystem/drug-my-core,CodeSystemDrugMyCore
J07BJ01000P3001XX,Rubella Virus Vaccine (Live Attenuated) Injection,Rubella Virus Vaccine (Live Attenuated),http://fhir.hie.moh.gov.my/CodeSystem/drug-my-core,CodeSystemDrugMyCore
R03CC02183P3001XX,Salbutamol 0.5mg/ml Injection,Salbutamol 0.5mg/ml Injection,http://fhir.hie.moh.gov.my/CodeSystem/drug-my-core,CodeSystemDrugMyCore
R03CC02183P3002XX,Salbutamol 5mg/5ml Injection,Salbutamol 5mg/5ml Injection,http://fhir.hie.moh.gov.my/CodeSystem/drug-my-core,CodeSystemDrugMyCore
J06AA03000P3003XX,Antivenene Serum Sea snake 1000 units Injection,Antivenene Serum Sea snake 1000 IU Inj,http://fhir.hie.moh.gov.my/CodeSystem/drug-my-core,CodeSystemDrugMyCore
KPK00182,Sodium Acetate 2mmol/ml Injection,Sodium Acetate 2mmol/ml Injection,http://fhir.hie.moh.gov.my/CodeSystem/drug-my-core,CodeSystemDrugMyCore
V03AB08220P3001XX,Sodium Nitrite 300mg/10ml Injection,Sodium Nitrite 300mg/10ml Injection,http://fhir.hie.moh.gov.my/CodeSystem/drug-my-core,CodeSystemDrugMyCore
C02DD01520P3001XX,Sodium Nitroprusside 50 mg/5 ml Injection,Sodium Nitroprusside 50mg/5ml Injection,http://fhir.hie.moh.gov.my/CodeSystem/drug-my-core,CodeSystemDrugMyCore
C05BB04183P3002XX,Sodium Tetradecyl Sulphate 3 % Injection,Sodium Tetradecyl Sulphate 3 % Injection,http://fhir.hie.moh.gov.my/CodeSystem/drug-my-core,CodeSystemDrugMyCore
B01AD11000P4001XX,"Tenecteplase 10,000 unit (50mg) Injection","Tenecteplase 10,000 unit (50mg) Inj",http://fhir.hie.moh.gov.my/CodeSystem/drug-my-core,CodeSystemDrugMyCore
H01BA04000P4001XX,Terlipressin 1 mg/5ml Injection,Terlipressin 1 mg/5ml Injection,http://fhir.hie.moh.gov.my/CodeSystem/drug-my-core,CodeSystemDrugMyCore
J07AM51963P3001XX,Diphtheria and Tetanus Vaccine,Diphtheria and Tetanus Vaccine Injection,http://fhir.hie.moh.gov.my/CodeSystem/drug-my-core,CodeSystemDrugMyCore
KPK00190,Thiotepa 30mg injection,Thiotepa 30mg injection,http://fhir.hie.moh.gov.my/CodeSystem/drug-my-core,CodeSystemDrugMyCore
KPK00189,Thiotepa 100mg injection,Thiotepa 100mg injection,http://fhir.hie.moh.gov.my/CodeSystem/drug-my-core,CodeSystemDrugMyCore
H02AB08351P3001XX,Triamcinolone Acetonide 10 mg/ml Injection,Triamcinolone 10 mg/ml Injection,http://fhir.hie.moh.gov.my/CodeSystem/drug-my-core,CodeSystemDrugMyCore
L02AE04000P2001XX,Triptorelin 3.75 mg Injection,Triptorelin 3.75 mg Injection,http://fhir.hie.moh.gov.my/CodeSystem/drug-my-core,CodeSystemDrugMyCore
L03AX03000P3001XX,BCG 81 mg/3 ml (Bacillus Calmette-Guérin freeze-dried intravesical preparation),BCG 81 mg/3ml intravesical Preparation,http://fhir.hie.moh.gov.my/CodeSystem/drug-my-core,CodeSystemDrugMyCore
N05AD01000P3001XX,Haloperidol 5 mg/ml Injection,Haloperidol 5 mg/ml Injection,http://fhir.hie.moh.gov.my/CodeSystem/drug-my-core,CodeSystemDrugMyCore
B01AB01930P3001XX,Heparin Sodium 50 IU/5ml in Sodium Chloride Injection (heparin in NaCl),Heparin Sodium 50 IU/5ml in NaCl Inj,http://fhir.hie.moh.gov.my/CodeSystem/drug-my-core,CodeSystemDrugMyCore
RPH000020,Technetium-99m Bicisate,Tc-99m Bicisate,http://fhir.hie.moh.gov.my/CodeSystem/drug-my-core,CodeSystemDrugMyCore
B01AB01520P3001XX,Heparin Sodium 1000 IU/ml Injection (5ml),Heparin Sodium 1000 IU/ml Inj,http://fhir.hie.moh.gov.my/CodeSystem/drug-my-core,CodeSystemDrugMyCore
B01AB01520P3002XX,Heparin Sodium 5000 IU/ml Injection (5ml),Heparin Sodium 5000 IU/ml Inj,http://fhir.hie.moh.gov.my/CodeSystem/drug-my-core,CodeSystemDrugMyCore
J07BC02000P5002b,"Hepatitis A, Inactivated 80unit Vaccine","Hepatitis A, Inactivated 80U Vaccine",http://fhir.hie.moh.gov.my/CodeSystem/drug-my-core,CodeSystemDrugMyCore
J07BC02000P5001a,Hepatitis A Inactivated 160unit Vaccine,Hepatitis A Inactivated 160U Vaccine,http://fhir.hie.moh.gov.my/CodeSystem/drug-my-core,CodeSystemDrugMyCore
J06BB04000P3001XX,Hepatitis B Immunoglobulin 100IU/0.5ml (Human) Injection,Hepatitis B Immunoglobulin 100IU Inj,http://fhir.hie.moh.gov.my/CodeSystem/drug-my-core,CodeSystemDrugMyCore
J07BC01000P4001a,Hepatitis B 10mcg HbsAg Vaccine (Pediatric),Hepatitis B 10mcg Vaccine (Paed),http://fhir.hie.moh.gov.my/CodeSystem/drug-my-core,CodeSystemDrugMyCore
J07BC01000P4001b,Hepatitis B 20mcg HbsAg Vaccine (Adult),Hepatitis B 20mcg Vaccine (Adult),http://fhir.hie.moh.gov.my/CodeSystem/drug-my-core,CodeSystemDrugMyCore
KPK00099,Hyaluronic Acid 16mg/2ml Inj,Hyaluronic Acid 16mg/2ml Inj,http://fhir.hie.moh.gov.my/CodeSystem/drug-my-core,CodeSystemDrugMyCore
KPK00100,Hyaluronic Acid 48mg/6ml Inj,Hyaluronic Acid 48mg/6ml Inj,http://fhir.hie.moh.gov.my/CodeSystem/drug-my-core,CodeSystemDrugMyCore
H02AB09520P4001XX,Hydrocortisone Sodium Succinate 100mg Injection,Hydrocortisone 100mg Inj,http://fhir.hie.moh.gov.my/CodeSystem/drug-my-core,CodeSystemDrugMyCore
KPK00103,Hydroxocobalamin 1mg/ml injection,Hydroxocobalamin 1mg/ml injection,http://fhir.hie.moh.gov.my/CodeSystem/drug-my-core,CodeSystemDrugMyCore
A04AD01330P3001XX,Hyoscine Hydrobromide 400 mcg/ml Injection,Hyoscine Hydrobromide 400 mcg/ml Inj,http://fhir.hie.moh.gov.my/CodeSystem/drug-my-core,CodeSystemDrugMyCore
A03BB01320P3001XX,Hyoscine N-Butylbromide 20mg/ml Injection,Hyoscine N-Butylbromide 20mg/ml Inj,http://fhir.hie.moh.gov.my/CodeSystem/drug-my-core,CodeSystemDrugMyCore
KPK00105,Iloprost 50mcg/0.5ml Injection,Iloprost 50mcgg/0.5ml Injection,http://fhir.hie.moh.gov.my/CodeSystem/drug-my-core,CodeSystemDrugMyCore
L04AB02000P4001XX,Infliximab 100mg/10ml Injection,Infliximab 100mg/10ml Injection,http://fhir.hie.moh.gov.my/CodeSystem/drug-my-core,CodeSystemDrugMyCore
J07BB02963P5001XX,Influenzae Vaccine (Type A(H1N1)(H3N2)TypeB) 9mcg,Influenzae Vaccine,http://fhir.hie.moh.gov.my/CodeSystem/drug-my-core,CodeSystemDrugMyCore
V08AB05000P3001XX,Iopromide 300mg/50ml Injection,Iopromide 300mg/50ml Injection,http://fhir.hie.moh.gov.my/CodeSystem/drug-my-core,CodeSystemDrugMyCore
B03AC02250P3001XX,Iron Sucrose 100 mg/5ml Injection,Iron Sucrose 100 mg/5ml Injection,http://fhir.hie.moh.gov.my/CodeSystem/drug-my-core,CodeSystemDrugMyCore
C01CA02110P3001XX,Isoprenaline HCl 0.2mg/ml Inj,Isoprenaline HCl 0.2 mg/ml Inj.,http://fhir.hie.moh.gov.my/CodeSystem/drug-my-core,CodeSystemDrugMyCore
C01CA02110P3002XX,Isoprenaline HCl 1mg/5 ml Inj,Isoprenaline HCl 1 mg/5 ml Inj.,http://fhir.hie.moh.gov.my/CodeSystem/drug-my-core,CodeSystemDrugMyCore
C01DA08221P3001XX,Isosorbide Dinitrate 1mg/ml Injection (10ml),Isosorbide Dinitrate 1 mg/ml Inj.(10ml),http://fhir.hie.moh.gov.my/CodeSystem/drug-my-core,CodeSystemDrugMyCore
N01AX03110P3002XX,Ketamine 50 mg/ml Injection (10ml Vial),Ketamine 50 mg/ml Injection,http://fhir.hie.moh.gov.my/CodeSystem/drug-my-core,CodeSystemDrugMyCore
N01AX03110P3001XX,Ketamine 10 mg/ml Injection (20ml Vial),Ketamine 10 mg/ml Injection,http://fhir.hie.moh.gov.my/CodeSystem/drug-my-core,CodeSystemDrugMyCore
M01AE03000P3001XX,Ketoprofen 100mg/2ml Injection,Ketoprofen 100mg/2ml Injection,http://fhir.hie.moh.gov.my/CodeSystem/drug-my-core,CodeSystemDrugMyCore
M01AB15239P3001XX,Ketorolac Tromethamine 30mg/ml Injection,Ketorolac Tromethamine 30mg/ml Inj,http://fhir.hie.moh.gov.my/CodeSystem/drug-my-core,CodeSystemDrugMyCore
C07AG01110P3001XX,Labetalol HCl 25 mg/5 ml Injection,Labetalol HCl 25 mg/5 ml Injection,http://fhir.hie.moh.gov.my/CodeSystem/drug-my-core,CodeSystemDrugMyCore
L02AE02122P5001XX,Leuprolide Acetate 3.75mg Injection,Leuprolide Acetate 3.75mg Injection,http://fhir.hie.moh.gov.my/CodeSystem/drug-my-core,CodeSystemDrugMyCore
L02AE02122P5002XX,Leuprolide Acetate 11.25mg Injection,Leuprolide Acetate 11.25mg Injection,http://fhir.hie.moh.gov.my/CodeSystem/drug-my-core,CodeSystemDrugMyCore
N03AX14000P3001XX,Levetiracetam 100mg/ml Injection (5ml amp/vial),Levetiracetam 100mg/ml Injection,http://fhir.hie.moh.gov.my/CodeSystem/drug-my-core,CodeSystemDrugMyCore
C01BB01110P3002XX,LIGNOcaine HCl (Lidocaine) 500 mg/5 ml Injection (10%),Lignocaine HCl 500mg/5ml Injection,http://fhir.hie.moh.gov.my/CodeSystem/drug-my-core,CodeSystemDrugMyCore
C01BB01110P3001XX,Lignocaine HCl (Lidocaine) 100 mg/5 ml Injection (2%) IV/IM,Lignocaine HCl 100 mg/5 ml Inj IV/IM,http://fhir.hie.moh.gov.my/CodeSystem/drug-my-core,CodeSystemDrugMyCore
J01XX08000P3001XX,Linezolid 200mg/100ml Injection,Linezolid 200mg/100ml Injection,http://fhir.hie.moh.gov.my/CodeSystem/drug-my-core,CodeSystemDrugMyCore
KPK00111,Liraglutide 6mg/ml Prefilled Pen (3ml),Liraglutide 6mg/ml Prefilled Pen (3ml),http://fhir.hie.moh.gov.my/CodeSystem/drug-my-core,CodeSystemDrugMyCore
B05XA05183P3001XX,Magnesium Sulphate 50% Injection (49.3%/5mL),Magnesium Sulphate 50% Inj (49.3%/5mL),http://fhir.hie.moh.gov.my/CodeSystem/drug-my-core,CodeSystemDrugMyCore
J07BD52963P4001XX,"Measles, Mumps Rubella Vaccine Live","Measles, Mumps and Rubella Vaccine",http://fhir.hie.moh.gov.my/CodeSystem/drug-my-core,CodeSystemDrugMyCore
J07BD52963P4002XX,"Measles Rubella Virus Vaccine Live, Attenuated (Freeze-Dried) 10 Doses/Vial",Measles  Rubella Vaccine 10 doses/vial,http://fhir.hie.moh.gov.my/CodeSystem/drug-my-core,CodeSystemDrugMyCore
J07BD01000P4001XX,Measle's Vaccine (Live Attenuated) Injection,Measle's Vaccine (Live Attenuated),http://fhir.hie.moh.gov.my/CodeSystem/drug-my-core,CodeSystemDrugMyCore
KPK00117,Methylergometrine 200mcg/ml Injection,Methylergometrine 200mcg/ml Inj,http://fhir.hie.moh.gov.my/CodeSystem/drug-my-core,CodeSystemDrugMyCore
J01XD01000P9901XX,Metronidazole 500mg/100ml Injection,Metronidazole 500mg/100ml Injection,http://fhir.hie.moh.gov.my/CodeSystem/drug-my-core,CodeSystemDrugMyCore
N05CD08110P3002XX,Midazolam 5 mg/ml Injection,Midazolam 5 mg/ml Injection,http://fhir.hie.moh.gov.my/CodeSystem/drug-my-core,CodeSystemDrugMyCore
N05CD08110P3001XX,Midazolam 5 mg/5 ml Injection,Midazolam 5 mg/5 ml Injection,http://fhir.hie.moh.gov.my/CodeSystem/drug-my-core,CodeSystemDrugMyCore
N05CD08110P3002a,Midazolam 15mg/3ml Injection,Midazolam 15mg/3ml Injection,http://fhir.hie.moh.gov.my/CodeSystem/drug-my-core,CodeSystemDrugMyCore
KPK00120,Milrinone 10mg Injection,Milrinone 10mg Injection,http://fhir.hie.moh.gov.my/CodeSystem/drug-my-core,CodeSystemDrugMyCore
L03AA03000P4002XX,Molgramostim 300mcg Inj,Molgramostim 300mcg Inj,http://fhir.hie.moh.gov.my/CodeSystem/drug-my-core,CodeSystemDrugMyCore
IVA00012,Morphine Sulphate 1 mg/ml PCA (50ml),Morphine Sulphate 1 mg/ml PCA (50ml),http://fhir.hie.moh.gov.my/CodeSystem/drug-my-core,CodeSystemDrugMyCore
N02AF02110P3001XX,Nalbuphine HCl 10mg/ml Inj,Nalbuphine HCl 10 mg/ml Inj,http://fhir.hie.moh.gov.my/CodeSystem/drug-my-core,CodeSystemDrugMyCore
V03AB15110P3002XX,Naloxone HCl 0.4mg/ml Injection,Naloxone HCl 0.4mg/ml Injection,http://fhir.hie.moh.gov.my/CodeSystem/drug-my-core,CodeSystemDrugMyCore
A14AB01135P3001XX,Nandrolone Decanoate 25mg/ml Injection,Nandrolone Decanoate 25mg/ml Inj,http://fhir.hie.moh.gov.my/CodeSystem/drug-my-core,CodeSystemDrugMyCore
KPK00126,Natalizumab 300mg/15ml injection,Natalizumab 300mg/15ml injection,http://fhir.hie.moh.gov.my/CodeSystem/drug-my-core,CodeSystemDrugMyCore
N07AA01183P3002XX,Neostigmine Methylsulphate 2.5mg/ml Injection,Neostigmine Methylsulphate 2.5mg/ml Inj,http://fhir.hie.moh.gov.my/CodeSystem/drug-my-core,CodeSystemDrugMyCore
J01GB07183P3003XX,Netilmicin Sulphate 150mg/2ml Inj,Netilmicin Sulphate 150mg/2ml Inj,http://fhir.hie.moh.gov.my/CodeSystem/drug-my-core,CodeSystemDrugMyCore
J01GB07183P3002XX,Netilmicin Sulphate 100mg/2ml Inj,Netilmicin Sulphate 100mg/2ml Inj,http://fhir.hie.moh.gov.my/CodeSystem/drug-my-core,CodeSystemDrugMyCore
KPK00130,Nicardipine 2mg/2ml Injection,Nicardipine 2mg/ml Injection,http://fhir.hie.moh.gov.my/CodeSystem/drug-my-core,CodeSystemDrugMyCore
C08CA06000P9901XX,Nimodipine 10mg/50ml Infusion Solution,Nimodipine 10 mg/50 ml Infusion Solution,http://fhir.hie.moh.gov.my/CodeSystem/drug-my-core,CodeSystemDrugMyCore
C01CA03123P3001XX,Noradrenaline Acid Tartrate 4 mg/4 ml Injection,Noradrenaline Acid Tartrate 4mg/4ml Inj,http://fhir.hie.moh.gov.my/CodeSystem/drug-my-core,CodeSystemDrugMyCore
IVA00014,Noradrenaline Acid Tartrate  4 mg/50 ml Injection,Noradrenaline  4 mg/50 ml Inj.,http://fhir.hie.moh.gov.my/CodeSystem/drug-my-core,CodeSystemDrugMyCore
KPK00135,Omacetaxine 3.5mg Inj,Omacetaxine 3.5mg Inj,http://fhir.hie.moh.gov.my/CodeSystem/drug-my-core,CodeSystemDrugMyCore
A02BC01000P4001XX,Omeprazole 40mg Injection,Omeprazole 40mg Injection,http://fhir.hie.moh.gov.my/CodeSystem/drug-my-core,CodeSystemDrugMyCore
N02AA05110P3001XX,Oxycodone Hydrochloride 10mg/ml Injection,Oxycodone Hydrochloride 10mg/ml Inj,http://fhir.hie.moh.gov.my/CodeSystem/drug-my-core,CodeSystemDrugMyCore
H01BB02000P3001XX,Oxytocin 10 units/ml Injection,Oxytocin 10 units/ml Injection,http://fhir.hie.moh.gov.my/CodeSystem/drug-my-core,CodeSystemDrugMyCore
N05AX13000P2003XX,Paliperidone 75 mg Prolonged Release Injection,Paliperidone 75mg Prolonged Release Inj,http://fhir.hie.moh.gov.my/CodeSystem/drug-my-core,CodeSystemDrugMyCore
J07AP02000P3001XX,Typhoid Vaccine (20 doses),Typhoid Vaccine (20 doses),http://fhir.hie.moh.gov.my/CodeSystem/drug-my-core,CodeSystemDrugMyCore
KPK00197,"Urokinase 25,000 IU Injection","Urokinase 25,000 IU Inj",http://fhir.hie.moh.gov.my/CodeSystem/drug-my-core,CodeSystemDrugMyCore
J01XA01110P4001XX,Vancomycin HCl 500mg/10ml Injection,Vancomycin HCl 500mg/10ml Inj,http://fhir.hie.moh.gov.my/CodeSystem/drug-my-core,CodeSystemDrugMyCore
KPK00035,Varicella Zoster Immunoglobulin 125 IU Vial,Varicella Zoster Ig 125 IU Vial,http://fhir.hie.moh.gov.my/CodeSystem/drug-my-core,CodeSystemDrugMyCore
J07BK01000P4001XX,Varicella Zoster Vaccine Live Attenuated,Varicella Zoster Vaccine Live Attenuated,http://fhir.hie.moh.gov.my/CodeSystem/drug-my-core,CodeSystemDrugMyCore
H01BA01000P3001XX,Vasopressin 20units/ml Injection,Vasopressin 20units/ml Injection,http://fhir.hie.moh.gov.my/CodeSystem/drug-my-core,CodeSystemDrugMyCore
M03AC03320P3001XX,Vecuronium Bromide 10mg/10ml Inj,Vecuronium Bromide 10mg/10ml Inj,http://fhir.hie.moh.gov.my/CodeSystem/drug-my-core,CodeSystemDrugMyCore
M03AC03320P3002XX,Vecuronium Bromide 4mg/ml Inj,Vecuronium Bromide 4mg/ml Inj,http://fhir.hie.moh.gov.my/CodeSystem/drug-my-core,CodeSystemDrugMyCore
B02BD06000P4005XX,Factor VIII and Von Willebrand factor 500 IU Injection,"Factor VIII, Von Willebrand 500 iu Inj",http://fhir.hie.moh.gov.my/CodeSystem/drug-my-core,CodeSystemDrugMyCore
B02BD06000P4002XX,Factor VIII and Von Willebrand factor 250 IU Injection,"Factor VIII, Von Willebrand 250 iu Inj",http://fhir.hie.moh.gov.my/CodeSystem/drug-my-core,CodeSystemDrugMyCore
KPK00201,Yellow Fever Vaccine,Yellow Fever Vaccine,http://fhir.hie.moh.gov.my/CodeSystem/drug-my-core,CodeSystemDrugMyCore
J05AF01000P3001XX,Zidovudine 200mg/20ml Injection,Zidovudine 200mg/20ml Injection,http://fhir.hie.moh.gov.my/CodeSystem/drug-my-core,CodeSystemDrugMyCore
N05AE04110P3001XX,Ziprasidone 20 mg/ml Injection,Ziprasidone 20 mg/ml Inj,http://fhir.hie.moh.gov.my/CodeSystem/drug-my-core,CodeSystemDrugMyCore
KPK00207,Zoledronic Acid 5mg/100ml Inf Soln,Zoledronic Acid 5mg/100ml Inf Soln,http://fhir.hie.moh.gov.my/CodeSystem/drug-my-core,CodeSystemDrugMyCore
M05BA08000P3001XX,Zoledronic Acid 4 mg Injection,Zoledronic Acid 4 mg Injection,http://fhir.hie.moh.gov.my/CodeSystem/drug-my-core,CodeSystemDrugMyCore
N05AF05135P2001XX,Zuclopenthixol Decanoate 200mg/ml Injection,Zuclopenthixol Decanoate 200 mg/ml Inj,http://fhir.hie.moh.gov.my/CodeSystem/drug-my-core,CodeSystemDrugMyCore
N05AF05122P3001XX,Zuclopenthixol Acetate 50 mg/ml Injection,Zuclopenthixol Acetate 50 mg/ml Inj,http://fhir.hie.moh.gov.my/CodeSystem/drug-my-core,CodeSystemDrugMyCore
N05AF05122P3002XX,Zuclopenthixol Acetate 100 mg/2 ml Injection,Zuclopenthixol Acetate 100 mg/2 ml Inj,http://fhir.hie.moh.gov.my/CodeSystem/drug-my-core,CodeSystemDrugMyCore
B02AA02000P3001XX,Tranexamic Acid 100mg/ml Injection (10mL),Tranexamic Acid 100mg/ml Injection(10mL),http://fhir.hie.moh.gov.my/CodeSystem/drug-my-core,CodeSystemDrugMyCore
L01XC03000P4001XX,Trastuzumab 440mg Injection,Trastuzumab 440mg Injection,http://fhir.hie.moh.gov.my/CodeSystem/drug-my-core,CodeSystemDrugMyCore
L01BC05110P4002XX,Gemcitabine HCl 1g/25ml Injection,Gemcitabine HCl 1g Inj,http://fhir.hie.moh.gov.my/CodeSystem/drug-my-core,CodeSystemDrugMyCore
L01XX19110P3002XX,Irinotecan 100mg/5ml Injection,Irinotecan 100mg/5ml Injection,http://fhir.hie.moh.gov.my/CodeSystem/drug-my-core,CodeSystemDrugMyCore
L01XX27550P3001XX,Arsenic Trioxide 10mg/10ml Injection,Arsenic Trioxide 10mg/10ml Injection,http://fhir.hie.moh.gov.my/CodeSystem/drug-my-core,CodeSystemDrugMyCore
L01XX02000P3001XX,"L-Asparaginase 10,000 IU Injection","L-Asparaginase 10,000 IU Injection",http://fhir.hie.moh.gov.my/CodeSystem/drug-my-core,CodeSystemDrugMyCore
L01DC01110P4001XX,Bleomycin 15mg Injection,Bleomycin 15mg Injection,http://fhir.hie.moh.gov.my/CodeSystem/drug-my-core,CodeSystemDrugMyCore
L01AB01000P3001XX,Busulphan 60 mg/10ml Injection,Busulphan 60 mg/10ml Injection,http://fhir.hie.moh.gov.my/CodeSystem/drug-my-core,CodeSystemDrugMyCore
L01XA02000P4002XX,Carboplatin 450mg/45ml Injection,Carboplatin 450mg/45ml Injection,http://fhir.hie.moh.gov.my/CodeSystem/drug-my-core,CodeSystemDrugMyCore
L01XA02000P4001XX,Carboplatin 150mg/15ml Injection,Carboplatin 150mg/15ml Injection,http://fhir.hie.moh.gov.my/CodeSystem/drug-my-core,CodeSystemDrugMyCore
L01XA01000P3002XX,Cisplatin 50mg/50ml Injection,Cisplatin 50mg/50ml Injection,http://fhir.hie.moh.gov.my/CodeSystem/drug-my-core,CodeSystemDrugMyCore
L01XA01000P3001XX,Cisplatin 10mg/10ml Injection,Cisplatin 10mg/10ml Injection,http://fhir.hie.moh.gov.my/CodeSystem/drug-my-core,CodeSystemDrugMyCore
L01AA01000P4001XX,Cyclophosphamide 200mg/10ml Injection,Cyclophosphamide 200mg Inj,http://fhir.hie.moh.gov.my/CodeSystem/drug-my-core,CodeSystemDrugMyCore
L01AA01000P4002XX,Cyclophosphamide 1g/50ml Injection,Cyclophosphamide 1g/50ml Injection,http://fhir.hie.moh.gov.my/CodeSystem/drug-my-core,CodeSystemDrugMyCore
L01BC01000P4004XX,Cytarabine 1g/10ml Injection,Cytarabine 1g/10ml Injection,http://fhir.hie.moh.gov.my/CodeSystem/drug-my-core,CodeSystemDrugMyCore
L01BC01000P4003XX,Cytarabine 500mg/5ml Injection,Cytarabine 500mg/5ml Injection,http://fhir.hie.moh.gov.my/CodeSystem/drug-my-core,CodeSystemDrugMyCore
L01BC01000P4002XX,Cytarabine 100mg/1mL Injection,Cytarabine 100mg/1mL Injection,http://fhir.hie.moh.gov.my/CodeSystem/drug-my-core,CodeSystemDrugMyCore
L01AX04000P4001a,Dacarbazine 200mg/20ml Injection,Dacarbazine 200mg/20ml Injection,http://fhir.hie.moh.gov.my/CodeSystem/drug-my-core,CodeSystemDrugMyCore
L01AX04000P4001XX,Dacarbazine 100mg/10ml Injection,Dacarbazine 100mg/10ml Injection,http://fhir.hie.moh.gov.my/CodeSystem/drug-my-core,CodeSystemDrugMyCore
L01DA01110P4001XX,Actinomycin D (Dactinomycin)  500 mcg/ml Injection,ActinomycinD (Dactinomycin) 500mcg inj,http://fhir.hie.moh.gov.my/CodeSystem/drug-my-core,CodeSystemDrugMyCore
L01DB02110P4001XX,Daunorubicin HCl 20mg/10ml Injection,Daunorubicin HCl 20mg Injection,http://fhir.hie.moh.gov.my/CodeSystem/drug-my-core,CodeSystemDrugMyCore
L01CD02000P3002XX,Docetaxel 80mg Injection,Docetaxel 80mg Injection,http://fhir.hie.moh.gov.my/CodeSystem/drug-my-core,CodeSystemDrugMyCore
L01CD02000P3001XX,Docetaxel 20mg Injection,Docetaxel 20mg Injection,http://fhir.hie.moh.gov.my/CodeSystem/drug-my-core,CodeSystemDrugMyCore
L01DB01110P4001XX,Doxorubicin HCl 10mg/5ml Injection,DOXOrubicin HCl 10mg Injection,http://fhir.hie.moh.gov.my/CodeSystem/drug-my-core,CodeSystemDrugMyCore
L01DB01110P4002XX,Doxorubicin HCl 50mg/25ml Injection,DOXOrubicin HCl 50mg Injection,http://fhir.hie.moh.gov.my/CodeSystem/drug-my-core,CodeSystemDrugMyCore
L01DB03110P4002XX,Epirubicin 50mg/25ml Injection,Epirubicin 50mg Injection,http://fhir.hie.moh.gov.my/CodeSystem/drug-my-core,CodeSystemDrugMyCore
L01DB03110P4001XX,Epirubicin 10mg/5ml Injection,Epirubicin 10mg Injection,http://fhir.hie.moh.gov.my/CodeSystem/drug-my-core,CodeSystemDrugMyCore
L01CB01000P3001XX,Etoposide 100mg/5ml Injection,Etoposide 100mg/5ml Injection,http://fhir.hie.moh.gov.my/CodeSystem/drug-my-core,CodeSystemDrugMyCore
L01BB05162P4001XX,Fludarabine Phosphate 50mg/2ml Injection,Fludarabine Phosphate 50mg Inj,http://fhir.hie.moh.gov.my/CodeSystem/drug-my-core,CodeSystemDrugMyCore
L01BC02000P4001XX,Fluorouracil 250mg/5ml Injection,Fluorouracil 250mg/5ml Injection,http://fhir.hie.moh.gov.my/CodeSystem/drug-my-core,CodeSystemDrugMyCore
L01BC02000P4002XX,Fluorouracil 1g/20ml Injection,Fluorouracil 1g/20ml Injection,http://fhir.hie.moh.gov.my/CodeSystem/drug-my-core,CodeSystemDrugMyCore
L01BC05110P4001XX,Gemcitabine HCl 200mg/5ml Injection,Gemcitabine HCl 200mg Inj,http://fhir.hie.moh.gov.my/CodeSystem/drug-my-core,CodeSystemDrugMyCore
L01DB06110P4001XX,Idarubicin 5mg/5ml Injection,Idarubicin 5mg Injection,http://fhir.hie.moh.gov.my/CodeSystem/drug-my-core,CodeSystemDrugMyCore
A16AB09000P3001XX,Idursulfase 2 mg/ml Injection,Idursulfase 2 mg/ml Injection,http://fhir.hie.moh.gov.my/CodeSystem/drug-my-core,CodeSystemDrugMyCore
L01AA06000P4001XX,Ifosfamide 1g/25ml Injection,Ifosfamide 1g/25ml Injection,http://fhir.hie.moh.gov.my/CodeSystem/drug-my-core,CodeSystemDrugMyCore
A16AB05000P3001XX,Laronidase 2.9 mg/5ml Injection,Laronidase 2.9 mg/5ml Injection,http://fhir.hie.moh.gov.my/CodeSystem/drug-my-core,CodeSystemDrugMyCore
L01AA03000P4001XX,Melphalan 50mg Injection,Melphalan 50mg Injection,http://fhir.hie.moh.gov.my/CodeSystem/drug-my-core,CodeSystemDrugMyCore
L01BA01520P3001XX,Methotrexate 50mg/2ml Injection,Methotrexate 50mg/2ml Injection,http://fhir.hie.moh.gov.my/CodeSystem/drug-my-core,CodeSystemDrugMyCore
L01BA01520P3002XX,Methotrexate 500mg/20ml Injection,Methotrexate 500mg/20ml Injection,http://fhir.hie.moh.gov.my/CodeSystem/drug-my-core,CodeSystemDrugMyCore
L01DC03000P4001XX,Mitomycin 10mg/10mL Injection,Mitomycin 10mg/10ml Injection,http://fhir.hie.moh.gov.my/CodeSystem/drug-my-core,CodeSystemDrugMyCore
L01DB07110P3001XX,Mitoxantrone 20mg/10ml Injection,Mitoxantrone 20mg/10ml Injection,http://fhir.hie.moh.gov.my/CodeSystem/drug-my-core,CodeSystemDrugMyCore
L01XA03000P4001XX,Oxaliplatin 50mg/25ml Injection,Oxaliplatin 50mg/25ml Injection,http://fhir.hie.moh.gov.my/CodeSystem/drug-my-core,CodeSystemDrugMyCore
KPK00220,Paclitaxel 300mg/50ml Injection,Paclitaxel 300mg/50ml Injection,http://fhir.hie.moh.gov.my/CodeSystem/drug-my-core,CodeSystemDrugMyCore
KPK00219,Paclitaxel 260mg/43.4ml Injection,Paclitaxel 260mg/43.4ml Injection,http://fhir.hie.moh.gov.my/CodeSystem/drug-my-core,CodeSystemDrugMyCore
L01CD01000P3001XX,Paclitaxel 30mg/5ml Injection,Paclitaxel 30mg/5ml Injection,http://fhir.hie.moh.gov.my/CodeSystem/drug-my-core,CodeSystemDrugMyCore
L01CD01000P3002XX,Paclitaxel 100mg/16.7ml Injection,Paclitaxel 100mg/16.7ml Injection,http://fhir.hie.moh.gov.my/CodeSystem/drug-my-core,CodeSystemDrugMyCore
L01BA04016P3001XX,Pemetrexed Disodium 500mg Injection,Pemetrexed Disodium 500 mg Inj,http://fhir.hie.moh.gov.my/CodeSystem/drug-my-core,CodeSystemDrugMyCore
L01BA04016P3002XX,Pemetrexed Disodium 100mg Injection,Pemetrexed Disodium 100 mg Inj,http://fhir.hie.moh.gov.my/CodeSystem/drug-my-core,CodeSystemDrugMyCore
KPK00033,Topotecan HCL 4mg Injection,Topotecan HCL 4mg Injection,http://fhir.hie.moh.gov.my/CodeSystem/drug-my-core,CodeSystemDrugMyCore
L01CA01183P3002XX,Vinblastine Sulphate 10mg Injection,vinBLAStine Sulphate 10mg Inj,http://fhir.hie.moh.gov.my/CodeSystem/drug-my-core,CodeSystemDrugMyCore
L01CA02183P3001XX,Vincristine Sulphate 1mg Injection,vinCRIStine Sulphate 1mg Inj,http://fhir.hie.moh.gov.my/CodeSystem/drug-my-core,CodeSystemDrugMyCore
L01CA04000P4001XX,Vinorelbine 10mg Injection,Vinorelbine 10mg Injection,http://fhir.hie.moh.gov.my/CodeSystem/drug-my-core,CodeSystemDrugMyCore
L01CA04000P4002XX,Vinorelbine 50mg Injection,Vinorelbine 50mg Injection,http://fhir.hie.moh.gov.my/CodeSystem/drug-my-core,CodeSystemDrugMyCore
L01DB06110P4002XX,Idarubicin 10mg/10ml Injection,Idarubicin 10mg Inj,http://fhir.hie.moh.gov.my/CodeSystem/drug-my-core,CodeSystemDrugMyCore
V03AB00000F2101XX,Fuller's Earth 30% Suspension,Fuller's Earth 30% Suspension,http://fhir.hie.moh.gov.my/CodeSystem/drug-my-core,CodeSystemDrugMyCore
N02AA01110L9901XX,Morphine HCl 10 mg/5 ml Solution,Morphine HCl 10 mg/5 ml Solution,http://fhir.hie.moh.gov.my/CodeSystem/drug-my-core,CodeSystemDrugMyCore
KPK00037,Abacavir 20mg/ml Oral Soln,Abacavir 20mg/ml Oral Soln,http://fhir.hie.moh.gov.my/CodeSystem/drug-my-core,CodeSystemDrugMyCore
KPK00038,Abacavir 300mg Tab,Abacavir 300mg Tab,http://fhir.hie.moh.gov.my/CodeSystem/drug-my-core,CodeSystemDrugMyCore
KPK00040,Acetylcysteine 600mg Effervescent Tab,Acetylcysteine 600mg Effervescent Tab,http://fhir.hie.moh.gov.my/CodeSystem/drug-my-core,CodeSystemDrugMyCore
N02BA01000T4001XX,Acetylsalicylic Acid 300 mg Soluble Tablet,Acetylsalicylic Acid 300mg Soluble Tab,http://fhir.hie.moh.gov.my/CodeSystem/drug-my-core,CodeSystemDrugMyCore
B01AC06259T1001XX,"Acetylsalicylic Acid 100 mg, Glycine 45 mg Tablet",Acetylsalicylic/Glycine Tab 100/45 mg,http://fhir.hie.moh.gov.my/CodeSystem/drug-my-core,CodeSystemDrugMyCore
D05BB02000C1002XX,Acitretin 25mg Capsule,Acitretin 25mg Cap,http://fhir.hie.moh.gov.my/CodeSystem/drug-my-core,CodeSystemDrugMyCore
D05BB02000C1001XX,Acitretin 10mg Capsule,Acitretin 10mg Cap,http://fhir.hie.moh.gov.my/CodeSystem/drug-my-core,CodeSystemDrugMyCore
J05AB01000T1002XX,Acyclovir 800 mg Tablet,Acyclovir 800mg Tab,http://fhir.hie.moh.gov.my/CodeSystem/drug-my-core,CodeSystemDrugMyCore
J05AB01000L8001XX,Acyclovir 200 mg/5 ml Suspension,Acyclovir 200 mg/5 ml Suspension,http://fhir.hie.moh.gov.my/CodeSystem/drug-my-core,CodeSystemDrugMyCore
J05AB01000T1001XX,Acyclovir 200 mg Tablet,Acyclovir 200mg Tab,http://fhir.hie.moh.gov.my/CodeSystem/drug-my-core,CodeSystemDrugMyCore
J05AF08000T1001XX,Adefovir Dipivoxil 10 mg Tablet,Adefovir Dipivoxil 10mg Tab,http://fhir.hie.moh.gov.my/CodeSystem/drug-my-core,CodeSystemDrugMyCore
N06AX22000T1001XX,Agomelatine 25mg Tablet,Agomelatine 25mg Tablet,http://fhir.hie.moh.gov.my/CodeSystem/drug-my-core,CodeSystemDrugMyCore
P02CA03000T1001XX,Albendazole 200 mg Tablet,Albendazole 200mg Tab,http://fhir.hie.moh.gov.my/CodeSystem/drug-my-core,CodeSystemDrugMyCore
M05BA04520T1001XX,Alendronate Sodium 70 mg Tablet,Alendronate Sodium 70mg Tab,http://fhir.hie.moh.gov.my/CodeSystem/drug-my-core,CodeSystemDrugMyCore
A11CC03000C1002XX,Alfacalcidol 1mcg Capsule,Alfacalcidol 1mcg Cap,http://fhir.hie.moh.gov.my/CodeSystem/drug-my-core,CodeSystemDrugMyCore
A11CC03000C1001XX,Alfacalcidol 0.25mcg Capsule,Alfacalcidol 0.25mcg Cap,http://fhir.hie.moh.gov.my/CodeSystem/drug-my-core,CodeSystemDrugMyCore
A11CC03000D5001XX,Alfacalcidol 2 mcg/ml Drops (0.1mcg/drop),Alfacalcidol 2 mcg/ml Drops,http://fhir.hie.moh.gov.my/CodeSystem/drug-my-core,CodeSystemDrugMyCore
G04CA01110T1001XX,Alfuzosin HCl 10 mg Tablet,Alfuzosin HCl 10mg Tab,http://fhir.hie.moh.gov.my/CodeSystem/drug-my-core,CodeSystemDrugMyCore
M04AA01000T1001XX,Allopurinol 300 mg Tablet,Allopurinol 300mg Tab,http://fhir.hie.moh.gov.my/CodeSystem/drug-my-core,CodeSystemDrugMyCore
M04AA01000T1002XX,Allopurinol 100 mg Tablet,Allopurinol 100 mg Tab,http://fhir.hie.moh.gov.my/CodeSystem/drug-my-core,CodeSystemDrugMyCore
N05BA12000T1002XX,Alprazolam 0.5 mg Tablet,Alprazolam 0.5mg Tab,http://fhir.hie.moh.gov.my/CodeSystem/drug-my-core,CodeSystemDrugMyCore
N05BA12000T1003XX,Alprazolam 1 mg Tablet,Alprazolam 1mg Tab,http://fhir.hie.moh.gov.my/CodeSystem/drug-my-core,CodeSystemDrugMyCore
N05BA12000T1001XX,Alprazolam 0.25 mg Tablet,Alprazolam 0.25mg Tab,http://fhir.hie.moh.gov.my/CodeSystem/drug-my-core,CodeSystemDrugMyCore
N05AX13000P2004XX,Paliperidone 100 mg Prolonged Release Injection,Paliperidone 100mg Prolonged Release Inj,http://fhir.hie.moh.gov.my/CodeSystem/drug-my-core,CodeSystemDrugMyCore
N05AX13000P2002XX,Paliperidone 50 mg PROLONGED RELEASE Injection,Paliperidone 50mg PROLONGED RELEASE Inj,http://fhir.hie.moh.gov.my/CodeSystem/drug-my-core,CodeSystemDrugMyCore
N05AX13000P2005XX,Paliperidone 150 mg Prolonged Release Injection,Paliperidone 150mg Prolonged Release Inj,http://fhir.hie.moh.gov.my/CodeSystem/drug-my-core,CodeSystemDrugMyCore
J06BB16000P3001XX,Palivizumab 100mg Inj,Palivizumab 100mg Inj,http://fhir.hie.moh.gov.my/CodeSystem/drug-my-core,CodeSystemDrugMyCore
KPK00141,Palonosetron HCL 250mcg/5ml Injection,Palonosetron HCL 250mcg/5ml Inj,http://fhir.hie.moh.gov.my/CodeSystem/drug-my-core,CodeSystemDrugMyCore
M03AC01320P3001XX,Pancuronium Bromide 4 mg/2 ml lnj,Pancuronium Bromide 4 mg/2 ml lnj,http://fhir.hie.moh.gov.my/CodeSystem/drug-my-core,CodeSystemDrugMyCore
A02BC02000P3001XX,Pantoprazole 40mg Injection,Pantoprazole 40mg Injection,http://fhir.hie.moh.gov.my/CodeSystem/drug-my-core,CodeSystemDrugMyCore
KPK00142,Papaverine HCl 300mg/10ml Inj,Papaverine HCl 300mg/10ml Inj,http://fhir.hie.moh.gov.my/CodeSystem/drug-my-core,CodeSystemDrugMyCore
KPK00144,Paracetamol 300mg/2ml Inj,Paracetamol 300mg/2ml Inj,http://fhir.hie.moh.gov.my/CodeSystem/drug-my-core,CodeSystemDrugMyCore
N02BE01000P3101a,Paracetamol 10mg/ml in 50ml Solution for IV Infusion,Paracetamol 10mg/ml IV Infusion (50ml),http://fhir.hie.moh.gov.my/CodeSystem/drug-my-core,CodeSystemDrugMyCore
KPK00148,Paricalcitrol 5mcg/ml Inj,Paricalcitrol 5mcg/ml Inj,http://fhir.hie.moh.gov.my/CodeSystem/drug-my-core,CodeSystemDrugMyCore
L03AA13000P5001XX,Pegfilgrastim 6mg/0.6ml Injection,Pegfilgrastim 6mg/0.6ml Injection,http://fhir.hie.moh.gov.my/CodeSystem/drug-my-core,CodeSystemDrugMyCore
J07AJ52963P3001XX,"Diphtheria, Pertussis, Tetanus Vaccine","Diphtheria, Pertussis, Tetanus Vaccine",http://fhir.hie.moh.gov.my/CodeSystem/drug-my-core,CodeSystemDrugMyCore
N02AB02110P3001XX,Pethidine HCl 50 mg/ml Injection,Pethidine HCl 50 mg/ml Inj.,http://fhir.hie.moh.gov.my/CodeSystem/drug-my-core,CodeSystemDrugMyCore
N02AB02110P3002XX,Pethidine HCl 100 mg/2 ml Injection,Pethidine HCl 100 mg/2 ml Inj.,http://fhir.hie.moh.gov.my/CodeSystem/drug-my-core,CodeSystemDrugMyCore
N03AA02520P3001XX,Phenobarbitone Sodium 200 mg/ml Injection,Phenobarbitone Sod. 200 mg/ml Inj.,http://fhir.hie.moh.gov.my/CodeSystem/drug-my-core,CodeSystemDrugMyCore
C04AX02110P3001XX,Phenoxybenzamine HCl 100 mg/2 ml Injection,Phenoxybenzamine HCl 100 mg/2 ml Inj.,http://fhir.hie.moh.gov.my/CodeSystem/drug-my-core,CodeSystemDrugMyCore
KPK00155,Phenylephrine Hydrochloride 10mg/ml injection,Phenylephrine 10mg/ml injection,http://fhir.hie.moh.gov.my/CodeSystem/drug-my-core,CodeSystemDrugMyCore
N03AB02520P3001XX,Phenytoin Sodium 50mg/ml in 5ml lnjection (250mg/5ml),Phenytoin Sodium 250mg/5ml lnj,http://fhir.hie.moh.gov.my/CodeSystem/drug-my-core,CodeSystemDrugMyCore
B02BA01000P3001XX,Vitamin K1 (Phytomenadione) 1 mg / ml Injection,Vitamin K1 (Phytomenadione) 1mg/ml Inj,http://fhir.hie.moh.gov.my/CodeSystem/drug-my-core,CodeSystemDrugMyCore
B02BA01000P3004XX,Vitamin K1 Mixed Micelle 2 mg/0.2 ml Injection (Phytomenadione),Vitamin K1 Mixed Micelle 2 mg/0.2 ml Inj,http://fhir.hie.moh.gov.my/CodeSystem/drug-my-core,CodeSystemDrugMyCore
B02BA01000P3002XX,Vitamin K1 (Phytomenadione) 10 mg / ml Injection,Vitamin K1 (Phytomenadione) 10mg/ml Inj,http://fhir.hie.moh.gov.my/CodeSystem/drug-my-core,CodeSystemDrugMyCore
KPK00156,Picibanil 0.1mg (1KE) Injection,Picibanil 0.1mg (1KE) Injection,http://fhir.hie.moh.gov.my/CodeSystem/drug-my-core,CodeSystemDrugMyCore
J01CR05961P3001XX,Piperacillin 4g + Tazobactam 500mg Injection,Piperacillin 4g + Tazobactam 500mg Inj,http://fhir.hie.moh.gov.my/CodeSystem/drug-my-core,CodeSystemDrugMyCore
N06BX03000P3001XX,Piracetam 1g/5ml Injection,Piracetam 1g/5ml Injection,http://fhir.hie.moh.gov.my/CodeSystem/drug-my-core,CodeSystemDrugMyCore
B05AA02000P3001XX,"Human Albumin 5%, 250ml IV Soln","Human Albumin 5%, 250ml IV Soln",http://fhir.hie.moh.gov.my/CodeSystem/drug-my-core,CodeSystemDrugMyCore
KPK00157,Plerixafor 20mg/ml injection,Plerixafor 20mg/ml injection,http://fhir.hie.moh.gov.my/CodeSystem/drug-my-core,CodeSystemDrugMyCore
B05XA01100P3001XX,Potassium Chloride 1g/10ml Injection,Potassium Chloride 1g/10ml Injection,http://fhir.hie.moh.gov.my/CodeSystem/drug-my-core,CodeSystemDrugMyCore
V03AB04000P3002XX,Pralidoxime 500mg/20ml Injection,Pralidoxime 500mg/20ml Injection,http://fhir.hie.moh.gov.my/CodeSystem/drug-my-core,CodeSystemDrugMyCore
N05AB04253P3001XX,Prochlorperazine Mesylate 12.5 mg/ml Injection,Prochlorperazine Mesylate 12.5 mg/ml Inj,http://fhir.hie.moh.gov.my/CodeSystem/drug-my-core,CodeSystemDrugMyCore
N04AA04110P3001XX,Procyclidine HCl 10 mg/2 ml Injection,Procyclidine HCl 10 mg/2 ml Inj.,http://fhir.hie.moh.gov.my/CodeSystem/drug-my-core,CodeSystemDrugMyCore
R06AD02110P3001XX,Promethazine HCl 25 mg/ml Injection (2ml),Promethazine HCl 25 mg/ml Inj (2ml),http://fhir.hie.moh.gov.my/CodeSystem/drug-my-core,CodeSystemDrugMyCore
J05AF02000F2101XX,Didanosine 2g Oral Solution (ddi) (10mg/ml),Didanosine 2g Oral Solution (10mg/ml),http://fhir.hie.moh.gov.my/CodeSystem/drug-my-core,CodeSystemDrugMyCore
C01AA05000L1001XX,Digoxin 50 mcg/ml Elixir,Digoxin 50 mcg/ml Elixir,http://fhir.hie.moh.gov.my/CodeSystem/drug-my-core,CodeSystemDrugMyCore
C08DB01110T1001XX,Diltiazem HCl 30 mg Tablet,Diltiazem HCl 30mg Tab,http://fhir.hie.moh.gov.my/CodeSystem/drug-my-core,CodeSystemDrugMyCore
KPK00084,Dioctahedral Smectite 3g/sachet Susp,Dioctahedral Smectite 3g Susp,http://fhir.hie.moh.gov.my/CodeSystem/drug-my-core,CodeSystemDrugMyCore
A03FA03000L8001XX,Domperidone 1 mg/ml Suspension,Domperidone 1 mg/ml Suspension,http://fhir.hie.moh.gov.my/CodeSystem/drug-my-core,CodeSystemDrugMyCore
C04AE01196T1001XX,Dihydroergocristine or Co-dergocrine Mesilate 1 mg Tablet,Dihydroergocristine Mesilate 1 mg Tablet,http://fhir.hie.moh.gov.my/CodeSystem/drug-my-core,CodeSystemDrugMyCore
J01FA01238F2102XX,Erythromycin Ethylsuccinate 400 mg/5 ml Suspension,Erythromycin Ethylsucc 400 mg/5 ml Susp,http://fhir.hie.moh.gov.my/CodeSystem/drug-my-core,CodeSystemDrugMyCore
J01FA01238T1001XX,Erythromycin Ethylsuccinate 400 mg Tablet,Erythromycin Ethylsuccinate 400mg Tab,http://fhir.hie.moh.gov.my/CodeSystem/drug-my-core,CodeSystemDrugMyCore
J01FA01238F2101XX,Erythromycin Ethylsuccinate 200 mg/5 ml Suspension,Erythromycin Ethylsucc 200 mg/5 ml Susp,http://fhir.hie.moh.gov.my/CodeSystem/drug-my-core,CodeSystemDrugMyCore
J01XC01000L8001XX,Fusidic Acid 50 mg/ml Suspension,Fusidic Acid 50 mg/ml Suspension,http://fhir.hie.moh.gov.my/CodeSystem/drug-my-core,CodeSystemDrugMyCore
KPK00097,Glutamine 5g/sachet,Glutamine 5g/sachet,http://fhir.hie.moh.gov.my/CodeSystem/drug-my-core,CodeSystemDrugMyCore
A07EA02000G2001XX,Hydrocortisone Enema 100mg/60ml,Hydrocortisone Enema 100mg/60ml,http://fhir.hie.moh.gov.my/CodeSystem/drug-my-core,CodeSystemDrugMyCore
A03BB01320L5001XX,Hyoscine N-Butylbromide 1 mg/ml Liquid,Hyoscine N-Butylbromide 1 mg/ml Liquid,http://fhir.hie.moh.gov.my/CodeSystem/drug-my-core,CodeSystemDrugMyCore
A03FA00110T1001XX,Itopride HCl 50 mg Tablet,Itopride HCl 50mg Tab,http://fhir.hie.moh.gov.my/CodeSystem/drug-my-core,CodeSystemDrugMyCore
A06AD11000L5001XX,Lactulose 3.35 g/5 ml Liquid,Lactulose 3.35 g/5 ml Liquid,http://fhir.hie.moh.gov.my/CodeSystem/drug-my-core,CodeSystemDrugMyCore
J05AF05000L9901XX,Lamivudine 10 mg/ml Oral Solution,Lamivudine 10 mg/ml Oral Solution,http://fhir.hie.moh.gov.my/CodeSystem/drug-my-core,CodeSystemDrugMyCore
P01AB01000S2001XX,Metronidazole 0.5 g Suppository,Metronidazole 0.5 g Suppository,http://fhir.hie.moh.gov.my/CodeSystem/drug-my-core,CodeSystemDrugMyCore
N02AA01183S2002XX,Morphine Sulphate 20 mg Suppository,Morphine Sulphate 20 mg Suppository,http://fhir.hie.moh.gov.my/CodeSystem/drug-my-core,CodeSystemDrugMyCore
N02AA01183S2001XX,Morphine Sulphate 10 mg Suppository,Morphine Sulphate 10 mg Suppository,http://fhir.hie.moh.gov.my/CodeSystem/drug-my-core,CodeSystemDrugMyCore
N02AA01183S2003XX,Morphine Sulphate 30 mg Suppository,Morphine Sulphate 30 mg Suppository,http://fhir.hie.moh.gov.my/CodeSystem/drug-my-core,CodeSystemDrugMyCore
N07BA01000M7006XX,Nicotine 15 mg/ 16 hour Transdermal Patch,Nicotine 15 mg Transdermal Patch,http://fhir.hie.moh.gov.my/CodeSystem/drug-my-core,CodeSystemDrugMyCore
N07BA01000M7004XX,Nicotine 5 mg/ 16 hour Transdermal Patch,Nicotine 5 mg Transdermal Patch,http://fhir.hie.moh.gov.my/CodeSystem/drug-my-core,CodeSystemDrugMyCore
KPK00145,Paracetamol 500mg Suppository,Paracetamol 500mg Suppository,http://fhir.hie.moh.gov.my/CodeSystem/drug-my-core,CodeSystemDrugMyCore
N02BE01000S2001XX,Paracetamol 250 mg Suppository,Paracetamol 250 mg Suppository,http://fhir.hie.moh.gov.my/CodeSystem/drug-my-core,CodeSystemDrugMyCore
N02BE01000L9001XX,Paracetamol 120 mg/5 ml Syrup,Paracetamol 120 mg/5 ml Syrup,http://fhir.hie.moh.gov.my/CodeSystem/drug-my-core,CodeSystemDrugMyCore
N02BE01000S2002XX,Paracetamol 125 mg Suppository,Paracetamol 125 mg Suppository,http://fhir.hie.moh.gov.my/CodeSystem/drug-my-core,CodeSystemDrugMyCore
N06BX03000L5001XX,Piracetam 20% Oral Solution,Piracetam 20% Oral Solution,http://fhir.hie.moh.gov.my/CodeSystem/drug-my-core,CodeSystemDrugMyCore
H02AB06000L9001XX,Prednisolone 3 mg/5 ml Syrup,Prednisolone 3 mg/5 ml Syrup,http://fhir.hie.moh.gov.my/CodeSystem/drug-my-core,CodeSystemDrugMyCore
P02CC01127T1001XX,Pyrantel Pamoate 125 mg Tablet,Pyrantel Pamoate 125mg Tab,http://fhir.hie.moh.gov.my/CodeSystem/drug-my-core,CodeSystemDrugMyCore
P02CC01127T1002XX,Pyrantel Pamoate 250 mg Tablet,Pyrantel Pamoate 250mg Tab,http://fhir.hie.moh.gov.my/CodeSystem/drug-my-core,CodeSystemDrugMyCore
A11HA02110T1001XX,Pyridoxine HCl 10 mg Tablet,Pyridoxine HCl 10mg Tab,http://fhir.hie.moh.gov.my/CodeSystem/drug-my-core,CodeSystemDrugMyCore
N04BB01110C1001XX,Amantadine HCl 100mg Capsule/Tablet,Amantadine 100mg Cap/Tab,http://fhir.hie.moh.gov.my/CodeSystem/drug-my-core,CodeSystemDrugMyCore
C01BD01110T1001XX,Amiodarone 200 mg Tablet,Amiodarone 200mg Tab,http://fhir.hie.moh.gov.my/CodeSystem/drug-my-core,CodeSystemDrugMyCore
N05AL05000T1002XX,Amisulpiride 400 mg Tablet,Amisulpiride 400mg Tab,http://fhir.hie.moh.gov.my/CodeSystem/drug-my-core,CodeSystemDrugMyCore
N05AL05000T1001XX,Amisulpiride 100 mg Tablet,Amisulpiride 100mg Tab,http://fhir.hie.moh.gov.my/CodeSystem/drug-my-core,CodeSystemDrugMyCore
KPK00045,Amitriptyline 10mg Tablet,Amitriptyline 10mg Tablet,http://fhir.hie.moh.gov.my/CodeSystem/drug-my-core,CodeSystemDrugMyCore
N06AA09110T1001XX,Amitriptyline HCl 25 mg Tablet,Amitriptyline HCl 25mg Tab,http://fhir.hie.moh.gov.my/CodeSystem/drug-my-core,CodeSystemDrugMyCore
C08CA01000T1001XX,Amlodipine 5 mg Tablet,Amlodipine 5mg Tab,http://fhir.hie.moh.gov.my/CodeSystem/drug-my-core,CodeSystemDrugMyCore
C08CA01000T1002XX,Amlodipine 10 mg Tablet,Amlodipine 10mg Tablet,http://fhir.hie.moh.gov.my/CodeSystem/drug-my-core,CodeSystemDrugMyCore
J01CA04012C1001XX,Amoxicillin 250mg Capsule,Amoxicillin 250mg Capsule,http://fhir.hie.moh.gov.my/CodeSystem/drug-my-core,CodeSystemDrugMyCore
J01CA04012F1001XX,Amoxicillin Trihydrate 125 mg/5 ml Syrup,Amoxicillin Trihydrate 125 mg/5 ml Syrup,http://fhir.hie.moh.gov.my/CodeSystem/drug-my-core,CodeSystemDrugMyCore
J01CR02961F2102XX,Amoxicillin + Clavulanate 228 mg/5 ml Syrup (dose in Amoxicillin only),AMOX+Clav 228mg/5ml Sy (dose AMOX only),http://fhir.hie.moh.gov.my/CodeSystem/drug-my-core,CodeSystemDrugMyCore
J01CA01012F2101XX,Ampicillin Trihydrate 125 mg/5 ml Suspension,Ampicillin Trihydrate 125 mg/5 ml Susp,http://fhir.hie.moh.gov.my/CodeSystem/drug-my-core,CodeSystemDrugMyCore
J01CR01961T1001XX,Ampicillin + Sulbactam 375mg Tab,Ampicillin + Sulbactam 375mg Tab,http://fhir.hie.moh.gov.my/CodeSystem/drug-my-core,CodeSystemDrugMyCore
J01CR01961F2101XX,Ampicillin + Sulbactam 250 mg/5 ml Suspension,Ampicillin + Sulbactam 250 mg/5 ml Susp,http://fhir.hie.moh.gov.my/CodeSystem/drug-my-core,CodeSystemDrugMyCore
KPK00047,Anagrelide 0.5mg Capsule,Anagrelide 0.5mg Capsule,http://fhir.hie.moh.gov.my/CodeSystem/drug-my-core,CodeSystemDrugMyCore
KPK00048,Apomorphine 50mg/5ml Injection,Apomorphine 50mg/5ml Injection,http://fhir.hie.moh.gov.my/CodeSystem/drug-my-core,CodeSystemDrugMyCore
A04AD12000C1002XX,Aprepitant 125mg Capsule,Aprepitant 125mg Cap,http://fhir.hie.moh.gov.my/CodeSystem/drug-my-core,CodeSystemDrugMyCore
A04AD12000C1001XX,Aprepitant 80mg Capsule,Aprepitant 80mg Cap,http://fhir.hie.moh.gov.my/CodeSystem/drug-my-core,CodeSystemDrugMyCore
N05AX12000T1001XX,Aripiprazole 10mg Tablet,Aripiprazole 10mg Tab,http://fhir.hie.moh.gov.my/CodeSystem/drug-my-core,CodeSystemDrugMyCore
N05AX12000T1002XX,Aripiprazole 15mg Tablet,Aripiprazole 15mg Tab,http://fhir.hie.moh.gov.my/CodeSystem/drug-my-core,CodeSystemDrugMyCore
A11GA01000T1002XX,Ascorbic Acid 100 mg Tablet,Ascorbic Acid 100mg Tab,http://fhir.hie.moh.gov.my/CodeSystem/drug-my-core,CodeSystemDrugMyCore
A11GA01000T1003XX,Ascorbic Acid 500 mg Tablet,Ascorbic Acid 500mg Tab,http://fhir.hie.moh.gov.my/CodeSystem/drug-my-core,CodeSystemDrugMyCore
KPK00053,Atazanavir 300mg Capsule,Atazanavir 300mg Capsule,http://fhir.hie.moh.gov.my/CodeSystem/drug-my-core,CodeSystemDrugMyCore
KPK00052,Atazanavir 200mg Capsule,Atazanavir 200mg Capsule,http://fhir.hie.moh.gov.my/CodeSystem/drug-my-core,CodeSystemDrugMyCore
KPK00050,Atazanavir 100mg Capsule,Atazanavir 100mg Capsule,http://fhir.hie.moh.gov.my/CodeSystem/drug-my-core,CodeSystemDrugMyCore
KPK00051,Atazanavir 150mg Capsule,Atazanavir 150mg Capsule,http://fhir.hie.moh.gov.my/CodeSystem/drug-my-core,CodeSystemDrugMyCore
C07AB03000T1001XX,Atenolol 50 mg Tablet,Atenolol 50mg Tab,http://fhir.hie.moh.gov.my/CodeSystem/drug-my-core,CodeSystemDrugMyCore
C07AB03000T1002XX,Atenolol 100 mg Tablet,Atenolol 100mg Tab,http://fhir.hie.moh.gov.my/CodeSystem/drug-my-core,CodeSystemDrugMyCore
N06BA09110C1002XX,Atomoxetine HCl 18mg Capsule,Atomoxetine HCl 18mg Cap,http://fhir.hie.moh.gov.my/CodeSystem/drug-my-core,CodeSystemDrugMyCore
N06BA09110C1003XX,Atomoxetine HCl 25mg Capsule,Atomoxetine HCl 25mg Cap,http://fhir.hie.moh.gov.my/CodeSystem/drug-my-core,CodeSystemDrugMyCore
N06BA09110C1001XX,Atomoxetine HCl 10mg Capsule,Atomoxetine HCl 10mg Cap,http://fhir.hie.moh.gov.my/CodeSystem/drug-my-core,CodeSystemDrugMyCore
N06BA09110C1004XX,Atomoxetine HCl 40mg Capsule,Atomoxetine HCl 40mg Cap,http://fhir.hie.moh.gov.my/CodeSystem/drug-my-core,CodeSystemDrugMyCore
N06BA09110C1005XX,Atomoxetine HCl 60mg Capsule,Atomoxetine HCl 60mg Cap,http://fhir.hie.moh.gov.my/CodeSystem/drug-my-core,CodeSystemDrugMyCore
KPK00180,Sirolimus 1mg Tablet,Sirolimus 1mg Tablet,http://fhir.hie.moh.gov.my/CodeSystem/drug-my-core,CodeSystemDrugMyCore
KPK00181,Sirolimus 1mg/ml Oral Solution,Sirolimus 1mg/ml Oral Solution,http://fhir.hie.moh.gov.my/CodeSystem/drug-my-core,CodeSystemDrugMyCore
B05XA09902L5001XX,Sodium Acid Phosphate (500mg Phosphorus) Effervescent Tablet,Sodium A Phosphate Efferv Tab,http://fhir.hie.moh.gov.my/CodeSystem/drug-my-core,CodeSystemDrugMyCore
G04BD08000T1001XX,Solifenacin Succinate 5mg Tablet/Capsule,Solifenacin Succinate 5mg Tab/Cap,http://fhir.hie.moh.gov.my/CodeSystem/drug-my-core,CodeSystemDrugMyCore
KPK00116,Methimazole 5mg Tablet,Methimazole 5mg Tablet,http://fhir.hie.moh.gov.my/CodeSystem/drug-my-core,CodeSystemDrugMyCore
B01AC24000T1001XX,Ticagrelor 90 mg Tablet,Ticagrelor 90 mg Tablet,http://fhir.hie.moh.gov.my/CodeSystem/drug-my-core,CodeSystemDrugMyCore
R03BB04320A3001XX,Tiotropium 2.5mcg/puff inhalation,Tiotropium 2.5mcg/puff inhalation,http://fhir.hie.moh.gov.my/CodeSystem/drug-my-core,CodeSystemDrugMyCore
KPK00195,Tranylcypromine 10mg tablet,Tranylcypromine 10mg tablet,http://fhir.hie.moh.gov.my/CodeSystem/drug-my-core,CodeSystemDrugMyCore
H02AB08351P3002XX,Triamcinolone Acetonide 40mg/ml Injection,Triamcinolone Acetonide 40mg/ml Inj,http://fhir.hie.moh.gov.my/CodeSystem/drug-my-core,CodeSystemDrugMyCore
GLN0200015,Trichloroacetic Acid 30% Topical Solution,Trichloroacetic Acid 30% Topical Soln,http://fhir.hie.moh.gov.my/CodeSystem/drug-my-core,CodeSystemDrugMyCore
GLN0200016,Trichloroacetic Acid 60% Topical Solution,Trichloroacetic Acid 60% Topical Soln,http://fhir.hie.moh.gov.my/CodeSystem/drug-my-core,CodeSystemDrugMyCore
J07AP01000C1001XX,Typhoid Vaccine Capsule,Typhoid Vaccine Capsule,http://fhir.hie.moh.gov.my/CodeSystem/drug-my-core,CodeSystemDrugMyCore
KPK00060,Bioquinone Q10 30mg Cap (Ubidecarenone / Coenzyme Q10),Bioquinone Q10 30mg Cap (Coenzyme Q10),http://fhir.hie.moh.gov.my/CodeSystem/drug-my-core,CodeSystemDrugMyCore
KPK00059,Bioquinone Q10 100mg Cap (Ubidecarenone / Coenzyme Q10),Bioquinone Q10 100mg Cap (Coenzyme Q10),http://fhir.hie.moh.gov.my/CodeSystem/drug-my-core,CodeSystemDrugMyCore
L04AC05000P3002XX,Ustekinumab 45 mg/0.5ml Injection,Ustekinumab 45mg/0.5ml Injection,http://fhir.hie.moh.gov.my/CodeSystem/drug-my-core,CodeSystemDrugMyCore
J05AB14110T1001XX,Valganciclovir HCl 450mg Tablet,Valganciclovir HCl 450mg Tablet,http://fhir.hie.moh.gov.my/CodeSystem/drug-my-core,CodeSystemDrugMyCore
GLN0100052,Verapamil 50mg/mL Suspension,Verapamil 50mg/mL Suspension,http://fhir.hie.moh.gov.my/CodeSystem/drug-my-core,CodeSystemDrugMyCore
KPK00199,Vigabatrin 500mg Tablet,Vigabatrin 500mgTablet,http://fhir.hie.moh.gov.my/CodeSystem/drug-my-core,CodeSystemDrugMyCore
KPK00200,Vorinostat 100mg Capsule,Vorinostat 100mg Capsule,http://fhir.hie.moh.gov.my/CodeSystem/drug-my-core,CodeSystemDrugMyCore
KPK00202,Zinc Acetate 50mg capsule/tablet,Zinc Acetate 50mg capsule/tablet,http://fhir.hie.moh.gov.my/CodeSystem/drug-my-core,CodeSystemDrugMyCore
KPK00203,Zinc Gluconate 50mg Tablet,Zinc Gluconate 50mg Tablet,http://fhir.hie.moh.gov.my/CodeSystem/drug-my-core,CodeSystemDrugMyCore
KPK00206,Ziprasidone 80mg Capsule,Ziprasidone 80mg Capsule,http://fhir.hie.moh.gov.my/CodeSystem/drug-my-core,CodeSystemDrugMyCore
KPK00205,Ziprasidone 60mg Capsule,Ziprasidone 60mg Capsule,http://fhir.hie.moh.gov.my/CodeSystem/drug-my-core,CodeSystemDrugMyCore
KPK00204,Ziprasidone 40mg Capsule,Ziprasidone 40mg Capsule,http://fhir.hie.moh.gov.my/CodeSystem/drug-my-core,CodeSystemDrugMyCore
N03AX15000T1001XX,Zonisamide 100mg Tablet,Zonisamide 100mg Tablet,http://fhir.hie.moh.gov.my/CodeSystem/drug-my-core,CodeSystemDrugMyCore
KPK00070,Cholecalciferol 1000iu Capsule/Tablet,Cholecalciferol 1000iu Cap/Tab,http://fhir.hie.moh.gov.my/CodeSystem/drug-my-core,CodeSystemDrugMyCore
KPK00076,Darunavir 300mg tablet,Darunavir 300mg tablet,http://fhir.hie.moh.gov.my/CodeSystem/drug-my-core,CodeSystemDrugMyCore
KPK00077,Dasatinib 20mg tablet,Dasatinib 20mg tablet,http://fhir.hie.moh.gov.my/CodeSystem/drug-my-core,CodeSystemDrugMyCore
KPK00078,Dasatinib 50mg tablet,Dasatinib 50mg tablet,http://fhir.hie.moh.gov.my/CodeSystem/drug-my-core,CodeSystemDrugMyCore
KPK00010,Desloratadine 0.5mg/ml Syrup,Desloratadine 0.5mg/ml Syrup,http://fhir.hie.moh.gov.my/CodeSystem/drug-my-core,CodeSystemDrugMyCore
L01XX14000C1001XX,All-Trans Retinoic Acid 10mg Capsule,All-Trans Retinoic Acid 10mg Cap,http://fhir.hie.moh.gov.my/CodeSystem/drug-my-core,CodeSystemDrugMyCore
KPK00158,Polyvinyl Alcohol 1.4% Eye Drop,Polyvinyl Alcohol 1.4% Eye Drop,http://fhir.hie.moh.gov.my/CodeSystem/drug-my-core,CodeSystemDrugMyCore
C10AC01000M4001XX,Cholestyramine Resin 4 gram/sachet,Cholestyramine Resin 4 gm/sachet,http://fhir.hie.moh.gov.my/CodeSystem/drug-my-core,CodeSystemDrugMyCore
C10AA05000T1002XX,Atorvastatin 20 mg Tablet,Atorvastatin 20mg Tab,http://fhir.hie.moh.gov.my/CodeSystem/drug-my-core,CodeSystemDrugMyCore
C10AA05000T1004XX,Atorvastatin 80 mg Tablet,Atorvastatin 80mg Tab,http://fhir.hie.moh.gov.my/CodeSystem/drug-my-core,CodeSystemDrugMyCore
C10AA05000T1001XX,Atorvastatin 40 mg Tablet,Atorvastatin 40mg Tab,http://fhir.hie.moh.gov.my/CodeSystem/drug-my-core,CodeSystemDrugMyCore
L04AX01000T1001XX,Azathioprine 50 mg Tablet,Azathioprine 50mg Tab,http://fhir.hie.moh.gov.my/CodeSystem/drug-my-core,CodeSystemDrugMyCore
J01FA10011F1001XX,Azithromycin 200 mg/5 ml Granules,Azithromycin 200 mg/5 ml Granules,http://fhir.hie.moh.gov.my/CodeSystem/drug-my-core,CodeSystemDrugMyCore
J01FA10011T1001XX,Azithromycin 250 mg Tablet,Azithromycin 250mg Tab,http://fhir.hie.moh.gov.my/CodeSystem/drug-my-core,CodeSystemDrugMyCore
J01CA06000T1001XX,Bacampicillin 400 mg Tablet,Bacampicillin 400mg Tab,http://fhir.hie.moh.gov.my/CodeSystem/drug-my-core,CodeSystemDrugMyCore
M03BX01000T1001XX,Baclofen 10 mg Tablet,Baclofen 10mg Tab,http://fhir.hie.moh.gov.my/CodeSystem/drug-my-core,CodeSystemDrugMyCore
N04AA01110T1001XX,Benzhexol 2 mg Tablet,Benzhexol 2mg Tab,http://fhir.hie.moh.gov.my/CodeSystem/drug-my-core,CodeSystemDrugMyCore
N04AC01196T1001XX,Benztropine Mesilate 2 mg Tablet,Benztropine Mesilate 2mg Tab,http://fhir.hie.moh.gov.my/CodeSystem/drug-my-core,CodeSystemDrugMyCore
N07CA01110T1002XX,Betahistine Dihydrochloride 16mg Tablet,Betahistine Dihydrochloride 16mg Tab,http://fhir.hie.moh.gov.my/CodeSystem/drug-my-core,CodeSystemDrugMyCore
N07CA01110T1003XX,Betahistine Dihydrochloride 24mg Tablet,Betahistine Dihydrochloride 24mg Tab,http://fhir.hie.moh.gov.my/CodeSystem/drug-my-core,CodeSystemDrugMyCore
N07CA01110T1001XX,Betahistine Dihydrochloride 8mg Tablet,Betahistine Dihydrochloride 8mg Tab,http://fhir.hie.moh.gov.my/CodeSystem/drug-my-core,CodeSystemDrugMyCore
KPK00210,Betahistine Mesylate 6mg Tab,Betahistine Mesylate 6mg Tab,http://fhir.hie.moh.gov.my/CodeSystem/drug-my-core,CodeSystemDrugMyCore
KPK00062,Boceprevir 200mg cap,Boceprevir 200mg cap,http://fhir.hie.moh.gov.my/CodeSystem/drug-my-core,CodeSystemDrugMyCore
R05CB02110T1001XX,Bromhexine HCl 8mg Tablet,Bromhexine HCl 8mg Tab,http://fhir.hie.moh.gov.my/CodeSystem/drug-my-core,CodeSystemDrugMyCore
KPK00065,Capsaicin 0.025% Cream,Capsaicin 0.025% Cream,http://fhir.hie.moh.gov.my/CodeSystem/drug-my-core,CodeSystemDrugMyCore
KPK00066,Capsaicin 0.075% Cream,Capsaicin 0.075% Cream,http://fhir.hie.moh.gov.my/CodeSystem/drug-my-core,CodeSystemDrugMyCore
KPK00067,Carglumic Acid 200mg tablet,Carglumic Acid 200mg tablet,http://fhir.hie.moh.gov.my/CodeSystem/drug-my-core,CodeSystemDrugMyCore
GLN0200005,Cetrimide 1% Lotion,Cetrimide 1% Lotion,http://fhir.hie.moh.gov.my/CodeSystem/drug-my-core,CodeSystemDrugMyCore
KPK00011,Dexamethasone 4mg tablet,Dexamethasone 4mg tablet,http://fhir.hie.moh.gov.my/CodeSystem/drug-my-core,CodeSystemDrugMyCore
KPK00081,Diazoxide 50mg/ml Suspension,Diazoxide 50mg/ml Suspension,http://fhir.hie.moh.gov.my/CodeSystem/drug-my-core,CodeSystemDrugMyCore
KPK00080,Diazoxide 50mg Capsule/Tablet,Diazoxide 50mg Capsule/Tablet,http://fhir.hie.moh.gov.my/CodeSystem/drug-my-core,CodeSystemDrugMyCore
KPK00086,Dronedarone 400mg Tablet,Dronedarone 400mg Tablet,http://fhir.hie.moh.gov.my/CodeSystem/drug-my-core,CodeSystemDrugMyCore
B02BX05999T1001XX,Eltrombopag Olamine 25 mg Film-coated Tablet,Eltrombopag Olamine 25 mg FC Tablet,http://fhir.hie.moh.gov.my/CodeSystem/drug-my-core,CodeSystemDrugMyCore
B01AB05520P5002XX,Enoxaparin Sodium 40 mg Injection,Enoxaparin Sodium 40 mg Injection,http://fhir.hie.moh.gov.my/CodeSystem/drug-my-core,CodeSystemDrugMyCore
B01AB05520P5001XX,Enoxaparin Sodium 20 mg Injection,Enoxaparin Sodium 20 mg Injection,http://fhir.hie.moh.gov.my/CodeSystem/drug-my-core,CodeSystemDrugMyCore
B01AB05520P5003XX,Enoxaparin Sodium 60 mg Injection,Enoxaparin Sodium 60 mg Injection,http://fhir.hie.moh.gov.my/CodeSystem/drug-my-core,CodeSystemDrugMyCore
J04AD03000T1001XX,Ethionamide 250mg Tablet,Ethionamide 250mg Tablet,http://fhir.hie.moh.gov.my/CodeSystem/drug-my-core,CodeSystemDrugMyCore
N03AD01000L9001XX,Ethosuximide 250 mg/5 ml Syrup,Ethosuximide 250 mg/5 ml Syrup,http://fhir.hie.moh.gov.my/CodeSystem/drug-my-core,CodeSystemDrugMyCore
KPK00017,Everolimus 10mg Tablet,Everolimus 10mg Tablet,http://fhir.hie.moh.gov.my/CodeSystem/drug-my-core,CodeSystemDrugMyCore
L04AA18000T1003XX,Everolimus 0.75mg Tablet,Everolimus 0.75mg Tablet,http://fhir.hie.moh.gov.my/CodeSystem/drug-my-core,CodeSystemDrugMyCore
KPK00018,Everolimus 5mg tablet,Everolimus 5mg tablet,http://fhir.hie.moh.gov.my/CodeSystem/drug-my-core,CodeSystemDrugMyCore
L04AA18000T1001XX,Everolimus 0.25mg Tablet,Everolimus 0.25mg Tablet,http://fhir.hie.moh.gov.my/CodeSystem/drug-my-core,CodeSystemDrugMyCore
KPK00090,Febuxostat 80mg tablet,Febuxostat 80mg tablet,http://fhir.hie.moh.gov.my/CodeSystem/drug-my-core,CodeSystemDrugMyCore
KPK00089,Febuxostat 40mg tablet,Febuxostat 40mg tablet,http://fhir.hie.moh.gov.my/CodeSystem/drug-my-core,CodeSystemDrugMyCore
KPK00092,Fenofibrate 160mg Tab,Fenofibrate 160mg Tab,http://fhir.hie.moh.gov.my/CodeSystem/drug-my-core,CodeSystemDrugMyCore
KPK00093,Fenofibrate 200mg Tab,Fenofibrate 200mg Tab,http://fhir.hie.moh.gov.my/CodeSystem/drug-my-core,CodeSystemDrugMyCore
C10AB05000T1002XX,Fenofibrate 145mg Tablet,Fenofibrate 145mg Tablet,http://fhir.hie.moh.gov.my/CodeSystem/drug-my-core,CodeSystemDrugMyCore
GLN0100003,Ferric Ammonium Citrate 200mg/5ml (FAC),Ferric Ammonium Citrate 200mg/5ml (FAC),http://fhir.hie.moh.gov.my/CodeSystem/drug-my-core,CodeSystemDrugMyCore
B03AB06136L2101XX,Ferric Ammonium Citrate 400mg/5ml (FAC),Ferric Ammonium Citrate 400mg/5ml (FAC),http://fhir.hie.moh.gov.my/CodeSystem/drug-my-core,CodeSystemDrugMyCore
KPK00094,Fexofenadine HCL 180mg tablet,Fexofenadine HCL 180mg tablet,http://fhir.hie.moh.gov.my/CodeSystem/drug-my-core,CodeSystemDrugMyCore
L03AA02000P3001XX,Filgrastim 300mcg/ml Injection (30MU/ml) Prefilled-syringe,Filgrastim 300mcg/ml Inj (30MU/ml) PF-Sy,http://fhir.hie.moh.gov.my/CodeSystem/drug-my-core,CodeSystemDrugMyCore
L03AA02000P5001XX,Filgrastim 30MU/ml Injection (300mcg/ml) (Vial),Filgrastim 30MU/ml Injection (300mcg/ml),http://fhir.hie.moh.gov.my/CodeSystem/drug-my-core,CodeSystemDrugMyCore
KPK00019,Fluconazole 10mg/ml suspension,Fluconazole 10mg/ml suspension,http://fhir.hie.moh.gov.my/CodeSystem/drug-my-core,CodeSystemDrugMyCore
B01AX05520P5002XX,Fondaparinux 12.5mg/ml Injection,Fondaparinux 12.5mg/ml Injection,http://fhir.hie.moh.gov.my/CodeSystem/drug-my-core,CodeSystemDrugMyCore
B01AX05520P5001XX,Fondaparinux 2.5 mg/0.5ml Injection,Fondaparinux 2.5 mg/0.5ml Injection,http://fhir.hie.moh.gov.my/CodeSystem/drug-my-core,CodeSystemDrugMyCore
H01CC01000P2001XX,Ganirelix 0.25mg/0.5ml Inj,Ganirelix 0.25 mg/0.5 ml Inj,http://fhir.hie.moh.gov.my/CodeSystem/drug-my-core,CodeSystemDrugMyCore
KPK00021,Glyceryl Trinitrate 5mg Patch,Glyceryl Trinitrate 5mg Patch,http://fhir.hie.moh.gov.my/CodeSystem/drug-my-core,CodeSystemDrugMyCore
GLN0100026,Glycopyrrolate Syrup 0.1mg/mL,Glycopyrrolate Syrup 0.1mg/mL,http://fhir.hie.moh.gov.my/CodeSystem/drug-my-core,CodeSystemDrugMyCore
HA05BA5999C1001XX,Phyllanthus Niruri Extract 250mg Capsule,Phyllanthus Niruri Extract 250mg Cap,http://fhir.hie.moh.gov.my/CodeSystem/drug-my-core,CodeSystemDrugMyCore
HG03WA5001T1001XX,Cimicifuga Rhizome Extract 20mg Tablet,Cimicifuga Rhizome Extract 20mg Tablet,http://fhir.hie.moh.gov.my/CodeSystem/drug-my-core,CodeSystemDrugMyCore
GLN0100027,Hydrochlorothiazide 5mg/mL Suspension,Hydrochlorothiazide 5mg/mL Suspension,http://fhir.hie.moh.gov.my/CodeSystem/drug-my-core,CodeSystemDrugMyCore
KPK00104,Ibuprofen 20mg/ml suspension,Ibuprofen 20mg/ml suspension,http://fhir.hie.moh.gov.my/CodeSystem/drug-my-core,CodeSystemDrugMyCore
KPK00106,Iloprost Nebulising Solution 20mcg/2ml,Iloprost 20mcg/2ml Neb Soln,http://fhir.hie.moh.gov.my/CodeSystem/drug-my-core,CodeSystemDrugMyCore
R03AC18253C9902XX,Indacaterol Maleate 300mcg Inhalation Capsule,Indacaterol 300mcg Inhalation capsule,http://fhir.hie.moh.gov.my/CodeSystem/drug-my-core,CodeSystemDrugMyCore
R03AC18253C9901XX,Indacaterol maleate 150mcg Inhalation Capsule,Indacaterol 150mcg Inhalation capsule,http://fhir.hie.moh.gov.my/CodeSystem/drug-my-core,CodeSystemDrugMyCore
L03AB08000P4001XX,Interferon Beta 1b 250mcg (8MIU) Injection,Interferon Beta 1b 250mcg (8MIU) Inj,http://fhir.hie.moh.gov.my/CodeSystem/drug-my-core,CodeSystemDrugMyCore
J01XX08000L8001XX,Linezolid 20 mg/ml Suspension,Linezolid 20 mg/ml Suspension,http://fhir.hie.moh.gov.my/CodeSystem/drug-my-core,CodeSystemDrugMyCore
KPK00109,Liothyronine 25mcg tablet,Liothyronine 25mcg tablet,http://fhir.hie.moh.gov.my/CodeSystem/drug-my-core,CodeSystemDrugMyCore
KPK00112,Lomustine 40mg cap,Lomustine 40mg capsule,http://fhir.hie.moh.gov.my/CodeSystem/drug-my-core,CodeSystemDrugMyCore
GLN0100033,Lorazepam 0.4mg/mL Syrup,Lorazepam 0.4mg/mL Syrup,http://fhir.hie.moh.gov.my/CodeSystem/drug-my-core,CodeSystemDrugMyCore
GLN0100006,Magnesium Sulphate Mixture (Mistura Alba) 2gm/5ml,"Magnesium Sulphate Mixture, 2gm/5ml",http://fhir.hie.moh.gov.my/CodeSystem/drug-my-core,CodeSystemDrugMyCore
KPK00114,Megestrol 160mg Tablet,Megestrol 160mg Tablet,http://fhir.hie.moh.gov.my/CodeSystem/drug-my-core,CodeSystemDrugMyCore
KPK00115,Melatonin 3mg Tablet/Capsule,Melatonin 3mg Tablet/Capsule,http://fhir.hie.moh.gov.my/CodeSystem/drug-my-core,CodeSystemDrugMyCore
KPK00164,Quinacrine (Mepacrine) 100mg capsule,Quinacrine (Mepacrine) 100mg capsule,http://fhir.hie.moh.gov.my/CodeSystem/drug-my-core,CodeSystemDrugMyCore
KPK00121,Mitotane 500mg Tablet,Mitotane 500mg Tablet,http://fhir.hie.moh.gov.my/CodeSystem/drug-my-core,CodeSystemDrugMyCore
KPK00123,Moxonidine 0.4mg Tablet,Moxonidine 0.4mg Tablet,http://fhir.hie.moh.gov.my/CodeSystem/drug-my-core,CodeSystemDrugMyCore
KPK00122,Moxonidine 0.2mg Tablet,Moxonidine 0.2mg Tablet,http://fhir.hie.moh.gov.my/CodeSystem/drug-my-core,CodeSystemDrugMyCore
KPK00132,Norfloxacin 400mg tablet,Norfloxacin 400mg tablet,http://fhir.hie.moh.gov.my/CodeSystem/drug-my-core,CodeSystemDrugMyCore
KPK00137,Orlistat 120mg Capsule,Orlistat 120mg Capsule,http://fhir.hie.moh.gov.my/CodeSystem/drug-my-core,CodeSystemDrugMyCore
KPK00147,Paricalcitrol 2mcg Capsule,Paricalcitrol 2mcg Capsule,http://fhir.hie.moh.gov.my/CodeSystem/drug-my-core,CodeSystemDrugMyCore
KPK00146,Paricalcitrol 1mcg Capsule,Paricalcitrol 1mcg Capsule,http://fhir.hie.moh.gov.my/CodeSystem/drug-my-core,CodeSystemDrugMyCore
KPK00151,Pentosan Polysulfate Sodium 100mg Capsule,Pentosan Polysulfate Sodium 100mg Capsue,http://fhir.hie.moh.gov.my/CodeSystem/drug-my-core,CodeSystemDrugMyCore
KPK00153,Phentermine 15mg ER Tablet,Phentermine 15mg ER Tablet,http://fhir.hie.moh.gov.my/CodeSystem/drug-my-core,CodeSystemDrugMyCore
KPK00154,Phentermine 30mg Tablet,Phentermine 30mg Tablet,http://fhir.hie.moh.gov.my/CodeSystem/drug-my-core,CodeSystemDrugMyCore
KPK00159,Posaconazole 40mg/ml Oral Suspension,Posaconazole 40mg/ml Suspension,http://fhir.hie.moh.gov.my/CodeSystem/drug-my-core,CodeSystemDrugMyCore
GLN0100009,Potassium Chloride 1gm/10ml Mixture,Potassium Chloride 1gm/10ml Mixture,http://fhir.hie.moh.gov.my/CodeSystem/drug-my-core,CodeSystemDrugMyCore
A12BA02955L9001XX,Polycitra Syrup,Polycitra Syrup,http://fhir.hie.moh.gov.my/CodeSystem/drug-my-core,CodeSystemDrugMyCore
GLN0200041,Potassium Permanganate 0.1% Solution,Potassium Permanganate 0.1% Soln,http://fhir.hie.moh.gov.my/CodeSystem/drug-my-core,CodeSystemDrugMyCore
GLN0200014,Potassium Permanganate 5% Solution,Potassium Permanganate 5% Soln,http://fhir.hie.moh.gov.my/CodeSystem/drug-my-core,CodeSystemDrugMyCore
B01AC22110T1002XX,Prasugrel 10mg Tablet,Prasugrel 10mg Tablet,http://fhir.hie.moh.gov.my/CodeSystem/drug-my-core,CodeSystemDrugMyCore
KPK00162,Pyrimethamine 25mg Tablet,Pyrimethamine 25mg Tablet,http://fhir.hie.moh.gov.my/CodeSystem/drug-my-core,CodeSystemDrugMyCore
J05AX08500T1001XX,Raltegravir 400mg tablet,Raltegravir 400mg tablet,http://fhir.hie.moh.gov.my/CodeSystem/drug-my-core,CodeSystemDrugMyCore
KPK00167,Rebamipide 100mg film-coated tablet,Rebamipide 100mg film-coated tablet,http://fhir.hie.moh.gov.my/CodeSystem/drug-my-core,CodeSystemDrugMyCore
KPK00168,Riluzole 50mg Tablet,Riluzole 50mg Tablet,http://fhir.hie.moh.gov.my/CodeSystem/drug-my-core,CodeSystemDrugMyCore
N04BC09000M7004XX,Rotigotine 8 mg/24hour Transdermal Patch,Rotigotine 8 mg/24hour Transdermal Patch,http://fhir.hie.moh.gov.my/CodeSystem/drug-my-core,CodeSystemDrugMyCore
N04BC09000M7003XX,Rotigotine 6 mg/24hour Transdermal Patch,Rotigotine 6 mg/24hour Transdermal Patch,http://fhir.hie.moh.gov.my/CodeSystem/drug-my-core,CodeSystemDrugMyCore
N04BC09000M7001XX,Rotigotine 2 mg/24hour Transdermal Patch,Rotigotine 2 mg/24hour Transdermal Patch,http://fhir.hie.moh.gov.my/CodeSystem/drug-my-core,CodeSystemDrugMyCore
N04BC09000M7002XX,Rotigotine 4 mg/24hour Transdermal Patch,Rotigotine 4 mg/24hour Transdermal Patch,http://fhir.hie.moh.gov.my/CodeSystem/drug-my-core,CodeSystemDrugMyCore
KPK00171,Rufinamide 200mg tablet,Rufinamide 200mg tablet,http://fhir.hie.moh.gov.my/CodeSystem/drug-my-core,CodeSystemDrugMyCore
KPK00172,Ruxolitinib 5mg tablet,Ruxolitinib 5mg tablet,http://fhir.hie.moh.gov.my/CodeSystem/drug-my-core,CodeSystemDrugMyCore
KPK00174,Sapropterin dihydrochloride 100mg tablet,Sapropterin dihydrochloride 100mg tablet,http://fhir.hie.moh.gov.my/CodeSystem/drug-my-core,CodeSystemDrugMyCore
KPK00175,Sevelamer 800mg Tablet,Sevelamer 800mg Tablet,http://fhir.hie.moh.gov.my/CodeSystem/drug-my-core,CodeSystemDrugMyCore
KPK00179,Sildenafil 50mg Tablet,Sildenafil 50mg Tablet,http://fhir.hie.moh.gov.my/CodeSystem/drug-my-core,CodeSystemDrugMyCore
G04BE03136T1004XX,Sildenafil Citrate 20mg Tablet,Sildenafil Citrate 20mg Tablet,http://fhir.hie.moh.gov.my/CodeSystem/drug-my-core,CodeSystemDrugMyCore
KPK00176,Sildenafil 100mg Tablet,Sildenafil 100mg Tablet,http://fhir.hie.moh.gov.my/CodeSystem/drug-my-core,CodeSystemDrugMyCore
KPK00178,Sildenafil 25mg Tablet,Sildenafil 25mg Tablet,http://fhir.hie.moh.gov.my/CodeSystem/drug-my-core,CodeSystemDrugMyCore
GLN0100046,Sildenafil 2.5mg/mL Suspension,Sildenafil 2.5mg/mL Suspension,http://fhir.hie.moh.gov.my/CodeSystem/drug-my-core,CodeSystemDrugMyCore
N05BA01000G2001XX,Diazepam 5 mg Rectal Solution,Diazepam 5 mg Rectal Solution,http://fhir.hie.moh.gov.my/CodeSystem/drug-my-core,CodeSystemDrugMyCore
P01AB01000L8001XX,Metronidazole 200 mg/5 ml Suspension,Metronidazole 200 mg/5 ml Suspension,http://fhir.hie.moh.gov.my/CodeSystem/drug-my-core,CodeSystemDrugMyCore
N03AF01000L9001XX,Carbamazepine 100 mg/5 ml (2% w/v) Syrup,Carbamazepine 100mg/5ml (2% w/v) Syrup,http://fhir.hie.moh.gov.my/CodeSystem/drug-my-core,CodeSystemDrugMyCore
R06AB04253T1001XX,Chlorpheniramine Maleate 4mg Tablet,Chlorpheniramine 4mg Tab,http://fhir.hie.moh.gov.my/CodeSystem/drug-my-core,CodeSystemDrugMyCore
R03BA08000A2101XX,Ciclesonide 160mcg Inhalation,Ciclesonide 160mcg Inhalation,http://fhir.hie.moh.gov.my/CodeSystem/drug-my-core,CodeSystemDrugMyCore
N07CA02000T1001XX,Cinnarizine 25 mg Tablet,Cinnarizine 25 mg Tab,http://fhir.hie.moh.gov.my/CodeSystem/drug-my-core,CodeSystemDrugMyCore
GLN0200006,Cetrimide 2% Lotion,Cetrimide 2% Lotion,http://fhir.hie.moh.gov.my/CodeSystem/drug-my-core,CodeSystemDrugMyCore
J01BA01126L8001XX,Chloramphenicol 125 mg/5 ml Suspension,Chloramphenicol 125 mg/5 ml Suspension,http://fhir.hie.moh.gov.my/CodeSystem/drug-my-core,CodeSystemDrugMyCore
G03GA01000P5001XX,Choriogonadotropin Alfa 250mcg/0.5ml Inj,Choriogonadotropin Alfa 250mcg/0.5ml Inj,http://fhir.hie.moh.gov.my/CodeSystem/drug-my-core,CodeSystemDrugMyCore
L04AD01000L5002XX,Ciclosporin 100 mg/ml Drink Solution,Ciclosporin 100 mg/ml Drink Solution,http://fhir.hie.moh.gov.my/CodeSystem/drug-my-core,CodeSystemDrugMyCore
KPK00071,Cholecalciferol 5000iu Tablet/Capsule,Cholecalciferol 5000iu Tab/Cap,http://fhir.hie.moh.gov.my/CodeSystem/drug-my-core,CodeSystemDrugMyCore
N07BA01000M9901XX,Nicotine 2 mg Gum,Nicotine 2 mg Gum,http://fhir.hie.moh.gov.my/CodeSystem/drug-my-core,CodeSystemDrugMyCore
KPK00131,Nitisinone 5mg Capsule,Nitisinone 5mg Capsule,http://fhir.hie.moh.gov.my/CodeSystem/drug-my-core,CodeSystemDrugMyCore
KPK00133,Nortriptyline 10mg Tablet,Nortriptyline 10mg Tablet,http://fhir.hie.moh.gov.my/CodeSystem/drug-my-core,CodeSystemDrugMyCore
KPK00134,Nortriptyline 25mg Tablet,Nortriptyline 25mg Tablet,http://fhir.hie.moh.gov.my/CodeSystem/drug-my-core,CodeSystemDrugMyCore
H01CB02122P3002XX,Octreotide 0.05 mg/ml Injection,Octreotide 0.05 mg/ml Injection,http://fhir.hie.moh.gov.my/CodeSystem/drug-my-core,CodeSystemDrugMyCore
H01CB02122P3001XX,Octreotide 0.1 mg/ml Injection,Octreotide 0.1 mg/ml Injection,http://fhir.hie.moh.gov.my/CodeSystem/drug-my-core,CodeSystemDrugMyCore
KPK00139,Oxcarbazepine 300mg Tablet,Oxcarbazepine 300mg Tablet,http://fhir.hie.moh.gov.my/CodeSystem/drug-my-core,CodeSystemDrugMyCore
H02AB01000T1001XX,Betamethasone 0.5mg Tablet,Betamethasone 0.5mg tab,http://fhir.hie.moh.gov.my/CodeSystem/drug-my-core,CodeSystemDrugMyCore
J04BA01000C1001XX,Clofazimine 50mg Capsule,Clofazimine 50mg Cap,http://fhir.hie.moh.gov.my/CodeSystem/drug-my-core,CodeSystemDrugMyCore
C09CA07000T1002XX,Telmisartan 80 mg Tablet,Telmisartan 80 mg Tab,http://fhir.hie.moh.gov.my/CodeSystem/drug-my-core,CodeSystemDrugMyCore
B01AC00000T1002XX,Cilostazol 100mg Tablet,Cilostazol 100mg Tablet,http://fhir.hie.moh.gov.my/CodeSystem/drug-my-core,CodeSystemDrugMyCore
N05BB01110T1001XX,Hydroxyzine HCl 25 mg Tablet,Hydroxyzine HCl 25mg Tab,http://fhir.hie.moh.gov.my/CodeSystem/drug-my-core,CodeSystemDrugMyCore
B01AD04000P4001XX,"Urokinase 6,000 IU Injection","Urokinase 6,000 IU Injection",http://fhir.hie.moh.gov.my/CodeSystem/drug-my-core,CodeSystemDrugMyCore
B01AD01000P4001XX,"Streptokinase 1,500,000 IU Injection","Streptokinase 1,500,000 IU Injection",http://fhir.hie.moh.gov.my/CodeSystem/drug-my-core,CodeSystemDrugMyCore
L01DB01110P3003XX,Doxorubicin (Pegylated Liposomal)20mg/10ml Injection,Doxorubicin (Liposomal)20mg/10ml Inj,http://fhir.hie.moh.gov.my/CodeSystem/drug-my-core,CodeSystemDrugMyCore
N06BX03000T1001XX,Piracetam 1.2 g Tablet,Piracetam 1.2g Tab,http://fhir.hie.moh.gov.my/CodeSystem/drug-my-core,CodeSystemDrugMyCore
A03FA01110L9001XX,Metoclopramide HCl 5 mg/5 ml Syrup,Metoclopramide HCl 5 mg/5 ml Syrup,http://fhir.hie.moh.gov.my/CodeSystem/drug-my-core,CodeSystemDrugMyCore
M09AX00000T1001XX,Mecobalamin 500 mcg Tablet,Mecobalamin 500mcg Tab,http://fhir.hie.moh.gov.my/CodeSystem/drug-my-core,CodeSystemDrugMyCore
KPK00044,Aminosalicylic Acid 4g Granule,Aminosalicylic Acid 4g Granule,http://fhir.hie.moh.gov.my/CodeSystem/drug-my-core,CodeSystemDrugMyCore
L02BG03000T1001XX,Anastrozole 1 mg Tablet,Anastrozole 1mg Tab,http://fhir.hie.moh.gov.my/CodeSystem/drug-my-core,CodeSystemDrugMyCore
GLN0200004,Benzyl Benzoate 6.25% Emulsion,Benzyl Benzoate 6.25% Emulsion,http://fhir.hie.moh.gov.my/CodeSystem/drug-my-core,CodeSystemDrugMyCore
A06AB02000S2002XX,Bisacodyl 10 mg Suppository,Bisacodyl 10 mg Suppository,http://fhir.hie.moh.gov.my/CodeSystem/drug-my-core,CodeSystemDrugMyCore
A06AB02000S2001XX,Bisacodyl 5 mg Suppository,Bisacodyl 5 mg Suppository,http://fhir.hie.moh.gov.my/CodeSystem/drug-my-core,CodeSystemDrugMyCore
GLN0200007,Sulphur 2% in Calamine Lotion,Sulphur 2% in Calamine Lotion,http://fhir.hie.moh.gov.my/CodeSystem/drug-my-core,CodeSystemDrugMyCore
GLN0200009,Sulphur 6% in Calamine Lotion,Sulphur 6% in Calamine Lotion,http://fhir.hie.moh.gov.my/CodeSystem/drug-my-core,CodeSystemDrugMyCore
GLN0200008,Sulphur 4% in Calamine Lotion,Sulphur 4% in Calamine Lotion,http://fhir.hie.moh.gov.my/CodeSystem/drug-my-core,CodeSystemDrugMyCore
GLN0200038,Sulphur 5% in Calamine Lotion,Sulphur 5% in Calamine Lotion,http://fhir.hie.moh.gov.my/CodeSystem/drug-my-core,CodeSystemDrugMyCore
A12AA04121T1001XX,Calcium Carbonate 500mg Tablet,Calcium Carbonate 500mg Tab,http://fhir.hie.moh.gov.my/CodeSystem/drug-my-core,CodeSystemDrugMyCore
L01AB01000T1001XX,Busulphan 2mg Tablet,Busulphan 2mg Tab,http://fhir.hie.moh.gov.my/CodeSystem/drug-my-core,CodeSystemDrugMyCore
J01DC04010T5001XX,Cefaclor 375mg MODIFIED RELEASE Tablet,Cefaclor 375mg MR Tab,http://fhir.hie.moh.gov.my/CodeSystem/drug-my-core,CodeSystemDrugMyCore
J01DC04000F2101XX,Cefaclor 125 mg/5 ml Suspension,Cefaclor 125 mg/5 ml Suspension,http://fhir.hie.moh.gov.my/CodeSystem/drug-my-core,CodeSystemDrugMyCore
J01DB01010T1001XX,Cephalexin Monohydrate 250mg Tablet,Cephalexin Monohydrate 250mg Tab,http://fhir.hie.moh.gov.my/CodeSystem/drug-my-core,CodeSystemDrugMyCore
J01DB01010F2101XX,Cephalexin Monohydrate 125 mg/5 ml Syrup,Cephalexin Monohydrate 125 mg/5 ml Syrup,http://fhir.hie.moh.gov.my/CodeSystem/drug-my-core,CodeSystemDrugMyCore
J01DB01010T1002XX,Cephalexin Monohydrate 500mg Tablet,Cephalexin monohydrate 500mg Tab,http://fhir.hie.moh.gov.my/CodeSystem/drug-my-core,CodeSystemDrugMyCore
J01DC02233T1002XX,Cefuroxime Axetil 250mg Tablet,Cefuroxime Axetil 250mg Tab,http://fhir.hie.moh.gov.my/CodeSystem/drug-my-core,CodeSystemDrugMyCore
J01CA01520P4001XX,Ampicillin 500mg Injection,Ampicillin 500mg Inj,http://fhir.hie.moh.gov.my/CodeSystem/drug-my-core,CodeSystemDrugMyCore
J01DC02233T1001XX,Cefuroxime Axetil 125mg Tablet,Cefuroxime Axetil 125mg Tab,http://fhir.hie.moh.gov.my/CodeSystem/drug-my-core,CodeSystemDrugMyCore
J01DC02233F2101XX,Cefuroxime Axetil 125 mg/5 ml Suspension,Cefuroxime Axetil 125 mg/5 ml Suspension,http://fhir.hie.moh.gov.my/CodeSystem/drug-my-core,CodeSystemDrugMyCore
J01FA09000T1001XX,Clarithromycin 250 mg Tablet,Clarithromycin 250 mg Tab,http://fhir.hie.moh.gov.my/CodeSystem/drug-my-core,CodeSystemDrugMyCore
J01FA09000F1001XX,Clarithromycin 125mg/5ml Granules for Oral Suspension,Clarithromycin 125mg/5ml Granules,http://fhir.hie.moh.gov.my/CodeSystem/drug-my-core,CodeSystemDrugMyCore
G01AF02000S1003XX,Clotrimazole 500 mg Vaginal Tablet,Clotrimazole 500 mg Vaginal Tablet,http://fhir.hie.moh.gov.my/CodeSystem/drug-my-core,CodeSystemDrugMyCore
G01AF02000S1002XX,Clotrimazole 200 mg Vaginal Tablet,Clotrimazole 200 mg Vaginal Tablet,http://fhir.hie.moh.gov.my/CodeSystem/drug-my-core,CodeSystemDrugMyCore
KPK00212,Clotrimazole 100 mg Vaginal Tablet,Clotrimazole 100 mg Vaginal Tablet,http://fhir.hie.moh.gov.my/CodeSystem/drug-my-core,CodeSystemDrugMyCore
B03BA01000T1002XX,Cyanocobalamin 50 mcg Tablet,Cyanocobalamin 50 mcg Tab,http://fhir.hie.moh.gov.my/CodeSystem/drug-my-core,CodeSystemDrugMyCore
R06AX27000T1001XX,Desloratadine 5 mg Tablet,Desloratadine 5mg Tab,http://fhir.hie.moh.gov.my/CodeSystem/drug-my-core,CodeSystemDrugMyCore
H01BA02122A4101XX,Desmopressin 100 mcg/ml Nasal Spray,Desmopressin 100 mcg/ml Nasal Spray,http://fhir.hie.moh.gov.my/CodeSystem/drug-my-core,CodeSystemDrugMyCore
G03AC09000T1001XX,Desogestrel 0.075 mg Tablet,Desogestrel 0.075 mg Tablet,http://fhir.hie.moh.gov.my/CodeSystem/drug-my-core,CodeSystemDrugMyCore
N06AX23999T5002XX,Desvenlafaxine 50 mg EXTENDED RELEASE Tablet,Desvenlafaxine 50 mg ER Tablet,http://fhir.hie.moh.gov.my/CodeSystem/drug-my-core,CodeSystemDrugMyCore
M01AB05520S2001XX,Diclofenac Sodium 12.5 mg Suppository,Diclofenac Sodium 12.5 mg Suppository,http://fhir.hie.moh.gov.my/CodeSystem/drug-my-core,CodeSystemDrugMyCore
M01AB05520S2003XX,Diclofenac Sodium 50 mg Suppository,Diclofenac Sodium 50 mg Suppository,http://fhir.hie.moh.gov.my/CodeSystem/drug-my-core,CodeSystemDrugMyCore
M01AB05520S2002XX,Diclofenac Sodium 25 mg Suppository,Diclofenac Sodium 25 mg Suppository,http://fhir.hie.moh.gov.my/CodeSystem/drug-my-core,CodeSystemDrugMyCore
KPK00082,Diclofenac Sodium 100mg Suppository,Diclofenac Sodium 100mg Suppository,http://fhir.hie.moh.gov.my/CodeSystem/drug-my-core,CodeSystemDrugMyCore
N05AH02000T1002XX,Clozapine 100 mg Tablet,Clozapine 100 mg Tab,http://fhir.hie.moh.gov.my/CodeSystem/drug-my-core,CodeSystemDrugMyCore
M04AC01000T1001XX,Colchicine 0.5 mg Tablet,Colchicine 0.5 mg Tab,http://fhir.hie.moh.gov.my/CodeSystem/drug-my-core,CodeSystemDrugMyCore
A02BX05136T1001XX,Colloidal Bismuth Subcitrate 120 mg Tablet,Colloidal Bismuth Subcitrate 120mg Tab,http://fhir.hie.moh.gov.my/CodeSystem/drug-my-core,CodeSystemDrugMyCore
J01GB07183P3001XX,Netilmicin Sulphate 50mg/2ml Inj,Netilmicin Sulphate 50mg/2ml Inj,http://fhir.hie.moh.gov.my/CodeSystem/drug-my-core,CodeSystemDrugMyCore
G03CA57000T1003XX,Conjugated Oestrogens 0.3 mg Tablet,Conj. Oestrogens 0.3mg Tab,http://fhir.hie.moh.gov.my/CodeSystem/drug-my-core,CodeSystemDrugMyCore
G03CA57000T1001XX,Conjugated Oestrogens 0.625mg Tablet,Conjugated Oestrogens 0.625mg Tab,http://fhir.hie.moh.gov.my/CodeSystem/drug-my-core,CodeSystemDrugMyCore
H02AB10122T1002XX,Cortisone Acetate 5 mg Tablet,Cortisone Acetate 5 mg Tab,http://fhir.hie.moh.gov.my/CodeSystem/drug-my-core,CodeSystemDrugMyCore
L01AA01000T1001XX,Cyclophosphamide 50 mg Tablet,Cyclophosphamide 50 mg Tab,http://fhir.hie.moh.gov.my/CodeSystem/drug-my-core,CodeSystemDrugMyCore
J04AB01000C1001XX,Cycloserine 250 mg Capsule,Cycloserine 250mg Cap,http://fhir.hie.moh.gov.my/CodeSystem/drug-my-core,CodeSystemDrugMyCore
KPK00075,Cycloserine 100mg Capsule,Cycloserine 100mg Capsule,http://fhir.hie.moh.gov.my/CodeSystem/drug-my-core,CodeSystemDrugMyCore
G03HA01122T1001XX,Cyproterone Acetate 50 mg Tablet,Cyproterone Acetate 50 mg Tab,http://fhir.hie.moh.gov.my/CodeSystem/drug-my-core,CodeSystemDrugMyCore
B01AE07999C1003XX,Dabigatran Etexilate150 mg Capsule,Dabigatran Etexilate150mg Cap,http://fhir.hie.moh.gov.my/CodeSystem/drug-my-core,CodeSystemDrugMyCore
B01AE07999C1001XX,Dabigatran Etexilate 75 mg Capsule,Dabigatran Etexilate 75mg Cap,http://fhir.hie.moh.gov.my/CodeSystem/drug-my-core,CodeSystemDrugMyCore
P03A000000G1001XX,Crotamiton 10 % Cream,Crotamiton 10 % Cream,http://fhir.hie.moh.gov.my/CodeSystem/drug-my-core,CodeSystemDrugMyCore
B01AE07999C1002XX,Dabigatran Etexilate 110 mg Capsule,Dabigatran Etexilate 110mg Cap,http://fhir.hie.moh.gov.my/CodeSystem/drug-my-core,CodeSystemDrugMyCore
G03XA01000C1001XX,Danazol 100 mg Capsule,Danazol 100mg Cap,http://fhir.hie.moh.gov.my/CodeSystem/drug-my-core,CodeSystemDrugMyCore
G03XA01000C1002XX,Danazol 200 mg Capsule,Danazol 200mg Cap,http://fhir.hie.moh.gov.my/CodeSystem/drug-my-core,CodeSystemDrugMyCore
J04BA02000T1001XX,Dapsone 100 mg Tablet,Dapsone 100 mg Tab,http://fhir.hie.moh.gov.my/CodeSystem/drug-my-core,CodeSystemDrugMyCore
V03AC03000T4001XX,Deferasirox 125 mg Dispersible Tablet,Deferasirox 125mg Disp. Tab,http://fhir.hie.moh.gov.my/CodeSystem/drug-my-core,CodeSystemDrugMyCore
V03AC03000T4002XX,Deferasirox 500 mg Dispersible Tablet,Deferasirox 500mg Disp. Tab,http://fhir.hie.moh.gov.my/CodeSystem/drug-my-core,CodeSystemDrugMyCore
V03AC02000T1001XX,Deferiprone 500 mg Tablet,Deferiprone 500mg Tab,http://fhir.hie.moh.gov.my/CodeSystem/drug-my-core,CodeSystemDrugMyCore
H01BA02122T1001XX,Desmopressin 0.1 mg Tablet,Desmopressin 0.1 mgTab,http://fhir.hie.moh.gov.my/CodeSystem/drug-my-core,CodeSystemDrugMyCore
H01BA02122T1002XX,Desmopressin 0.2 mg Tablet,Desmopressin 0.2 mg Tab,http://fhir.hie.moh.gov.my/CodeSystem/drug-my-core,CodeSystemDrugMyCore
H02AB02000T1001XX,Dexamethasone 0.5 mg Tablet,Dexamethasone 0.5 mg Tab,http://fhir.hie.moh.gov.my/CodeSystem/drug-my-core,CodeSystemDrugMyCore
R06AB02253T1001XX,Dexchlorpheniramine Maleate 2 mg Tablet,Dexchlorpheniramine 2mg Tab,http://fhir.hie.moh.gov.my/CodeSystem/drug-my-core,CodeSystemDrugMyCore
N05BA01000T1002XX,Diazepam 5 mg Tablet,Diazepam 5mg Tab,http://fhir.hie.moh.gov.my/CodeSystem/drug-my-core,CodeSystemDrugMyCore
N05BA01000T1001XX,Diazepam 2 mg Tablet,Diazepam 2mg Tab,http://fhir.hie.moh.gov.my/CodeSystem/drug-my-core,CodeSystemDrugMyCore
M01AB05520T1001XX,Diclofenac Sodium 50 mg Tablet,Diclofenac Sodium 50mg Tab,http://fhir.hie.moh.gov.my/CodeSystem/drug-my-core,CodeSystemDrugMyCore
J05AF02000C1002XX,Didanosine 400 mg Enteric Coated Capsule,Didanosine 400mg Enteric Coated Cap,http://fhir.hie.moh.gov.my/CodeSystem/drug-my-core,CodeSystemDrugMyCore
J05AF02000C1001XX,Didanosine 250 mg Enteric Coated Capsule,Didanosine 250mg Enteric Coated Cap,http://fhir.hie.moh.gov.my/CodeSystem/drug-my-core,CodeSystemDrugMyCore
J05AF02000T1002XX,Didanosine 100 mg Tablet (ddI),Didanosine 100mg Tab (ddI),http://fhir.hie.moh.gov.my/CodeSystem/drug-my-core,CodeSystemDrugMyCore
J05AF02000T1001XX,Didanosine 25 mg Tablet (ddI),Didanosine 25mg Tab (ddI),http://fhir.hie.moh.gov.my/CodeSystem/drug-my-core,CodeSystemDrugMyCore
A02BA02110T1002XX,Ranitidine 300 mg Tablet,Ranitidine 300mg Tab,http://fhir.hie.moh.gov.my/CodeSystem/drug-my-core,CodeSystemDrugMyCore
A02BA02110T1001XX,Ranitidine 150 mg Tablet,Ranitidine 150mg Tab,http://fhir.hie.moh.gov.my/CodeSystem/drug-my-core,CodeSystemDrugMyCore
A02BA02110L9001XX,Ranitidine 150 mg/10 ml Syrup,Ranitidine 150 mg/10 ml Syrup,http://fhir.hie.moh.gov.my/CodeSystem/drug-my-core,CodeSystemDrugMyCore
A11HA04000T1001XX,Riboflavine 3 mg Tablet,Riboflavine 3mg Tab,http://fhir.hie.moh.gov.my/CodeSystem/drug-my-core,CodeSystemDrugMyCore
J05AE03000L9901XX,Ritonavir 80 mg/ml Solution,Ritonavir 80 mg/ml Solution,http://fhir.hie.moh.gov.my/CodeSystem/drug-my-core,CodeSystemDrugMyCore
N06DA03123M7002XX,Rivastigmine 9.5 mg/24hr Transdermal Patch,Rivastigmine 9.5 mg Transdermal Patch,http://fhir.hie.moh.gov.my/CodeSystem/drug-my-core,CodeSystemDrugMyCore
N06DA03123M7001XX,Rivastigmine 4.6mg/24hr Transdermal Patch,Rivastigmine 4.6mg Transdermal Patch,http://fhir.hie.moh.gov.my/CodeSystem/drug-my-core,CodeSystemDrugMyCore
GLN0200010,Tinea Lotion,Tinea Lotion,http://fhir.hie.moh.gov.my/CodeSystem/drug-my-core,CodeSystemDrugMyCore
A02AH00131L2102XX,Sodium Bicarbonate 1g/15 ml Mixture,Sodium Bicarbonate 1g/15 ml Mixture,http://fhir.hie.moh.gov.my/CodeSystem/drug-my-core,CodeSystemDrugMyCore
A02AH00131L2101XX,Sodium Bicarbonate (Carminative Infant) Mixture 10mg/ml,Sodium Bicarbonate 10mg/ml Mixture,http://fhir.hie.moh.gov.my/CodeSystem/drug-my-core,CodeSystemDrugMyCore
GLN0100055,Sodium Chloride 1g/5ml Oral Solution (3.42mmol/ml),Sodium Chloride 1g/5ml Oral Solution,http://fhir.hie.moh.gov.my/CodeSystem/drug-my-core,CodeSystemDrugMyCore
J01EE01961L8001XX,Sulphamethoxazole 200 mg & Trimethoprim 40 mg/5ml Susp (dose in TMP only),Sulp 200mg+TMP 40mg/5ml (dose TMP only),http://fhir.hie.moh.gov.my/CodeSystem/drug-my-core,CodeSystemDrugMyCore
KPK00031,Sunitinib 50mg Capsule,Sunitinib 50mg Capsule,http://fhir.hie.moh.gov.my/CodeSystem/drug-my-core,CodeSystemDrugMyCore
A11DA01221T1002XX,Thiamine Mononitrate 10 mg Tablet,Thiamine Mononitrate 10mg Tab,http://fhir.hie.moh.gov.my/CodeSystem/drug-my-core,CodeSystemDrugMyCore
A11DA01221T1001XX,Thiamine Mononitrate 3 mg Tablet,Thiamine Mononitrate 3mg Tab,http://fhir.hie.moh.gov.my/CodeSystem/drug-my-core,CodeSystemDrugMyCore
G01AF08000S1001XX,Tioconazole 100 mg Vaginal Tablet,Tioconazole 100 mg Vaginal Tablet,http://fhir.hie.moh.gov.my/CodeSystem/drug-my-core,CodeSystemDrugMyCore
N02AX02110D5001XX,Tramadol HCl 100 mg/ml Drops,Tramadol HCl 100 mg/ml Drops,http://fhir.hie.moh.gov.my/CodeSystem/drug-my-core,CodeSystemDrugMyCore
A11CA01000C1001XX,"Vitamin A 50,000 IU Capsule","Vitamin A 50,000IU Cap",http://fhir.hie.moh.gov.my/CodeSystem/drug-my-core,CodeSystemDrugMyCore
A11CB00901L5002XX,"Vitamin A+D Concentrate 25,000 units/0.6ml Liquid","Vit A  D Conc 25,000 units/0.6ml Liq",http://fhir.hie.moh.gov.my/CodeSystem/drug-my-core,CodeSystemDrugMyCore
J05AF01000L9001XX,Zidovudine 10 mg/ml Syrup,Zidovudine 10 mg/ml Syrup,http://fhir.hie.moh.gov.my/CodeSystem/drug-my-core,CodeSystemDrugMyCore
D02AB00000G1001XX,Zinc Oxide Cream BP (32% w/w),Zinc Oxide Cream BP (32% w/w),http://fhir.hie.moh.gov.my/CodeSystem/drug-my-core,CodeSystemDrugMyCore
N05CC01010L2101XX,Chloral Hydrate 200 mg/5 ml Mixture (40mg/ml),Chloral Hydrate 200mg/5ml Oral Mixture,http://fhir.hie.moh.gov.my/CodeSystem/drug-my-core,CodeSystemDrugMyCore
D01BA02110T1001XX,Terbinafine HCl 250 mg Tablet,Terbinafine HCl 250mg Tab,http://fhir.hie.moh.gov.my/CodeSystem/drug-my-core,CodeSystemDrugMyCore
M05BX03000F1001XX,Strontium Ranelate 2 g Granules,Strontium Ranelate 2 g Granules,http://fhir.hie.moh.gov.my/CodeSystem/drug-my-core,CodeSystemDrugMyCore
M03BC01110T1001XX,Orphenadrine 100 mg Tablet,Orphenadrine 100mg Tab,http://fhir.hie.moh.gov.my/CodeSystem/drug-my-core,CodeSystemDrugMyCore
GLN0100048,Topiramate 6mg/mL Suspension,Topiramate 6mg/mL Suspension,http://fhir.hie.moh.gov.my/CodeSystem/drug-my-core,CodeSystemDrugMyCore
J01CA04012C1002XX,Amoxicillin 500mg Capsule,Amoxicillin 500mg Capsule,http://fhir.hie.moh.gov.my/CodeSystem/drug-my-core,CodeSystemDrugMyCore
L01AX03000C1001XX,Temozolomide 20 mg Capsule,Temozolomide 20mg Cap,http://fhir.hie.moh.gov.my/CodeSystem/drug-my-core,CodeSystemDrugMyCore
N05AX13000T5004XX,Paliperidone 9 mg EXTENDED RELEASE Tablet,Paliperidone 9mg ER Tab,http://fhir.hie.moh.gov.my/CodeSystem/drug-my-core,CodeSystemDrugMyCore
N05AX13000T5001XX,Paliperidone 3 mg EXTENDED RELEASE Tablet,Paliperidone 3mg ER Tab,http://fhir.hie.moh.gov.my/CodeSystem/drug-my-core,CodeSystemDrugMyCore
N05AX13000T5002XX,Paliperidone 6 mg EXTENDED RELEASE Tablet,Paliperidone 6mg ER Tab,http://fhir.hie.moh.gov.my/CodeSystem/drug-my-core,CodeSystemDrugMyCore
R01AD05000A4102XX,Budesonide 100mcg Nasal Spray,Budesonide 100mcg Nasal Spray,http://fhir.hie.moh.gov.my/CodeSystem/drug-my-core,CodeSystemDrugMyCore
R01AD05000A4101XX,Budesonide 50mcg Nasal Spray,Budesonide 50mcg Nasal Spray,http://fhir.hie.moh.gov.my/CodeSystem/drug-my-core,CodeSystemDrugMyCore
R01AD05000A4103XX,Budesonide 64mcg Nasal Spray,Budesonide 64mcg Nasal Spray,http://fhir.hie.moh.gov.my/CodeSystem/drug-my-core,CodeSystemDrugMyCore
S01XA20000D2002XX,Hypromellose 0.3% Eye Drops (with preservative),Hypromellose 0.3% Eye Drops,http://fhir.hie.moh.gov.my/CodeSystem/drug-my-core,CodeSystemDrugMyCore
R03BA02000A3002XX,Budesonide 1 mg/2 ml Nebulising Solution (Respules),Budesonide 1 mg/2 ml Nebulising Solution,http://fhir.hie.moh.gov.my/CodeSystem/drug-my-core,CodeSystemDrugMyCore
R03BA02000A2101XX,Budesonide 100 mcg/dose Inhaler,Budesonide 100 mcg/dose Inhaler,http://fhir.hie.moh.gov.my/CodeSystem/drug-my-core,CodeSystemDrugMyCore
R03BA02000A2102XX,Budesonide 200 mcg/dose Inhaler,Budesonide 200 mcg/dose Inhaler,http://fhir.hie.moh.gov.my/CodeSystem/drug-my-core,CodeSystemDrugMyCore
A10BF01000T1001XX,Acarbose 50 mg Tablet,Acarbose 50mg Tab,http://fhir.hie.moh.gov.my/CodeSystem/drug-my-core,CodeSystemDrugMyCore
S01EC01000T1001XX,Acetazolamide 250 mg Tablet,Acetazolamide 250mg Tab,http://fhir.hie.moh.gov.my/CodeSystem/drug-my-core,CodeSystemDrugMyCore
GLN0100013,Acetazolamide 25mg/ml Oral Suspension,Acetazolamide 25mg/ml Oral Susp,http://fhir.hie.moh.gov.my/CodeSystem/drug-my-core,CodeSystemDrugMyCore
KPK00024,Lapatinib 250mg Tablet,Lapatinib 250mg Tablet,http://fhir.hie.moh.gov.my/CodeSystem/drug-my-core,CodeSystemDrugMyCore
GLN0100014,Allopurinol 20mg/ml Oral Suspension,Allopurinol 20mg/ml Oral Suspension,http://fhir.hie.moh.gov.my/CodeSystem/drug-my-core,CodeSystemDrugMyCore
GLN0100015,Amiodarone 5mg/ml Oral Suspension,Amiodarone 5mg/ml Oral Suspension,http://fhir.hie.moh.gov.my/CodeSystem/drug-my-core,CodeSystemDrugMyCore
GLN0100016,Atenolol 2mg/ml Oral Suspension,Atenolol 2mg/ml Oral Suspension,http://fhir.hie.moh.gov.my/CodeSystem/drug-my-core,CodeSystemDrugMyCore
KPK00055,Azathioprine 25mg Tablet,Azathioprine 25mg Tablet,http://fhir.hie.moh.gov.my/CodeSystem/drug-my-core,CodeSystemDrugMyCore
GLN0100017,Baclofen 5mg/mL Suspension,Baclofen 5mg/mL Suspension,http://fhir.hie.moh.gov.my/CodeSystem/drug-my-core,CodeSystemDrugMyCore
GLN0100018,Baclofen 10mg/mL Suspension,Baclofen 10mg/mL Suspension,http://fhir.hie.moh.gov.my/CodeSystem/drug-my-core,CodeSystemDrugMyCore
R03BA01133A2101XX,Beclomethasone Dipropionate 100 mcg/dose Inhalation,Beclomet Dipropionate 100 mcg/dose Inh,http://fhir.hie.moh.gov.my/CodeSystem/drug-my-core,CodeSystemDrugMyCore
R03BA01133A2102XX,Beclomethasone Dipropionate 200 mcg/dose Inhalation,Beclomet Dipropionate 200 mcg/dose Inh,http://fhir.hie.moh.gov.my/CodeSystem/drug-my-core,CodeSystemDrugMyCore
D04AX00000L8001XX,Calamine Lotion,Calamine Lotion,http://fhir.hie.moh.gov.my/CodeSystem/drug-my-core,CodeSystemDrugMyCore
L02BB03000T1001XX,Bicalutamide 50mg Tablet,Bicalutamide 50mg Tab,http://fhir.hie.moh.gov.my/CodeSystem/drug-my-core,CodeSystemDrugMyCore
C07AB07000T1001XX,Bisoprolol Fumarate 2.5 mg Tablet,Bisoprolol Fumarate 2.5mg Tab,http://fhir.hie.moh.gov.my/CodeSystem/drug-my-core,CodeSystemDrugMyCore
C07AB07000T1002XX,Bisoprolol Fumarate 5 mg Tablet,Bisoprolol Fumarate 5mg Tab,http://fhir.hie.moh.gov.my/CodeSystem/drug-my-core,CodeSystemDrugMyCore
C02KX01000T1001XX,Bosentan 125 mg tablet,Bosentan 125mg Tab,http://fhir.hie.moh.gov.my/CodeSystem/drug-my-core,CodeSystemDrugMyCore
KPK00211,Bromazepam 1.5mg Tablet,Bromazepam 1.5mg Tab,http://fhir.hie.moh.gov.my/CodeSystem/drug-my-core,CodeSystemDrugMyCore
N05BA08000T1002XX,Bromazepam 3 mg Tablet,Bromazepam 3mg Tab,http://fhir.hie.moh.gov.my/CodeSystem/drug-my-core,CodeSystemDrugMyCore
G02CB01196T1002XX,Bromocriptine Mesilate 5mg Tablet,Bromocriptine Mesilate 5mg Tab,http://fhir.hie.moh.gov.my/CodeSystem/drug-my-core,CodeSystemDrugMyCore
G02CB01196T1001XX,Bromocriptine Mesilate 2.5mg Tablet,Bromocriptine Mesilate 2.5mg Tab,http://fhir.hie.moh.gov.my/CodeSystem/drug-my-core,CodeSystemDrugMyCore
G02CB01196T1003XX,Bromocriptine Mesilate 10mg Tablet,Bromocriptine Mesilate 10mg Tab,http://fhir.hie.moh.gov.my/CodeSystem/drug-my-core,CodeSystemDrugMyCore
R03BA02000A3001XX,Budesonide 500 mcg/2 ml Nebulising Solution (Respule),Budesonide 500 mcg/2 ml Nebulising Sol,http://fhir.hie.moh.gov.my/CodeSystem/drug-my-core,CodeSystemDrugMyCore
C03CA02000T1001XX,Bumetanide 1mg Tablet,Bumetanide 1mg Tab,http://fhir.hie.moh.gov.my/CodeSystem/drug-my-core,CodeSystemDrugMyCore
G02CB03000T1001XX,Cabergoline 0.5mg Tablet,Cabergoline 0.5mg Tab,http://fhir.hie.moh.gov.my/CodeSystem/drug-my-core,CodeSystemDrugMyCore
H05BA01000A4101XX,Calcitonin (Synthetic Salmon) 200 IU Nasal Spray,Calcitonin 200 IU Nasal Spray,http://fhir.hie.moh.gov.my/CodeSystem/drug-my-core,CodeSystemDrugMyCore
A11CC04000C1001XX,Calcitriol 0.25mcg Capsule,Calcitriol 0.25mcg Cap,http://fhir.hie.moh.gov.my/CodeSystem/drug-my-core,CodeSystemDrugMyCore
P02CB02136T1001XX,Diethylcarbamazine Citrate 50 mg Tablet,Diethylcarbamazine 50mg Tab,http://fhir.hie.moh.gov.my/CodeSystem/drug-my-core,CodeSystemDrugMyCore
C01AA05000T1001XX,Digoxin 0.25 mg Tablet,Digoxin 0.25mg Tab,http://fhir.hie.moh.gov.my/CodeSystem/drug-my-core,CodeSystemDrugMyCore
C01AA05000T1002XX,Digoxin 62.5 mcg Tablet,Digoxin 62.5mcg Tab,http://fhir.hie.moh.gov.my/CodeSystem/drug-my-core,CodeSystemDrugMyCore
N02AA08123T1001XX,Dihydrocodeine Tartrate 30 mg Tablet,Dihydrocodeine Tartrate 30mg Tab,http://fhir.hie.moh.gov.my/CodeSystem/drug-my-core,CodeSystemDrugMyCore
B01AC07000T1001XX,Dipyridamole 75 mg Tablet,Dipyridamole 75mg Tab,http://fhir.hie.moh.gov.my/CodeSystem/drug-my-core,CodeSystemDrugMyCore
N07AA03320T1001XX,Distigmine Bromide 5 mg Tablet,Distigmine Bromide 5mg Tab,http://fhir.hie.moh.gov.my/CodeSystem/drug-my-core,CodeSystemDrugMyCore
N06DA02110T1002XX,Donepezil HCl 10 mg Tablet,Donepezil HCl 10mg Tab,http://fhir.hie.moh.gov.my/CodeSystem/drug-my-core,CodeSystemDrugMyCore
KPK00214,Donepezil Hcl 5mg Orodispersible Tab,Donepezil Hcl 5mg Orodispersible Tab,http://fhir.hie.moh.gov.my/CodeSystem/drug-my-core,CodeSystemDrugMyCore
N06DA02110T1001XX,Donepezil HCl 5 mg Tablet,Donepezil HCl 5mg Tab,http://fhir.hie.moh.gov.my/CodeSystem/drug-my-core,CodeSystemDrugMyCore
KPK00215,Donepezil Hcl 10mg Orodispersible Tab,Donepezil Hcl 10mg Orodispersible Tab,http://fhir.hie.moh.gov.my/CodeSystem/drug-my-core,CodeSystemDrugMyCore
N06AA16110C1001XX,Dothiepin HCl 25 mg Capsule/Tablet,Dothiepin HCl 25mg,http://fhir.hie.moh.gov.my/CodeSystem/drug-my-core,CodeSystemDrugMyCore
N06AA16110T1001XX,Dothiepin HCl 75 mg Tablet,Dothiepin HCl 75mg Tab,http://fhir.hie.moh.gov.my/CodeSystem/drug-my-core,CodeSystemDrugMyCore
C02CA04196T5001XX,Doxazosin Mesilate 4 mg CR Tablet,Doxazosin Mesilate 4mg CR Tab,http://fhir.hie.moh.gov.my/CodeSystem/drug-my-core,CodeSystemDrugMyCore
J01AA02000T1001XX,Doxycycline 100 mg Tablet,Doxycycline 100mg Tab,http://fhir.hie.moh.gov.my/CodeSystem/drug-my-core,CodeSystemDrugMyCore
J01AA02000C1001XX,Doxycycline 100 mg Capsule,Doxycycline 100mg Cap,http://fhir.hie.moh.gov.my/CodeSystem/drug-my-core,CodeSystemDrugMyCore
N06AX21110C1001XX,Duloxetine 30 mg Capsule,Duloxetine 30mg Cap,http://fhir.hie.moh.gov.my/CodeSystem/drug-my-core,CodeSystemDrugMyCore
N06AX21110C1002XX,Duloxetine 60 mg Capsule,Duloxetine 60mg Cap,http://fhir.hie.moh.gov.my/CodeSystem/drug-my-core,CodeSystemDrugMyCore
G04CB02000C1001XX,Dutasteride 0.5 mg Capsule,Dutasteride 0.5mg Cap,http://fhir.hie.moh.gov.my/CodeSystem/drug-my-core,CodeSystemDrugMyCore
G03DB01110T1001XX,Dydrogesterone 10 mg Tablet,Dydrogesterone 10mg Tab,http://fhir.hie.moh.gov.my/CodeSystem/drug-my-core,CodeSystemDrugMyCore
J05AG03000C1001XX,Efavirenz 50 mg Capsule,Efavirenz 50mg Cap,http://fhir.hie.moh.gov.my/CodeSystem/drug-my-core,CodeSystemDrugMyCore
J05AG03000C1002XX,Efavirenz 100 mg Capsule,Efavirenz 100mg Cap,http://fhir.hie.moh.gov.my/CodeSystem/drug-my-core,CodeSystemDrugMyCore
J05AG03000C1003XX,Efavirenz 200 mg Capsule/Tablet,Efavirenz 200mg Cap/Tab,http://fhir.hie.moh.gov.my/CodeSystem/drug-my-core,CodeSystemDrugMyCore
J05AG03000T1001XX,Efavirenz 600 mg Tablet,Efavirenz 600mgTab,http://fhir.hie.moh.gov.my/CodeSystem/drug-my-core,CodeSystemDrugMyCore
C09AA02253T1003XX,Enalapril 20 mg Tablet,Enalapril 20 mg Tablet,http://fhir.hie.moh.gov.my/CodeSystem/drug-my-core,CodeSystemDrugMyCore
C09AA02253T1002XX,Enalapril 10 mg Tablet,Enalapril 10mg Tablet,http://fhir.hie.moh.gov.my/CodeSystem/drug-my-core,CodeSystemDrugMyCore
GLN0100025,Enalapril 0.1mg/mL Suspension,Enalapril 0.1mg/mL Suspension,http://fhir.hie.moh.gov.my/CodeSystem/drug-my-core,CodeSystemDrugMyCore
N04BX02000T1001XX,Entacapone 200 mg Tablet,Entacapone 200mg Tab,http://fhir.hie.moh.gov.my/CodeSystem/drug-my-core,CodeSystemDrugMyCore
J05AF10000T1001XX,Entecavir 0.5 mg Tablet,Entecavir 0.5mg Tab,http://fhir.hie.moh.gov.my/CodeSystem/drug-my-core,CodeSystemDrugMyCore
M03BX09110T1001XX,Eperisone HCl 50 mg Tablet,Eperisone HCl 50mg Tab,http://fhir.hie.moh.gov.my/CodeSystem/drug-my-core,CodeSystemDrugMyCore
L01XE03110T1003XX,Erlotinib 100 mg Tablet,Erlotinib 100mg Tab,http://fhir.hie.moh.gov.my/CodeSystem/drug-my-core,CodeSystemDrugMyCore
L01XE03110T1002XX,Erlotinib 150 mg Tablet,Erlotinib 150mg Tab,http://fhir.hie.moh.gov.my/CodeSystem/drug-my-core,CodeSystemDrugMyCore
J01FA01258T1001XX,Erythromycin Stearate 250 mg Tablet,Erythromycin Stearate 250mg Tab,http://fhir.hie.moh.gov.my/CodeSystem/drug-my-core,CodeSystemDrugMyCore
A02BC05000T1001XX,ESOMEprazole 40 mg Tablet,ESOMEprazole 40mg Tab,http://fhir.hie.moh.gov.my/CodeSystem/drug-my-core,CodeSystemDrugMyCore
A02BC05000T1002XX,ESOMEprazole 20 mg Tablet,ESOMEprazole 20mg Tab,http://fhir.hie.moh.gov.my/CodeSystem/drug-my-core,CodeSystemDrugMyCore
G03CA03256T1002XX,Estradiol Valerate 1 mg Tablet,Estradiol Valerate 1mg Tab,http://fhir.hie.moh.gov.my/CodeSystem/drug-my-core,CodeSystemDrugMyCore
KPK00216,Estradiol 2 mg Tablet,Estradiol 2 mg Tablet,http://fhir.hie.moh.gov.my/CodeSystem/drug-my-core,CodeSystemDrugMyCore
J04AK02110T1002XX,Ethambutol HCl 400 mg Tablet,Ethambutol HCl 400mg Tab,http://fhir.hie.moh.gov.my/CodeSystem/drug-my-core,CodeSystemDrugMyCore
J04AK02110T1001XX,Ethambutol HCl 200 mg Tablet,Ethambutol HCl 200mg Tab,http://fhir.hie.moh.gov.my/CodeSystem/drug-my-core,CodeSystemDrugMyCore
L01CB01000C1001XX,Etoposide 25 mg Capsule,Etoposide 25mg Cap,http://fhir.hie.moh.gov.my/CodeSystem/drug-my-core,CodeSystemDrugMyCore
L01CB01000C1002XX,Etoposide 100 mg Capsule,Etoposide 100mg Cap,http://fhir.hie.moh.gov.my/CodeSystem/drug-my-core,CodeSystemDrugMyCore
M01AH05000T1003XX,Etoricoxib 60 mg Tablet,Etoricoxib 60mg Tab,http://fhir.hie.moh.gov.my/CodeSystem/drug-my-core,CodeSystemDrugMyCore
M01AH05000T1001XX,Etoricoxib 90 mg Tablet,Etoricoxib 90mg Tab,http://fhir.hie.moh.gov.my/CodeSystem/drug-my-core,CodeSystemDrugMyCore
M01AH05000T1002XX,Etoricoxib 120 mg Tablet,Etoricoxib 120mg Tab,http://fhir.hie.moh.gov.my/CodeSystem/drug-my-core,CodeSystemDrugMyCore
L02BG06000T1001XX,Exemestane 25 mg Tablet,Exemestane 25mg Tab,http://fhir.hie.moh.gov.my/CodeSystem/drug-my-core,CodeSystemDrugMyCore
C10AX09000T1001XX,Ezetimibe 10 mg Tablet,Ezetimibe 10mg Tab,http://fhir.hie.moh.gov.my/CodeSystem/drug-my-core,CodeSystemDrugMyCore
C08CA02000T1001XX,Felodipine 5 mg Tablet,Felodipine 5mg Tab,http://fhir.hie.moh.gov.my/CodeSystem/drug-my-core,CodeSystemDrugMyCore
C08CA02000T1002XX,Felodipine 10 mg Tablet,Felodipine 10mg Tab,http://fhir.hie.moh.gov.my/CodeSystem/drug-my-core,CodeSystemDrugMyCore
N02AB03136M7002XX,Fentanyl 50 mcg/h Transdermal Patch,Fentanyl 50 mcg/h Transdermal Patch,http://fhir.hie.moh.gov.my/CodeSystem/drug-my-core,CodeSystemDrugMyCore
N02AB03136M7005XX,Fentanyl 12 mcg/h Trandermal Patch,Fentanyl 12 mcg/h Trandermal Patch,http://fhir.hie.moh.gov.my/CodeSystem/drug-my-core,CodeSystemDrugMyCore
N02AB03136M7001XX,Fentanyl 25 mcg/h Transdermal Patch,Fentanyl 25 mcg/h Transdermal Patch,http://fhir.hie.moh.gov.my/CodeSystem/drug-my-core,CodeSystemDrugMyCore
B03AA02138T1001XX,Ferrous Fumarate 200 mg Tablet,Ferrous Fumarate 200mg Tab,http://fhir.hie.moh.gov.my/CodeSystem/drug-my-core,CodeSystemDrugMyCore
G04CB01000T1001XX,Finasteride 5 mg Tablet,Finasteride 5mg Tab,http://fhir.hie.moh.gov.my/CodeSystem/drug-my-core,CodeSystemDrugMyCore
G04BD02110T1001XX,Flavoxate HCl 100 mg Tablet,Flavoxate HCl 100 mg Tab,http://fhir.hie.moh.gov.my/CodeSystem/drug-my-core,CodeSystemDrugMyCore
C01BC04122T1001XX,Flecainide Acetate 100 mg Tablet,Flecainide Acetate 100mg Tab,http://fhir.hie.moh.gov.my/CodeSystem/drug-my-core,CodeSystemDrugMyCore
N03AX12000C1001XX,Gabapentin 300 mg Capsule,Gabapentin 300mg Cap,http://fhir.hie.moh.gov.my/CodeSystem/drug-my-core,CodeSystemDrugMyCore
L01XE02000T1001XX,Gefitinib 250mg Tablet,Gefitinib 250mg Tablet,http://fhir.hie.moh.gov.my/CodeSystem/drug-my-core,CodeSystemDrugMyCore
C10AB04000C1001XX,Gemfibrozil 300 mg Capsule,Gemfibrozil 300mg Cap,http://fhir.hie.moh.gov.my/CodeSystem/drug-my-core,CodeSystemDrugMyCore
S01AA11183D2001XX,Gentamicin 0.3% Eye Drops,Gentamicin 0.3% Eye Drops,http://fhir.hie.moh.gov.my/CodeSystem/drug-my-core,CodeSystemDrugMyCore
A10BB01000T1001XX,Glibenclamide 5 mg Tablet,Glibenclamide 5mg Tablet,http://fhir.hie.moh.gov.my/CodeSystem/drug-my-core,CodeSystemDrugMyCore
A10BB09000T5002XX,Gliclazide 30 mg MODIFIED RELEASE Tablet,Gliclazide 30mg MR Tablet,http://fhir.hie.moh.gov.my/CodeSystem/drug-my-core,CodeSystemDrugMyCore
A10BB09000T5001XX,Gliclazide 60 mg MODIFIED RELEASE Tablet,Gliclazide 60mg MR Tablet,http://fhir.hie.moh.gov.my/CodeSystem/drug-my-core,CodeSystemDrugMyCore
A10BB09000T1001XX,Gliclazide 80 mg Tablet,Gliclazide 80 mg Tablet,http://fhir.hie.moh.gov.my/CodeSystem/drug-my-core,CodeSystemDrugMyCore
D01BA01000T1001XX,Griseofulvin 125mg Tablet,Griseofulvin 125mg Tablet,http://fhir.hie.moh.gov.my/CodeSystem/drug-my-core,CodeSystemDrugMyCore
N05AD01000T1002XX,Haloperidol 5mg Tablet,Haloperidol 5mg Tablet,http://fhir.hie.moh.gov.my/CodeSystem/drug-my-core,CodeSystemDrugMyCore
P01BA02183T1001XX,Hydroxychloroquine 200 mg Tablet (PLAQUENIL),Hydroxychloroquine PLAQUENIL 200mg Tab,http://fhir.hie.moh.gov.my/CodeSystem/drug-my-core,CodeSystemDrugMyCore
L01XX05000C1001XX,Hydroxyurea 500 mg Capsule,Hydroxyurea 500mg Cap,http://fhir.hie.moh.gov.my/CodeSystem/drug-my-core,CodeSystemDrugMyCore
M05BA06000T1003XX,Ibandronic Acid 150 mg Tablet,Ibandronic Acid 150 mg Tab,http://fhir.hie.moh.gov.my/CodeSystem/drug-my-core,CodeSystemDrugMyCore
M01AE01000T1001XX,Ibuprofen 200 mg Tablet,Ibuprofen 200mg Tab,http://fhir.hie.moh.gov.my/CodeSystem/drug-my-core,CodeSystemDrugMyCore
L01XE01196T1002XX,Imatinib Mesylate 400 mg Tablet,Imatinib Mesylate 400mg Tab,http://fhir.hie.moh.gov.my/CodeSystem/drug-my-core,CodeSystemDrugMyCore
L01XE01196T1001XX,Imatinib Mesylate 100 mg Tablet,Imatinib Mesylate 100mg Tab,http://fhir.hie.moh.gov.my/CodeSystem/drug-my-core,CodeSystemDrugMyCore
GLN0100028,Indomethacin 5mg/mL Syrup,Indomethacin 5mg/mL Syrup,http://fhir.hie.moh.gov.my/CodeSystem/drug-my-core,CodeSystemDrugMyCore
C09CA04000T1002XX,Irbesartan 300 mg Tablet,Irbesartan 300mg Tab,http://fhir.hie.moh.gov.my/CodeSystem/drug-my-core,CodeSystemDrugMyCore
C09CA04000T1001XX,Irbesartan 150 mg Tablet,Irbesartan 150mg Tab,http://fhir.hie.moh.gov.my/CodeSystem/drug-my-core,CodeSystemDrugMyCore
J04AC01000T1002XX,Isoniazid 400 mg Tablet,Isoniazid 400 mg Tab,http://fhir.hie.moh.gov.my/CodeSystem/drug-my-core,CodeSystemDrugMyCore
GLN0100029,Isoniazid 10mg/mL Oral Suspension,Isoniazid 10mg/mL Oral Suspension,http://fhir.hie.moh.gov.my/CodeSystem/drug-my-core,CodeSystemDrugMyCore
J04AC01000T1001XX,Isoniazid 100 mg Tablet,Isoniazid 100mg Tab,http://fhir.hie.moh.gov.my/CodeSystem/drug-my-core,CodeSystemDrugMyCore
C01DA08221T1001XX,Isosorbide Dinitrate 10 mg Tablet,Isosorbide Dinitrate 10mg Tab,http://fhir.hie.moh.gov.my/CodeSystem/drug-my-core,CodeSystemDrugMyCore
C01DA14221T5002XX,Isosorbide-5-Mononitrate 60 mg SR Tablet,Isosorbide-5-Mononitrate 60mg SR Tab,http://fhir.hie.moh.gov.my/CodeSystem/drug-my-core,CodeSystemDrugMyCore
C01DA14221T5001XX,Isosorbide-5-Mononitrate 30 mg SR Tablet,Isosorbide-5-Mononitrate 30mg SR Tab,http://fhir.hie.moh.gov.my/CodeSystem/drug-my-core,CodeSystemDrugMyCore
C01DA14221C2001XX,Isosorbide Mononitrate 50 mg SR Capsule,Isosorbide Mononitrate 50mg SR Cap,http://fhir.hie.moh.gov.my/CodeSystem/drug-my-core,CodeSystemDrugMyCore
D10BA01000C1001XX,Isotretinoin 10 mg Capsule,Isotretinoin 10 mg Cap,http://fhir.hie.moh.gov.my/CodeSystem/drug-my-core,CodeSystemDrugMyCore
D10BA01000C1002XX,Isotretinoin 20 mg Capsule,Isotretinoin 20mg Cap,http://fhir.hie.moh.gov.my/CodeSystem/drug-my-core,CodeSystemDrugMyCore
J02AC02000C1001XX,Itraconazole 100 mg Capsule,Itraconazole 100mg Cap,http://fhir.hie.moh.gov.my/CodeSystem/drug-my-core,CodeSystemDrugMyCore
J02AC02000L9901XX,Itraconazole 10 mg/ml Oral Solution,Itraconazole 10 mg/ml Oral Solution,http://fhir.hie.moh.gov.my/CodeSystem/drug-my-core,CodeSystemDrugMyCore
C01EB17110T1002XX,Ivabradine 7.5 mg Tablet,Ivabradine 7.5mg Tab,http://fhir.hie.moh.gov.my/CodeSystem/drug-my-core,CodeSystemDrugMyCore
J02AB02000T1001XX,Ketoconazole 200 mg Tablet,Ketoconazole 200mg Tab,http://fhir.hie.moh.gov.my/CodeSystem/drug-my-core,CodeSystemDrugMyCore
M01AE03000C2002XX,Ketoprofen 200 mg SLOW RELEASE Capsule,Ketoprofen 200 mg SLOW RELEASE Cap,http://fhir.hie.moh.gov.my/CodeSystem/drug-my-core,CodeSystemDrugMyCore
M02AA10000M7001XX,Ketoprofen 30 mg Transdermal Plaster,Ketoprofen 30 mg Transdermal Plaster,http://fhir.hie.moh.gov.my/CodeSystem/drug-my-core,CodeSystemDrugMyCore
GLN0100030,Labetalol 10mg/mL Syrup,Labetalol 10mg/mL Syrup,http://fhir.hie.moh.gov.my/CodeSystem/drug-my-core,CodeSystemDrugMyCore
GLN0100031,Labetalol 40mg/mL Syrup,Labetalol 40mg/mL Syrup,http://fhir.hie.moh.gov.my/CodeSystem/drug-my-core,CodeSystemDrugMyCore
C07AG01110T1002XX,Labetalol HCl 200 mg Tablet,Labetalol HCl 200 mg Tablet,http://fhir.hie.moh.gov.my/CodeSystem/drug-my-core,CodeSystemDrugMyCore
C07AG01110T1001XX,Labetalol HCl 100 mg Tablet,Labetalol HCl 100mg Tab,http://fhir.hie.moh.gov.my/CodeSystem/drug-my-core,CodeSystemDrugMyCore
J05AF05000T1002XX,Lamivudine 150 mg Tablet,Lamivudine 150mg Tab,http://fhir.hie.moh.gov.my/CodeSystem/drug-my-core,CodeSystemDrugMyCore
J05AF05000T1001XX,Lamivudine 100 mg Tablet,Lamivudine 100mg Tab,http://fhir.hie.moh.gov.my/CodeSystem/drug-my-core,CodeSystemDrugMyCore
N03AX09000T1002XX,Lamotrigine 100 mg Tablet,Lamotrigine 100mg Tab,http://fhir.hie.moh.gov.my/CodeSystem/drug-my-core,CodeSystemDrugMyCore
A12AA04121C1001XX,Calcium Carbonate 500mg Capsule,Calcium Carbonate 500mg Cap,http://fhir.hie.moh.gov.my/CodeSystem/drug-my-core,CodeSystemDrugMyCore
GLN0100020,Carvedilol 0.5mg/mL Suspension,Carvedilol 0.5mg/mL Suspension,http://fhir.hie.moh.gov.my/CodeSystem/drug-my-core,CodeSystemDrugMyCore
C07AG02000T1001XX,Carvedilol 6.25mg Tablet,Carvedilol 6.25mg Tab,http://fhir.hie.moh.gov.my/CodeSystem/drug-my-core,CodeSystemDrugMyCore
C07AG02000T1002XX,Carvedilol 25mg Tablet,Carvedilol 25mg Tab,http://fhir.hie.moh.gov.my/CodeSystem/drug-my-core,CodeSystemDrugMyCore
GLN0100021,Carvedilol 1mg/mL Suspension,Carvedilol 1mg/mL Suspension,http://fhir.hie.moh.gov.my/CodeSystem/drug-my-core,CodeSystemDrugMyCore
J01DB01010C1002XX,Cephalexin Monohydrate 500mg Capsule,Cephalexin Monohydrate 500mg Cap,http://fhir.hie.moh.gov.my/CodeSystem/drug-my-core,CodeSystemDrugMyCore
J01DB01010C1001XX,Cephalexin Monohydrate 250mg Capsule,Cephalexin Monohydrate 250mg Cap,http://fhir.hie.moh.gov.my/CodeSystem/drug-my-core,CodeSystemDrugMyCore
M01AH01000C1002XX,Celecoxib 400mg Capsule,Celecoxib 400mg Cap,http://fhir.hie.moh.gov.my/CodeSystem/drug-my-core,CodeSystemDrugMyCore
M01AH01000C1001XX,Celecoxib 200mg Capsule,Celecoxib 200mg Cap,http://fhir.hie.moh.gov.my/CodeSystem/drug-my-core,CodeSystemDrugMyCore
R06AE07110T1001XX,Cetirizine HCl 10mg Tablet,Cetirizine Hcl 10mg Tab,http://fhir.hie.moh.gov.my/CodeSystem/drug-my-core,CodeSystemDrugMyCore
L01AA02000T1001XX,Chlorambucil 2mg Tablet,Chlorambucil 2mg Tab,http://fhir.hie.moh.gov.my/CodeSystem/drug-my-core,CodeSystemDrugMyCore
J01BA01126C1001XX,Chloramphenicol 250mg Capsule,Chloramphenicol 250mg Cap,http://fhir.hie.moh.gov.my/CodeSystem/drug-my-core,CodeSystemDrugMyCore
GLN0100022,Chloroquine 15mg/mL Suspension,Chloroquine 15mg/mL Suspension,http://fhir.hie.moh.gov.my/CodeSystem/drug-my-core,CodeSystemDrugMyCore
P01BA01162T1001XX,Chloroquine Phosphate 250mg Tablet(150mg Chloroquine Base),Chloroquine PO4 250mg Tab,http://fhir.hie.moh.gov.my/CodeSystem/drug-my-core,CodeSystemDrugMyCore
N05AA01110T1002XX,Chlorpromazine HCl 100 mg Tablet,Chlorpromazine HCl 100 mg Tablet,http://fhir.hie.moh.gov.my/CodeSystem/drug-my-core,CodeSystemDrugMyCore
N05AA01110T1001XX,Chlorpromazine HCl 25 mg Tablet,Chlorpromazine HCl 25 mg Tab,http://fhir.hie.moh.gov.my/CodeSystem/drug-my-core,CodeSystemDrugMyCore
L04AD01000C1001XX,Ciclosporin 25mg Capsule Microemulsion,Ciclosporin 25mg Cap Microemulsion,http://fhir.hie.moh.gov.my/CodeSystem/drug-my-core,CodeSystemDrugMyCore
L04AD01000C1002XX,Ciclosporin 100mg Capsule Microemulsion,Ciclosporin 100mg Cap Microemulsion,http://fhir.hie.moh.gov.my/CodeSystem/drug-my-core,CodeSystemDrugMyCore
GLN0100023,Ciprofloxacin 50mg/mL Suspension,Ciprofloxacin 50mg/mL Suspension,http://fhir.hie.moh.gov.my/CodeSystem/drug-my-core,CodeSystemDrugMyCore
J01MA02110T1001XX,Ciprofloxacin 250 mg Tablet,Ciprofloxacin 250 mg Tab,http://fhir.hie.moh.gov.my/CodeSystem/drug-my-core,CodeSystemDrugMyCore
J01MA02110T1002XX,Ciprofloxacin 500 mg Tablet,Ciprofloxacin 500 mg Tab,http://fhir.hie.moh.gov.my/CodeSystem/drug-my-core,CodeSystemDrugMyCore
J01FF01110C1001XX,Clindamycin HCl 300mg Capsule,Clindamycin HCl 300mg Cap,http://fhir.hie.moh.gov.my/CodeSystem/drug-my-core,CodeSystemDrugMyCore
M05BA02011T1011XX,Clodronic acid 800 mg Tablet,Clodronic acid 800 mg Tablet,http://fhir.hie.moh.gov.my/CodeSystem/drug-my-core,CodeSystemDrugMyCore
J04BA01000C1002XX,Clofazimine 100mg Capsule,Clofazimine 100mg Cap,http://fhir.hie.moh.gov.my/CodeSystem/drug-my-core,CodeSystemDrugMyCore
G03GB02136T1001XX,Clomiphene (Clomifene) Citrate 50 mg Tablet,Clomiphene (Clomifene) Citrate 50 mg Tab,http://fhir.hie.moh.gov.my/CodeSystem/drug-my-core,CodeSystemDrugMyCore
N06AA04110T1001XX,Clomipramine HCI 25mg Tablet,Clomipramine HCI 25mg Tablet,http://fhir.hie.moh.gov.my/CodeSystem/drug-my-core,CodeSystemDrugMyCore
N03AE01000T1002XX,Clonazepam 2 mg Tablet,Clonazepam 2 mg Tab,http://fhir.hie.moh.gov.my/CodeSystem/drug-my-core,CodeSystemDrugMyCore
N02CX02110T1001XX,Clonidine HCl 0.025 mg Tablet,Clonidine HCl 0.025 mg Tab,http://fhir.hie.moh.gov.my/CodeSystem/drug-my-core,CodeSystemDrugMyCore
B01AC04192T1001XX,Clopidogrel 75 mg Tablet,Clopidogrel 75 mg Tab,http://fhir.hie.moh.gov.my/CodeSystem/drug-my-core,CodeSystemDrugMyCore
J01CF02520L8001XX,Cloxacillin Sodium 125 mg/5 ml Suspension,Cloxacillin Sodium 125 mg/5 ml Susp,http://fhir.hie.moh.gov.my/CodeSystem/drug-my-core,CodeSystemDrugMyCore
J01CF02520C1001XX,Cloxacillin Sodium 250mg Capsule,Cloxacillin Sodium 250mg Cap,http://fhir.hie.moh.gov.my/CodeSystem/drug-my-core,CodeSystemDrugMyCore
N05AH02000T1001XX,Clozapine 25 mg Tablet,Clozapine 25 mg Tab,http://fhir.hie.moh.gov.my/CodeSystem/drug-my-core,CodeSystemDrugMyCore
N03AX11000T1003XX,Topiramate 100 mg Tablet,Topiramate 100mg Tab,http://fhir.hie.moh.gov.my/CodeSystem/drug-my-core,CodeSystemDrugMyCore
N03AX11000T1001XX,Topiramate 25 mg Tablet,Topiramate 25mg Tab,http://fhir.hie.moh.gov.my/CodeSystem/drug-my-core,CodeSystemDrugMyCore
N02AX02110S2001XX,Tramadol HCl 100 mg Suppository,Tramadol HCl 100 mg Suppository,http://fhir.hie.moh.gov.my/CodeSystem/drug-my-core,CodeSystemDrugMyCore
N02AX02110C1001XX,Tramadol HCl 50 mg Capsule/Tablet,Tramadol HCl 50mg Cap/Tab,http://fhir.hie.moh.gov.my/CodeSystem/drug-my-core,CodeSystemDrugMyCore
B02AA02000C1001XX,Tranexamic Acid 250 mg Capsule,Tranexamic Acid 250mg Cap,http://fhir.hie.moh.gov.my/CodeSystem/drug-my-core,CodeSystemDrugMyCore
N05AB06110T1001XX,Trifluoperazine HCI 5 mg Tablet,Trifluoperazine HCI 5mg Tab,http://fhir.hie.moh.gov.my/CodeSystem/drug-my-core,CodeSystemDrugMyCore
C01EB15110T5001XX,Trimetazidine 35 mg MODIFIED RELEASE Tablet,Trimetazidine 35mg MR Tab,http://fhir.hie.moh.gov.my/CodeSystem/drug-my-core,CodeSystemDrugMyCore
C01EB15110T1001XX,Trimetazidine 20 mg Tablet,Trimetazidine 20mg Tab,http://fhir.hie.moh.gov.my/CodeSystem/drug-my-core,CodeSystemDrugMyCore
GLN0100049,Trimethoprim 10mg/mL Suspension (50mg/5mL),Trimethoprim 10mg/mL Suspension,http://fhir.hie.moh.gov.my/CodeSystem/drug-my-core,CodeSystemDrugMyCore
J01EA01000T1002XX,Trimethoprim 300 mg Tablet,Trimethoprim 300mg Tab,http://fhir.hie.moh.gov.my/CodeSystem/drug-my-core,CodeSystemDrugMyCore
J01EA01000T1001XX,Trimethoprim 100 mg Tablet,Trimethoprim 100mg Tab,http://fhir.hie.moh.gov.my/CodeSystem/drug-my-core,CodeSystemDrugMyCore
GLN0100050,Trimethoprim 10mg/mL Oral Syrup,Trimethoprim 10mg/mL Syrup,http://fhir.hie.moh.gov.my/CodeSystem/drug-my-core,CodeSystemDrugMyCore
D05BA01000T1001XX,Trioxsalen 5 mg Tablet,Trioxsalen 5mg Tab,http://fhir.hie.moh.gov.my/CodeSystem/drug-my-core,CodeSystemDrugMyCore
A05AA02000C1001XX,Ursodeoxycholic Acid 250 mg Capsule,Ursodeoxycholic Acid 250 mg Cap,http://fhir.hie.moh.gov.my/CodeSystem/drug-my-core,CodeSystemDrugMyCore
GLN0100051,Ursodeoxycholic 50mg/mL Acid Suspension,Ursodeoxycholic 50mg/mL Acid Suspension,http://fhir.hie.moh.gov.my/CodeSystem/drug-my-core,CodeSystemDrugMyCore
N03AG01520T1001XX,Sodium Valproate 200 mg Tablet,Sodium Valproate 200mg Tab,http://fhir.hie.moh.gov.my/CodeSystem/drug-my-core,CodeSystemDrugMyCore
N03AG01520T5001XX,Valproic Acid/Sodium Valproate (ER) 500mg Tablet,Valproic Acid/Sod Valproate 500mg ER Tab,http://fhir.hie.moh.gov.my/CodeSystem/drug-my-core,CodeSystemDrugMyCore
KPK00183,Sodium Valproate 300 mg ER Tablet,Sodium Valproate 300 mg ER Tablet,http://fhir.hie.moh.gov.my/CodeSystem/drug-my-core,CodeSystemDrugMyCore
N03AG01520L9001XX,Sodium Valproate 200 mg/5 ml Syrup,Sodium Valproate 200 mg/5 ml Syrup,http://fhir.hie.moh.gov.my/CodeSystem/drug-my-core,CodeSystemDrugMyCore
C09CA03000T1001XX,Valsartan 80 mg Tablet,Valsartan 80mg Tab,http://fhir.hie.moh.gov.my/CodeSystem/drug-my-core,CodeSystemDrugMyCore
C09CA03000T1002XX,Valsartan 160 mg Tablet,Valsartan 160mg Tab,http://fhir.hie.moh.gov.my/CodeSystem/drug-my-core,CodeSystemDrugMyCore
N07BA03123T1002XX,Varenicline Tartrate 1 mg Tablet,Varenicline Tartrate 1mg Tab,http://fhir.hie.moh.gov.my/CodeSystem/drug-my-core,CodeSystemDrugMyCore
N07BA03123T1001XX,Varenicline Tartrate 0.5 mg Tablet,Varenicline Tartrate 0.5mg Tab,http://fhir.hie.moh.gov.my/CodeSystem/drug-my-core,CodeSystemDrugMyCore
N06AX16110C2002XX,Venlafaxine HCl 150 mg EXTENDED RELEASE Capsule,Venlafaxine HCl 150mg ER Cap,http://fhir.hie.moh.gov.my/CodeSystem/drug-my-core,CodeSystemDrugMyCore
C08DA01110T1001XX,Verapamil 40 mg Tablet,Verapamil HCl 40mg Tab,http://fhir.hie.moh.gov.my/CodeSystem/drug-my-core,CodeSystemDrugMyCore
A10BH02000T1001XX,Vildagliptin 50 mg Tablet,Vildagliptin 50mg Tab,http://fhir.hie.moh.gov.my/CodeSystem/drug-my-core,CodeSystemDrugMyCore
J02AC03000T1001XX,Voriconazole 50 mg Tablet,Voriconazole 50mg Tab,http://fhir.hie.moh.gov.my/CodeSystem/drug-my-core,CodeSystemDrugMyCore
J02AC03000T1002XX,Voriconazole 200 mg Tablet,Voriconazole 200mg Tab,http://fhir.hie.moh.gov.my/CodeSystem/drug-my-core,CodeSystemDrugMyCore
B01AA03520T1001XX,Warfarin Sodium 1 mg Tablet,Warfarin Sodium 1mg Tab,http://fhir.hie.moh.gov.my/CodeSystem/drug-my-core,CodeSystemDrugMyCore
B01AA03520T1004XX,Warfarin Sodium 5 mg Tablet,Warfarin Sodium 5mg Tab,http://fhir.hie.moh.gov.my/CodeSystem/drug-my-core,CodeSystemDrugMyCore
B01AA03520T1003XX,Warfarin Sodium 3 mg Tablet,Warfarin Sodium 3mg Tab,http://fhir.hie.moh.gov.my/CodeSystem/drug-my-core,CodeSystemDrugMyCore
B01AA03520T1002XX,Warfarin Sodium 2 mg Tablet,Warfarin Sodium 2mg Tab,http://fhir.hie.moh.gov.my/CodeSystem/drug-my-core,CodeSystemDrugMyCore
N03AX09000T1001XX,Lamotrigine 50 mg Tablet,Lamotrigine 50mg Tab,http://fhir.hie.moh.gov.my/CodeSystem/drug-my-core,CodeSystemDrugMyCore
N03AX09000T2002XX,Lamotrigine 5 mg Dispersible/Chewable Tablet,Lamotrigine 5mg Disp./Chewable Tab,http://fhir.hie.moh.gov.my/CodeSystem/drug-my-core,CodeSystemDrugMyCore
N03AX09000T2001XX,Lamotrigine 25 mg Dispersible/Chewable Tablet,Lamotrigine 25mg Disp./Chewable Tab,http://fhir.hie.moh.gov.my/CodeSystem/drug-my-core,CodeSystemDrugMyCore
A02BC03000T1001XX,Lansoprazole 30 mg Tablet,Lansoprazole 30 mg Tablet,http://fhir.hie.moh.gov.my/CodeSystem/drug-my-core,CodeSystemDrugMyCore
GLN0100032,Lansoprazole 3mg/mL Suspension,Lansoprazole 3mg/mL Suspension,http://fhir.hie.moh.gov.my/CodeSystem/drug-my-core,CodeSystemDrugMyCore
V03AE03130T2004XX,Lanthanum Carbonate 1000mg Chewable Tablet,Lanthanum Carbonate 1000mg Chewable Tab,http://fhir.hie.moh.gov.my/CodeSystem/drug-my-core,CodeSystemDrugMyCore
L04AA13000T1002XX,Leflunomide 20 mg Tablet,Leflunomide 20mg Tab,http://fhir.hie.moh.gov.my/CodeSystem/drug-my-core,CodeSystemDrugMyCore
L04AX04000C1001XX,Lenalidomide 5 mg Capsule,Lenalidomide 5 mg Cap,http://fhir.hie.moh.gov.my/CodeSystem/drug-my-core,CodeSystemDrugMyCore
L04AX04000C1002XX,Lenalidomide 10 mg Capsule,Lenalidomide 10mg Cap,http://fhir.hie.moh.gov.my/CodeSystem/drug-my-core,CodeSystemDrugMyCore
L04AX04000C1004XX,Lenalidomide 25 mg Capsule,Lenalidomide 25mg Cap,http://fhir.hie.moh.gov.my/CodeSystem/drug-my-core,CodeSystemDrugMyCore
L04AX04000C1003XX,Lenalidomide 15 mg Capsule,Lenalidomide 15 mg Capsule,http://fhir.hie.moh.gov.my/CodeSystem/drug-my-core,CodeSystemDrugMyCore
L02BG04000T1001XX,Letrozole 2.5 mg Tablet,Letrozole 2.5mg Tab,http://fhir.hie.moh.gov.my/CodeSystem/drug-my-core,CodeSystemDrugMyCore
N03AX14000L9901XX,Levetiracetam 100 mg/ml Oral Solution,Levetiracetam 100 mg/ml Oral Solution,http://fhir.hie.moh.gov.my/CodeSystem/drug-my-core,CodeSystemDrugMyCore
N03AX14000T1001XX,Levetiracetam 250 mg Tablet,Levetiracetam 250mg Tab,http://fhir.hie.moh.gov.my/CodeSystem/drug-my-core,CodeSystemDrugMyCore
N03AX14000T1002XX,Levetiracetam 500 mg Tablet,Levetiracetam 500mg Tab,http://fhir.hie.moh.gov.my/CodeSystem/drug-my-core,CodeSystemDrugMyCore
R06AE09110T1001XX,Levocetirizine Dihydrochloride 5 mg Tablet,Levocetirizine Dihydrochloride  5mg Tab,http://fhir.hie.moh.gov.my/CodeSystem/drug-my-core,CodeSystemDrugMyCore
J01MA12000T1002XX,Levofloxacin 500 mg Tablet,Levofloxacin 500mg Tab,http://fhir.hie.moh.gov.my/CodeSystem/drug-my-core,CodeSystemDrugMyCore
J01MA12000T1001XX,Levofloxacin 250 mg Tablet,Levofloxacin 250mg Tab,http://fhir.hie.moh.gov.my/CodeSystem/drug-my-core,CodeSystemDrugMyCore
G03AC03000T1001XX,Levonorgestrel 1.5 mg Tablet,Levonorgestrel 1.5mg Tab,http://fhir.hie.moh.gov.my/CodeSystem/drug-my-core,CodeSystemDrugMyCore
H03AA01152T1003XX,Levothyroxine Sodium 25 mcg Tablet,L-thyroxine Na 25mcg Tab,http://fhir.hie.moh.gov.my/CodeSystem/drug-my-core,CodeSystemDrugMyCore
H03AA01520T1002XX,Levothyroxine Sodium 50 mcg Tablet,L-thyroxine Na 50mcg Tab,http://fhir.hie.moh.gov.my/CodeSystem/drug-my-core,CodeSystemDrugMyCore
H03AA01520T1001XX,Levothyroxine Sodium 100 mcg Tablet,L-thyroxine Na 100mcg Tab,http://fhir.hie.moh.gov.my/CodeSystem/drug-my-core,CodeSystemDrugMyCore
J01XX08000T1001XX,Linezolid 600 mg Tablet,Linezolid 600mg Tab,http://fhir.hie.moh.gov.my/CodeSystem/drug-my-core,CodeSystemDrugMyCore
N05AN01121T1001XX,Lithium Carbonate 300 mg Tablet,Lithium Carbonate 300mg Tab,http://fhir.hie.moh.gov.my/CodeSystem/drug-my-core,CodeSystemDrugMyCore
R06AX13000T1001XX,Loratadine 10 mg Tablet,Loratadine 10mg Tab,http://fhir.hie.moh.gov.my/CodeSystem/drug-my-core,CodeSystemDrugMyCore
N05BA06000T1001XX,Lorazepam 1 mg Tablet,Lorazepam 1 mg Tablet,http://fhir.hie.moh.gov.my/CodeSystem/drug-my-core,CodeSystemDrugMyCore
C09CA01500T1001XX,Losartan 50 mg Tablet,Losartan 50 mg Tablet,http://fhir.hie.moh.gov.my/CodeSystem/drug-my-core,CodeSystemDrugMyCore
C09CA01500T1002XX,Losartan 100 mg Tablet,Losartan 100 mg Tablet,http://fhir.hie.moh.gov.my/CodeSystem/drug-my-core,CodeSystemDrugMyCore
C10AA02000T1001XX,Lovastatin 20 mg Tablet,Lovastatin 20 mg Tablet,http://fhir.hie.moh.gov.my/CodeSystem/drug-my-core,CodeSystemDrugMyCore
L02AB02122T1002XX,Medroxyprogesterone Acetate 100 mg Tablet,Medroxyprogesterone Acetate 100mg Tab,http://fhir.hie.moh.gov.my/CodeSystem/drug-my-core,CodeSystemDrugMyCore
L02AB02122T1001XX,Medroxyprogesterone Acetate 500 mg Tablet,Medroxyprogesterone Acetate 500mg Tab,http://fhir.hie.moh.gov.my/CodeSystem/drug-my-core,CodeSystemDrugMyCore
M01AG01000T1001XX,Mefenamic Acid 250 mg Tablet,Mefenamic Acid 250mg Tab,http://fhir.hie.moh.gov.my/CodeSystem/drug-my-core,CodeSystemDrugMyCore
N03AB02520C1001XX,Phenytoin Sodium 30 mg Capsule,Phenytoin Sodium 30 mg Capsule,http://fhir.hie.moh.gov.my/CodeSystem/drug-my-core,CodeSystemDrugMyCore
N03AB02520L8001XX,Phenytoin Sodium 125 mg/5ml Suspension,Phenytoin Sodium 125 mg/5ml Suspension,http://fhir.hie.moh.gov.my/CodeSystem/drug-my-core,CodeSystemDrugMyCore
N03AB02520C1002XX,Phenytoin Sodium 100 mg Capsule,Phenytoin Sodium 100mg Cap,http://fhir.hie.moh.gov.my/CodeSystem/drug-my-core,CodeSystemDrugMyCore
N04BC08000T5001XX,Piribedil 50 mg Tablet,Piribedil 50mg Tab,http://fhir.hie.moh.gov.my/CodeSystem/drug-my-core,CodeSystemDrugMyCore
M01AC01000C1001XX,Piroxicam 10 mg Capsule,Piroxicam 10mg Cap,http://fhir.hie.moh.gov.my/CodeSystem/drug-my-core,CodeSystemDrugMyCore
N02CX01253T1001XX,Pizotifen 0.5 mg Tablet,Pizotifen 0.5mg Tab,http://fhir.hie.moh.gov.my/CodeSystem/drug-my-core,CodeSystemDrugMyCore
A12BA01100T5001XX,Potassium Chloride 600 mg SR Tablet,Potassium Chloride 600mg SR Tab,http://fhir.hie.moh.gov.my/CodeSystem/drug-my-core,CodeSystemDrugMyCore
N04BC05110T5001XX,Pramipexole Dihydrochloride 0.375mg ER Tablet,Pramipexole 0.375mg ER Tab,http://fhir.hie.moh.gov.my/CodeSystem/drug-my-core,CodeSystemDrugMyCore
N04BC05110T5003XX,Pramipexole Dihydrochloride 1.5mg ER Tablet,Pramipexole 1.5mg ER Tab,http://fhir.hie.moh.gov.my/CodeSystem/drug-my-core,CodeSystemDrugMyCore
N04BC05110T1002XX,Pramipexole Dihydrochloride 1 mg Tablet,Pramipexole Dihydrochloride 1mg Tab,http://fhir.hie.moh.gov.my/CodeSystem/drug-my-core,CodeSystemDrugMyCore
L01XB01110C1001XX,Procarbazine HCl 50 mg Capsule,Procarbazine HCl 50mg Cap,http://fhir.hie.moh.gov.my/CodeSystem/drug-my-core,CodeSystemDrugMyCore
N05AB04253T1002XX,Prochlorperazine Maleate 5mg Tablet,Prochlorperazine Maleate 5mg Tab,http://fhir.hie.moh.gov.my/CodeSystem/drug-my-core,CodeSystemDrugMyCore
G03DA04000C1001XX,Progesterone 100 mg capsule,Progesterone 100mg cap,http://fhir.hie.moh.gov.my/CodeSystem/drug-my-core,CodeSystemDrugMyCore
G04BD06110T1001XX,Propiverine HCl 15 mg Tablet,Propiverine HCl 15mg Tab,http://fhir.hie.moh.gov.my/CodeSystem/drug-my-core,CodeSystemDrugMyCore
GLN0100043,Propranolol 1mg/ml Oral Suspension,Propranolol 1mg/ml Oral Suspension,http://fhir.hie.moh.gov.my/CodeSystem/drug-my-core,CodeSystemDrugMyCore
C07AA05110T1002XX,Propranolol HCl 40 mg Tablet,Propranolol HCl 40mg Tab,http://fhir.hie.moh.gov.my/CodeSystem/drug-my-core,CodeSystemDrugMyCore
C07AA05110T1001XX,Propranolol HCl 10 mg Tablet,Propranolol HCl 10mg Tab,http://fhir.hie.moh.gov.my/CodeSystem/drug-my-core,CodeSystemDrugMyCore
H03BA02000T1001XX,Propylthiouracil 50 mg Tablet,Propylthiouracil 50mg Tab,http://fhir.hie.moh.gov.my/CodeSystem/drug-my-core,CodeSystemDrugMyCore
GLN0100044,Pyrazinamide 10mg/mL Suspension,Pyrazinamide 10mg/mL Suspension,http://fhir.hie.moh.gov.my/CodeSystem/drug-my-core,CodeSystemDrugMyCore
GLN0100045,Pyrazinamide 100mg/mL Syrup,Pyrazinamide 100mg/mL Syrup,http://fhir.hie.moh.gov.my/CodeSystem/drug-my-core,CodeSystemDrugMyCore
J04AK01000T1001XX,Pyrazinamide 500 mg Tablet,Pyrazinamide 500mg Tab,http://fhir.hie.moh.gov.my/CodeSystem/drug-my-core,CodeSystemDrugMyCore
N07AA02320T1001XX,Pyridostigmine Bromide 60 mg Tablet,Pyridostigmine Bromide 60mg Tab,http://fhir.hie.moh.gov.my/CodeSystem/drug-my-core,CodeSystemDrugMyCore
N05AH04138T5001XX,Quetiapine Fumarate 50 mg EXTENDED RELEASE Tablet,Quetiapine Fumarate 50mg ER Tab,http://fhir.hie.moh.gov.my/CodeSystem/drug-my-core,CodeSystemDrugMyCore
N05AH04138T1002XX,Quetiapine Fumarate 100mg IR Tablet,Quetiapine Fumarate 100mg IR Tablet,http://fhir.hie.moh.gov.my/CodeSystem/drug-my-core,CodeSystemDrugMyCore
N05AH04138T5002XX,Quetiapine Fumarate 200 mg EXTENDED RELEASE Tablet,Quetiapine Fumarate 200mg ER Tab,http://fhir.hie.moh.gov.my/CodeSystem/drug-my-core,CodeSystemDrugMyCore
N05AH04138T1004XX,Quetiapine Fumarate 200mg IR Tablet,Quetiapine Fumarate 200mg IR Tab,http://fhir.hie.moh.gov.my/CodeSystem/drug-my-core,CodeSystemDrugMyCore
N05AH04138T5004XX,Quetiapine Fumarate 400 mg EXTENDED RELEASE Tablet,Quetiapine Fumarate 400mg ER Tab,http://fhir.hie.moh.gov.my/CodeSystem/drug-my-core,CodeSystemDrugMyCore
N05AH04138T5003XX,Quetiapine Fumarate 300 mg EXTENDED RELEASE Tablet,Quetiapine Fumarate 300 mg ER Tab,http://fhir.hie.moh.gov.my/CodeSystem/drug-my-core,CodeSystemDrugMyCore
P01BC01183T1001XX,Quinine Sulphate 300 mg Tablet,Quinine Sulphate 300mg Tab,http://fhir.hie.moh.gov.my/CodeSystem/drug-my-core,CodeSystemDrugMyCore
A02BC04520T1001XX,Rabeprazole 20 mg Tablet,Rabeprazole Sodium 20mg Tab,http://fhir.hie.moh.gov.my/CodeSystem/drug-my-core,CodeSystemDrugMyCore
G03XC01110T1001XX,Raloxifene HCl 60 mg Tablet,Raloxifene HCl 60mg Tab,http://fhir.hie.moh.gov.my/CodeSystem/drug-my-core,CodeSystemDrugMyCore
M01AG01000C1001XX,Mefenamic Acid 250 mg Capsule,Mefenamic Acid 250mg Cap,http://fhir.hie.moh.gov.my/CodeSystem/drug-my-core,CodeSystemDrugMyCore
P01BC02110T1001XX,Mefloquine HCl 250 mg Tablet,Mefloquine HCl 250mg Tab,http://fhir.hie.moh.gov.my/CodeSystem/drug-my-core,CodeSystemDrugMyCore
L01AA03000T1001XX,Melphalan 2 mg Tablet,Melphalan 2mg Tab,http://fhir.hie.moh.gov.my/CodeSystem/drug-my-core,CodeSystemDrugMyCore
N06DX01110T1002XX,Memantine HCl 20mg Tablet,Memantine HCl 20mg Tab,http://fhir.hie.moh.gov.my/CodeSystem/drug-my-core,CodeSystemDrugMyCore
N06DX01110T1001XX,Memantine HCI 10 mg Tablet,Memantine HCI 10mg Tab,http://fhir.hie.moh.gov.my/CodeSystem/drug-my-core,CodeSystemDrugMyCore
L01BB02000T1001XX,Mercaptopurine 50 mg Tablet,Mercaptopurine 50mg Tab,http://fhir.hie.moh.gov.my/CodeSystem/drug-my-core,CodeSystemDrugMyCore
A07EC02259S2001XX,Mesalazine 250 mg Suppository,Mesalazine 250 mg Suppository,http://fhir.hie.moh.gov.my/CodeSystem/drug-my-core,CodeSystemDrugMyCore
A07EC02259T1002XX,Mesalazine 500 mg Tablet,Mesalazine 500mg Tab,http://fhir.hie.moh.gov.my/CodeSystem/drug-my-core,CodeSystemDrugMyCore
A07EC02259T1001XX,Mesalazine 250 mg Tablet,Mesalazine 250mg Tab,http://fhir.hie.moh.gov.my/CodeSystem/drug-my-core,CodeSystemDrugMyCore
A10BA02110T1001XX,Metformin HCl 500 mg Tablet,Metformin HCl 500mg Tablet,http://fhir.hie.moh.gov.my/CodeSystem/drug-my-core,CodeSystemDrugMyCore
A10BA02110T5001XX,Metformin HCl 500 mg EXTENDED RELEASE Tablet,Metformin HCl 500mg ER Tablet,http://fhir.hie.moh.gov.my/CodeSystem/drug-my-core,CodeSystemDrugMyCore
A10BA02110T5003XX,Metformin HCl 750mg EXTENDED RELEASE Tablet,Metformin HCl 750mg ER Tablet,http://fhir.hie.moh.gov.my/CodeSystem/drug-my-core,CodeSystemDrugMyCore
N07BC02110L9001XX,Methadone 5mg/ml Syrup,Methadone 5mg/ml Syrup,http://fhir.hie.moh.gov.my/CodeSystem/drug-my-core,CodeSystemDrugMyCore
L01BA01000T1001XX,Methotrexate 2.5 mg Tablet,Methotrexate 2.5mg Tab,http://fhir.hie.moh.gov.my/CodeSystem/drug-my-core,CodeSystemDrugMyCore
D05BA02000C1001XX,Methoxsalen 10 mg Capsule,Methoxsalen 10mg Cap,http://fhir.hie.moh.gov.my/CodeSystem/drug-my-core,CodeSystemDrugMyCore
C02AB01110T1001XX,Methyldopa 250 mg Tablet,Methyldopa 250mg Tab,http://fhir.hie.moh.gov.my/CodeSystem/drug-my-core,CodeSystemDrugMyCore
N06BA04110C2003XX,Methylphenidate HCl 20 mg LA Capsule,Methylphenidate HCl 20mg LA Cap,http://fhir.hie.moh.gov.my/CodeSystem/drug-my-core,CodeSystemDrugMyCore
N06BA04110T5003XX,Methylphenidate HCl 36 mg EXTENDED RELEASE Tablet,Methylphenidate HCl 36mg ER Tab,http://fhir.hie.moh.gov.my/CodeSystem/drug-my-core,CodeSystemDrugMyCore
N06BA04110C2002XX,Methylphenidate HCl 40mg LA Capsule,Methylphenidate HCl 40mg LA Cap,http://fhir.hie.moh.gov.my/CodeSystem/drug-my-core,CodeSystemDrugMyCore
KPK00118,Methylphenidate HCl 27 mg Extended-release Tablet,Methylphenidate HCl 27mg ER Tab,http://fhir.hie.moh.gov.my/CodeSystem/drug-my-core,CodeSystemDrugMyCore
N06BA04110T5002XX,Methylphenidate HCl 18 mg EXTENDED RELEASE Tablet,Methylphenidate HCl 18mg ER Tab,http://fhir.hie.moh.gov.my/CodeSystem/drug-my-core,CodeSystemDrugMyCore
N06BA04110T1001XX,Methylphenidate HCl 10 mg Tablet,Methylphenidate HCl 10mg Tab,http://fhir.hie.moh.gov.my/CodeSystem/drug-my-core,CodeSystemDrugMyCore
C03BA08000T1002XX,Metolazone 2.5 mg Tablet,Metolazone 2.5mg Tab,http://fhir.hie.moh.gov.my/CodeSystem/drug-my-core,CodeSystemDrugMyCore
C07AB02123T1001XX,Metoprolol Tartrate 50 mg Tablet,Metoprolol Tartrate 50mg Tab,http://fhir.hie.moh.gov.my/CodeSystem/drug-my-core,CodeSystemDrugMyCore
C07AB02123T1002XX,Metoprolol Tartrate 100 mg Tablet,Metoprolol Tartrate 100mg Tab,http://fhir.hie.moh.gov.my/CodeSystem/drug-my-core,CodeSystemDrugMyCore
GLN0100035,Metoprolol 10 mg/ml Suspension,Metoprolol 10 mg/ml Suspension,http://fhir.hie.moh.gov.my/CodeSystem/drug-my-core,CodeSystemDrugMyCore
P01AB01000T1001XX,Metronidazole 200 mg Tablet,Metronidazole 200mg Tab,http://fhir.hie.moh.gov.my/CodeSystem/drug-my-core,CodeSystemDrugMyCore
GLN0100036,Midazolam Syrup 2mg/mL,Midazolam Syrup 2mg/mL,http://fhir.hie.moh.gov.my/CodeSystem/drug-my-core,CodeSystemDrugMyCore
N05CD08253T1001XX,Midazolam 7.5 mg Tablet,Midazolam 7.5mg Tab,http://fhir.hie.moh.gov.my/CodeSystem/drug-my-core,CodeSystemDrugMyCore
J01AA08110C1001XX,Minocycline 50 mg Capsule,Minocycline 50mg Cap,http://fhir.hie.moh.gov.my/CodeSystem/drug-my-core,CodeSystemDrugMyCore
J01AA08110C1002XX,Minocycline 100 mg Capsule,Minocycline 100mg Cap,http://fhir.hie.moh.gov.my/CodeSystem/drug-my-core,CodeSystemDrugMyCore
C02DC01000T1001XX,Minoxidil 5 mg Tablet,Minoxidil 5mg Tab,http://fhir.hie.moh.gov.my/CodeSystem/drug-my-core,CodeSystemDrugMyCore
N06AX11000T4002XX,Mirtazapine 30 mg Orodispersible Tablet,Mirtazapine 30 mg Orodispersible Tab,http://fhir.hie.moh.gov.my/CodeSystem/drug-my-core,CodeSystemDrugMyCore
N06AX11000T4001XX,Mirtazapine 15 mg Orodispersible Tablet,Mirtazapine 15 mg Orodispersible Tab,http://fhir.hie.moh.gov.my/CodeSystem/drug-my-core,CodeSystemDrugMyCore
N06AG02000T1001XX,Moclobemide 150 mg Tablet,Moclobemide 150mg Tab,http://fhir.hie.moh.gov.my/CodeSystem/drug-my-core,CodeSystemDrugMyCore
R03DC03520T2001XX,Montelukast Sodium 5 mg Chewable Tablet,Montelukast Sodium 5mg Chewable Tab,http://fhir.hie.moh.gov.my/CodeSystem/drug-my-core,CodeSystemDrugMyCore
R03DC03520T1001XX,Montelukast Sodium 10 mg Tablet,Montelukast Sodium 10mg Tab,http://fhir.hie.moh.gov.my/CodeSystem/drug-my-core,CodeSystemDrugMyCore
N02AA01183T6001XX,Morphine Sulphate 5 mg Immediate Release Tablet,Morphine Sulphate 5mg IR Tab,http://fhir.hie.moh.gov.my/CodeSystem/drug-my-core,CodeSystemDrugMyCore
N02AA01183T6002XX,Morphine Sulphate 10 mg Immediate Release Tablet,Morphine Sulphate 10mg IR Tab,http://fhir.hie.moh.gov.my/CodeSystem/drug-my-core,CodeSystemDrugMyCore
N02AA01183T5003XX,Morphine Sulphate 60 mg CONTROLLED RELEASE Tablet,Morphine Sulphate 60mg CR Tab,http://fhir.hie.moh.gov.my/CodeSystem/drug-my-core,CodeSystemDrugMyCore
N02AA01183T5001XX,Morphine Sulphate 10 mg CONTROLLED RELEASE Tablet,Morphine Sulphate 10mg CR Tab,http://fhir.hie.moh.gov.my/CodeSystem/drug-my-core,CodeSystemDrugMyCore
N02AA01183T5002XX,Morphine Sulphate 30 mg CONTROLLED RELEASE Tablet,Morphine Sulphate 30mg CR Tab,http://fhir.hie.moh.gov.my/CodeSystem/drug-my-core,CodeSystemDrugMyCore
J01MA14110T1001XX,Moxifloxacin 400mg Tablet,Moxifloxacin 400mg Tab,http://fhir.hie.moh.gov.my/CodeSystem/drug-my-core,CodeSystemDrugMyCore
L04AA06520T1001XX,Mycophenolate Sodium 180mg Tablet,Mycophenolate Sodium 180mg Tab,http://fhir.hie.moh.gov.my/CodeSystem/drug-my-core,CodeSystemDrugMyCore
L04AA06236C1001XX,Mycophenolate Mofetil 250 mg Capsule (CELLCEPT),"Mycophenolate Mofetil 250mg Cap,CELLCEPT",http://fhir.hie.moh.gov.my/CodeSystem/drug-my-core,CodeSystemDrugMyCore
L04AA06236T1002XX,Mycophenolate Mofetil 500 mg tablet (CELLCEPT),"Mycophenolate Mofetil 500mg tab,CELLCEPT",http://fhir.hie.moh.gov.my/CodeSystem/drug-my-core,CodeSystemDrugMyCore
L04AA06520T1002XX,Mycophenolate Sodium 360mg Tablet,Mycophenolate Sodium 360mg Tab,http://fhir.hie.moh.gov.my/CodeSystem/drug-my-core,CodeSystemDrugMyCore
M01AE02520T1001XX,Naproxen Sodium 275 mg Tablet,Naproxen Sodium 275mg Tab,http://fhir.hie.moh.gov.my/CodeSystem/drug-my-core,CodeSystemDrugMyCore
M01AE02000T1001XX,Naproxen 250 mg Tablet,Naproxen 250mg Tab,http://fhir.hie.moh.gov.my/CodeSystem/drug-my-core,CodeSystemDrugMyCore
KPK00129,Nevirapine 50mg/5ml Oral Solution,Nevirapine 50mg/5ml Oral Solution,http://fhir.hie.moh.gov.my/CodeSystem/drug-my-core,CodeSystemDrugMyCore
J05AG01000T1001XX,Nevirapine 200 mg Tablet,Nevirapine 200mg Tab,http://fhir.hie.moh.gov.my/CodeSystem/drug-my-core,CodeSystemDrugMyCore
A11HA01000T1001XX,Nicotinic Acid 50 mg Tablet,Nicotinic Acid 50mg Tab,http://fhir.hie.moh.gov.my/CodeSystem/drug-my-core,CodeSystemDrugMyCore
C10AD02000T1001XX,Nicotinic Acid 500 mg Tablet,Nicotinic Acid 500mg Tab,http://fhir.hie.moh.gov.my/CodeSystem/drug-my-core,CodeSystemDrugMyCore
GLN0100037,Nifedipine 1mg/mL Suspension,Nifedipine 1mg/mL Suspension,http://fhir.hie.moh.gov.my/CodeSystem/drug-my-core,CodeSystemDrugMyCore
C08CA05000T1001XX,Nifedipine 10 mg Tablet,Nifedipine 10mg Tab,http://fhir.hie.moh.gov.my/CodeSystem/drug-my-core,CodeSystemDrugMyCore
L01XE08110C1001XX,Nilotinib 200 mg Capsule,Nilotinib 200mg Cap,http://fhir.hie.moh.gov.my/CodeSystem/drug-my-core,CodeSystemDrugMyCore
C08CA06000T1001XX,Nimodipine 30 mg Tablet,Nimodipine 30 mg Tab,http://fhir.hie.moh.gov.my/CodeSystem/drug-my-core,CodeSystemDrugMyCore
N05CD02000T1001XX,Nitrazepam 5 mg Tablet,Nitrazepam 5mg Tab,http://fhir.hie.moh.gov.my/CodeSystem/drug-my-core,CodeSystemDrugMyCore
GLN0100038,Nitrofurantoin Suspension 10mg/ml,Nitrofurantoin Suspension 10mg/ml,http://fhir.hie.moh.gov.my/CodeSystem/drug-my-core,CodeSystemDrugMyCore
J01XE01000T1002XX,Nitrofurantoin 100 mg Tablet,Nitrofurantoin 100mg Tab,http://fhir.hie.moh.gov.my/CodeSystem/drug-my-core,CodeSystemDrugMyCore
G03AC01000T1001XX,Norethisterone 0.35 mg Tablet,Norethisterone 0.35mg Tab,http://fhir.hie.moh.gov.my/CodeSystem/drug-my-core,CodeSystemDrugMyCore
A07AA02000L8001XX,"Nystatin 100,000 units/ml Suspension","Nystatin 100,000 units/ml Suspension",http://fhir.hie.moh.gov.my/CodeSystem/drug-my-core,CodeSystemDrugMyCore
A07AA02000T1001XX,"Nystatin 500,000 units Tablet","Nystatin 500,000 units Tab",http://fhir.hie.moh.gov.my/CodeSystem/drug-my-core,CodeSystemDrugMyCore
J01MA01000T1001XX,Ofloxacin 100 mg Tablet,Ofloxacin 100mg Tab,http://fhir.hie.moh.gov.my/CodeSystem/drug-my-core,CodeSystemDrugMyCore
N05AH03000T1001XX,Olanzapine 5 mg Tablet,Olanzapine 5mg Tab,http://fhir.hie.moh.gov.my/CodeSystem/drug-my-core,CodeSystemDrugMyCore
N05AH03000T4001XX,Olanzapine 5mg DISINTEGRATING Tablet,Olanzapine 5mg DISINTEGRATING Tab,http://fhir.hie.moh.gov.my/CodeSystem/drug-my-core,CodeSystemDrugMyCore
N05AH03000T1002XX,Olanzapine 10 mg Tablet,Olanzapine 10mg Tab,http://fhir.hie.moh.gov.my/CodeSystem/drug-my-core,CodeSystemDrugMyCore
N05AH03000T4002XX,Olanzapine 10 mg DISINTEGRATING Tablet,Olanzapine 10mg DISINTEGRATING Tab,http://fhir.hie.moh.gov.my/CodeSystem/drug-my-core,CodeSystemDrugMyCore
A02BC01000C1001XX,Omeprazole 10 mg Capsule,Omeprazole 10mg Cap,http://fhir.hie.moh.gov.my/CodeSystem/drug-my-core,CodeSystemDrugMyCore
A02BC01000C1002XX,Omeprazole 20 mg Capsule,Omeprazole 20mg Cap,http://fhir.hie.moh.gov.my/CodeSystem/drug-my-core,CodeSystemDrugMyCore
GLN0100039,Omeprazole 2mg/mL Suspension,Omeprazole 2mg/mL Suspension,http://fhir.hie.moh.gov.my/CodeSystem/drug-my-core,CodeSystemDrugMyCore
KPK00218,Oseltamivir Phosphate 75mg Capsule/Tablet,Oseltamivir Phosphate 75mg Cap/tab,http://fhir.hie.moh.gov.my/CodeSystem/drug-my-core,CodeSystemDrugMyCore
KPK00217,Oseltamivir 60mg/5ml Oral,Oseltamivir 60mg/5ml Oral,http://fhir.hie.moh.gov.my/CodeSystem/drug-my-core,CodeSystemDrugMyCore
G04BD04110T1001XX,Oxybutynin Chloride 5 mg Tablet,Oxybutynin Chloride 5mg Tab,http://fhir.hie.moh.gov.my/CodeSystem/drug-my-core,CodeSystemDrugMyCore
N02AA05110C1001XX,Oxycodone HCl 5 mg Immediate Release Capsules,Oxycodone HCl 5mg IR Cap,http://fhir.hie.moh.gov.my/CodeSystem/drug-my-core,CodeSystemDrugMyCore
N02AA05110T5001XX,Oxycodone HCl 10 mg PROLONGED RELEASE Tablet,Oxycodone HCl 10mg PR Tab,http://fhir.hie.moh.gov.my/CodeSystem/drug-my-core,CodeSystemDrugMyCore
N02AA05110T5002XX,Oxycodone HCl 20 mg PROLONGED RELEASE Tablet,Oxycodone HCl  20mg PR Tab,http://fhir.hie.moh.gov.my/CodeSystem/drug-my-core,CodeSystemDrugMyCore
A14AA05000T1001XX,Oxymetholone 50 mg Tablet,Oxymetholone 50mg Tab,http://fhir.hie.moh.gov.my/CodeSystem/drug-my-core,CodeSystemDrugMyCore
A09AA02000C1001XX,Pancreatin 150 mg Capsule,Pancreatin 150mg Cap,http://fhir.hie.moh.gov.my/CodeSystem/drug-my-core,CodeSystemDrugMyCore
A02BC02000T1001XX,Pantoprazole 40 mg Tablet,Pantoprazole 40mg Tablet,http://fhir.hie.moh.gov.my/CodeSystem/drug-my-core,CodeSystemDrugMyCore
N02BE01000T1001XX,Paracetamol 500 mg Tablet,Paracetamol 500mg Tab,http://fhir.hie.moh.gov.my/CodeSystem/drug-my-core,CodeSystemDrugMyCore
L01XE11110T1002XX,Pazopanib 400mg tablet,Pazopanib 400mg tablet,http://fhir.hie.moh.gov.my/CodeSystem/drug-my-core,CodeSystemDrugMyCore
L01XE11110T1001XX,Pazopanib 200mg Tablet,Pazopanib 200mg Tablet,http://fhir.hie.moh.gov.my/CodeSystem/drug-my-core,CodeSystemDrugMyCore
J01MA03000T1001XX,Pefloxacin 400 mg Tablet,Pefloxacin 400mg Tab,http://fhir.hie.moh.gov.my/CodeSystem/drug-my-core,CodeSystemDrugMyCore
M01CC01000C1001XX,Penicillamine 250mg Capsule,D-Penicillamine 250mg Cap,http://fhir.hie.moh.gov.my/CodeSystem/drug-my-core,CodeSystemDrugMyCore
GLN0100040,Pentoxifylline 20mg/mL Solution,Pentoxifylline 20mg/mL Solution,http://fhir.hie.moh.gov.my/CodeSystem/drug-my-core,CodeSystemDrugMyCore
C04AD03000T1001XX,Pentoxifylline 400 mg Tablet,Pentoxifylline 400mg Tab,http://fhir.hie.moh.gov.my/CodeSystem/drug-my-core,CodeSystemDrugMyCore
C09AA04000T1002XX,Perindopril 8 mg Tablet,Perindopril 8 mg Tablet,http://fhir.hie.moh.gov.my/CodeSystem/drug-my-core,CodeSystemDrugMyCore
C09AA04000T1001XX,Perindopril 4 mg Tablet,Perindopril 4 mg Tablet,http://fhir.hie.moh.gov.my/CodeSystem/drug-my-core,CodeSystemDrugMyCore
N05AB03000T1001XX,Perphenazine 4 mg Tablet,Perphenazine 4mg Tab,http://fhir.hie.moh.gov.my/CodeSystem/drug-my-core,CodeSystemDrugMyCore
GLN0100041,Phenobarbitone 10mg/mL Suspension,Phenobarbitone 10mg/mL Suspension,http://fhir.hie.moh.gov.my/CodeSystem/drug-my-core,CodeSystemDrugMyCore
N03AA02000T1002XX,Phenobarbitone 30 mg Tablet,Phenobarbitone 30mg Tab,http://fhir.hie.moh.gov.my/CodeSystem/drug-my-core,CodeSystemDrugMyCore
J01CE02500T1001XX,Phenoxymethyl Penicillin 125 mg Tablet,Phenoxymethyl Penicllin 125mg Tab,http://fhir.hie.moh.gov.my/CodeSystem/drug-my-core,CodeSystemDrugMyCore
J01CE02500F2101XX,Phenoxymethyl Penicillin 125 mg/5 ml Syrup,Phenoxymethyl Penicillin 125 mg/5 ml Syp,http://fhir.hie.moh.gov.my/CodeSystem/drug-my-core,CodeSystemDrugMyCore
J01CE02500T1002XX,Phenoxymethyl Penicillin 250 mg Tablet,Phenoxymethyl Penicillin 250mg Tab,http://fhir.hie.moh.gov.my/CodeSystem/drug-my-core,CodeSystemDrugMyCore
C09AA05000T1001XX,Ramipril 2.5 mg Tablet,Ramipril 2.5mg Tab,http://fhir.hie.moh.gov.my/CodeSystem/drug-my-core,CodeSystemDrugMyCore
C09AA05000T1002XX,Ramipril 5 mg Tablet/Capsule,Ramipril 5mg Tab/Cap,http://fhir.hie.moh.gov.my/CodeSystem/drug-my-core,CodeSystemDrugMyCore
A10BX02000T1001XX,Repaglinide 2 mg Tablet,Repaglinide 2mg Tab,http://fhir.hie.moh.gov.my/CodeSystem/drug-my-core,CodeSystemDrugMyCore
J05AB04000C1001XX,Ribavirin 200 mg Capsule,Ribavirin 200mg Cap,http://fhir.hie.moh.gov.my/CodeSystem/drug-my-core,CodeSystemDrugMyCore
J04AB02000C1002XX,Rifampicin 300 mg Capsule,Rifampicin 300mg Cap,http://fhir.hie.moh.gov.my/CodeSystem/drug-my-core,CodeSystemDrugMyCore
J04AB02000C1001XX,Rifampicin 150 mg Capsule,Rifampicin 150mg Cap,http://fhir.hie.moh.gov.my/CodeSystem/drug-my-core,CodeSystemDrugMyCore
J04AB02000L9001XX,Rifampicin 100 mg/5 ml Syrup,Rifampicin 100 mg/5 ml Syrup,http://fhir.hie.moh.gov.my/CodeSystem/drug-my-core,CodeSystemDrugMyCore
N05AX08000T1002XX,Risperidone 2 mg Tablet,Risperidone 2mg Tab,http://fhir.hie.moh.gov.my/CodeSystem/drug-my-core,CodeSystemDrugMyCore
N05AX08000L5001XX,Risperidone 1 mg/ml Oral Solution,Risperidone 1 mg/ml Oral Solution,http://fhir.hie.moh.gov.my/CodeSystem/drug-my-core,CodeSystemDrugMyCore
N05AX08000T1001XX,Risperidone 1 mg Tablet,Risperidone 1mg Tab,http://fhir.hie.moh.gov.my/CodeSystem/drug-my-core,CodeSystemDrugMyCore
J05AE03000C1001XX,Ritonavir 100 mg Tablet/Capsule,Ritonavir 100mg Tab/Cap,http://fhir.hie.moh.gov.my/CodeSystem/drug-my-core,CodeSystemDrugMyCore
B01AX06000T1001XX,Rivaroxaban 10 mg Tablet,Rivaroxaban 10mg Tab,http://fhir.hie.moh.gov.my/CodeSystem/drug-my-core,CodeSystemDrugMyCore
B01AX06000T1002XX,Rivaroxaban 15 mg Tablet,Rivaroxaban 15 mg Tablet,http://fhir.hie.moh.gov.my/CodeSystem/drug-my-core,CodeSystemDrugMyCore
B01AX06000T1003XX,Rivaroxaban 20 mg Tablet,Rivaroxaban 20 mg Tablet,http://fhir.hie.moh.gov.my/CodeSystem/drug-my-core,CodeSystemDrugMyCore
N06DA03123C1003XX,Rivastigmine 4.5 mg Capsule,Rivastigmine 4.5mg Cap,http://fhir.hie.moh.gov.my/CodeSystem/drug-my-core,CodeSystemDrugMyCore
N06DA03123L9901XX,Rivastigmine 2 mg/ml Oral Solution,Rivastigmine 2 mg/ml Oral Solution,http://fhir.hie.moh.gov.my/CodeSystem/drug-my-core,CodeSystemDrugMyCore
N06DA03123C1002XX,Rivastigmine 3 mg Capsule,Rivastigmine 3mg Cap,http://fhir.hie.moh.gov.my/CodeSystem/drug-my-core,CodeSystemDrugMyCore
N06DA03123C1001XX,Rivastigmine 1.5 mg Capsule,Rivastigmine 1.5mg Cap,http://fhir.hie.moh.gov.my/CodeSystem/drug-my-core,CodeSystemDrugMyCore
N04BC04110T5003XX,Ropinirole HCl 2mg 24H ER Tablet,Ropinirole HCl 2mg 24H ER Tablet,http://fhir.hie.moh.gov.my/CodeSystem/drug-my-core,CodeSystemDrugMyCore
N04BCO4110T1001XX,Ropinirole HCl 0.25 mg Tablet,Ropinirole HCl 0.25mg Tab,http://fhir.hie.moh.gov.my/CodeSystem/drug-my-core,CodeSystemDrugMyCore
N04BC04110T5004XX,Ropinirole HCl 4mg 24H ER Tablet,Ropinirole HCl 4mg 24H ER Tablet,http://fhir.hie.moh.gov.my/CodeSystem/drug-my-core,CodeSystemDrugMyCore
A10BG02000T1002XX,Rosiglitazone 4 mg Tablet,Rosiglitazone 4mg Tab,http://fhir.hie.moh.gov.my/CodeSystem/drug-my-core,CodeSystemDrugMyCore
C10AA07390T1002XX,Rosuvastatin 10 mg Tablet,Rosuvastatin 10mg Tab,http://fhir.hie.moh.gov.my/CodeSystem/drug-my-core,CodeSystemDrugMyCore
C10AA07390T1003XX,Rosuvastatin 20 mg Tablet,Rosuvastatin 20mg Tab,http://fhir.hie.moh.gov.my/CodeSystem/drug-my-core,CodeSystemDrugMyCore
R03CC02183T1001XX,Salbutamol 2 mg Tablet,Salbutamol 2mg Tab,http://fhir.hie.moh.gov.my/CodeSystem/drug-my-core,CodeSystemDrugMyCore
A10BH03000T1002XX,Saxagliptin 5 mg Tablet,Saxagliptin 5mg Tab,http://fhir.hie.moh.gov.my/CodeSystem/drug-my-core,CodeSystemDrugMyCore
A10BH03000T1001XX,Saxagliptin 2.5 mg Tablet,Saxagliptin 2.5mg Tab,http://fhir.hie.moh.gov.my/CodeSystem/drug-my-core,CodeSystemDrugMyCore
N04BD01110T1001XX,Selegiline HCl 5 mg Tablet,Selegiline HCl 5mg Tab,http://fhir.hie.moh.gov.my/CodeSystem/drug-my-core,CodeSystemDrugMyCore
N06AB06110T1001XX,Sertraline HCI 50 mg Tablet,Sertraline HCI 50mg Tab,http://fhir.hie.moh.gov.my/CodeSystem/drug-my-core,CodeSystemDrugMyCore
C10AA01000T1002XX,Simvastatin 20 mg Tablet,Simvastatin 20mg Tab,http://fhir.hie.moh.gov.my/CodeSystem/drug-my-core,CodeSystemDrugMyCore
C10AA01000T1001XX,Simvastatin 10 mg Tablet,Simvastatin 10mg Tab,http://fhir.hie.moh.gov.my/CodeSystem/drug-my-core,CodeSystemDrugMyCore
C03DA01000T1001XX,Spironolactone 25 mg Tablet,Spironolactone 25mg Tab,http://fhir.hie.moh.gov.my/CodeSystem/drug-my-core,CodeSystemDrugMyCore
GLN0100047,Spironolactone 2.5mg/ml Syrup,Spironolactone 2.5mg/ml Syrup,http://fhir.hie.moh.gov.my/CodeSystem/drug-my-core,CodeSystemDrugMyCore
J05AF04000L5001XX,Stavudine 1 mg/ml Solution,Stavudine 1 mg/ml Solution,http://fhir.hie.moh.gov.my/CodeSystem/drug-my-core,CodeSystemDrugMyCore
J05AF04000C1001XX,Stavudine 30 mg Capsule,Stavudine 30mg Cap,http://fhir.hie.moh.gov.my/CodeSystem/drug-my-core,CodeSystemDrugMyCore
J05AF04000C1002XX,Stavudine 40 mg Capsule,Stavudine 40mg Cap,http://fhir.hie.moh.gov.my/CodeSystem/drug-my-core,CodeSystemDrugMyCore
A02BX02000T1001XX,Sucralfate 1 g Tablet,Sucralfate 1g Tab,http://fhir.hie.moh.gov.my/CodeSystem/drug-my-core,CodeSystemDrugMyCore
A07EC01000T1001XX,Salicylazosulphapyridine (Sulfasalazine) 500 mg Tablet,Sulfasalazine 500mg Tab,http://fhir.hie.moh.gov.my/CodeSystem/drug-my-core,CodeSystemDrugMyCore
N05AL01000T1001XX,Sulpiride 200 mg Tablet,Sulpiride 200mg Tab,http://fhir.hie.moh.gov.my/CodeSystem/drug-my-core,CodeSystemDrugMyCore
N02CC01000T5001XX,Sumatriptan 50 mg Fast Disintegrating Tablet,Sumatriptan 50mg Fast Disintegrating Tab,http://fhir.hie.moh.gov.my/CodeSystem/drug-my-core,CodeSystemDrugMyCore
N02CC01000T1001XX,Sumatriptan 50 mg Tablet,Sumatriptan 50mg Tab,http://fhir.hie.moh.gov.my/CodeSystem/drug-my-core,CodeSystemDrugMyCore
N02CC01000T1002XX,Sumatriptan 100 mg Tablet,Sumatriptan 100mg Tab,http://fhir.hie.moh.gov.my/CodeSystem/drug-my-core,CodeSystemDrugMyCore
KPK00030,Sunitinib 12.5mg Capsule,Sunitinib 12.5mg Capsule,http://fhir.hie.moh.gov.my/CodeSystem/drug-my-core,CodeSystemDrugMyCore
L04AD02000C1002XX,Tacrolimus 5 mg Capsule,Tacrolimus 5mg Cap,http://fhir.hie.moh.gov.my/CodeSystem/drug-my-core,CodeSystemDrugMyCore
L04AD02000C1001XX,Tacrolimus 1 mg Capsule,Tacrolimus 1mg Cap,http://fhir.hie.moh.gov.my/CodeSystem/drug-my-core,CodeSystemDrugMyCore
L02BA01136T1001XX,Tamoxifen Citrate 20 mg Tablet,Tamoxifen Citrate 20mg Tab,http://fhir.hie.moh.gov.my/CodeSystem/drug-my-core,CodeSystemDrugMyCore
G04CA02110T5001XX,Tamsulosin HCl 400 mcg EXTENDED RELEASE Tablet,Tamsulosin HCl 400mcg ER Tab,http://fhir.hie.moh.gov.my/CodeSystem/drug-my-core,CodeSystemDrugMyCore
J05AF11000T1001XX,Telbivudine 600 mg Tablet,Telbivudine 600mg Tab,http://fhir.hie.moh.gov.my/CodeSystem/drug-my-core,CodeSystemDrugMyCore
C09CA07000T1001XX,Telmisartan 40 mg Tablet,Telmisartan 40mg Tab,http://fhir.hie.moh.gov.my/CodeSystem/drug-my-core,CodeSystemDrugMyCore
L01AX03000C1003XX,Temozolomide 100 mg Capsule,Temozolomide 100mg Cap,http://fhir.hie.moh.gov.my/CodeSystem/drug-my-core,CodeSystemDrugMyCore
J05AF07138T1001XX,Tenofovir Disoproxil Fumarate 300 mg Tablet,Tenofovir DF 300mg Tab,http://fhir.hie.moh.gov.my/CodeSystem/drug-my-core,CodeSystemDrugMyCore
G04CA03110T1003XX,Terazosin HCl 5 mg Tablet,Terazosin HCl 5mg Tab,http://fhir.hie.moh.gov.my/CodeSystem/drug-my-core,CodeSystemDrugMyCore
G04CA03110T1001XX,Terazosin HCl 1 mg Tablet,Terazosin HCl 1mg Tab,http://fhir.hie.moh.gov.my/CodeSystem/drug-my-core,CodeSystemDrugMyCore
R03CC03183T1001XX,Terbutaline Sulphate 2.5 mg Tablet,Terbutaline Sulphate 2.5mg Tab,http://fhir.hie.moh.gov.my/CodeSystem/drug-my-core,CodeSystemDrugMyCore
J01AA07110T1001XX,Tetracycline HCl 250 mg Tablet,Tetracycline HCl 250mg Tab,http://fhir.hie.moh.gov.my/CodeSystem/drug-my-core,CodeSystemDrugMyCore
R03DA04000T1001XX,Theophylline 125 mg Tablet,Theophylline 125mg Tab,http://fhir.hie.moh.gov.my/CodeSystem/drug-my-core,CodeSystemDrugMyCore
R03DA04000T5001XX,Theophylline 250 mg Long Acting Tablet,Theophylline 250mg Long Acting Tab,http://fhir.hie.moh.gov.my/CodeSystem/drug-my-core,CodeSystemDrugMyCore
L01BB03000T1001XX,Thioguanine 40 mg Tablet,Thioguanine 40mg Tab,http://fhir.hie.moh.gov.my/CodeSystem/drug-my-core,CodeSystemDrugMyCore
G03CX01000T1001XX,Tibolone 2.5 mg Tablet,Tibolone 2.5mg Tab,http://fhir.hie.moh.gov.my/CodeSystem/drug-my-core,CodeSystemDrugMyCore
B01AC05110T1001XX,Ticlopidine HCl 250 mg Tablet,Ticlopidine HCl 250mg Tab,http://fhir.hie.moh.gov.my/CodeSystem/drug-my-core,CodeSystemDrugMyCore
G04BD07123C2002XX,Tolterodine Tartrate ER 4 mg Capsule,Tolterodine Tartrate ER 4mg Cap,http://fhir.hie.moh.gov.my/CodeSystem/drug-my-core,CodeSystemDrugMyCore
KPK00194,Tolterodine Tartrate 2mg Tablet,Tolterodine Tartrate 2mg Tablet,http://fhir.hie.moh.gov.my/CodeSystem/drug-my-core,CodeSystemDrugMyCore
N03AX11000T1002XX,Topiramate 50 mg Tablet,Topiramate 50mg Tab,http://fhir.hie.moh.gov.my/CodeSystem/drug-my-core,CodeSystemDrugMyCore
N03AX11000C1002XX,Topiramate 25 mg Capsule Sprinkle,Topiramate 25mg Cap Sprinkle,http://fhir.hie.moh.gov.my/CodeSystem/drug-my-core,CodeSystemDrugMyCore
N03AX11000C1001XX,Topiramate 15 mg Capsule Sprinkle,Topiramate 15mg Cap Sprinkle,http://fhir.hie.moh.gov.my/CodeSystem/drug-my-core,CodeSystemDrugMyCore
D05AA00946G5003b,"Coal Tar 3%, Betamethasone 0.01 % Ointment","Coal Tar 3%, Betamethasone 0.01 % Oint",http://fhir.hie.moh.gov.my/CodeSystem/drug-my-core,CodeSystemDrugMyCore
D05AA00946G5002c,"Coal Tar 6%, Salicylic Acid 2% Ointment","Coal Tar 6%, Salicylic Acid 2% Ointment",http://fhir.hie.moh.gov.my/CodeSystem/drug-my-core,CodeSystemDrugMyCore
GLN0200020,Emulsificant Ointment (Ung Emulsificant),Emulsificant Ointment,http://fhir.hie.moh.gov.my/CodeSystem/drug-my-core,CodeSystemDrugMyCore
GLN0200002,Betamethasone Valerate 1 in 2 Cream (0.05%),Betamethasone 1 in 2 Cream,http://fhir.hie.moh.gov.my/CodeSystem/drug-my-core,CodeSystemDrugMyCore
D07CC01947G5002XX,Neomycin 0.5% in Betamethasone 17-Valerate 0.1% Ointment,Neomycin 0.5% in Betamet 17-Val 0.1%Oint,http://fhir.hie.moh.gov.my/CodeSystem/drug-my-core,CodeSystemDrugMyCore
D07CC01947G5001XX,Neomycin 0.5% in Betamethasone 17-Valerate 0.01% Ointment,Neomycin 0.5%in Betamet 17-Val 0.01%Oint,http://fhir.hie.moh.gov.my/CodeSystem/drug-my-core,CodeSystemDrugMyCore
D07CC01948G1001XX,Fusidic Acid 2% in Betamethasone Valerate 0.1% Cream,"Fusidic Acid 2%, Betamethasone 0.1% Cr",http://fhir.hie.moh.gov.my/CodeSystem/drug-my-core,CodeSystemDrugMyCore
D07CC01947G1002XX,Neomycin 0.5% in Betamethasone 17-Valerate 0.1% Cream,Neomycin 0.5% in Betamet 17-Val 0.1% Cr,http://fhir.hie.moh.gov.my/CodeSystem/drug-my-core,CodeSystemDrugMyCore
D07CC01947G1001XX,Neomycin 0.5% in Betamethasone 17-Valerate 0.01% Cream,Neomycin 0.5% in Betamet 17-Val 0.01% Cr,http://fhir.hie.moh.gov.my/CodeSystem/drug-my-core,CodeSystemDrugMyCore
D08AC02137L9901XX,Chlorhexidine Gluconate 5% Solution,Chlorhexidine Gluconate 5% Solution,http://fhir.hie.moh.gov.my/CodeSystem/drug-my-core,CodeSystemDrugMyCore
D06AA02000G1001XX,Chlortetracycline 1% Cream,Chlortetracycline 1% Cream,http://fhir.hie.moh.gov.my/CodeSystem/drug-my-core,CodeSystemDrugMyCore
D07AD01133G5001XX,Clobetasol Propionate 0.05% Ointment,Clobetasol Propionate 0.05% Ointment,http://fhir.hie.moh.gov.my/CodeSystem/drug-my-core,CodeSystemDrugMyCore
D07AD01133G1001XX,Clobetasol Propionate 0.05% Cream,Clobetasol Propionate 0.05% Cream,http://fhir.hie.moh.gov.my/CodeSystem/drug-my-core,CodeSystemDrugMyCore
D07AB01255G1001XX,Clobetasone Butyrate 0.05% Cream,Clobetasone Butyrate 0.05% Cream,http://fhir.hie.moh.gov.my/CodeSystem/drug-my-core,CodeSystemDrugMyCore
D07AB01255G5001XX,Clobetasone Butyrate 0.05% Ointment,Clobetasone Butyrate 0.05% Ointment,http://fhir.hie.moh.gov.my/CodeSystem/drug-my-core,CodeSystemDrugMyCore
D01AC01000L6001XX,Clotrimazole 1% Solution,Clotrimazole 1% Solution,http://fhir.hie.moh.gov.my/CodeSystem/drug-my-core,CodeSystemDrugMyCore
D01AC01000G1001XX,Clotrimazole 1% Cream,Clotrimazole 1% Cream,http://fhir.hie.moh.gov.my/CodeSystem/drug-my-core,CodeSystemDrugMyCore
D05AC01000G6001XX,Dithranol 1 % in Lassars Paste,Dithranol 1 % in Lassars Paste,http://fhir.hie.moh.gov.my/CodeSystem/drug-my-core,CodeSystemDrugMyCore
D02AC00952G5001XX,Emulsifying Ointment BP (Emulsificant Oint),Emulsifying Ointment BP,http://fhir.hie.moh.gov.my/CodeSystem/drug-my-core,CodeSystemDrugMyCore
D06AX01000G1001XX,Fusidic Acid 2% Cream,Fusidic Acid 2% Cream,http://fhir.hie.moh.gov.my/CodeSystem/drug-my-core,CodeSystemDrugMyCore
D06AX07183G1001XX,Gentamicin 0.1% Cream,Gentamicin 0.1% Cream,http://fhir.hie.moh.gov.my/CodeSystem/drug-my-core,CodeSystemDrugMyCore
D07XA01952G5001b,Salicylic Acid 2% in Hydrocortisone 1% Ointment,"Salicylic Acid 2%,Hydrocortisone 1% Oint",http://fhir.hie.moh.gov.my/CodeSystem/drug-my-core,CodeSystemDrugMyCore
D07AA02000G5001XX,Hydrocortisone 1% Ointment,Hydrocortisone 1% Ointment,http://fhir.hie.moh.gov.my/CodeSystem/drug-my-core,CodeSystemDrugMyCore
D06AX09000G1001XX,Mupirocin 2% Cream,Mupirocin 2% Cream,http://fhir.hie.moh.gov.my/CodeSystem/drug-my-core,CodeSystemDrugMyCore
D06AX04256G1001XX,Neomycin 0.5% Cream,Neomycin 0.5% Cream,http://fhir.hie.moh.gov.my/CodeSystem/drug-my-core,CodeSystemDrugMyCore
D01AA01000G5001XX,"Nystatin 100,000 units/g Ointment","Nystatin 100,000 units/g Ointment",http://fhir.hie.moh.gov.my/CodeSystem/drug-my-core,CodeSystemDrugMyCore
D01AA01000G1001XX,"Nystatin 100,000 units/g Cream","Nystatin 100,000 units/g Cream",http://fhir.hie.moh.gov.my/CodeSystem/drug-my-core,CodeSystemDrugMyCore
D06BB04000L7001a,Podophyllum 10 % Paint,Podophyllum 10 % Paint,http://fhir.hie.moh.gov.my/CodeSystem/drug-my-core,CodeSystemDrugMyCore
D06BB04000L7001c,Podophyllum 20% Paint,Podophyllum 20% Paint,http://fhir.hie.moh.gov.my/CodeSystem/drug-my-core,CodeSystemDrugMyCore
D06BB04000L7001b,Podophyllum 15% Paint [Compound Podophyllin Paint BP],Podophyllum 15% Paint,http://fhir.hie.moh.gov.my/CodeSystem/drug-my-core,CodeSystemDrugMyCore
J05AF01000T1001XX,Zidovudine 300 mg Tablet,Zidovudine 300mg Tab,http://fhir.hie.moh.gov.my/CodeSystem/drug-my-core,CodeSystemDrugMyCore
J05AF01000C1001XX,Zidovudine 100 mg Capsule,Zidovudine 100mg Cap,http://fhir.hie.moh.gov.my/CodeSystem/drug-my-core,CodeSystemDrugMyCore
N05CF02123T1001XX,Zolpidem Tartrate 10 mg Tablet,Zolpidem Tartrate 10mg Tab,http://fhir.hie.moh.gov.my/CodeSystem/drug-my-core,CodeSystemDrugMyCore
N05AF05000D5001XX,Zuclopenthixol 20 mg/ml Drops,Zuclopenthixol 20 mg/ml Drops,http://fhir.hie.moh.gov.my/CodeSystem/drug-my-core,CodeSystemDrugMyCore
G04CA03110T1002XX,Terazosin HCl 2 mg Tablet,Terazosin HCl 2mg Tab,http://fhir.hie.moh.gov.my/CodeSystem/drug-my-core,CodeSystemDrugMyCore
P01AB02000T1001XX,Tinidazole 500 mg Tablet,Tinidazole 500mg Tab,http://fhir.hie.moh.gov.my/CodeSystem/drug-my-core,CodeSystemDrugMyCore
N03AF01000T1001XX,Carbamazepine 200mg Tablet,Carbamazepine 200mg Tablet,http://fhir.hie.moh.gov.my/CodeSystem/drug-my-core,CodeSystemDrugMyCore
H03BB01000T1001XX,Carbimazole 5mg Tablet,Carbimazole 5mg Tablet,http://fhir.hie.moh.gov.my/CodeSystem/drug-my-core,CodeSystemDrugMyCore
H02AA02122T1001XX,Fludrocortisone Acetate 0.1 mg Tablet,Fludrocortisone Acetate 0.1mg Tab,http://fhir.hie.moh.gov.my/CodeSystem/drug-my-core,CodeSystemDrugMyCore
N07CA03110C1001XX,Flunarizine HCl 5 mg Capsule,Flunarizine HCl 5mg Cap,http://fhir.hie.moh.gov.my/CodeSystem/drug-my-core,CodeSystemDrugMyCore
L01BC02000T1001XX,Fluorouracil 100 mg Tablet,Fluorouracil 100mg Tab,http://fhir.hie.moh.gov.my/CodeSystem/drug-my-core,CodeSystemDrugMyCore
N06AB03110C1001XX,Fluoxetine HCl 20 mg Capsule/Tablet,Fluoxetine HCl 20mg Cap/Tab,http://fhir.hie.moh.gov.my/CodeSystem/drug-my-core,CodeSystemDrugMyCore
L02BB01000T1001XX,Flutamide 250 mg Tablet,Flutamide 250mg Tab,http://fhir.hie.moh.gov.my/CodeSystem/drug-my-core,CodeSystemDrugMyCore
R01AD08139A4101XX,Fluticasone Furoate 27.5 mcg/dose Nasal Spray (120 doses),Fluticasone Furoate 27.5 mcg Nasal Spray,http://fhir.hie.moh.gov.my/CodeSystem/drug-my-core,CodeSystemDrugMyCore
R03BA05133A2101XX,Fluticasone Propionate 125 mcg/dose Inhalation (120doses),Fluticasone Propionate 125 mcg/dose Inh,http://fhir.hie.moh.gov.my/CodeSystem/drug-my-core,CodeSystemDrugMyCore
N06AB08253T1002XX,Fluvoxamine 100 mg Tablet,Fluvoxamine 100 mg Tab,http://fhir.hie.moh.gov.my/CodeSystem/drug-my-core,CodeSystemDrugMyCore
N06AB08253T1001XX,Fluvoxamine 50 mg Tablet,Fluvoxamine 50mg Tab,http://fhir.hie.moh.gov.my/CodeSystem/drug-my-core,CodeSystemDrugMyCore
KPK00161,Prednisolone 1 mg Tablet,Prednisolone 1 mg Tablet,http://fhir.hie.moh.gov.my/CodeSystem/drug-my-core,CodeSystemDrugMyCore
H02AB06000T1001XX,Prednisolone 5 mg Tablet,Prednisolone 5mg Tab,http://fhir.hie.moh.gov.my/CodeSystem/drug-my-core,CodeSystemDrugMyCore
N03AX16000C1001XX,Pregabalin 75 mg Capsule,Pregabalin 75mg Cap,http://fhir.hie.moh.gov.my/CodeSystem/drug-my-core,CodeSystemDrugMyCore
N03AX16000C1002XX,Pregabalin 150 mg Capsules,Pregabalin 150mg Cap,http://fhir.hie.moh.gov.my/CodeSystem/drug-my-core,CodeSystemDrugMyCore
P01BA03162T1001XX,Primaquine 7.5 mg base Tablet,Primaquine 7.5mg base Tab,http://fhir.hie.moh.gov.my/CodeSystem/drug-my-core,CodeSystemDrugMyCore
N03AA03000T1001XX,Primidone 250 mg Tablet,Primidone 250mg Tab,http://fhir.hie.moh.gov.my/CodeSystem/drug-my-core,CodeSystemDrugMyCore
L04AD02000C1003XX,Tacrolimus 0.5 mg Capsule,Tacrolimus 0.5mg Cap,http://fhir.hie.moh.gov.my/CodeSystem/drug-my-core,CodeSystemDrugMyCore
V03AF03390T1001XX,Leucovorin Calcium 15mg Tablet (Folinic acid),Leucovorin Calcium 15mg Tab,http://fhir.hie.moh.gov.my/CodeSystem/drug-my-core,CodeSystemDrugMyCore
A12AA05125T1001XX,Calcium Lactate 300mg Tablet,Calcium Lactate 300mg Tab,http://fhir.hie.moh.gov.my/CodeSystem/drug-my-core,CodeSystemDrugMyCore
L01BC06000T1002XX,Capecitabine 150mg Tablet,Capecitabine 150mg Tab,http://fhir.hie.moh.gov.my/CodeSystem/drug-my-core,CodeSystemDrugMyCore
L01BC06000T1001XX,Capecitabine 500mg Tablet,Capecitabine 500mg Tab,http://fhir.hie.moh.gov.my/CodeSystem/drug-my-core,CodeSystemDrugMyCore
C09AA01000T1002XX,Captopril 25mg Tablet,Captopril 25mg Tab,http://fhir.hie.moh.gov.my/CodeSystem/drug-my-core,CodeSystemDrugMyCore
GLN0100019,Captopril 1mg/mL Oral Liquid,Captopril 1mg/mL Oral Liquid,http://fhir.hie.moh.gov.my/CodeSystem/drug-my-core,CodeSystemDrugMyCore
N03AF01000T5001XX,Carbamazepine 200mg CR Tablet,Carbamazepine 200mg CR Tablet,http://fhir.hie.moh.gov.my/CodeSystem/drug-my-core,CodeSystemDrugMyCore
N03AF01000T5002XX,Carbamazepine 400mg CR Tablet,Carbamazepine 400mg CR Tablet,http://fhir.hie.moh.gov.my/CodeSystem/drug-my-core,CodeSystemDrugMyCore
N02BA03900G3001XX,"Choline Salicylate 8.7%, Cetylkonium Chloride 0.01% Dental Gel","Choline Salicylate, Cetylkonium Dent Gel",http://fhir.hie.moh.gov.my/CodeSystem/drug-my-core,CodeSystemDrugMyCore
J02AC01000C1002XX,Fluconazole 100 mg Capsule,Fluconazole 100mg Cap,http://fhir.hie.moh.gov.my/CodeSystem/drug-my-core,CodeSystemDrugMyCore
J02AX01000T1001XX,Flucytosine 500 mg Tablet,Flucytosine 500mg Tab,http://fhir.hie.moh.gov.my/CodeSystem/drug-my-core,CodeSystemDrugMyCore
L01BB05162T1001XX,Fludarabine Phosphate 10 mg Tablet,Fludarabine Phosphate 10mg Tab,http://fhir.hie.moh.gov.my/CodeSystem/drug-my-core,CodeSystemDrugMyCore
N04BC05110T1001XX,Pramipexole Dihydrochloride 0.125 mg Tablet,Pramipexole Dihydrochloride 0.125mg Tab,http://fhir.hie.moh.gov.my/CodeSystem/drug-my-core,CodeSystemDrugMyCore
C10AA03520T1001XX,Pravastatin Sodium 20 mg Tablet,Pravastatin Sodium 20mg Tab,http://fhir.hie.moh.gov.my/CodeSystem/drug-my-core,CodeSystemDrugMyCore
C02CA01110T1001XX,Prazosin HCl 1 mg Tablet,Prazosin HCl 1mg Tab,http://fhir.hie.moh.gov.my/CodeSystem/drug-my-core,CodeSystemDrugMyCore
C02CA01110T1003XX,Prazosin HCl 5 mg Tablet,Prazosin HCl 5mg Tab,http://fhir.hie.moh.gov.my/CodeSystem/drug-my-core,CodeSystemDrugMyCore
C07AA07110T1002XX,Sotalol HCl 160 mg Tablet,Sotalol HCl 160mg Tab,http://fhir.hie.moh.gov.my/CodeSystem/drug-my-core,CodeSystemDrugMyCore
C07AA07110T1001XX,Sotalol HCl 80 mg Tablet,Sotalol HCl 80mg Tab,http://fhir.hie.moh.gov.my/CodeSystem/drug-my-core,CodeSystemDrugMyCore
C10AA01000T1003XX,Simvastatin 40 mg Tablet,Simvastatin 40mg Tab,http://fhir.hie.moh.gov.my/CodeSystem/drug-my-core,CodeSystemDrugMyCore
A10BH01000T1003XX,Sitagliptin 100 mg Tablet,Sitagliptin 100mg Tab,http://fhir.hie.moh.gov.my/CodeSystem/drug-my-core,CodeSystemDrugMyCore
A10BH01000T1002XX,Sitagliptin 50 mg Tablet,Sitagliptin 50mg Tab,http://fhir.hie.moh.gov.my/CodeSystem/drug-my-core,CodeSystemDrugMyCore
A10BH01000T1001XX,Sitagliptin 25 mg Tablet,Sitagliptin 25mg Tab,http://fhir.hie.moh.gov.my/CodeSystem/drug-my-core,CodeSystemDrugMyCore
KPK00029,Sorafenib 200mg Tablet,Sorafenib 200mg Tablet,http://fhir.hie.moh.gov.my/CodeSystem/drug-my-core,CodeSystemDrugMyCore
G02CX01122P3001b,"Atosiban 7.5mg/ml Conc for inf soln, 5ml",Atosiban 7.5mg/ml Injection,http://fhir.hie.moh.gov.my/CodeSystem/drug-my-core,CodeSystemDrugMyCore
J01XC01520T1001XX,Fusidic Acid (sodium fusidate) 250 mg Tablet,Fusidic Acid (sodium fusidate) 250mg Tab,http://fhir.hie.moh.gov.my/CodeSystem/drug-my-core,CodeSystemDrugMyCore
N03AX12000T1001XX,Gabapentin 600 mg Tablet,Gabapentin 600mg Tab,http://fhir.hie.moh.gov.my/CodeSystem/drug-my-core,CodeSystemDrugMyCore
N03AX12000T1002XX,Gabapentin 100 mg Tablet,Gabapentin 100mg Tab,http://fhir.hie.moh.gov.my/CodeSystem/drug-my-core,CodeSystemDrugMyCore
C03AA03000T1002XX,Hydrochlorothiazide 50 mg Tablet,Hydrochlorothiazide 50 mg Tab,http://fhir.hie.moh.gov.my/CodeSystem/drug-my-core,CodeSystemDrugMyCore
C03AA03000T1001XX,Hydrochlorothiazide 25 mg Tablet,Hydrochlorothiazide 25 mg Tab,http://fhir.hie.moh.gov.my/CodeSystem/drug-my-core,CodeSystemDrugMyCore
H02AB09000T1001XX,Hydrocortisone 10 mg Tablet,Hydrocortisone 10 mg Tab,http://fhir.hie.moh.gov.my/CodeSystem/drug-my-core,CodeSystemDrugMyCore
J05AE02183C1001XX,Indinavir Sulfate 400 mg Capsule,Indinavir Sulfate 400mg Cap,http://fhir.hie.moh.gov.my/CodeSystem/drug-my-core,CodeSystemDrugMyCore
M02AA23000S2001XX,Indomethacin 100 mg Suppository,Indomethacin 100 mg Suppository,http://fhir.hie.moh.gov.my/CodeSystem/drug-my-core,CodeSystemDrugMyCore
M01AB01000C1001XX,Indomethacin 25 mg Capsule,Indomethacin 25mg Cap,http://fhir.hie.moh.gov.my/CodeSystem/drug-my-core,CodeSystemDrugMyCore
C03CA01000T1001XX,Frusemide 40 mg Tablet,Frusemide 40 mg Tablet,http://fhir.hie.moh.gov.my/CodeSystem/drug-my-core,CodeSystemDrugMyCore
N05AD01000T1001XX,Haloperidol 1.5 mg Tablet,Haloperidol 1.5mg Tablet,http://fhir.hie.moh.gov.my/CodeSystem/drug-my-core,CodeSystemDrugMyCore
N06AA02110T1001XX,Imipramine HCI 25 mg Tablet,Imipramine HCI 25mg Tab,http://fhir.hie.moh.gov.my/CodeSystem/drug-my-core,CodeSystemDrugMyCore
A03AA04110T1002XX,Mebeverine 135 mg Tablet,Mebeverine 135mg Tab,http://fhir.hie.moh.gov.my/CodeSystem/drug-my-core,CodeSystemDrugMyCore
G03DA02122T1001XX,Medroxyprogesterone Acetate 5 mg Tablet,Medroxyprogesterone  Acetate 5mg Tab,http://fhir.hie.moh.gov.my/CodeSystem/drug-my-core,CodeSystemDrugMyCore
G03DA02122T1002XX,Medroxyprogesterone Acetate 10 mg Tablet,Medroxyprogesterone Acetate 10mg Tab,http://fhir.hie.moh.gov.my/CodeSystem/drug-my-core,CodeSystemDrugMyCore
N02AA05110T5003XX,Oxycodone HCl 40 mg PROLONGED RELEASE Tablet,Oxycodone HCl 40mg PR Tab,http://fhir.hie.moh.gov.my/CodeSystem/drug-my-core,CodeSystemDrugMyCore
N02AA05110C1002XX,Oxycodone HCl 10 mg Immediate Release Capsules,Oxycodone HCl 10mg IR Cap,http://fhir.hie.moh.gov.my/CodeSystem/drug-my-core,CodeSystemDrugMyCore
N02AA05110C1003XX,Oxycodone HCl 20 mg Immediate Release Capsules,Oxycodone HCl 20mg IR Cap,http://fhir.hie.moh.gov.my/CodeSystem/drug-my-core,CodeSystemDrugMyCore
D08AX06362L9902XX,"Potassium Permanganate 1 in 20,000 Solution","Potassium Permanganate 1 in 20,000 Soln",http://fhir.hie.moh.gov.my/CodeSystem/drug-my-core,CodeSystemDrugMyCore
D06BA01199G1001XX,Silver Sulfadiazine 1% Cream,Silver Sulfadiazine 1% Cream,http://fhir.hie.moh.gov.my/CodeSystem/drug-my-core,CodeSystemDrugMyCore
D10AB02951G1001XX,"Sulphur 2%, Salicylic Acid 2% Cream","Sulphur 2%, Salicylic Acid 2% Cream",http://fhir.hie.moh.gov.my/CodeSystem/drug-my-core,CodeSystemDrugMyCore
G01AF08000G5001XX,Tioconazole 6.5% Vaginal Ointment,Tioconazole 6.5% Vaginal Ointment,http://fhir.hie.moh.gov.my/CodeSystem/drug-my-core,CodeSystemDrugMyCore
D01AE12000L6001XX,Salicylic Acid 2 % Lotion,Salicylic Acid 2 % Lotion,http://fhir.hie.moh.gov.my/CodeSystem/drug-my-core,CodeSystemDrugMyCore
D01AE12000G5001c,Salicylic Acid 10% Ointment,Salicylic Acid 10% Ointment,http://fhir.hie.moh.gov.my/CodeSystem/drug-my-core,CodeSystemDrugMyCore
D01AE12000G5001a,Salicylic Acid 2% Ointment,Salicylic Acid 2% Ointment,http://fhir.hie.moh.gov.my/CodeSystem/drug-my-core,CodeSystemDrugMyCore
D01AE12000G5002XX,Salicylic Acid 20% Ointment,Salicylic Acid 20% Ointment,http://fhir.hie.moh.gov.my/CodeSystem/drug-my-core,CodeSystemDrugMyCore
D01AE12000G1001a,Salicylic Acid 2% Cream,Salicylic Acid 2% Cream,http://fhir.hie.moh.gov.my/CodeSystem/drug-my-core,CodeSystemDrugMyCore
D01AE12000G5001b,Salicylic Acid 5% Ointment,Salicylic Acid 5% Ointment,http://fhir.hie.moh.gov.my/CodeSystem/drug-my-core,CodeSystemDrugMyCore
D01AE12000G1001b,Salicylic Acid 5% Cream,Salicylic Acid 5% Cream,http://fhir.hie.moh.gov.my/CodeSystem/drug-my-core,CodeSystemDrugMyCore
D01AE12000G1001c,Salicylic Acid 10% Cream,Salicylic Acid 10% Cream,http://fhir.hie.moh.gov.my/CodeSystem/drug-my-core,CodeSystemDrugMyCore
GLN0200019,Betamethasone Valerate 1 in 4 Ointment,Betamethasone 1 in 4 Ointment,http://fhir.hie.moh.gov.my/CodeSystem/drug-my-core,CodeSystemDrugMyCore
GLN0200017,Betamethasone Valerate 1 in 10 Ointment,Betamethasone 1 in 10 Ointment,http://fhir.hie.moh.gov.my/CodeSystem/drug-my-core,CodeSystemDrugMyCore
D04AX00952L6001XX,Calamine with 0.25% Menthol Lotion,Calamine with 0.25% Menthol Lotion,http://fhir.hie.moh.gov.my/CodeSystem/drug-my-core,CodeSystemDrugMyCore
D07AC01256G1002XX,Betamethasone 17-Valerate 0.1% Cream,Betamethasone 17-Valerate 0.1% Cream,http://fhir.hie.moh.gov.my/CodeSystem/drug-my-core,CodeSystemDrugMyCore
D05AX02000G5001XX,Calcipotriol 50 mcg/g Ointment,Calcipotriol 50 mcg/g Ointment,http://fhir.hie.moh.gov.my/CodeSystem/drug-my-core,CodeSystemDrugMyCore
D05AX02000G1001XX,Calcipotriol 50 mcg/g Cream,Calcipotriol 50 mcg/g Cream,http://fhir.hie.moh.gov.my/CodeSystem/drug-my-core,CodeSystemDrugMyCore
D05AX02000L9901XX,Calcipotriol 50 mcg/ml Scalp Solution,Calcipotriol 50 mcg/ml Scalp Solution,http://fhir.hie.moh.gov.my/CodeSystem/drug-my-core,CodeSystemDrugMyCore
D05AX52952G3001XX,Calcipotriol 50 mcg/g  Betamethasone 0.5 mg/g Gel,"Calcipotriol, Betamethasone Gel",http://fhir.hie.moh.gov.my/CodeSystem/drug-my-core,CodeSystemDrugMyCore
D05AX52952G5001XX,Calcipotriol 50 mcg/g  Betamethasone 0.5 mg/g Ointment,Calcipotriol 50mcg/g  Beta 0.5mg/g Oint,http://fhir.hie.moh.gov.my/CodeSystem/drug-my-core,CodeSystemDrugMyCore
V07AY00250G4001XX,Hydroxyethyl Cellulose Jelly (KY Jelly),Hydroxyethyl Cellulose Jelly (KY Jelly),http://fhir.hie.moh.gov.my/CodeSystem/drug-my-core,CodeSystemDrugMyCore
D05AC01000G5001XX,Dithranol 0.1 - 5% in Vaseline/ Ointment,Dithranol 0.1 - 5% in Vaseline/ Ointment,http://fhir.hie.moh.gov.my/CodeSystem/drug-my-core,CodeSystemDrugMyCore
D06AX01520G5001XX,Fusidic Acid 2% Ointment,Fusidic Acid 2% Ointment,http://fhir.hie.moh.gov.my/CodeSystem/drug-my-core,CodeSystemDrugMyCore
P03AB02100G1002XX,Gamma Benzene Hexachloride 1% Cream,Gamma Benzene Hexachloride 1% Cream,http://fhir.hie.moh.gov.my/CodeSystem/drug-my-core,CodeSystemDrugMyCore
P03AB02100L6001XX,Gamma Benzene Hexachloride 0.1 % Lotion,Gamma Benzene Hexachloride 0.1 % Lotion,http://fhir.hie.moh.gov.my/CodeSystem/drug-my-core,CodeSystemDrugMyCore
P03AB02100L9901XX,Gamma Benzene Hexachloride 0.1% in Oil Solution,Gamma Benzene Hexachlor 0.1% in Oil Sol,http://fhir.hie.moh.gov.my/CodeSystem/drug-my-core,CodeSystemDrugMyCore
D06BB10000G1001XX,Imiquimod 5 % w/w Cream,Imiquimod 5 % w/w Cream,http://fhir.hie.moh.gov.my/CodeSystem/drug-my-core,CodeSystemDrugMyCore
D01AC08000L5201XX,Ketoconazole 2% Shampoo,Ketoconazole 2% Shampoo,http://fhir.hie.moh.gov.my/CodeSystem/drug-my-core,CodeSystemDrugMyCore
P03AX03000L5201XX,Malathion 1 % Shampoo,Malathion 1 % Shampoo,http://fhir.hie.moh.gov.my/CodeSystem/drug-my-core,CodeSystemDrugMyCore
D03AX00000G6001XX,Protein Free Haemodialysate Dental Adhesive Paste,Prot Free H.dialysate Dental Adhes Paste,http://fhir.hie.moh.gov.my/CodeSystem/drug-my-core,CodeSystemDrugMyCore
D01AE12952G6001XX,"Salicylic Acid, Zinc Oxide Paste (Lassar's)","Salicylic Acid, Starch, Zinc Oxide Paste",http://fhir.hie.moh.gov.my/CodeSystem/drug-my-core,CodeSystemDrugMyCore
D08AL01221L6001XX,Silver Nitrate 0.5% Lotion,Silver Nitrate 0.5% Lotion,http://fhir.hie.moh.gov.my/CodeSystem/drug-my-core,CodeSystemDrugMyCore
D08A000999G9901XX,Chlorinated Lime and Boric Acid Solution BP (Eusol),Chlorinated Lime & Boric Acid Soln,http://fhir.hie.moh.gov.my/CodeSystem/drug-my-core,CodeSystemDrugMyCore
D11AH01000G5002XX,Tacrolimus 0.03% Ointment,Tacrolimus 0.03% Ointment,http://fhir.hie.moh.gov.my/CodeSystem/drug-my-core,CodeSystemDrugMyCore
D11AH01000G5001XX,Tacrolimus 0.1% Ointment,Tacrolimus 0.1% Ointment,http://fhir.hie.moh.gov.my/CodeSystem/drug-my-core,CodeSystemDrugMyCore
D04AX00000G1001XX,Calamine Cream,Calamine Cream,http://fhir.hie.moh.gov.my/CodeSystem/drug-my-core,CodeSystemDrugMyCore
D08AX06362L9901XX,"Potassium Permanganate 1 in 10,000 Solution","Potassium Permanganate 1 in 10,000 Soln",http://fhir.hie.moh.gov.my/CodeSystem/drug-my-core,CodeSystemDrugMyCore
D08AG02000L9902XX,Povidone Iodine 10%  Solution,Povidone Iodine 10%  Solution,http://fhir.hie.moh.gov.my/CodeSystem/drug-my-core,CodeSystemDrugMyCore
D03AX00000G5001XX,Protein Free Haemodialysate 5% Ointment,Protein Free Haemodialysate 5% Oint,http://fhir.hie.moh.gov.my/CodeSystem/drug-my-core,CodeSystemDrugMyCore
P03AC04000L6001XX,Permethrin 5% w/v Lotion,Permethrin 5% w/v Lotion,http://fhir.hie.moh.gov.my/CodeSystem/drug-my-core,CodeSystemDrugMyCore
D11AC03180L5201XX,Selenium Sulphide 2.5% Shampoo,Selenium Sulphide 2.5% Shampoo,http://fhir.hie.moh.gov.my/CodeSystem/drug-my-core,CodeSystemDrugMyCore
GLN0200025,Betamethasone Valerate 1 in 8 Ointment,Betamethasone 1 in 8 Ointment,http://fhir.hie.moh.gov.my/CodeSystem/drug-my-core,CodeSystemDrugMyCore
GLN0200001,Betamethasone Valerate 1 in 10 Cream (0.01%),Betamethasone 1 in 10 Cream,http://fhir.hie.moh.gov.my/CodeSystem/drug-my-core,CodeSystemDrugMyCore
GLN0200003,Betamethasone Valerate 1 in 4 Cream (0.025%),Betamethasone 1 in 4 Cream,http://fhir.hie.moh.gov.my/CodeSystem/drug-my-core,CodeSystemDrugMyCore
GLN0200024,Betamethasone Valerate 1 in 8 Cream (0.0125%),Betamethasone 1 in 8 Cream,http://fhir.hie.moh.gov.my/CodeSystem/drug-my-core,CodeSystemDrugMyCore
GLN0200018,Betamethasone Valerate 1 in 2 Ointment,Betamethasone 1 in 2 Ointment,http://fhir.hie.moh.gov.my/CodeSystem/drug-my-core,CodeSystemDrugMyCore
D01AC02221G1001XX,Miconazole 2% Cream,Miconazole 2% Cream,http://fhir.hie.moh.gov.my/CodeSystem/drug-my-core,CodeSystemDrugMyCore
D07AC13139G1001XX,Mometasone Furoate 0.1% Cream,Mometasone Furoate 0.1% Cream,http://fhir.hie.moh.gov.my/CodeSystem/drug-my-core,CodeSystemDrugMyCore
D07AA02000G1001XX,Hydrocortisone 1% Cream,Hydrocortisone 1% Cream,http://fhir.hie.moh.gov.my/CodeSystem/drug-my-core,CodeSystemDrugMyCore
D07XA01952G5001a,Salicylic Acid 1% in Hydrocortisone 1% Ointment,"Salicylic Acid 1%,Hydrocortisone 1% Oint",http://fhir.hie.moh.gov.my/CodeSystem/drug-my-core,CodeSystemDrugMyCore
D07CA01952G1001XX,Hydrocortisone 1%  Neomycin 0.5% Cream,Hydrocortisone 1%  Neomycin 0.5% Cream,http://fhir.hie.moh.gov.my/CodeSystem/drug-my-core,CodeSystemDrugMyCore
D06AX09000G5001XX,Mupirocin 2% Ointment,Mupirocin 2% Ointment,http://fhir.hie.moh.gov.my/CodeSystem/drug-my-core,CodeSystemDrugMyCore
A04AA01110P3001XX,Ondansetron 4mg/2ml Injection,Ondansetron 4mg/2ml Injection,http://fhir.hie.moh.gov.my/CodeSystem/drug-my-core,CodeSystemDrugMyCore
A04AA01110P3002XX,Ondansetron 8mg/4ml Injection,Ondansetron 4mg/2ml Injection,http://fhir.hie.moh.gov.my/CodeSystem/drug-my-core,CodeSystemDrugMyCore
A03AD01110P3002XX,Papaverine HCl 120mg/10ml Inj,Papaverine HCl 120mg/10ml Inj,http://fhir.hie.moh.gov.my/CodeSystem/drug-my-core,CodeSystemDrugMyCore
C02DB02110P3001XX,Hydralazine 20mg Injection,Hydralazine 20mg Injection,http://fhir.hie.moh.gov.my/CodeSystem/drug-my-core,CodeSystemDrugMyCore
R07AA02000L8001XX,Beractant Intratracheal Suspension (200 mg phospholipids in 8 ml vial),Beractant Intratracheal Susp,http://fhir.hie.moh.gov.my/CodeSystem/drug-my-core,CodeSystemDrugMyCore
A03BA01183P3001XX,Atropine Sulphate 1mg/ml Injection,Atropine Sulphate 1mg/ml Injection,http://fhir.hie.moh.gov.my/CodeSystem/drug-my-core,CodeSystemDrugMyCore
A02AB01250T1001XX,Aluminium Hydroxide 600 mg Tablet,Aluminium Hydroxide 600mg Tab,http://fhir.hie.moh.gov.my/CodeSystem/drug-my-core,CodeSystemDrugMyCore
R03BB01320A3002XX,Ipratropium Bromide 0.025% Nebulising Soln (250 mcg/ml) UDV,Ipratropium Bromide 0.025% Neb Soln,http://fhir.hie.moh.gov.my/CodeSystem/drug-my-core,CodeSystemDrugMyCore
R03BB01320A3001XX,Ipratropium Bromide 0.0125% Nebulising Soln (125 mcg/ml) UDV,Ipratropium Bromide 0.0125% Neb Soln,http://fhir.hie.moh.gov.my/CodeSystem/drug-my-core,CodeSystemDrugMyCore
R06AD02110L9001XX,Promethazine HCl 5 mg/5 ml Syrup,Promethazine HCl 5 mg/5 ml Syrup,http://fhir.hie.moh.gov.my/CodeSystem/drug-my-core,CodeSystemDrugMyCore
R06AB04253L9001XX,Chlorpheniramine Maleate 2 mg/5 ml Syrup,Chlorpheniramine Maleate 2 mg/5 ml Syrup,http://fhir.hie.moh.gov.my/CodeSystem/drug-my-core,CodeSystemDrugMyCore
R06AB02253L9001XX,Dexchlorpheniramine Maleate 2 mg/5 ml Syrup,Dexchlorpheniramine Maleate 2 mg/5 ml Sy,http://fhir.hie.moh.gov.my/CodeSystem/drug-my-core,CodeSystemDrugMyCore
A03FA03253T1001XX,Domperidone 10 mg Tablet,Domperidone 10mg Tab,http://fhir.hie.moh.gov.my/CodeSystem/drug-my-core,CodeSystemDrugMyCore
R03AC13138A2101XX,Formoterol Fumarate Dihydrate 4.5 mcg /dose Inhalation,Formoterol Fumarate Dihyd 4.5 mcg  Inh,http://fhir.hie.moh.gov.my/CodeSystem/drug-my-core,CodeSystemDrugMyCore
R03AC13138A2102XX,Formoterol Fumarate Dihydrate 9 mcg/dose Inhalation,Formoterol Fumarate Dihydrate 9 mcg Inh,http://fhir.hie.moh.gov.my/CodeSystem/drug-my-core,CodeSystemDrugMyCore
R06AX13000L9001XX,Loratadine 1 mg/ml Syrup,Loratadine 1 mg/ml Syrup,http://fhir.hie.moh.gov.my/CodeSystem/drug-my-core,CodeSystemDrugMyCore
R05CB02110L1001XX,Bromhexine HCl 4 mg/5 ml Elixir,Bromhexine HCl 4 mg/5 ml Elixir,http://fhir.hie.moh.gov.my/CodeSystem/drug-my-core,CodeSystemDrugMyCore
A03BB01320T1001XX,Hyoscine N-Butylbromide 10 mg Tablet,Hyoscine N-Butylbromide 10mg Tab,http://fhir.hie.moh.gov.my/CodeSystem/drug-my-core,CodeSystemDrugMyCore
R03BB01320A1001XX,Ipratropium Bromide 20 mcg/dose Inhalation,Ipratropium Br 20 mcg/dose Inh,http://fhir.hie.moh.gov.my/CodeSystem/drug-my-core,CodeSystemDrugMyCore
R03AC02183A2001XX,Salbutamol 200 mcg Inhalation Powder,Salbutamol 200 mcg Inhalation Powder,http://fhir.hie.moh.gov.my/CodeSystem/drug-my-core,CodeSystemDrugMyCore
R03AC02183A1001XX,Salbutamol 100 mcg/dose Inhaler (200 doses),Salbutamol 100 mcg/dose Inhaler,http://fhir.hie.moh.gov.my/CodeSystem/drug-my-core,CodeSystemDrugMyCore
R03CC03183L9001XX,Terbutaline Sulphate 0.3 mg/ml Syrup,Terbutaline Sulphate 0.3 mg/ml Syrup,http://fhir.hie.moh.gov.my/CodeSystem/drug-my-core,CodeSystemDrugMyCore
R03AC03183A2001XX,Terbutaline 0.5 mg/dose Turbuhaler,Terbutaline 0.5 mg/dose Turbuhaler,http://fhir.hie.moh.gov.my/CodeSystem/drug-my-core,CodeSystemDrugMyCore
A04AA02110T1001XX,Granisetron HCl 1 mg Tablet,Granisetron HCl 1mg Tab,http://fhir.hie.moh.gov.my/CodeSystem/drug-my-core,CodeSystemDrugMyCore
A07DA03110C1001XX,Loperamide 2 mg Capsule,Loperamide 2mg Cap,http://fhir.hie.moh.gov.my/CodeSystem/drug-my-core,CodeSystemDrugMyCore
R03DC03520F1001XX,Montelukast Sodium 4 mg Oral Granules,Montelukast Sodium 4 mg Oral Granules,http://fhir.hie.moh.gov.my/CodeSystem/drug-my-core,CodeSystemDrugMyCore
A04AA01110T1001XX,Ondansetron 4 mg Tablet,Ondansetron 4mg Tab,http://fhir.hie.moh.gov.my/CodeSystem/drug-my-core,CodeSystemDrugMyCore
A04AA01110T1002XX,Ondansetron 8 mg Tablet,Ondansetron 8mg Tab,http://fhir.hie.moh.gov.my/CodeSystem/drug-my-core,CodeSystemDrugMyCore
R03CC02183L9001XX,Salbutamol 2 mg/5 ml Syrup,Salbutamol 2 mg/5 ml Syrup,http://fhir.hie.moh.gov.my/CodeSystem/drug-my-core,CodeSystemDrugMyCore
S01XA03000D2001XX,Sodium Chloride 0.9% Eye Drops,Sodium Chloride 0.9% ________ Drops,http://fhir.hie.moh.gov.my/CodeSystem/drug-my-core,CodeSystemDrugMyCore
A06AB02000T1001XX,Bisacodyl 5 mg Tablet,Bisacodyl 5mg Tab,http://fhir.hie.moh.gov.my/CodeSystem/drug-my-core,CodeSystemDrugMyCore
A07BA01000T1001XX,Charcoal Activated 250mg Tablet,Charcoal Activated 250mg Tab,http://fhir.hie.moh.gov.my/CodeSystem/drug-my-core,CodeSystemDrugMyCore
R06AA02110L1001XX,Diphenhydramine HCl 10 mg/5 ml Elixir,Diphenhydramine HCl 10 mg/5 ml Elixir,http://fhir.hie.moh.gov.my/CodeSystem/drug-my-core,CodeSystemDrugMyCore
C01DA02221T1001XX,Glyceryl Trinitrate 0.5 mg Tablet,Glyceryl Trinitrate 0.5mg Tab,http://fhir.hie.moh.gov.my/CodeSystem/drug-my-core,CodeSystemDrugMyCore
R03DA04000L9001XX,Theophylline 80 mg/15 ml Syrup,Theophylline 80 mg/15 ml Syrup,http://fhir.hie.moh.gov.my/CodeSystem/drug-my-core,CodeSystemDrugMyCore
R03BB04320C9901XX,Tiotropium Bromide Inhalation 18 mcg Capsules,Tiotropium Br Inhalation 18 mcg Cap,http://fhir.hie.moh.gov.my/CodeSystem/drug-my-core,CodeSystemDrugMyCore
A03FA01110T1001XX,Metoclopramide HCl 10 mg Tablet,Metoclopramide HCl 10mg Tab,http://fhir.hie.moh.gov.my/CodeSystem/drug-my-core,CodeSystemDrugMyCore
D08AA03000L6001XX,Acriflavine 0.1% Lotion,Acriflavine 0.1% Lotion,http://fhir.hie.moh.gov.my/CodeSystem/drug-my-core,CodeSystemDrugMyCore
D08AJ01000G1001XX,"Benzalkonium Chloride 0.02% w/w, Cetrimide 0.2% w/w & Zinc Oxide 10% w/w Cream",Benzalkonium 0.02% Cr Cetrimide/Zinc,http://fhir.hie.moh.gov.my/CodeSystem/drug-my-core,CodeSystemDrugMyCore
D08AX08000L9901XX,Alcohol 70% Solution,Alcohol 70% Solution,http://fhir.hie.moh.gov.my/CodeSystem/drug-my-core,CodeSystemDrugMyCore
D08AG02000L9901XX,Povidone Iodine 7.5% Scrub,Povidone Iodine 7.5%  Scrub,http://fhir.hie.moh.gov.my/CodeSystem/drug-my-core,CodeSystemDrugMyCore
N01BB02110G4001XX,Lignocaine 2% Jelly,Lignocaine 2% Jelly,http://fhir.hie.moh.gov.my/CodeSystem/drug-my-core,CodeSystemDrugMyCore
N01BB02110L5002XX,LIGNOcaine 4 % Solution,Lignocaine 4 % Solution,http://fhir.hie.moh.gov.my/CodeSystem/drug-my-core,CodeSystemDrugMyCore
D06BB03000G1001XX,Acyclovir 5% Cream,Acyclovir 5% Cream,http://fhir.hie.moh.gov.my/CodeSystem/drug-my-core,CodeSystemDrugMyCore
D10AD03000G3001XX,Adapalene 0.1% Gel,Adapalene 0.1% Gel,http://fhir.hie.moh.gov.my/CodeSystem/drug-my-core,CodeSystemDrugMyCore
D10AD03000G1001XX,Adapalene 0.1% Cream,Adapalene 0.1% Cream,http://fhir.hie.moh.gov.my/CodeSystem/drug-my-core,CodeSystemDrugMyCore
P02CA03000L8001XX,Albendazole 200 mg/5 ml Suspension,Albendazole 200 mg/5 ml Suspension,http://fhir.hie.moh.gov.my/CodeSystem/drug-my-core,CodeSystemDrugMyCore
D01AE16110L5001XX,Amorolfine 5 % Nail Lacquer,Amorolfine 5 % Nail Lacquer,http://fhir.hie.moh.gov.my/CodeSystem/drug-my-core,CodeSystemDrugMyCore
D10AX03000G1001XX,Azelaic Acid 20% Cream,Azelaic Acid 20% Cream,http://fhir.hie.moh.gov.my/CodeSystem/drug-my-core,CodeSystemDrugMyCore
D01AE12952G5002XX,Benzoic Acid Compound Ointment (Whitfields),Benzoic Acid Compound Ointment,http://fhir.hie.moh.gov.my/CodeSystem/drug-my-core,CodeSystemDrugMyCore
D10AE01241G3001XX,Benzoyl Peroxide 5% Gel,Benzoyl Peroxide 5% Gel,http://fhir.hie.moh.gov.my/CodeSystem/drug-my-core,CodeSystemDrugMyCore
P03AX01252L2001XX,Benzyl Benzoate 12.5% Emulsion (Child),Benzyl Benzoate 12.5% Emulsion (Child),http://fhir.hie.moh.gov.my/CodeSystem/drug-my-core,CodeSystemDrugMyCore
P03AX01000L2002XX,Benzyl Benzoate 25 % Emulsion (Adult),Benzyl Benzoate 25 % Emulsion (Adult),http://fhir.hie.moh.gov.my/CodeSystem/drug-my-core,CodeSystemDrugMyCore
N01BB52974G1001XX,"Lidocaine 25mg, Prilocaine 25mg Cream","Lidocaine 25mg, Prilocaine 25mg Cream",http://fhir.hie.moh.gov.my/CodeSystem/drug-my-core,CodeSystemDrugMyCore
N01BB52974G3001XX,Lignocaine 2% with Chlorhexidine 0.05% Gel,Lignocaine 2%  Chlorhexidine 0.05% Gel,http://fhir.hie.moh.gov.my/CodeSystem/drug-my-core,CodeSystemDrugMyCore
D05AD02000L6001XX,Methoxsalen 1% Lotion,Methoxsalen 1% Lotion,http://fhir.hie.moh.gov.my/CodeSystem/drug-my-core,CodeSystemDrugMyCore
D10AE01241G3002XX,Benzoyl Peroxide 10% Gel,Benzoyl Peroxide 10% Gel,http://fhir.hie.moh.gov.my/CodeSystem/drug-my-core,CodeSystemDrugMyCore
D05AA00000G5001a,Coal Tar (LPC) 1% Ointment,Coal Tar (LPC) 1% Ointment,http://fhir.hie.moh.gov.my/CodeSystem/drug-my-core,CodeSystemDrugMyCore
D08AX01241L9901XX,Hydrogen Peroxide 20 volume Solution (6%),Hydrogen Peroxide 20 volume Solution,http://fhir.hie.moh.gov.my/CodeSystem/drug-my-core,CodeSystemDrugMyCore
N01BB02110L5001XX,Lignocaine 2% Viscous Solution,Lignocaine 2% Viscous Solution,http://fhir.hie.moh.gov.my/CodeSystem/drug-my-core,CodeSystemDrugMyCore
D01AE00181L9901a,Sodium Thiosulphate 10% Solution,Sodium Thiosulphate 10% Solution,http://fhir.hie.moh.gov.my/CodeSystem/drug-my-core,CodeSystemDrugMyCore
D01AE00181L9901b,Sodium Thiosulphate 20% Lotion,Sodium Thiosulphate 20% Lotion,http://fhir.hie.moh.gov.my/CodeSystem/drug-my-core,CodeSystemDrugMyCore
D05AA00000G5001b,Coal Tar (LPC) 3% Ointment,Coal Tar (LPC) 3% Ointment,http://fhir.hie.moh.gov.my/CodeSystem/drug-my-core,CodeSystemDrugMyCore
D05AA00000G5001c,Coal Tar (LPC) 6% Ointment,Coal Tar (LPC) 6% Ointment,http://fhir.hie.moh.gov.my/CodeSystem/drug-my-core,CodeSystemDrugMyCore
D05AA00946G5003a,"Coal Tar 1%, Betamethasone 0.01 % Ointment","Coal Tar 1%, Betamethasone 0.01 % Oint",http://fhir.hie.moh.gov.my/CodeSystem/drug-my-core,CodeSystemDrugMyCore
GLN0200031,Coal Tar (LPC) 3% Betamethasone 1 in 8 Ointment,"LPC 3%, Betamethasone 1 in 8 Oint",http://fhir.hie.moh.gov.my/CodeSystem/drug-my-core,CodeSystemDrugMyCore
GLN0200032,Coal Tar (LPC)6% Betamethasone 1 in 8 Ointment,"LPC 6%, Betamethasone 1 in 8 Oint",http://fhir.hie.moh.gov.my/CodeSystem/drug-my-core,CodeSystemDrugMyCore
D05AA00946G5001XX,Cocois Co. Ointment (Coconut Oil Compound Oint),Cocois Co. Ointment,http://fhir.hie.moh.gov.my/CodeSystem/drug-my-core,CodeSystemDrugMyCore
D05AA00946G5002a,"Coal Tar 1%, Salicylic Acid 2% Ointment","Coal Tar 1%, Salicylic Acid 2% Ointment",http://fhir.hie.moh.gov.my/CodeSystem/drug-my-core,CodeSystemDrugMyCore
D05AA00946G5002b,"Coal Tar 3%, Salicylic Acid 2% Ointment","Coal Tar 3%, Salicylic Acid 2% Ointment",http://fhir.hie.moh.gov.my/CodeSystem/drug-my-core,CodeSystemDrugMyCore
D05AA00946G5003c,"Coal Tar 6%, Betamethasone 0.01 % Ointment","Coal Tar 6%, Betamethasone 0.01 % Oint",http://fhir.hie.moh.gov.my/CodeSystem/drug-my-core,CodeSystemDrugMyCore
D01AE12952G5001XX,Benzoic Acid Co (Paed) Ointment (Whitfields),Benzoic Acid Comp (Paed) Oint,http://fhir.hie.moh.gov.my/CodeSystem/drug-my-core,CodeSystemDrugMyCore
D05AA00952L5001XX,"Tar, Coal Tar and Oleyl Alcohol Liquid (Polytar)",Polytar Liquid,http://fhir.hie.moh.gov.my/CodeSystem/drug-my-core,CodeSystemDrugMyCore
RAW00060,Ammonium Bicarbonate BP,Ammonium Bicarbonate BP,http://fhir.hie.moh.gov.my/CodeSystem/drug-my-core,CodeSystemDrugMyCore
RAW00107,Phenylephedrine HCL Powder,Phenylephedrine HCL Powder,http://fhir.hie.moh.gov.my/CodeSystem/drug-my-core,CodeSystemDrugMyCore
V04CA02000F2101XX,Dextrose Powder,Dextrose Powder,http://fhir.hie.moh.gov.my/CodeSystem/drug-my-core,CodeSystemDrugMyCore
KPK00005,Bevacizumab 100mg/4ml Injection,Bevacizumab 100mg/4ml Injection,http://fhir.hie.moh.gov.my/CodeSystem/drug-my-core,CodeSystemDrugMyCore
L01BC08000P3001XX,Decitabine 50mg Injection,Decitabine 50mg Injection,http://fhir.hie.moh.gov.my/CodeSystem/drug-my-core,CodeSystemDrugMyCore
KPK00098,Gonadorelin 100mcg injection,Gonadorelin 100mcg injection,http://fhir.hie.moh.gov.my/CodeSystem/drug-my-core,CodeSystemDrugMyCore
KPK00119,Metoprolol Tartrate 1mg/ml Injection (5ml amp),Metoprolol Tartrate 1mg/ml Injection,http://fhir.hie.moh.gov.my/CodeSystem/drug-my-core,CodeSystemDrugMyCore
GLN0100005,Folic Acid 1 mg/ml Oral Suspension,Folic Acid 1 mg/ml Oral Suspension,http://fhir.hie.moh.gov.my/CodeSystem/drug-my-core,CodeSystemDrugMyCore
N07BA01000M7005XX,Nicotine 10 mg/ 16 hour Transdermal Patch,Nicotine 10 mg Transdermal Patch,http://fhir.hie.moh.gov.my/CodeSystem/drug-my-core,CodeSystemDrugMyCore
J01DC04000C1002XX,Cefaclor 500mg Capsule,Cefaclor 500mg Cap,http://fhir.hie.moh.gov.my/CodeSystem/drug-my-core,CodeSystemDrugMyCore
J01CF02520C1002XX,Cloxacillin 500mg Capsule,Cloxacillin 500mg Capsule,http://fhir.hie.moh.gov.my/CodeSystem/drug-my-core,CodeSystemDrugMyCore
N06DA03123C1004XX,Rivastigmine 6 mg Capsule,Rivastigmine 6mg Cap,http://fhir.hie.moh.gov.my/CodeSystem/drug-my-core,CodeSystemDrugMyCore
A07EC02259S2002XX,Mesalazine 1 g Suppository,Mesalazine 1 g Suppository,http://fhir.hie.moh.gov.my/CodeSystem/drug-my-core,CodeSystemDrugMyCore
N03AE01000T1001XX,Clonazepam 0.5 mg Tablet,Clonazepam 0.5 mg Tab,http://fhir.hie.moh.gov.my/CodeSystem/drug-my-core,CodeSystemDrugMyCore
D08AX00000L5001XX,Benzoin Compound Tincture,Benzoin Compound Tincture,http://fhir.hie.moh.gov.my/CodeSystem/drug-my-core,CodeSystemDrugMyCore
D06AX04256G5001XX,Neomycin 0.5% Ointment,Neomycin 0.5% Ointment,http://fhir.hie.moh.gov.my/CodeSystem/drug-my-core,CodeSystemDrugMyCore
R06AA52110L9003XX,Diphenhydramine HCl Expectorant (Paediatric) 7mg/5ml,Diphenhydramine HCl Expectorant (Paed),http://fhir.hie.moh.gov.my/CodeSystem/drug-my-core,CodeSystemDrugMyCore
KPK00152,Phenoxybenzamine 10mg Capsule,Phenoxybenzamine 10mg Capsule,http://fhir.hie.moh.gov.my/CodeSystem/drug-my-core,CodeSystemDrugMyCore
G03FB01953T1001XX,Estradiol 2mg(10tabs) Norgestrel 0.5mg+Estradiol 2mg (11 tabs),Estradiol 2mg/Norgestrel 0.5mg (21 tabs),http://fhir.hie.moh.gov.my/CodeSystem/drug-my-core,CodeSystemDrugMyCore
G03FB08954T1001XX,Estradiol 1mg (14tabs) Estradiol 1mg+Dydrogesterone 10mg (14tabs),Estradiol 1mg/Dydrogesterone 10mg-28tabs,http://fhir.hie.moh.gov.my/CodeSystem/drug-my-core,CodeSystemDrugMyCore
G03FB08954T1002XX,Estradiol 1mg + Dydrogesterone 5mg Tablet (28 tabs),Estradiol 1mg/Dydrogesterone 5mg-28 tabs,http://fhir.hie.moh.gov.my/CodeSystem/drug-my-core,CodeSystemDrugMyCore
G03FA01122T1001XX,Estradiol 1mg  Norethisterone Acetate 0.5mg Tablet,Estradiol 1mg/Norethisterone 0.5mg Tab,http://fhir.hie.moh.gov.my/CodeSystem/drug-my-core,CodeSystemDrugMyCore
N07BB04110T1001XX,Naltrexone HCl 50 mg Tablet,Naltrexone HCl 50mg Tab,http://fhir.hie.moh.gov.my/CodeSystem/drug-my-core,CodeSystemDrugMyCore
G04CA52953C1001XX,Dutasteride 0.5mg and Tamsulosin 0.4mg Capsule,Dutasteride 0.5mg/Tamsulosin 0.4mg Cap,http://fhir.hie.moh.gov.my/CodeSystem/drug-my-core,CodeSystemDrugMyCore
J02AC01000C1001XX,Fluconazole 50 mg Capsule/Tablet,Fluconazole 50mg Cap/Tab,http://fhir.hie.moh.gov.my/CodeSystem/drug-my-core,CodeSystemDrugMyCore
KPK00032,Thalidomide 100mg Capsule,Thalidomide 100mg Capsule,http://fhir.hie.moh.gov.my/CodeSystem/drug-my-core,CodeSystemDrugMyCore
IVA00031,Adrenaline Solution 1 in 1000 (Sterile),Adrenaline Solution 1 in 1000,http://fhir.hie.moh.gov.my/CodeSystem/drug-my-core,CodeSystemDrugMyCore
KPK00192,Thyrotropin Alfa 1.1mg (0.9mg/ml) Injection,Thyrotropin Alfa 1.1mg (0.9mg/ml) Inj,http://fhir.hie.moh.gov.my/CodeSystem/drug-my-core,CodeSystemDrugMyCore
KPK00036,5-Aminolevulinic acid hydrochloride 30mg/ml Soln,5-Aminolevulinic acid HCl 30mg/ml Soln,http://fhir.hie.moh.gov.my/CodeSystem/drug-my-core,CodeSystemDrugMyCore
B01AB10520P5001b,"Tinzaparin Na 4,500 anti-Xa IU (0.45ml) Injection (10,000 IU/ml)","Tinzaparin 4,500 anti-Xa IU (0.45ml) Inj",http://fhir.hie.moh.gov.my/CodeSystem/drug-my-core,CodeSystemDrugMyCore
B01AB10520P5002a,"Tinzaparin Na 10,000 anti-Xa IU (0.5ml) Injection (20,000 IU/ml)","Tinzaparin 10,000 anti-Xa IU (0.5ml) Inj",http://fhir.hie.moh.gov.my/CodeSystem/drug-my-core,CodeSystemDrugMyCore
B01AB10520P5002b,"Tinzaparin Na 14,000 anti-Xa IU (0.7ml) Injection (20,000 IU/ml)","Tinzaparin 14,000 anti-Xa IU (0.7ml) Inj",http://fhir.hie.moh.gov.my/CodeSystem/drug-my-core,CodeSystemDrugMyCore
B01AB10520P5001a,"Tinzaparin Na 3500 anti-Xa IU (0.35ml) Injection (10,000 IU/ml)",Tinzaparin 3500 anti-Xa IU (0.35ml) Inj,http://fhir.hie.moh.gov.my/CodeSystem/drug-my-core,CodeSystemDrugMyCore
R03AC03183A3001XX,Terbutaline Sulphate 10 mg/ml Nebulising Solution,Terbutaline Sulphate 10 mg/ml Neb Soln,http://fhir.hie.moh.gov.my/CodeSystem/drug-my-core,CodeSystemDrugMyCore
R01AA05110D6003XX,Oxymetazoline HCl 0.01% (Infant) Nasal Drops,Oxymetazoline HCl 0.01% (Infant) N.Drops,http://fhir.hie.moh.gov.my/CodeSystem/drug-my-core,CodeSystemDrugMyCore
R03AK04320A3001XX,"Ipratropium Br 0.5mg, Salbutamol 2.5mg Neb (UDV)",Ipratropium/Salbutamol 0.5/2.5mg Neb,http://fhir.hie.moh.gov.my/CodeSystem/drug-my-core,CodeSystemDrugMyCore
B05CB10955M4001XX,"Sodium Bicarbonate, Citric Acid, Sodium Citrate, Tartaric Acid 4g/sachet",Sod Bicarb/Citric Acid/Sod Cit 4gSachet,http://fhir.hie.moh.gov.my/CodeSystem/drug-my-core,CodeSystemDrugMyCore
KPK00222,Zanamivir 5mg Inhalation Powder,Zanamivir 5mg Inhalation Powder,http://fhir.hie.moh.gov.my/CodeSystem/drug-my-core,CodeSystemDrugMyCore
GLN0100034,Methylcellulose 1% Suspending Agent (0.01gmL),Methylcellulose 1% Susp Agent,http://fhir.hie.moh.gov.my/CodeSystem/drug-my-core,CodeSystemDrugMyCore
GLN0100042,Phytomenadione  1mg/mL (Vitamin K1) Liquid,Phytomenadione  1mg/mL (Vitamin K1) Liq,http://fhir.hie.moh.gov.my/CodeSystem/drug-my-core,CodeSystemDrugMyCore
KPK00124,Mycophenolate Mofetil 200mg/ml Suspension,Mycophenolate Mofetil 200mg/ml Susp,http://fhir.hie.moh.gov.my/CodeSystem/drug-my-core,CodeSystemDrugMyCore
GLN0200036,Adrenaline Solution 1 in 100000,Adrenaline Solution 1 in 100000,http://fhir.hie.moh.gov.my/CodeSystem/drug-my-core,CodeSystemDrugMyCore
GLN0200033,Magnesium Sulphate 25% Lotion,Magnesium Sulphate 25% Lotion,http://fhir.hie.moh.gov.my/CodeSystem/drug-my-core,CodeSystemDrugMyCore
GLN0200042,Liquid Paraffin Sterile,Liquid Paraffin Sterile,http://fhir.hie.moh.gov.my/CodeSystem/drug-my-core,CodeSystemDrugMyCore
GLN0200043,Trichloroacetic Acid 25% Topical Solution,Trichloroacetic Acid 25% Topical Soln,http://fhir.hie.moh.gov.my/CodeSystem/drug-my-core,CodeSystemDrugMyCore
GLN0200044,Trichloroacetic Acid 50% Topical Solution,Trichloroacetic Acid 50% Topical Soln,http://fhir.hie.moh.gov.my/CodeSystem/drug-my-core,CodeSystemDrugMyCore
GLN0200045,Trichloroacetic Acid 100% Topical Solution,Trichloroacetic Acid 100% Topical Soln,http://fhir.hie.moh.gov.my/CodeSystem/drug-my-core,CodeSystemDrugMyCore
M02AC00260G5001a,Methyl Salicylate 25% Cream,Methyl Salicylate 25% Cream,http://fhir.hie.moh.gov.my/CodeSystem/drug-my-core,CodeSystemDrugMyCore
GLN0200047,Silver Nitrate 20% Lotion,Silver Nitrate 20% Lotion,http://fhir.hie.moh.gov.my/CodeSystem/drug-my-core,CodeSystemDrugMyCore
GLN0200046,Simple Ointment,Simple Ointment,http://fhir.hie.moh.gov.my/CodeSystem/drug-my-core,CodeSystemDrugMyCore
KPK00225,Oxaliplatin 100mg/50ml Injection,Oxaliplatin 100mg/50ml Injection,http://fhir.hie.moh.gov.my/CodeSystem/drug-my-core,CodeSystemDrugMyCore
B05AA07000P9901f,"Hydroxyethyl Starch 6% in 0.9% Sodium Chloride, 500ml IV Soln (Hemohes)",Hydroxyethyl Starch 6% in 0.9% NaCl 500m,http://fhir.hie.moh.gov.my/CodeSystem/drug-my-core,CodeSystemDrugMyCore
S01ED01253D2002a,"Timolol Maleate 0.5% Eye Drops, Preservative Free (10 ml)",Timolol 0.5% EyeDrop Preservative Free,http://fhir.hie.moh.gov.my/CodeSystem/drug-my-core,CodeSystemDrugMyCore
L01CA02183P3002,Vincristine Sulphate 2mg Injection,Vincristine Sulphate 2mg Injection,http://fhir.hie.moh.gov.my/CodeSystem/drug-my-core,CodeSystemDrugMyCore
J04AM06000T1001XX,Rifampicin150mg /Isoniazid75mg /Pyrazinamide400mg /Ethambutol 275mg Tab,Rifampicin/Isoniazid/Pyrazinamide/Ethamb,http://fhir.hie.moh.gov.my/CodeSystem/drug-my-core,CodeSystemDrugMyCore
KPK00224,Dantrolene sodium 20mg Injection,Dantrolene sodium 20mg Injection,http://fhir.hie.moh.gov.my/CodeSystem/drug-my-core,CodeSystemDrugMyCore
D07AC01256G1002a,Betamethasone 17-Valerate 0.1% Cream,Betamethasone 17-Valerate 0.1% Cream,http://fhir.hie.moh.gov.my/CodeSystem/drug-my-core,CodeSystemDrugMyCore
KPK00227,Hypromellose 0.3% + Dextran 70 Eye Drops,Hypromellose 0.3% +Dextran Eye drop,http://fhir.hie.moh.gov.my/CodeSystem/drug-my-core,CodeSystemDrugMyCore
D01AE12000G5001d,Salicylic Acid 4% Ointment,Salicylic Acid 4% Ointment,http://fhir.hie.moh.gov.my/CodeSystem/drug-my-core,CodeSystemDrugMyCore
GLN0200050,Salicylic Acid 40% Ointment,Salicylic Acid 40% Ointment,http://fhir.hie.moh.gov.my/CodeSystem/drug-my-core,CodeSystemDrugMyCore
GLN0200052,Sulphur 3% Cream,Sulphur 3% Cream,http://fhir.hie.moh.gov.my/CodeSystem/drug-my-core,CodeSystemDrugMyCore
GLN0200048,"Coal Tar (LPC) 3%, Betamethasone 1 in 4 Ointment","LPC 3%, Betamethasone 1 in 4 Ointment",http://fhir.hie.moh.gov.my/CodeSystem/drug-my-core,CodeSystemDrugMyCore
GLN0200049,"Coal Tar (LPC) 6%, Betamethasone 1 in 4 Ointment","LPC 6%, Betamethasone 1 in 4 Ointment",http://fhir.hie.moh.gov.my/CodeSystem/drug-my-core,CodeSystemDrugMyCore
GLN0200051,"Miconazole 2%, Hydrocortisone 1% Cream","Miconazole 2%, Hydrocortisone 1% Cream",http://fhir.hie.moh.gov.my/CodeSystem/drug-my-core,CodeSystemDrugMyCore
GLN0200053,Sulphur 6% Cream,Sulphur 6% Cream,http://fhir.hie.moh.gov.my/CodeSystem/drug-my-core,CodeSystemDrugMyCore
GLN0200054,Resorcinol+Phenol Paint (Castellani's Paint),Castellani's Paint,http://fhir.hie.moh.gov.my/CodeSystem/drug-my-core,CodeSystemDrugMyCore
GLN0200056,Betamethasone Valerate 1 in 6 Ointment,Betamethasone Valerate 1 in 6 Oint,http://fhir.hie.moh.gov.my/CodeSystem/drug-my-core,CodeSystemDrugMyCore
N01BB02110M6001XX,Lidocaine Medicated Plaster 5%w/w,Lidocaine Medicated Plaster 5%w/w,http://fhir.hie.moh.gov.my/CodeSystem/drug-my-core,CodeSystemDrugMyCore
L01XE08110T1001XX,Nilotinib 150 mg Capsule,Nilotinib 150 mg Capsule,http://fhir.hie.moh.gov.my/CodeSystem/drug-my-core,CodeSystemDrugMyCore
M03AX01000P4003XX,Clostridium Botulinum Toxin Type A 300 units Inj,C. Botulinum Toxin Type A 300 units Inj,http://fhir.hie.moh.gov.my/CodeSystem/drug-my-core,CodeSystemDrugMyCore
C09DB01935T1001XX,Amlodipine 5 mg and Valsartan 80 mg Tablet,Amlodipine 5 mg and Valsartan 80 mg Tab,http://fhir.hie.moh.gov.my/CodeSystem/drug-my-core,CodeSystemDrugMyCore
N06BX03000T1002XX,Piracetam 800mg Tablet,Piracetam 800mg Tablet,http://fhir.hie.moh.gov.my/CodeSystem/drug-my-core,CodeSystemDrugMyCore
GLN0200057,Cetomacrogol/Simple Cream,Cetomacrogol/Simple Cream,http://fhir.hie.moh.gov.my/CodeSystem/drug-my-core,CodeSystemDrugMyCore
GLN0100058,Caffeine Citrate 20mg/ml Oral Solution,Caffeine Citrate 20mg/ml Oral Soln,http://fhir.hie.moh.gov.my/CodeSystem/drug-my-core,CodeSystemDrugMyCore
GLN0200061,Carbamide (Urea) 5% Cream,Carbamide (Urea) 5% Cream,http://fhir.hie.moh.gov.my/CodeSystem/drug-my-core,CodeSystemDrugMyCore
GLN0200063,Gamma Benzene Hexachloride 1% Lotion,Gamma Benzene Hexachloride 1% Lotion,http://fhir.hie.moh.gov.my/CodeSystem/drug-my-core,CodeSystemDrugMyCore
GLN0200064,Potassium Permanganate 1 in 1000 Solution,Potassium Permanganate 1 in 1000 Soln,http://fhir.hie.moh.gov.my/CodeSystem/drug-my-core,CodeSystemDrugMyCore
GLN0200067,Acetic Acid 1% in Aqueous,Acetic Acid 1% in Aqueous,http://fhir.hie.moh.gov.my/CodeSystem/drug-my-core,CodeSystemDrugMyCore
RAW00108,Paraffin Liquid BP/Mineral Oil USP (Gram),Paraffin Liquid BP/Mineral Oil USP,http://fhir.hie.moh.gov.my/CodeSystem/drug-my-core,CodeSystemDrugMyCore
GLN0200066,Silver Nitrate 5% Lotion,Silver Nitrate 5% Lotion,http://fhir.hie.moh.gov.my/CodeSystem/drug-my-core,CodeSystemDrugMyCore
A10AB01000P5001c,Insulin regular (Insuman Rapid) 100 IU/mL Penfill,Insuman Rapid 100 IU/ml Penfill,http://fhir.hie.moh.gov.my/CodeSystem/drug-my-core,CodeSystemDrugMyCore
A10AC01000P5001c,Insulin isophane (Insuman Basal) 100 IU/mL Penfill,Insuman Basal) 100 IU/mL Penfill,http://fhir.hie.moh.gov.my/CodeSystem/drug-my-core,CodeSystemDrugMyCore
A10AD01000P5001c,Insulin regular/isophane (Insuman Comb) 100 IU/mL Penfill,Insuman Comb 100 IU/mL Penfill,http://fhir.hie.moh.gov.my/CodeSystem/drug-my-core,CodeSystemDrugMyCore
G04BD09100C1001XX,Trospium Chloride 20mg Tablet,Trospium Chloride 20mg Tablet,http://fhir.hie.moh.gov.my/CodeSystem/drug-my-core,CodeSystemDrugMyCore
A10BD10926T1001XX,"Saxagliptin 2.5mg, Metformin HCl 1000mg ER Tablet","Saxagliptin 2.5mg, Metformin 1000mg ER T",http://fhir.hie.moh.gov.my/CodeSystem/drug-my-core,CodeSystemDrugMyCore
A10BD10926T1003XX,"Saxagliptin 5mg, Metformin HCl 500mg ER Tablet","Saxagliptin 5mg, Metformin 500mg ER Tab",http://fhir.hie.moh.gov.my/CodeSystem/drug-my-core,CodeSystemDrugMyCore
B05DB00908H2504XX,CAPD/DPCA 19 StaySafe Link Peritoneal Dialysis Solution 2L bag 1.25mmol Calcium 2.3% Dextrose,CAPD/DPCA 19 StaySafe,http://fhir.hie.moh.gov.my/CodeSystem/drug-my-core,CodeSystemDrugMyCore
L04AA27110C1001XX,Fingolimod 0.5mg Capsule,Fingolimod 0.5mg Capsule,http://fhir.hie.moh.gov.my/CodeSystem/drug-my-core,CodeSystemDrugMyCore
N02AE01110M7001XX,Buprenorphine 10mcg/hr transdermal patch,Buprenorphine 10mcg/hr transdermal patch,http://fhir.hie.moh.gov.my/CodeSystem/drug-my-core,CodeSystemDrugMyCore
L04AB06000P5001XX,Golimumab 50mg (0.5ml) solution for injection in a pre-filled syringe,Golimumab 50mg/0.5ml injection,http://fhir.hie.moh.gov.my/CodeSystem/drug-my-core,CodeSystemDrugMyCore
J04AM02000T1001XX,Rifampicin 150mg + Isoniazid 75mg tablet,Rifampicin 150mg + Isoniazid 75mg tab,http://fhir.hie.moh.gov.my/CodeSystem/drug-my-core,CodeSystemDrugMyCore
V08CA10520P3001XX,Gadoxetic acid disodium 0.25 mmol/ml injection (10ml pre-filled syringe),Gadoxetic acid disodium 0.25 mmol/ml inj,http://fhir.hie.moh.gov.my/CodeSystem/drug-my-core,CodeSystemDrugMyCore
D06AA02000G1001a,Chlortetracycline 3% Cream,Chlortetracycline 3% Cream,http://fhir.hie.moh.gov.my/CodeSystem/drug-my-core,CodeSystemDrugMyCore
J01XX08000P3001a,Linezolid 600mg/300ml Injection,Linezolid 600mg/300ml Inj,http://fhir.hie.moh.gov.my/CodeSystem/drug-my-core,CodeSystemDrugMyCore
C09DX01941T1001XX,Amlodipine 10mg/Valsartan 160mg/Hydrochlorothiazide 12.5mg,Amlodipine10mg/Valsartan160mg/HCTZ 12.5,http://fhir.hie.moh.gov.my/CodeSystem/drug-my-core,CodeSystemDrugMyCore
GLN0200062,Calamine Lotion (+Sulphur 2% + Salicylic Acid 2%),Calamine Lotion (Sulphur 2%+SA 2%),http://fhir.hie.moh.gov.my/CodeSystem/drug-my-core,CodeSystemDrugMyCore
GLN0200065,Hydrocortisone 0.5% Cream,Hydrocortisone 0.5% Cream,http://fhir.hie.moh.gov.my/CodeSystem/drug-my-core,CodeSystemDrugMyCore
GLN0200070,Acetic Acid 0.5% in Alcohol,Acetic Acid 0.5% in Alcohol,http://fhir.hie.moh.gov.my/CodeSystem/drug-my-core,CodeSystemDrugMyCore
B05DB00908H2504a,CAPD/DPCA 4 StaySafe Link Peritoneal Dialysis Solution 2L bag 1.75mmol Calcium 2.3% Dextrose,CAPD/DPCA 4 StaySafe,http://fhir.hie.moh.gov.my/CodeSystem/drug-my-core,CodeSystemDrugMyCore
V08AB05000P3002XX,Iopromide 370mg/50ml injectable solution,Iopromide 370mg/50ml injection,http://fhir.hie.moh.gov.my/CodeSystem/drug-my-core,CodeSystemDrugMyCore
V08AB05000P3002a,Iopromide 370mg/100ml injectable solution,Iopromide 370mg/100ml injection,http://fhir.hie.moh.gov.my/CodeSystem/drug-my-core,CodeSystemDrugMyCore
B05DB00908H2504b,CAPD 2.5L 1.75mmol Calcium Dialysate Soln 2.3% Dextrose (StaySafe),CAPD Soln 2.3% glucose Ca 1.75mmol 2.5L,http://fhir.hie.moh.gov.my/CodeSystem/drug-my-core,CodeSystemDrugMyCore
R03BA02000A2101a,Budesonide 100mcg/dose Inhalation Powder (Turbuhaler),Budesonide 100mcg/dose Turbuhaler,http://fhir.hie.moh.gov.my/CodeSystem/drug-my-core,CodeSystemDrugMyCore
RAW00117,Coal Tar BP,Coal Tar BP,http://fhir.hie.moh.gov.my/CodeSystem/drug-my-core,CodeSystemDrugMyCore
RAW00119,Calcium Carbonate Powder,Calcium Carbonate Powder,http://fhir.hie.moh.gov.my/CodeSystem/drug-my-core,CodeSystemDrugMyCore
N05AH05253T7002,Asenapine 10mg Sublingual Tablet,Asenapine 10mg Sublingual Tablet,http://fhir.hie.moh.gov.my/CodeSystem/drug-my-core,CodeSystemDrugMyCore
KPK00229,Hematotoxic Polyvalent Snake Antivenom,Hematotoxic Polyvalent Snake Antivenom,http://fhir.hie.moh.gov.my/CodeSystem/drug-my-core,CodeSystemDrugMyCore
D05AA00000G5001e,Coal Tar (LPC) 9% Ointment,Coal Tar (LPC) 9% Ointment,http://fhir.hie.moh.gov.my/CodeSystem/drug-my-core,CodeSystemDrugMyCore
RAW00120,Calcium Hydroxide BP,Calcium Hydroxide BP,http://fhir.hie.moh.gov.my/CodeSystem/drug-my-core,CodeSystemDrugMyCore
RAW00122,Titanium Dioxide Powder,Titanium Dioxide Powder,http://fhir.hie.moh.gov.my/CodeSystem/drug-my-core,CodeSystemDrugMyCore
RAW00124,Lemon Extract/Essence,Lemon Extract/Essence,http://fhir.hie.moh.gov.my/CodeSystem/drug-my-core,CodeSystemDrugMyCore
D01AE12000G1001d,Salicylic acid 4% Cream,Salicylic acid 4% Cream,http://fhir.hie.moh.gov.my/CodeSystem/drug-my-core,CodeSystemDrugMyCore
D05AA00946G5002d,"Coal Tar 6%, Salicylic Acid 3% Ointment","Coal Tar 6%, Salicylic Acid 3% Ointment",http://fhir.hie.moh.gov.my/CodeSystem/drug-my-core,CodeSystemDrugMyCore
L01XE18162T1001,Ruxolitinib 5mg Tablet,Ruxolitinib 5mg Tablet,http://fhir.hie.moh.gov.my/CodeSystem/drug-my-core,CodeSystemDrugMyCore
L01XE18162T1003,Ruxolitinib 20mg Tablet,Ruxolitinib 20mg Tablet,http://fhir.hie.moh.gov.my/CodeSystem/drug-my-core,CodeSystemDrugMyCore
A10AB06000P5001,"Insulin Glulisine 100 iu/ml injection, 3ml pre-filled pen",Insulin Glulisine 100 iu/ml inj pen,http://fhir.hie.moh.gov.my/CodeSystem/drug-my-core,CodeSystemDrugMyCore
PNP00019,"PN Soln C, 150ml, Starter Dext 10% Na 2.6mmol","PN Soln C, 150ml, Starter Dext 10%",http://fhir.hie.moh.gov.my/CodeSystem/drug-my-core,CodeSystemDrugMyCore
PNP00020,PN Soln 200ml Normal Sodium Dextrose 10%,PN Soln 200ml Normal Sodium Dextrose 10%,http://fhir.hie.moh.gov.my/CodeSystem/drug-my-core,CodeSystemDrugMyCore
PNP00021,"PN Soln 200ml, High Sodium Dextrose 10%","PN Soln 200ml, High Sodium Dextrose 10%",http://fhir.hie.moh.gov.my/CodeSystem/drug-my-core,CodeSystemDrugMyCore
PNP00022,PN Soln 200ml High Sodium Dextrose 12%,PN Soln 200ml High Sodium Dextrose 12%,http://fhir.hie.moh.gov.my/CodeSystem/drug-my-core,CodeSystemDrugMyCore
D01AE12000G5002a,Salicylic acid 20% Cream,Salicylic acid 20% Cream,http://fhir.hie.moh.gov.my/CodeSystem/drug-my-core,CodeSystemDrugMyCore
D07XA01952G5001c,Salicylic acid 2% in Hydrocortisone 1% Cream,"Salicylic acid 2%,Hydrocortisone 1% Crm",http://fhir.hie.moh.gov.my/CodeSystem/drug-my-core,CodeSystemDrugMyCore
GLN0100062,Sodium Bicarbonate 8.4% Oral Solution (84mg/ml),Sodium Bicarbonate 8.4% Oral Solution,http://fhir.hie.moh.gov.my/CodeSystem/drug-my-core,CodeSystemDrugMyCore
GLN0100063,"Sodium Chloride 0.9% Solution (9mg/ml, 0.5mmol/ml)",Sodium Chloride 0.9% Solution,http://fhir.hie.moh.gov.my/CodeSystem/drug-my-core,CodeSystemDrugMyCore
GLN0200055,Betamethasone Valerate 1 in 6 Cream,Betamethasone Valerate 1 in 6 Cream,http://fhir.hie.moh.gov.my/CodeSystem/drug-my-core,CodeSystemDrugMyCore
R03AK07986A2101XX,"Beclomethasone Dipr. 100mcg, Formoterol 6mcg Inhalation",Beclomethasone100mcg Formoterol6mcg Inh,http://fhir.hie.moh.gov.my/CodeSystem/drug-my-core,CodeSystemDrugMyCore
G03DB08000T1001XX,Dienogest 2mg Tablet,Dienogest 2mg Tablet,http://fhir.hie.moh.gov.my/CodeSystem/drug-my-core,CodeSystemDrugMyCore
G03CC06953T1001XX,Estriol 0.03mg + Lactobacillus acidophillus vaginal tablet,Estriol 0.03mg + Lactobacillus Vag. Tab,http://fhir.hie.moh.gov.my/CodeSystem/drug-my-core,CodeSystemDrugMyCore
GLN0100059,Simple Linctus BP (Citic Acid Monohydrate 125mg/5ml Soln),Simple Linctus BP,http://fhir.hie.moh.gov.my/CodeSystem/drug-my-core,CodeSystemDrugMyCore
GLN0100060,Simple Linctus Paed BP (Citic Acid 31.25mg/5ml Soln),Simple Linctus Paed BP,http://fhir.hie.moh.gov.my/CodeSystem/drug-my-core,CodeSystemDrugMyCore
GLN0200069,Acetic Acid 1% in Alcohol,Acetic Acid 1% in Alcohol,http://fhir.hie.moh.gov.my/CodeSystem/drug-my-core,CodeSystemDrugMyCore
J01DI02000P4001XX,Ceftaroline Fosamil 600mg Injection,Ceftaroline Fosamil 600mg Injection,http://fhir.hie.moh.gov.my/CodeSystem/drug-my-core,CodeSystemDrugMyCore
G03GA09000P5001XX,Corifollitropin Alpha 100 mcg/0.5ml Injection,Corifollitropin Alpha 100 mcg/0.5ml Inj,http://fhir.hie.moh.gov.my/CodeSystem/drug-my-core,CodeSystemDrugMyCore
G03GA09000P5002XX,Corifollitropin Alpha 150 mcg/0.5ml Injection,Corifollitropin Alpha 150mcg/0.5ml Inj,http://fhir.hie.moh.gov.my/CodeSystem/drug-my-core,CodeSystemDrugMyCore
A10BD10926T1002XX,"Saxagliptin 5mg, Metformin HCl 1000mg ER Tablet","Saxagliptin 5mg, Metformin 1000mg ER Tab",http://fhir.hie.moh.gov.my/CodeSystem/drug-my-core,CodeSystemDrugMyCore
C01DA02221A1001XX,Glyceryl Trinitrate Aerosol Spray 400mcg (metered dose),Glyceryl Trinitrate Aerosol Spray 400mcg,http://fhir.hie.moh.gov.my/CodeSystem/drug-my-core,CodeSystemDrugMyCore
A10BH05000T1001XX,Linagliptin 5 mg tablet,Linagliptin 5 mg tablet,http://fhir.hie.moh.gov.my/CodeSystem/drug-my-core,CodeSystemDrugMyCore
N02AE01110M7003XX,Buprenorphine 5mcg/hr transdermal patch,Buprenorphine 5mcg/hr transdermal patch,http://fhir.hie.moh.gov.my/CodeSystem/drug-my-core,CodeSystemDrugMyCore
A10BD08926T1003XX,Vildagliptin 50mg and Metformin HCl 500mg Tablet,"Vildagliptin 50mg,Metformin 500mg Tab",http://fhir.hie.moh.gov.my/CodeSystem/drug-my-core,CodeSystemDrugMyCore
B05DB00908H2504c,CAPD 2.5L 1.25mmol Calcium Dialysate Soln 2.3% Dextrose (StaySafe),CAPD Soln 2.3% glucose Ca 1.25mmol 2.5L,http://fhir.hie.moh.gov.my/CodeSystem/drug-my-core,CodeSystemDrugMyCore
R03BA02000A2102a,Budesonide 200mcg/dose Inhalation Powder (Turbuhaler),Budesonide 200mcg/dose Turbuhaler),http://fhir.hie.moh.gov.my/CodeSystem/drug-my-core,CodeSystemDrugMyCore
RAW00118,Cetomacrogol Emulsifying Wax,Cetomacrogol Emulsifying Wax,http://fhir.hie.moh.gov.my/CodeSystem/drug-my-core,CodeSystemDrugMyCore
KPK00230,Neurotoxic Polyvalent Snake Antivenom,Neurotoxic Polyvalent Snake Antivenom,http://fhir.hie.moh.gov.my/CodeSystem/drug-my-core,CodeSystemDrugMyCore
D05AA00000G5001d,Coal Tar (LPC) 2% Ointment,Coal Tar (LPC) 2% Ointment,http://fhir.hie.moh.gov.my/CodeSystem/drug-my-core,CodeSystemDrugMyCore
RAW00116,White Beeswax BP,White Beeswax BP,http://fhir.hie.moh.gov.my/CodeSystem/drug-my-core,CodeSystemDrugMyCore
RAW00121,Oleic Acid,Oleic Acid,http://fhir.hie.moh.gov.my/CodeSystem/drug-my-core,CodeSystemDrugMyCore
RAW00123,Turpentine Oil,Turpentine Oil,http://fhir.hie.moh.gov.my/CodeSystem/drug-my-core,CodeSystemDrugMyCore
RAW00125,Raspberry Extract/Essence,Raspberry Extract/Essence,http://fhir.hie.moh.gov.my/CodeSystem/drug-my-core,CodeSystemDrugMyCore
RAW00126,Acriflavine Powder,Acriflavine Powder,http://fhir.hie.moh.gov.my/CodeSystem/drug-my-core,CodeSystemDrugMyCore
L01CB01000C1003,Etoposide 50mg capsule,Etoposide 50mg capsule,http://fhir.hie.moh.gov.my/CodeSystem/drug-my-core,CodeSystemDrugMyCore
R03AK06989A2104,"Salmeterol 25mcg, Fluticasone propionate 50mcg Inhaler/Evohaler (120dose)",Salmeterol-Fluticasone 25/50 Evo,http://fhir.hie.moh.gov.my/CodeSystem/drug-my-core,CodeSystemDrugMyCore
G03AD02122T1001,Ulipristal Acetate 30mg Tablet,Ulipristal Acetate 30mg Tablet,http://fhir.hie.moh.gov.my/CodeSystem/drug-my-core,CodeSystemDrugMyCore
H01AB01000P3002,Thyrotropin alfa 0.9mg/ml Injection,Thyrotropin alfa 0.9mg/ml Injection,http://fhir.hie.moh.gov.my/CodeSystem/drug-my-core,CodeSystemDrugMyCore
L01BC07000P4001,Azacitidine 100mg/4ml Powder for Injection,Azacitidine 100mg/4ml Powder for Inj,http://fhir.hie.moh.gov.my/CodeSystem/drug-my-core,CodeSystemDrugMyCore
C09DX01941T1004XX,Amlodipine 5mg/Valsartan 160mg/Hydrochlorothiazide 12.5mg,Amlodipine 5mg/Valsartan 160mg/HCTZ 12.5,http://fhir.hie.moh.gov.my/CodeSystem/drug-my-core,CodeSystemDrugMyCore
C09DX01941T1002XX,Amlodipine 10mg/Valsartan 160mg/Hydrochlorothiazide 25mg Tab,Amlodipine10mg/Valsartan160mg/HCTZ 25mg,http://fhir.hie.moh.gov.my/CodeSystem/drug-my-core,CodeSystemDrugMyCore
N01AX10000P9902XX,Propofol 2% (20mg/ml) emulsion for Injection (50ml),Propofol 2% Emulsion for Inj,http://fhir.hie.moh.gov.my/CodeSystem/drug-my-core,CodeSystemDrugMyCore
GLN0200068,Acetic Acid 0.5% in Aqueous,Acetic Acid 0.5% in Aqueous,http://fhir.hie.moh.gov.my/CodeSystem/drug-my-core,CodeSystemDrugMyCore
GLN0100061,Chloral Hydrate Mixture 100mg/mL,Chloral Hydrate Oral Mixture 100mg/mL,http://fhir.hie.moh.gov.my/CodeSystem/drug-my-core,CodeSystemDrugMyCore
A07EC02259T5001XX,Mesalazine 500mg MR Tablet,Mesalazine 500mg MR Tablet,http://fhir.hie.moh.gov.my/CodeSystem/drug-my-core,CodeSystemDrugMyCore
RAW00110,Wool Fat Anhydrous (Lanolin),Wool Fat Anhydrous (Lanolin),http://fhir.hie.moh.gov.my/CodeSystem/drug-my-core,CodeSystemDrugMyCore
RAW00111,Adrenaline Acid Tartrate Powder,Adrenaline Acid Tartrate Powder,http://fhir.hie.moh.gov.my/CodeSystem/drug-my-core,CodeSystemDrugMyCore
RAW00112,Sodium Thiosulphate BP,Sodium Thiosulphate BP,http://fhir.hie.moh.gov.my/CodeSystem/drug-my-core,CodeSystemDrugMyCore
RAW00113,Paraffin Wax/Hard Paraffin,Paraffin Wax/Hard Paraffin,http://fhir.hie.moh.gov.my/CodeSystem/drug-my-core,CodeSystemDrugMyCore
RAW00114,Alcohol 96% (For Internal Use Only),Alcohol 96% (For Internal Use Only),http://fhir.hie.moh.gov.my/CodeSystem/drug-my-core,CodeSystemDrugMyCore
RAW00115,Lemon Syrup BP,Lemon Syrup BP,http://fhir.hie.moh.gov.my/CodeSystem/drug-my-core,CodeSystemDrugMyCore
KPK00228,"Polyethylene glycol 400 0.4%, propylene glycol 0.3% Eyedrop","PEG 400 0.4%, propylene glycol 0.3% Eyed",http://fhir.hie.moh.gov.my/CodeSystem/drug-my-core,CodeSystemDrugMyCore
N05AH05253T7001,Asenapine 5mg Sublingual Tablet,Asenapine 5mg Sublingual Tablet,http://fhir.hie.moh.gov.my/CodeSystem/drug-my-core,CodeSystemDrugMyCore
B03AD04250T2001,Iron(III)-hydroxide polymaltose complex (IPC)100mg iron and 0.35mg folic acid ChewTab,"Iron100mg(IPC),Folic acid 0.35mg ChewTab",http://fhir.hie.moh.gov.my/CodeSystem/drug-my-core,CodeSystemDrugMyCore
L01XE18162T1002,Ruxolitinib 15mg Tablet,Ruxolitinib 15mg Tablet,http://fhir.hie.moh.gov.my/CodeSystem/drug-my-core,CodeSystemDrugMyCore
M05BX04000P4001,Denosumab 60mg/ml prefilled syringe,Denosumab 60mg/ml prefilled syringe,http://fhir.hie.moh.gov.my/CodeSystem/drug-my-core,CodeSystemDrugMyCore
GLN0200059,Hydrogen Peroxide 10 volume (3%) Mouthwash,Hydrogen Peroxide 10 vol Mouthwash,http://fhir.hie.moh.gov.my/CodeSystem/drug-my-core,CodeSystemDrugMyCore
D02BA02000G1001a,Sunscreen (Titanium dioxide) 5% Cream,Sunscreen (Titanium dioxide) 5% Cream,http://fhir.hie.moh.gov.my/CodeSystem/drug-my-core,CodeSystemDrugMyCore
D02BA02000G1001b,Sunscreen (Titanium dioxide) 10% Cream,Sunscreen (Titanium dioxide) 10% Cream,http://fhir.hie.moh.gov.my/CodeSystem/drug-my-core,CodeSystemDrugMyCore
D01AE12000L6001a,Salicylic acid 20% Lotion,Salicylic acid 20% Lotion,http://fhir.hie.moh.gov.my/CodeSystem/drug-my-core,CodeSystemDrugMyCore
GLN0200060,Hydrocortisone 0.5% Ointment,Hydrocortisone 0.5% Ointment,http://fhir.hie.moh.gov.my/CodeSystem/drug-my-core,CodeSystemDrugMyCore
GLN0200071,Cetrimide 40% Concentrated Solution,Cetrimide 40% Concentrated Solution,http://fhir.hie.moh.gov.my/CodeSystem/drug-my-core,CodeSystemDrugMyCore
R03AC02183A1001a,Salbutamol 100 mcg/dose Inhalation (Easyhaler),Salbutamol 100 mcg/dose Easyhaler,http://fhir.hie.moh.gov.my/CodeSystem/drug-my-core,CodeSystemDrugMyCore
R03AC02183A2001a,Salbutamol 200 mcg/dose Inhalation (Easyhaler),Salbutamol 200 mcg/dose Easyhaler,http://fhir.hie.moh.gov.my/CodeSystem/drug-my-core,CodeSystemDrugMyCore
R03BA02000A2101b,Budesonide 100 mcg/dose Inhalation (Easyhaler),Budesonide 100 mcg/dose Easyhaler,http://fhir.hie.moh.gov.my/CodeSystem/drug-my-core,CodeSystemDrugMyCore
R03BA02000A2102b,Budesonide 200 mcg/dose Inhalation (Easyhaler),Budesonide 200 mcg/dose Easyhaler,http://fhir.hie.moh.gov.my/CodeSystem/drug-my-core,CodeSystemDrugMyCore
R03BA01133A2102a,Beclomethasone Dipropionate 200 mcg/dose Inhalation (Easyhaler),Beclomethasone 200 mcg/dose Easyhaler,http://fhir.hie.moh.gov.my/CodeSystem/drug-my-core,CodeSystemDrugMyCore
GLN0100064,Frusemide 10mg/ml Oral liquid,Frusemide 10mg/ml Oral Liquid,http://fhir.hie.moh.gov.my/CodeSystem/drug-my-core,CodeSystemDrugMyCore
GLN0100065,Frusemide 4mg/ml Syrup,Frusemide 4mg/ml Syrup,http://fhir.hie.moh.gov.my/CodeSystem/drug-my-core,CodeSystemDrugMyCore
D07CC01952G1002,"Gentamicin 0.1%, Betamethasone 0.05% Cream","Gentamicin 0.1%, Betamethasone 0.05% Cr",http://fhir.hie.moh.gov.my/CodeSystem/drug-my-core,CodeSystemDrugMyCore
R01AX30000A9901XX,Menthol in Spirit Inhalation,Menthol in Spirit Inhalation,http://fhir.hie.moh.gov.my/CodeSystem/drug-my-core,CodeSystemDrugMyCore
D02AC00000G5001XX,White Soft Paraffin BP (White Petroleum Jelly BP),White Soft Paraffin,http://fhir.hie.moh.gov.my/CodeSystem/drug-my-core,CodeSystemDrugMyCore
D02AC00000G5002XX,Yellow Soft Paraffin BP (Yellow Petroleum Jelly BP),Yellow Soft Paraffin BP,http://fhir.hie.moh.gov.my/CodeSystem/drug-my-core,CodeSystemDrugMyCore
D02AE01000G1001XX,Carbamide (Urea) 10 % Cream,Carbamide (Urea) 10 % Cream,http://fhir.hie.moh.gov.my/CodeSystem/drug-my-core,CodeSystemDrugMyCore
A01AC01351G3101XX,Triamcinolone Acetonide 0.1% Oral Paste,Triamcinolone Acetonide 0.1% Oral Paste,http://fhir.hie.moh.gov.my/CodeSystem/drug-my-core,CodeSystemDrugMyCore
D07AC01256G5002XX,Betamethasone 17-Valerate 0.1% Ointment,Betamethasone 17-Valerate 0.1% Ointment,http://fhir.hie.moh.gov.my/CodeSystem/drug-my-core,CodeSystemDrugMyCore
M02AA15520G3001XX,Diclofenac 1% Emulgel,Diclofenac 1% Emulgel,http://fhir.hie.moh.gov.my/CodeSystem/drug-my-core,CodeSystemDrugMyCore
M02AA10000G3001XX,Ketoprofen 2.5% Gel,Ketoprofen 2.5% Gel,http://fhir.hie.moh.gov.my/CodeSystem/drug-my-core,CodeSystemDrugMyCore
M02AC00260G5001XX,Methyl Salicylate 25% Ointment,Methyl Salicylate 25% Ointment,http://fhir.hie.moh.gov.my/CodeSystem/drug-my-core,CodeSystemDrugMyCore
D01AC07000G1001XX,Tioconazole 1% Cream,Tioconazole 1% Cream,http://fhir.hie.moh.gov.my/CodeSystem/drug-my-core,CodeSystemDrugMyCore
D10AD01000G3001XX,Tretinoin 0.01% Gel,Tretinoin 0.01% Gel,http://fhir.hie.moh.gov.my/CodeSystem/drug-my-core,CodeSystemDrugMyCore
D10AD01000G1002XX,Tretinoin 0.1% Cream,Tretinoin 0.1% Cream,http://fhir.hie.moh.gov.my/CodeSystem/drug-my-core,CodeSystemDrugMyCore
D10AD01000G1001XX,Tretinoin 0.05% Cream,Tretinoin 0.05% Cream,http://fhir.hie.moh.gov.my/CodeSystem/drug-my-core,CodeSystemDrugMyCore
D02BA02000G1001XX,Sunscreen 5 - 20% w/w Cream,Sunscreen 5 - 20% w/w Cream,http://fhir.hie.moh.gov.my/CodeSystem/drug-my-core,CodeSystemDrugMyCore
D04AX00952G1001XX,Calamine with 0.5% Phenol Cream,Calamine with 0.5% Phenol Cream,http://fhir.hie.moh.gov.my/CodeSystem/drug-my-core,CodeSystemDrugMyCore
A03FA01110P3001XX,Metoclopramide HCl 10mg/2ml Injection,Metoclopramide HCl 10mg/2ml Injection,http://fhir.hie.moh.gov.my/CodeSystem/drug-my-core,CodeSystemDrugMyCore
B02BD02000P4002XX,Factor VIII (Recombinant) 500 IU Injection,Factor VIII (Recombinant) 500 IU Inj,http://fhir.hie.moh.gov.my/CodeSystem/drug-my-core,CodeSystemDrugMyCore
KPK00185,Teicoplanin 200mg/3ml Injection,Teicoplanin 200mg/3ml Injection,http://fhir.hie.moh.gov.my/CodeSystem/drug-my-core,CodeSystemDrugMyCore
H01AA02000P3001XX,Synthetic ACTH (Tetracosactrin Acetate) 250 mcg/ml Injection,Tetracosactrin Acetate 250 mcg/ml Inj,http://fhir.hie.moh.gov.my/CodeSystem/drug-my-core,CodeSystemDrugMyCore
A11DA01110P3001XX,Thiamine HCl 100mg/ml Injection,Thiamine HCl 100mg/ml Injection,http://fhir.hie.moh.gov.my/CodeSystem/drug-my-core,CodeSystemDrugMyCore
N05CA19520P3001XX,Thiopental Sodium 500 mg Injection,Thiopental Sodium 500 mg Injection,http://fhir.hie.moh.gov.my/CodeSystem/drug-my-core,CodeSystemDrugMyCore
B01AC17110P9901XX,Tirofiban HCl 250 mcg/ml Injection (50ml Vial),Tirofiban HCl 250 mcg/ml Inj (50ml vial),http://fhir.hie.moh.gov.my/CodeSystem/drug-my-core,CodeSystemDrugMyCore
L04AC07000P3001XX,Tocilizumab 200mg/10ml Injection,Tocilizumab 200mg/10ml Injection,http://fhir.hie.moh.gov.my/CodeSystem/drug-my-core,CodeSystemDrugMyCore
IVA00020,Tramadol  HCI 10mg/ml PCA (50ml),Tramadol  HCI 10mg/ml PCA (50ml),http://fhir.hie.moh.gov.my/CodeSystem/drug-my-core,CodeSystemDrugMyCore
N02AX02110P3001XX,Tramadol HCl 50 mg/ml Injection,Tramadol HCl 50 mg/ml Injection,http://fhir.hie.moh.gov.my/CodeSystem/drug-my-core,CodeSystemDrugMyCore
IVA00021,Tramadol HCI 2mg/ml Epidural,Tramadol HCI 2mg/ml Epi.,http://fhir.hie.moh.gov.my/CodeSystem/drug-my-core,CodeSystemDrugMyCore
KPK00125,Mycophenolate Mofetil 500 mg Injection,Mycophenolate Mofetil 500 mg Injection,http://fhir.hie.moh.gov.my/CodeSystem/drug-my-core,CodeSystemDrugMyCore
N07BA01000M9902XX,Nicotine 4 mg Gum,Nicotine 4 mg Gum,http://fhir.hie.moh.gov.my/CodeSystem/drug-my-core,CodeSystemDrugMyCore
C05BB04183P3001XX,Sodium Tetradecyl Sulphate 1 % Injection,Sodium Tetradecyl Sulphate 1 % Injection,http://fhir.hie.moh.gov.my/CodeSystem/drug-my-core,CodeSystemDrugMyCore
V03AB06181P3001XX,Sodium Thiosulphate 500 mg/ml Injection,Sodium Thiosulphate 500 mg/ml Inj,http://fhir.hie.moh.gov.my/CodeSystem/drug-my-core,CodeSystemDrugMyCore
V03AB35000P3001XX,Sugammadex 100 mg/ml Injection,Sugammadex 100 mg/ml Injection,http://fhir.hie.moh.gov.my/CodeSystem/drug-my-core,CodeSystemDrugMyCore
M03AB01100P3001XX,Suxamethonium Chloride 50 mg/ml lnj,Suxamethonium Chloride 50 mg/ml lnj,http://fhir.hie.moh.gov.my/CodeSystem/drug-my-core,CodeSystemDrugMyCore
L04AD02000P3001XX,Tacrolimus 5mg/ml Injection,Tacrolimus 5mg/ml Injection,http://fhir.hie.moh.gov.my/CodeSystem/drug-my-core,CodeSystemDrugMyCore
KPK00087,Estradiol Hemihydrate 1mg + Drospiranone 2mg Tablet,Estradiol 1mg + Drospiranone 2mg Tab,http://fhir.hie.moh.gov.my/CodeSystem/drug-my-core,CodeSystemDrugMyCore
H01AC01000P3004XX,Somatropin 5mg (15IU) Injection,Somatropin 5mg Inj,http://fhir.hie.moh.gov.my/CodeSystem/drug-my-core,CodeSystemDrugMyCore
H01AC01000P3003XX,Somatropin 8 mg (24IU) Injection,Somatropin 8 mg (24IU) Inj,http://fhir.hie.moh.gov.my/CodeSystem/drug-my-core,CodeSystemDrugMyCore
H01AC01000P5002XX,Somatropin 10mg/1.5 ml Pre-filled Pen (Norditropin Nordilet),Somatropin 10mg/1.5 ml Pre-filled Pen,http://fhir.hie.moh.gov.my/CodeSystem/drug-my-core,CodeSystemDrugMyCore
GLN0200021,Acetic Acid 5% in Aqueous,Acetic Acid 5%,http://fhir.hie.moh.gov.my/CodeSystem/drug-my-core,CodeSystemDrugMyCore
M05BB03972T1002XX,Alendronate Sodium 70 mg and Cholecalciferol 5600 IU Tablet,"Alendronate 70mg, Cholecalciferol Tab",http://fhir.hie.moh.gov.my/CodeSystem/drug-my-core,CodeSystemDrugMyCore
IVA00018,Ropivacaine 1 mg/ml  + Fentanyl  2 mcg/ml Epidural,Rpcaine 0.1% + Fentanyl 2 mcg/ml Epi.,http://fhir.hie.moh.gov.my/CodeSystem/drug-my-core,CodeSystemDrugMyCore
J07AH04000P4001XX,Meningococcal ACYW 135 Vaccine (10 doses Vial),Meningococcal ACYW 135 Vaccine (10 doses,http://fhir.hie.moh.gov.my/CodeSystem/drug-my-core,CodeSystemDrugMyCore
V03AF01520P3001XX,Mesna 400mg/4ml Injection,Mesna 400mg/4ml Injection,http://fhir.hie.moh.gov.my/CodeSystem/drug-my-core,CodeSystemDrugMyCore
N05AX08000P3003XX,Risperidone 50 mg Injection (Long Acting),Risperidone 50 mg Inj,http://fhir.hie.moh.gov.my/CodeSystem/drug-my-core,CodeSystemDrugMyCore
IVA00019,Ropivacaine 2mg/ml (0.2%) and Fentanyl  2mcg/ml Epidural,Ropivacaine 0.2% Fentanyl 2mcg/ml Epi,http://fhir.hie.moh.gov.my/CodeSystem/drug-my-core,CodeSystemDrugMyCore
N01BB03110P3001XX,Mepivacaine HCl 3% Injection,Mepivacaine HCl 3% Injection,http://fhir.hie.moh.gov.my/CodeSystem/drug-my-core,CodeSystemDrugMyCore
C08CA05000C1001XX,Nifedipine 10 mg Capsule,Nifedipine 10 mg Capsule,http://fhir.hie.moh.gov.my/CodeSystem/drug-my-core,CodeSystemDrugMyCore
L04AX02000C1001XX,Thalidomide 50 mg Capsule,Thalidomide 50mg Cap,http://fhir.hie.moh.gov.my/CodeSystem/drug-my-core,CodeSystemDrugMyCore
RAW00067,Tragacanth Powder,Tragacanth Powder,http://fhir.hie.moh.gov.my/CodeSystem/drug-my-core,CodeSystemDrugMyCore
RAW00002,Benzoic Acid,Benzoic Acid,http://fhir.hie.moh.gov.my/CodeSystem/drug-my-core,CodeSystemDrugMyCore
B05AA06905P9901a,Modified Fluid Gelatin 4% 500mL IV Solution (Gelofusine),Modifoed Fluid Gelatin 4% 500mL IV Soln,http://fhir.hie.moh.gov.my/CodeSystem/drug-my-core,CodeSystemDrugMyCore
RPH000042,Preparation kit: Technetium-99m Oxidronate (Tc-99m HDP),Preparation kit: Tc-99m Oxidronate,http://fhir.hie.moh.gov.my/CodeSystem/drug-my-core,CodeSystemDrugMyCore
KPK00034,Tramadol 37.5mg + Paracetamol 325mg Tab,Tramadol 37.5mg + Paracetamol 325mg Tab,http://fhir.hie.moh.gov.my/CodeSystem/drug-my-core,CodeSystemDrugMyCore
D08AC52137L9901XX,Chlorhexidine 1:200 in Alcohol with Emollient (for hand disinfection),Chlorhexidine in alcohol & emollient,http://fhir.hie.moh.gov.my/CodeSystem/drug-my-core,CodeSystemDrugMyCore
IVA00002,Amikacin 10 mg/ml  Injection,Amikacin 10 mg/ml Inj.,http://fhir.hie.moh.gov.my/CodeSystem/drug-my-core,CodeSystemDrugMyCore
H04AA01000P4001XX,Glucagon (Lyophilised) 1 mg/ml Injection,Glucagon 1 mg/ml Injection,http://fhir.hie.moh.gov.my/CodeSystem/drug-my-core,CodeSystemDrugMyCore
J07BB02963P5002XX,Influenzae Vaccine Type A(H1N1)15mcg (H3N2)15mcg TypeB 15mcg,"Influenzae Vaccine 15mcg Type A,A,B",http://fhir.hie.moh.gov.my/CodeSystem/drug-my-core,CodeSystemDrugMyCore
V03AB15110P3001XX,Naloxone HCl 0.02mg/ml Injection (2ml),Naloxone HCl 0.02mg/ml Inj (2ml),http://fhir.hie.moh.gov.my/CodeSystem/drug-my-core,CodeSystemDrugMyCore
L01XX19110P3001XX,Irinotecan 40mg/2ml Injection,Irinotecan 40mg/2ml Injection,http://fhir.hie.moh.gov.my/CodeSystem/drug-my-core,CodeSystemDrugMyCore
KPK00188,Tetrabenazine 25mg tablet,Tetrabenazine 25mg tablet,http://fhir.hie.moh.gov.my/CodeSystem/drug-my-core,CodeSystemDrugMyCore
B03BB01000T1001XX,Folic Acid 5 mg Tablet,Folic Acid 5mg Tab,http://fhir.hie.moh.gov.my/CodeSystem/drug-my-core,CodeSystemDrugMyCore
GLN0100024,Clonazepam Suspension 0.1mg/mL,Clonazepam Suspension 0.1mg/mL,http://fhir.hie.moh.gov.my/CodeSystem/drug-my-core,CodeSystemDrugMyCore
N06AB10124T1001XX,Escitalopram 10 mg Tablet,Escitalopram 10mg Tab,http://fhir.hie.moh.gov.my/CodeSystem/drug-my-core,CodeSystemDrugMyCore
L04AA13000T1001XX,Leflunomide 10 mg Tablet,Leflunomide 10mg Tab,http://fhir.hie.moh.gov.my/CodeSystem/drug-my-core,CodeSystemDrugMyCore
J01AA07110C1001XX,Tetracycline HCl 250 mg Capsule,Tetracycline HCl 250mg Cap,http://fhir.hie.moh.gov.my/CodeSystem/drug-my-core,CodeSystemDrugMyCore
N04BCO4110T1002XX,Ropinirole HCl 1 mg Tablet,Ropinirole HCl 1mg Tab,http://fhir.hie.moh.gov.my/CodeSystem/drug-my-core,CodeSystemDrugMyCore
A02BB01000T1001,Misoprostol 200 mcg Tablet,Misoprostol 200 mcg Tablet,http://fhir.hie.moh.gov.my/CodeSystem/drug-my-core,CodeSystemDrugMyCore
KPK00232,Medium-Chain Triglycerides Oil (MCT),Medium-Chain Triglycerides Oil (MCT),http://fhir.hie.moh.gov.my/CodeSystem/drug-my-core,CodeSystemDrugMyCore
A12BA01100L2101,Potassium Chloride 1gm/15ml Mixture,Potassium Chloride 1gm/15ml Mixture,http://fhir.hie.moh.gov.my/CodeSystem/drug-my-core,CodeSystemDrugMyCore
S01AX00000D2003,Mitomycin 0.002% Eye Drops,Mitomycin 0.002% Eye Drops,http://fhir.hie.moh.gov.my/CodeSystem/drug-my-core,CodeSystemDrugMyCore
RAW00128,Peppermint Oil,Peppermint Oil,http://fhir.hie.moh.gov.my/CodeSystem/drug-my-core,CodeSystemDrugMyCore
RAW00135,Potassium Aluminium Phosphate Powder (KAl(SO4)2,Potassium Aluminium Phosphate Powder,http://fhir.hie.moh.gov.my/CodeSystem/drug-my-core,CodeSystemDrugMyCore
RAW00136,Amethocaine Hydrochloride Powder,Amethocaine Hydrochloride Powder,http://fhir.hie.moh.gov.my/CodeSystem/drug-my-core,CodeSystemDrugMyCore
RAW00138,Biotin Powder,Biotin Powder,http://fhir.hie.moh.gov.my/CodeSystem/drug-my-core,CodeSystemDrugMyCore
RAW00146,Polysorbate 80 Liquid (Tween 80 / Polyoxyethylene 20 Sorbitan Mono-oleate ),Polysorbate 80 Liquid (Tween 80),http://fhir.hie.moh.gov.my/CodeSystem/drug-my-core,CodeSystemDrugMyCore
RAW00147,Sodium Phenylbutyrate Powder,Sodium Phenylbutyrate Powder,http://fhir.hie.moh.gov.my/CodeSystem/drug-my-core,CodeSystemDrugMyCore
RAW00150,Squaric Acid Dibutylester (SADBE) solution (Dibutyl Squarate),Squaric Acid Dibutylester (SADBE) soln,http://fhir.hie.moh.gov.my/CodeSystem/drug-my-core,CodeSystemDrugMyCore
N07BA01000M7002,Nicotine 14mg/24h Transdermal Patch,Nicotine 14mg/24h Transdermal Patch,http://fhir.hie.moh.gov.my/CodeSystem/drug-my-core,CodeSystemDrugMyCore
RAW00153,Citric Acid Monohydrate,Citric Acid Monohydrate,http://fhir.hie.moh.gov.my/CodeSystem/drug-my-core,CodeSystemDrugMyCore
B05ZA00908H1002c,Haemodialysis Concentrate Bicarbonate Component B (Renacarb K3),Haemodialysis Concentrate Renacarb K3,http://fhir.hie.moh.gov.my/CodeSystem/drug-my-core,CodeSystemDrugMyCore
B02AA02000P3003,Tranexamic acid 50mg/ml Injection (5ml),Tranexamic acid 50mg/ml Inj (5ml),http://fhir.hie.moh.gov.my/CodeSystem/drug-my-core,CodeSystemDrugMyCore
B02BD04000P9901a,Factor IX 1000 IU Injection,Factor IX 1000 IU Injection,http://fhir.hie.moh.gov.my/CodeSystem/drug-my-core,CodeSystemDrugMyCore
B05ZA00908H1001b,Haemodialysis Concentrate Acidic Component (Renacid K6),Haemodialysis Concentrate (Renacid K6),http://fhir.hie.moh.gov.my/CodeSystem/drug-my-core,CodeSystemDrugMyCore
J02AC04000L8001,Posaconazole 40mg/ml Oral Suspension,Posaconazole 40mg/ml Oral Susp,http://fhir.hie.moh.gov.my/CodeSystem/drug-my-core,CodeSystemDrugMyCore
R03BB06320A2001,Glycopyrronium 50mcg Inhalation Powder Hard Capsules,Glycopyrronium 50mcg Inh Capsule,http://fhir.hie.moh.gov.my/CodeSystem/drug-my-core,CodeSystemDrugMyCore
GLN0200089,Salicylic acid 1% Ointment,Salicylic acid 1% Ointment,http://fhir.hie.moh.gov.my/CodeSystem/drug-my-core,CodeSystemDrugMyCore
GLN0200092,Industrial Methylated Spirit 70% (Industrial Denatured Alcohol),Industrial Methylated Spirit 70%,http://fhir.hie.moh.gov.my/CodeSystem/drug-my-core,CodeSystemDrugMyCore
J07AL01000P3001a,Pneumococcal Vaccine 0.5ml (Polyvalent - 13-serotypes),Pneumococcal Vaccine (Polyvalent 13),http://fhir.hie.moh.gov.my/CodeSystem/drug-my-core,CodeSystemDrugMyCore
N07CA00000L9003,Dimenhydrinate 15mg/5ml Syrup,Dimenhydrinate 15mg/5ml Syrup,http://fhir.hie.moh.gov.my/CodeSystem/drug-my-core,CodeSystemDrugMyCore
J05AE10000T1001,Darunavir 300mg Film-coated Tablet,Darunavir 300mg Film-coated tablet,http://fhir.hie.moh.gov.my/CodeSystem/drug-my-core,CodeSystemDrugMyCore
V03AC02000L9001,Deferiprone 100mg/ml Oral Liquid,Deferiprone 100mg/ml Oral Liquid,http://fhir.hie.moh.gov.my/CodeSystem/drug-my-core,CodeSystemDrugMyCore
S01ED51990D2002,"Dorzolamide 2%, Timolol 0.5% Eye drop","Dorzolamide 2%, Timolol 0.5% Eye drop",http://fhir.hie.moh.gov.my/CodeSystem/drug-my-core,CodeSystemDrugMyCore
D07CA01900G1001,"Fusidic Acid 2%, Hydrocortisone 1% Cream","Fusidic Acid 2%, Hydrocortisone 1% Cream",http://fhir.hie.moh.gov.my/CodeSystem/drug-my-core,CodeSystemDrugMyCore
B01AC11239P3002,Iloprost Trometamol 50mcg/0.5ml Injection,Iloprost Trometamol 50mcg/0.5ml Inj,http://fhir.hie.moh.gov.my/CodeSystem/drug-my-core,CodeSystemDrugMyCore
L01XC07000P3001a,Bevacizumab 100mg/4ml Infusion,Bevacizumab 100mg/4ml Infusion,http://fhir.hie.moh.gov.my/CodeSystem/drug-my-core,CodeSystemDrugMyCore
N06AA10110T1002,Nortriptyline 25mg Tablet,Nortriptyline 25mg Tablet,http://fhir.hie.moh.gov.my/CodeSystem/drug-my-core,CodeSystemDrugMyCore
M03BC01136P3001,Orphenadrine 60mg/2mL Injection,Orphenadrine 60mg/2mL Injection,http://fhir.hie.moh.gov.my/CodeSystem/drug-my-core,CodeSystemDrugMyCore
GLN0100068,Ferrous Fumarate 40mg/ml Oral Solution,Ferrous Fumarate 40mg/ml Oral Soln,http://fhir.hie.moh.gov.my/CodeSystem/drug-my-core,CodeSystemDrugMyCore
L04AC07000P3001b,Tocilizumab 400 mg/20ml Injection,Tocilizumab 400 mg/20ml Injection,http://fhir.hie.moh.gov.my/CodeSystem/drug-my-core,CodeSystemDrugMyCore
B01AX05520P5002a,Fondaparinux 7.5mg/0.6ml Injection,Fondaparinux 7.5mg/0.6ml Inj,http://fhir.hie.moh.gov.my/CodeSystem/drug-my-core,CodeSystemDrugMyCore
GLN0100066,Ferric ammonium citrate (elemental iron 86mg/5ml) oral solution,FAC 86mg/5mL Oral Solution,http://fhir.hie.moh.gov.my/CodeSystem/drug-my-core,CodeSystemDrugMyCore
V08CA08996P3001a,Gadobenate Dimeglumine Injection Solution (10ml),Gadobenate Dimeglumine Inj Soln (10ml),http://fhir.hie.moh.gov.my/CodeSystem/drug-my-core,CodeSystemDrugMyCore
GLN0200076,Glycerine 25% in Aqueous Cream,Glycerine 25% in Aqueous Cream,http://fhir.hie.moh.gov.my/CodeSystem/drug-my-core,CodeSystemDrugMyCore
GLN0200083,Potassium Permanganate 2% Solution,Potassium Permanganate 2% Solution,http://fhir.hie.moh.gov.my/CodeSystem/drug-my-core,CodeSystemDrugMyCore
GLN0200085,Chlorhexidine 1 in 50 (2%) in Aqueous/Water,Chlorhexidine 1 in 50 in Aqueous/Water,http://fhir.hie.moh.gov.my/CodeSystem/drug-my-core,CodeSystemDrugMyCore
GLN0200087,Hydrogen Peroxide 10 volume solution (3%),Hydrogen Peroxide 10 vol solution (3%),http://fhir.hie.moh.gov.my/CodeSystem/drug-my-core,CodeSystemDrugMyCore
GLN0200088,Silver Nitrate 10% Lotion,Silver Nitrate 10% Lotion,http://fhir.hie.moh.gov.my/CodeSystem/drug-my-core,CodeSystemDrugMyCore
J01FA10011T1002,Azithromycin 500 mg Tablet,Azithromycin 500 mg Tablet,http://fhir.hie.moh.gov.my/CodeSystem/drug-my-core,CodeSystemDrugMyCore
C09AA01000T1001,Captopril 12.5 mg Tablet,Captopril 12.5 mg Tablet,http://fhir.hie.moh.gov.my/CodeSystem/drug-my-core,CodeSystemDrugMyCore
J01DC02233F2102,Cefuroxime Axetil 250 mg/5 ml Suspension,Cefuroxime Axetil 250 mg/5 ml Susp,http://fhir.hie.moh.gov.my/CodeSystem/drug-my-core,CodeSystemDrugMyCore
D07AD01133L5001,Clobetasol Propionate 0.05 % Scalp Liquid,Clobetasol Propionate 0.05 % Scalp Liq,http://fhir.hie.moh.gov.my/CodeSystem/drug-my-core,CodeSystemDrugMyCore
RAW00156,Dithranol Powder,Dithranol Powder,http://fhir.hie.moh.gov.my/CodeSystem/drug-my-core,CodeSystemDrugMyCore
RAW00161,Thymol Crystal BP,Thymol Crystal BP,http://fhir.hie.moh.gov.my/CodeSystem/drug-my-core,CodeSystemDrugMyCore
RAW00165,Castor Oil,Castor Oil,http://fhir.hie.moh.gov.my/CodeSystem/drug-my-core,CodeSystemDrugMyCore
N02AA05110T5301,Oxycodone HCl 10mg CONTROLLED RELEASE Tablet,Oxycodone HCl 10mg CR Tablet,http://fhir.hie.moh.gov.my/CodeSystem/drug-my-core,CodeSystemDrugMyCore
N06AX03110T1001,Mianserin 10mg Tablet,Mianserin 10mg Tablet,http://fhir.hie.moh.gov.my/CodeSystem/drug-my-core,CodeSystemDrugMyCore
N06AA10110T1001,Nortriptyline 10mg Tablet,Nortriptyline 10mg Tablet,http://fhir.hie.moh.gov.my/CodeSystem/drug-my-core,CodeSystemDrugMyCore
H05BX02000P3001,Paricalcitol 5mcg/ 1mL Injection,Paricalcitol 5mcg/ 1mL Injection,http://fhir.hie.moh.gov.my/CodeSystem/drug-my-core,CodeSystemDrugMyCore
L02BX03000T1001,Abiraterone 250mg Tablet,Abiraterone 250mg Tablet,http://fhir.hie.moh.gov.my/CodeSystem/drug-my-core,CodeSystemDrugMyCore
C08DA01110T5002,Verapamil 240mg SUSTAINED RELEASE Tablet,Verapamil 240mg SR Tablet,http://fhir.hie.moh.gov.my/CodeSystem/drug-my-core,CodeSystemDrugMyCore
J07BL01000P4001,Yellow Fever (Live Attenuated) Vaccine Injection,Yellow Fever (Live Attenuated) Vaccine,http://fhir.hie.moh.gov.my/CodeSystem/drug-my-core,CodeSystemDrugMyCore
N03AG04000T1001,Vigabatrin 500mg Tablet,Vigabatrin 500mg Tablet,http://fhir.hie.moh.gov.my/CodeSystem/drug-my-core,CodeSystemDrugMyCore
S01LA01000P3001,Verteporfin 15mg Powder for Infusion,Verteporfin 15mg Powder for Infusion,http://fhir.hie.moh.gov.my/CodeSystem/drug-my-core,CodeSystemDrugMyCore
N03AX18000T1001b,Lacosamide 100 mg Tablet,Lacosamide 100 mg Tablet,http://fhir.hie.moh.gov.my/CodeSystem/drug-my-core,CodeSystemDrugMyCore
N03AX18000T1001c,Lacosamide 150 mg Tablet,Lacosamide 150 mg Tablet,http://fhir.hie.moh.gov.my/CodeSystem/drug-my-core,CodeSystemDrugMyCore
N03AX18000T1001d,Lacosamide 200 mg Tablet,Lacosamide 200 mg Tablet,http://fhir.hie.moh.gov.my/CodeSystem/drug-my-core,CodeSystemDrugMyCore
N03AX18000T1001a,Lacosamide 50 mg Tablet,Lacosamide 50 mg Tablet,http://fhir.hie.moh.gov.my/CodeSystem/drug-my-core,CodeSystemDrugMyCore
N03AX18000P3001,Lacosamide 10 mg /ml Injection (20ml Vial),Lacosamide 10 mg /ml Injection (20ml),http://fhir.hie.moh.gov.my/CodeSystem/drug-my-core,CodeSystemDrugMyCore
G03BA03000C1001,Testosterone 40 mg Capsule,Testosterone 40 mg Capsule,http://fhir.hie.moh.gov.my/CodeSystem/drug-my-core,CodeSystemDrugMyCore
G03BA03000G3002,Testosterone 50mg Topical Gel,Testosterone 50mg Topical Gel,http://fhir.hie.moh.gov.my/CodeSystem/drug-my-core,CodeSystemDrugMyCore
S01AX00000D2001,Mitomycin 0.02% Eye Drops,Mitomycin 0.02% Eye Drops,http://fhir.hie.moh.gov.my/CodeSystem/drug-my-core,CodeSystemDrugMyCore
J07BA02000P3001,Japanese Encephalitis Vaccine 1 mL,Japanese Encephalitis Vaccine 1 mL,http://fhir.hie.moh.gov.my/CodeSystem/drug-my-core,CodeSystemDrugMyCore
B05CX03000H3001,"Glycine 1.5% Irrigating Solution, 3000mL","Glycine 1.5% Irrigating Solution, 3000mL",http://fhir.hie.moh.gov.my/CodeSystem/drug-my-core,CodeSystemDrugMyCore
RAW00130,Raspberry Syrup BP,Raspberry Syrup BP,http://fhir.hie.moh.gov.my/CodeSystem/drug-my-core,CodeSystemDrugMyCore
V08CA08996P3001b,Gadobenate Dimeglumine Injection Solution (20ml),Gadobenate Dimeglumine Inj  Soln (20ml),http://fhir.hie.moh.gov.my/CodeSystem/drug-my-core,CodeSystemDrugMyCore
S01XA18000D2001,Ciclosporin 0.05% Ophthalmic Emulsion (0.4ml/amp),Ciclosporin 0.05% Ophthalmic Emulsion,http://fhir.hie.moh.gov.my/CodeSystem/drug-my-core,CodeSystemDrugMyCore
N03DA03123M7003,Rivastigmine 13.3mg/24hr Transdermal Patch,Rivastigmine 13.3mg/24hr Patch,http://fhir.hie.moh.gov.my/CodeSystem/drug-my-core,CodeSystemDrugMyCore
M01AB05520S2004,Diclofenac Sodium 100mg Suppository,Diclofenac Sodium 100mg Suppository,http://fhir.hie.moh.gov.my/CodeSystem/drug-my-core,CodeSystemDrugMyCore
RAW00142,Chlortetracycline Hydrochloride BP Powder,Chlortetracycline Hydrochloride BP Powd,http://fhir.hie.moh.gov.my/CodeSystem/drug-my-core,CodeSystemDrugMyCore
V03AE03130T2002,Lanthanum Carbonate 500mg Chewable Tablet,Lanthanum Carbonate 500mg Chewable Tab,http://fhir.hie.moh.gov.my/CodeSystem/drug-my-core,CodeSystemDrugMyCore
GLN0200075,Chlorhexidine 1 in 2000 (0.05%) in Alcohol 70%,Chlorhexidine 1 in 2000 in Alcohol 70%,http://fhir.hie.moh.gov.my/CodeSystem/drug-my-core,CodeSystemDrugMyCore
GLN0200077,White Soft Paraffin 50% + Liquid Paraffin 50%,White Soft Paraffin+Liquid Paraffin,http://fhir.hie.moh.gov.my/CodeSystem/drug-my-core,CodeSystemDrugMyCore
J06BA02000P3001a,Human Normal Immunoglobulin Injection 5000mg/50ml (10%),Human Normal Immunoglobulin inj 5000mg,http://fhir.hie.moh.gov.my/CodeSystem/drug-my-core,CodeSystemDrugMyCore
RAW00151,Amaranth Solution BP,Amaranth Solution BP,http://fhir.hie.moh.gov.my/CodeSystem/drug-my-core,CodeSystemDrugMyCore
RAW00154,Green Solution (Food Colouring/Food Dye),Green Solution (Food Colouring/Food Dye),http://fhir.hie.moh.gov.my/CodeSystem/drug-my-core,CodeSystemDrugMyCore
GLN0100067,Folic Acid 0.5mg/ml Syrup,Folic Acid 0.5mg/ml Syrup,http://fhir.hie.moh.gov.my/CodeSystem/drug-my-core,CodeSystemDrugMyCore
RAW00152,Disodium Tetraborate (Borax),Disodium Tetraborate (Borax),http://fhir.hie.moh.gov.my/CodeSystem/drug-my-core,CodeSystemDrugMyCore
B02AA02000P3002,Tranexamic acid 100mg/ml Injection (5ml),Tranexamic acid 100mg/ml Injection (5ml),http://fhir.hie.moh.gov.my/CodeSystem/drug-my-core,CodeSystemDrugMyCore
B05ZA00908H1001a,Haemodialysis Concentrate Acidic Component (Renacid K3),Haemodialysis Concentrate (Renacid K3),http://fhir.hie.moh.gov.my/CodeSystem/drug-my-core,CodeSystemDrugMyCore
A11CC03000P3001a,Alfacalcidol 2mcg/1ml Injection (1ml amp),Alfacalcidol 2mcg/1ml Inj (1ml amp),http://fhir.hie.moh.gov.my/CodeSystem/drug-my-core,CodeSystemDrugMyCore
D10AE01241G3003,Benzoyl Peroxide 2.5 % Gel,Benzoyl Peroxide 2.5 % Gel,http://fhir.hie.moh.gov.my/CodeSystem/drug-my-core,CodeSystemDrugMyCore
GLN0200084,Chlorhexidine 1 in 1000 (0.1%) in Aqueous/Water,Chlorhexidine 1 in 1000 (0.1%) in Aqueou,http://fhir.hie.moh.gov.my/CodeSystem/drug-my-core,CodeSystemDrugMyCore
B03AD04250L9001,Iron(III)-hydroxide polymaltose complex (IPC) iron and folic acid Syrup,IPC and Folic Acid Syrup,http://fhir.hie.moh.gov.my/CodeSystem/drug-my-core,CodeSystemDrugMyCore
GLN0200091,Acetic Acid 3% in Aqueous,Acetic Acid 3% in Aqueous,http://fhir.hie.moh.gov.my/CodeSystem/drug-my-core,CodeSystemDrugMyCore
B05ZA00908H1001c,Haemodialysis Concentrate Acidic Component (RENAHD-5A),Haemodialysis Conc Acidic Comp-RENAHD-5,http://fhir.hie.moh.gov.my/CodeSystem/drug-my-core,CodeSystemDrugMyCore
GLN0200093,Sodium Chloride 1g/10ml Oral Solution (1.71mmol/ml),Sodium Chloride 1g/10ml Oral Solution,http://fhir.hie.moh.gov.my/CodeSystem/drug-my-core,CodeSystemDrugMyCore
GLN0200086,Chlorhexidine 1 in 2000 (0.05%) in Methylated Spirit 70%,Chlorhexidine 1 in 2000 in M. Spirit 70%,http://fhir.hie.moh.gov.my/CodeSystem/drug-my-core,CodeSystemDrugMyCore
G01AF02000S1001,Clotrimazole 100 mg Vaginal tablet,Clotrimazole 100 mg Vaginal tablet,http://fhir.hie.moh.gov.my/CodeSystem/drug-my-core,CodeSystemDrugMyCore
RAW00162,Quillaia Tincture BP,Quillaia Tincture BP,http://fhir.hie.moh.gov.my/CodeSystem/drug-my-core,CodeSystemDrugMyCore
V06DD00900T1001,Essential Ketoacids Amino Acids Tablet,Essential Ketoacids Amino Acids Tablet,http://fhir.hie.moh.gov.my/CodeSystem/drug-my-core,CodeSystemDrugMyCore
M01AX05000C1002,Glucosamine Sulfate 500mg Capsule,Glucosamine Sulfate 500mg Capsule,http://fhir.hie.moh.gov.my/CodeSystem/drug-my-core,CodeSystemDrugMyCore
J01AA12000P4001,Tigecycline 50mg/5mL Injection,Tigecycline 50mg/5mL Injection,http://fhir.hie.moh.gov.my/CodeSystem/drug-my-core,CodeSystemDrugMyCore
B05AA06905P9901,Modified Fluid Gelatin 4% 500mL IV Solution,Modified Fluid Gelatin 4% 500mL IV Soln,http://fhir.hie.moh.gov.my/CodeSystem/drug-my-core,CodeSystemDrugMyCore
D08A000999G9901b,Chlorinated Lime & Buffered Acetate Solution A & B (Eusol A & B),Eusol A & B Solution,http://fhir.hie.moh.gov.my/CodeSystem/drug-my-core,CodeSystemDrugMyCore
RAW00127,Sodium Lauryl Sulfate Crystal,Sodium Lauryl Sulfate Crystal,http://fhir.hie.moh.gov.my/CodeSystem/drug-my-core,CodeSystemDrugMyCore
D05AA00946L5002,"Coal Tar 1%, Salicylic Acid 2% Shampoo (Sebitar)","Coal Tar 1%, Salicylic Acid 2% Shampoo",http://fhir.hie.moh.gov.my/CodeSystem/drug-my-core,CodeSystemDrugMyCore
B05BB01905P6002,"Sodium Cl, Sodium Ace, Malic Acid, Calcium Cl, Potassium Cl, Magnesium Cl (Sterofundin) 500ml IV Sol",Sterofundin 500ml IV Solution,http://fhir.hie.moh.gov.my/CodeSystem/drug-my-core,CodeSystemDrugMyCore
B05XA02131P3002a,Sodium Bicarbonate 8.4% (1 mmol/ml) Injection (50mL Vial),Sodium Bicarbonate 8.4% Inj (50mL),http://fhir.hie.moh.gov.my/CodeSystem/drug-my-core,CodeSystemDrugMyCore
V03AE02121T1001,Sevelamer 800mg Tablet,Sevelamer 800mg Tablet,http://fhir.hie.moh.gov.my/CodeSystem/drug-my-core,CodeSystemDrugMyCore
D08AX01241L9901a,Hydrogen Peroxide 5 volume Solution (1.5%),Hydrogen Peroxide 5 volume Soln (1.5%),http://fhir.hie.moh.gov.my/CodeSystem/drug-my-core,CodeSystemDrugMyCore
D02BA02000G1001e,Sunscreen SPF 50+ Lotion,Sunscreen SPF 50+ Lotion,http://fhir.hie.moh.gov.my/CodeSystem/drug-my-core,CodeSystemDrugMyCore
GLN0200090,Cetomacrogol Emulsifying Ointment BP,Cetomacrogol Emulsifying Ointment BP,http://fhir.hie.moh.gov.my/CodeSystem/drug-my-core,CodeSystemDrugMyCore
KPK00234,L-Carnitine 500mg/10ml Oral Solution,L-Carnitine 500mg/10ml Oral Solution,http://fhir.hie.moh.gov.my/CodeSystem/drug-my-core,CodeSystemDrugMyCore
N04BA02977C1001a,"Levodopa 100 mg, Benserazide 25 mg Capsule","Levodopa 100mg, Benserazide 25mg Cap",http://fhir.hie.moh.gov.my/CodeSystem/drug-my-core,CodeSystemDrugMyCore
A10AB05000P3001a,Insulin aspart (Novorapid) 100 IU/ml Penfill,Insulin aspart (Novorapid) Penfill,http://fhir.hie.moh.gov.my/CodeSystem/drug-my-core,CodeSystemDrugMyCore
RAW00157,Eucalyptus Oil,Eucalyptus Oil,http://fhir.hie.moh.gov.my/CodeSystem/drug-my-core,CodeSystemDrugMyCore
RAW00159,Sodium Acetate Powder BP,Sodium Acetate Powder BP,http://fhir.hie.moh.gov.my/CodeSystem/drug-my-core,CodeSystemDrugMyCore
H02AB06000L9002,Prednisolone 2.5mg/5mL Syrup,Prednisolone 2.5mg/5mL Syrup,http://fhir.hie.moh.gov.my/CodeSystem/drug-my-core,CodeSystemDrugMyCore
GLN0200094,Sodium Chloride 0.9% Ear Drop,Sodium Chloride 0.9% Ear Drop,http://fhir.hie.moh.gov.my/CodeSystem/drug-my-core,CodeSystemDrugMyCore
C08DB01110C2005,Diltiazem 100mg SUSTAINED RELEASE Capsule,Diltiazem 100mg SR Capsule,http://fhir.hie.moh.gov.my/CodeSystem/drug-my-core,CodeSystemDrugMyCore
A10BX07000P5001,Liraglutide 6mg/ml Prefilled Pen,Liraglutide 6mg/ml Prefilled Pen,http://fhir.hie.moh.gov.my/CodeSystem/drug-my-core,CodeSystemDrugMyCore
R05CB01000F2101,Acetylcysteine 200mg Granules for Oral Solution,Acetylcysteine 200mg Granules,http://fhir.hie.moh.gov.my/CodeSystem/drug-my-core,CodeSystemDrugMyCore
R05CB01000T4001,Acetylcysteine 600mg Effervescent Tablet,Acetylcysteine 600mg Efferv. Tab,http://fhir.hie.moh.gov.my/CodeSystem/drug-my-core,CodeSystemDrugMyCore
L01XC07000P3001b,Bevacizumab 400mg/16ml Infusion,Bevacizumab 400mg/16ml Infusion,http://fhir.hie.moh.gov.my/CodeSystem/drug-my-core,CodeSystemDrugMyCore
V03AB23520P3001a,Acetylcysteine 5000mg/25ml Injection (25ml Vial),Acetylcysteine 5000mg/25ml Injection,http://fhir.hie.moh.gov.my/CodeSystem/drug-my-core,CodeSystemDrugMyCore
P02CE01110T1002,Levamisole 50mg Tablet,Levamisole 50mg Tablet,http://fhir.hie.moh.gov.my/CodeSystem/drug-my-core,CodeSystemDrugMyCore
H05BX02000C1002,Paricalcitol 2mcg Capsule,Paricalcitol 2mcg Capsule,http://fhir.hie.moh.gov.my/CodeSystem/drug-my-core,CodeSystemDrugMyCore
A10BG03110T1002,Pioglitazone 30mg Tablet,Pioglitazone 30mg Tablet,http://fhir.hie.moh.gov.my/CodeSystem/drug-my-core,CodeSystemDrugMyCore
R06AD02110T1002,Promethazine HCI 25mg Tablet,Promethazine HCI 25mg Tablet,http://fhir.hie.moh.gov.my/CodeSystem/drug-my-core,CodeSystemDrugMyCore
V03AF07000P4001,Rasburicase 1.5mg Injection,Rasburicase 1.5mg Injection,http://fhir.hie.moh.gov.my/CodeSystem/drug-my-core,CodeSystemDrugMyCore
N05AE04110C1004,Ziprasidone 80mg Capsule,Ziprasidone 80mg Capsule,http://fhir.hie.moh.gov.my/CodeSystem/drug-my-core,CodeSystemDrugMyCore
N05AE04110C1002,Ziprasidone 40mg Capsule,Ziprasidone 40mg Capsule,http://fhir.hie.moh.gov.my/CodeSystem/drug-my-core,CodeSystemDrugMyCore
C02AC05000T1001,Moxonidine 0.2 mg Tablet,Moxonidine 0.2 mg Tablet,http://fhir.hie.moh.gov.my/CodeSystem/drug-my-core,CodeSystemDrugMyCore
C02AC05000T1003,Moxonidine 0.4 mg Tablet,Moxonidine 0.4 mg Tablet,http://fhir.hie.moh.gov.my/CodeSystem/drug-my-core,CodeSystemDrugMyCore
R02AA05137M2001a,Chlorhexidine Gluconate 0.12 % Mouthwash,Chlorhexidine Gluconate 0.12 % Mouthwash,http://fhir.hie.moh.gov.my/CodeSystem/drug-my-core,CodeSystemDrugMyCore
GLN0200073,Salicylic Acid 10% Lotion (Kalona Lotion),Salicylic Acid 10% Lotion (Kalona),http://fhir.hie.moh.gov.my/CodeSystem/drug-my-core,CodeSystemDrugMyCore
KPK00236,Arginine Powder (L-Arginine) for Oral Liquid (3g/sachet),Arginine Powder (L-Arginine),http://fhir.hie.moh.gov.my/CodeSystem/drug-my-core,CodeSystemDrugMyCore
RAW00133,Sodium Benzoate Powder,Sodium Benzoate Powder,http://fhir.hie.moh.gov.my/CodeSystem/drug-my-core,CodeSystemDrugMyCore
GLN0200081,Sulphur 10% Cream,Sulphur 10% Cream,http://fhir.hie.moh.gov.my/CodeSystem/drug-my-core,CodeSystemDrugMyCore
GLN0200082,Chlorhexidine 1 in 200 (0.5%) in Methylated Spirit 70%,Chlorhexidine 1 in 200 in Meth Spirit 70,http://fhir.hie.moh.gov.my/CodeSystem/drug-my-core,CodeSystemDrugMyCore
D02BA02000G1001c,Sunscreen SPF 50+ Cream,Sunscreen SPF 50+ Cream,http://fhir.hie.moh.gov.my/CodeSystem/drug-my-core,CodeSystemDrugMyCore
N07BA01000M7001,Nicotine 7mg/24h Transdermal Patch,Nicotine 7mg/24h Transdermal Patch,http://fhir.hie.moh.gov.my/CodeSystem/drug-my-core,CodeSystemDrugMyCore
N07BA01000M7003,Nicotine 21mg/24h Transdermal Patch,Nicotine 21mg/24h Transdermal Patch,http://fhir.hie.moh.gov.my/CodeSystem/drug-my-core,CodeSystemDrugMyCore
A11AA03903T1001a,"Ferrous 300mg,Folic 1mg,Vit C,B6,B12,Zinc Tablet","Ferrous 300mg,Folic 1mg,Vit C B Zinc Tab",http://fhir.hie.moh.gov.my/CodeSystem/drug-my-core,CodeSystemDrugMyCore
N02BE01000P3101,Paracetamol 10mg/ml in 100ml solution for IV Infusion,Paracetamol 10mg/ml IV Infusion (100ml),http://fhir.hie.moh.gov.my/CodeSystem/drug-my-core,CodeSystemDrugMyCore
RAW00166,Sodium Bicarbonate 5% Bulk Solution for Ear Drop,Sodium Bicarbonate 5% Bulk Solution,http://fhir.hie.moh.gov.my/CodeSystem/drug-my-core,CodeSystemDrugMyCore
N07CA00000T1001,Dimenhydrinate 50mg Tablet,Dimenhydrinate 50mg Tablet,http://fhir.hie.moh.gov.my/CodeSystem/drug-my-core,CodeSystemDrugMyCore
N07CA00000P2001,Dimenhydrinate 50mg/ml Injection (10ml vial),Dimenhydrinate 50mg/ml inj (10ml),http://fhir.hie.moh.gov.my/CodeSystem/drug-my-core,CodeSystemDrugMyCore
L04AA06236L9001,Mycophenolate Mofetil 200mg/ml Oral Suspension,Mycophenolate Mofetil 200mg/ml Susp,http://fhir.hie.moh.gov.my/CodeSystem/drug-my-core,CodeSystemDrugMyCore
M01AX05000F2101,Glucosamine 1500mg Powder for Oral Solution,Glucosamine 1500mg Powder for Oral Soln,http://fhir.hie.moh.gov.my/CodeSystem/drug-my-core,CodeSystemDrugMyCore
A06AG01162G2001a,"Sodium Biphosphate 16%, Sodium Phosphate 6% Enema Soln (Paediatric)",Na Biphosphate 16% Na Phosphate 6% Enema,http://fhir.hie.moh.gov.my/CodeSystem/drug-my-core,CodeSystemDrugMyCore
M01AE01000L8001,Ibuprofen 100mg/5mL Oral Suspension,Ibuprofen 100mg/5mL Oral Suspension,http://fhir.hie.moh.gov.my/CodeSystem/drug-my-core,CodeSystemDrugMyCore
J05AG01000L8001,Nevirapine 50mg/5mL Oral Suspension,Nevirapine 50mg/5mL Oral Susp,http://fhir.hie.moh.gov.my/CodeSystem/drug-my-core,CodeSystemDrugMyCore
N05AE04110C1003,Ziprasidone 60mg Capsule,Ziprasidone 60mg Capsule,http://fhir.hie.moh.gov.my/CodeSystem/drug-my-core,CodeSystemDrugMyCore
RAW00167,Orange Oil/Extract/Essence,Orange Oil/Extract/Essence,http://fhir.hie.moh.gov.my/CodeSystem/drug-my-core,CodeSystemDrugMyCore
V03AB35000P3001b,Sugammadex 200mg/2ml Injection,Sugammadex 200mg/2ml Injection,http://fhir.hie.moh.gov.my/CodeSystem/drug-my-core,CodeSystemDrugMyCore
V03AB35000P3001c,Sugammadex 500mg/5ml Injection,Sugammadex 500mg/5ml Injection,http://fhir.hie.moh.gov.my/CodeSystem/drug-my-core,CodeSystemDrugMyCore
G03CA03256T1001,Estradiol valerate 2mg Tablet,Estradiol valerate 2mg Tablet,http://fhir.hie.moh.gov.my/CodeSystem/drug-my-core,CodeSystemDrugMyCore
L01BC02000P4002b,Fluorouracil 5000mg in 100ml Injection,Fluorouracil 5000mg in 100ml Injection,http://fhir.hie.moh.gov.my/CodeSystem/drug-my-core,CodeSystemDrugMyCore
L01DC03000P4002,Mitomycin 2mg/4ml Injection,Mitomycin 2mg/4ml Injection,http://fhir.hie.moh.gov.my/CodeSystem/drug-my-core,CodeSystemDrugMyCore
M05BA08000P3002,Zoledronic Acid 5mg in 100ml Infusion Solution,Zoledronic Acid 5mg in 100ml Inf Soln,http://fhir.hie.moh.gov.my/CodeSystem/drug-my-core,CodeSystemDrugMyCore
B01AC18000C1001,Triflusal 300mg Capsule,Triflusal 300mg Capsule,http://fhir.hie.moh.gov.my/CodeSystem/drug-my-core,CodeSystemDrugMyCore
N02AX52975T1001,"Tramadol 37.5mg, Paracetamol 325mg Tablet","Tramadol 37.5mg, Paracetamol 325mg Tab",http://fhir.hie.moh.gov.my/CodeSystem/drug-my-core,CodeSystemDrugMyCore
N06AX14000T1001,Tianeptine 12.5mg Tablet,Tianeptine 12.5mg Tablet,http://fhir.hie.moh.gov.my/CodeSystem/drug-my-core,CodeSystemDrugMyCore
GLN0100069,Diazepam 1mg/1ml Oral Liquid,Diazepam 1mg/1ml Oral Liquid,http://fhir.hie.moh.gov.my/CodeSystem/drug-my-core,CodeSystemDrugMyCore
R03AKO7989A2101a,Budesonide 160mcg and Formoterol 4.5mcg Turbuhaler (60doses),Budesonide/Formoterol 160/4.5 Turbu,http://fhir.hie.moh.gov.my/CodeSystem/drug-my-core,CodeSystemDrugMyCore
B01AX05520P5002b,Fondaparinux 5mg/0.4ml Injection,Fondaparinux 5mg/0.4ml Inj,http://fhir.hie.moh.gov.my/CodeSystem/drug-my-core,CodeSystemDrugMyCore
B05XA03100P6002h,Sodium Chloride 0.9% 1000mL IV Solution,Sodium Chloride 0.9% 1000mL IV Solution,http://fhir.hie.moh.gov.my/CodeSystem/drug-my-core,CodeSystemDrugMyCore
RAW00137,Atropine Sulphate BP Powder,Atropine Sulphate BP Powder,http://fhir.hie.moh.gov.my/CodeSystem/drug-my-core,CodeSystemDrugMyCore
RAW00139,Boric Acid BP Powder,Boric Acid BP Powder,http://fhir.hie.moh.gov.my/CodeSystem/drug-my-core,CodeSystemDrugMyCore
RAW00144,Iodine Resublimed Crystal,Iodine Resublimed Crystal,http://fhir.hie.moh.gov.my/CodeSystem/drug-my-core,CodeSystemDrugMyCore
RAW00145,Phenol Liquid (92-98%),Phenol Liquid (92-98%),http://fhir.hie.moh.gov.my/CodeSystem/drug-my-core,CodeSystemDrugMyCore
RAW00148,Strong Ginger Tincture BP,Strong Ginger Tincture BP,http://fhir.hie.moh.gov.my/CodeSystem/drug-my-core,CodeSystemDrugMyCore
RAW00149,Vitamin A acetate Powder,Vitamin A acetate Powder,http://fhir.hie.moh.gov.my/CodeSystem/drug-my-core,CodeSystemDrugMyCore
S01XA20000D2002a,Hypromellose 0.3% Eye Drop (Preservative Free),Hypromellose 0.3% Eye Drop (Free P),http://fhir.hie.moh.gov.my/CodeSystem/drug-my-core,CodeSystemDrugMyCore
P02CB02136T1002,Diethylcarbamazine Citrate 100mg Tablet,Diethylcarbamazine Citrate 100mg Tablet,http://fhir.hie.moh.gov.my/CodeSystem/drug-my-core,CodeSystemDrugMyCore
KPK00233,L-arginine 500mg Tablet/Capsule,L-arginine 500mg Tablet/Capsule,http://fhir.hie.moh.gov.my/CodeSystem/drug-my-core,CodeSystemDrugMyCore
KPK00235,Diazoxide 100mg Capsule/Tablet,Diazoxide 100mg Capsule/Tablet,http://fhir.hie.moh.gov.my/CodeSystem/drug-my-core,CodeSystemDrugMyCore
N02AA05110T5302,Oxycodone HCl 20mg CONTROLLED RELEASE Tablet,Oxycodone HCl 20mg CR Tablet,http://fhir.hie.moh.gov.my/CodeSystem/drug-my-core,CodeSystemDrugMyCore
N02AA05110T5303,Oxycodone HCl 40mg CONTROLLED RELEASE Tablet,Oxycodone HCl 40mg CR Tablet,http://fhir.hie.moh.gov.my/CodeSystem/drug-my-core,CodeSystemDrugMyCore
C03DA04000T1002,Eplerenone 50mg Tablet,Eplerenone 50mg Tablet,http://fhir.hie.moh.gov.my/CodeSystem/drug-my-core,CodeSystemDrugMyCore
B01AC11239A3001,Iloprost Trometamol 10mcg/ml Nebuliser Solution (2ml Amp),Iloprost Trometamol 10mcg/ml Neb Soln,http://fhir.hie.moh.gov.my/CodeSystem/drug-my-core,CodeSystemDrugMyCore
C01CE02125P3001,Milrinone Lactate 10mg/10ml Injection,Milrinone Lactate 10mg/10ml Injection,http://fhir.hie.moh.gov.my/CodeSystem/drug-my-core,CodeSystemDrugMyCore
GLN0200095,Glycerine 50% in Aqueous Cream,Glycerine 50% in Aqueous Cream,http://fhir.hie.moh.gov.my/CodeSystem/drug-my-core,CodeSystemDrugMyCore
N07XX02000T1001,Riluzole 50mg Tablet,Riluzole 50mg Tablet,http://fhir.hie.moh.gov.my/CodeSystem/drug-my-core,CodeSystemDrugMyCore
A10BG02000T1001,Rosiglitazone 8 mg Tablet,Rosiglitazone 8 mg Tablet,http://fhir.hie.moh.gov.my/CodeSystem/drug-my-core,CodeSystemDrugMyCore
G04BE08000T1002,Tadalafil 20mg Tablet,Tadalafil 20mg Tablet,http://fhir.hie.moh.gov.my/CodeSystem/drug-my-core,CodeSystemDrugMyCore
L04AA26000P4001,Belimumab 120mg Powder for Infusion,Belimumab 120mg Powder for Infusion,http://fhir.hie.moh.gov.my/CodeSystem/drug-my-core,CodeSystemDrugMyCore
L01BC02000P4002a,Fluorouracil 2500mg in 50 ml Injection,Fluorouracil 2500mg in 50 ml Injection,http://fhir.hie.moh.gov.my/CodeSystem/drug-my-core,CodeSystemDrugMyCore
L01XX02000P3001a,"L-Asparaginase (Erwinia chrysanthemi) 10,000 IU Injection","L-Asparaginase (Erwinia C) 10,000 IU inj",http://fhir.hie.moh.gov.my/CodeSystem/drug-my-core,CodeSystemDrugMyCore
C09XA02138T1001,Aliskiren fumarate 150mg Tablet,Aliskiren fumarate 150mg Tablet,http://fhir.hie.moh.gov.my/CodeSystem/drug-my-core,CodeSystemDrugMyCore
C09XA02138T1002,Aliskiren fumarate 300mg Tablet,Aliskiren fumarate 300mg Tablet,http://fhir.hie.moh.gov.my/CodeSystem/drug-my-core,CodeSystemDrugMyCore
L01XX17110C1001,Topotecan 0.25mg Capsule,Topotecan 0.25mg Capsule,http://fhir.hie.moh.gov.my/CodeSystem/drug-my-core,CodeSystemDrugMyCore
GLN0100070,Prednisolone 1mg/1ml Oral Liquid,Prednisolone 1mg/1ml Oral Liquid,http://fhir.hie.moh.gov.my/CodeSystem/drug-my-core,CodeSystemDrugMyCore
GLN0100071,Baclofen 2mg/1ml Oral Liquid,Baclofen 2mg/1ml Oral Liquid,http://fhir.hie.moh.gov.my/CodeSystem/drug-my-core,CodeSystemDrugMyCore
GLN0200096,Glycerine 20% in Aqueous Cream,Glycerine 20% in Aqueous Cream,http://fhir.hie.moh.gov.my/CodeSystem/drug-my-core,CodeSystemDrugMyCore
GLN0100072,Theophylline 12.5mg/1ml Oral Liquid,Theophylline 12.5mg/1ml Oral Liquid,http://fhir.hie.moh.gov.my/CodeSystem/drug-my-core,CodeSystemDrugMyCore
J01FF01162P3001a,Clindamycin 300mg/2ml Injection,Clindamycin 300mg/2ml Injection,http://fhir.hie.moh.gov.my/CodeSystem/drug-my-core,CodeSystemDrugMyCore
L04AC07000P3001a,Tocilizumab 80 mg/4ml Injection,Tocilizumab 80 mg/4ml Injection,http://fhir.hie.moh.gov.my/CodeSystem/drug-my-core,CodeSystemDrugMyCore
D08A000999G9901a,Chlorinated Lime and Buffered Acetate Solution (Eusol),Eusol Soln,http://fhir.hie.moh.gov.my/CodeSystem/drug-my-core,CodeSystemDrugMyCore
C09DA03935T1005,Valsartan 160mg and Hydrochlorothiazide 12.5mg Tablet,Valsartan 160mg & HCTZ 12.5mg Tab,http://fhir.hie.moh.gov.my/CodeSystem/drug-my-core,CodeSystemDrugMyCore
S01GX09110D2001,Olopatadine HCl 0.1% Opthalmic Solution,Olopatadine HCl 0.1% Opthalmic Solution,http://fhir.hie.moh.gov.my/CodeSystem/drug-my-core,CodeSystemDrugMyCore
V08CA09000P3001a,Gadobutrol 1 mmol/ml injection (Prefill Syringe 5ml),Gadobutrol 1 mmol/ml injection (5ml),http://fhir.hie.moh.gov.my/CodeSystem/drug-my-core,CodeSystemDrugMyCore
KPK00231,"Lactic Acid 1%, Lactoserum 0.93% Liquid","Lactic Acid 1%, Lactoserum 0.93% Liquid",http://fhir.hie.moh.gov.my/CodeSystem/drug-my-core,CodeSystemDrugMyCore
B05XA02131P3002b,Sodium Bicarbonate 8.4% (1 mmol/ml) Injection (100mL),Sodium Bicarbonate 8.4% Inj (100mL),http://fhir.hie.moh.gov.my/CodeSystem/drug-my-core,CodeSystemDrugMyCore
S01AX00000D2002,Mitomycin 0.04% Eye Drops,Mitomycin 0.04% Eye Drops,http://fhir.hie.moh.gov.my/CodeSystem/drug-my-core,CodeSystemDrugMyCore
KPK00243,Citrulline Maleate Powder (L-Citrulline),Citrulline Maleate Powder (L-Citrulline),http://fhir.hie.moh.gov.my/CodeSystem/drug-my-core,CodeSystemDrugMyCore
GLN0200074,Chlorhexidine 1 in 200 (0.5%) in Aqueous/Water,Chlorhexidine 1 in 200 in Aqueous/Water,http://fhir.hie.moh.gov.my/CodeSystem/drug-my-core,CodeSystemDrugMyCore
GLN0200078,Menthol 1% in Aqueous Cream,Menthol 1% in Aqueous Cream,http://fhir.hie.moh.gov.my/CodeSystem/drug-my-core,CodeSystemDrugMyCore
J06BB04000P3001a,Hepatitis B Immunoglobulin 200IU/mL (Human) Injection,Hepatitis B Immunoglobulin 200IU/mL Inj,http://fhir.hie.moh.gov.my/CodeSystem/drug-my-core,CodeSystemDrugMyCore
B05AA01000P3001c,"Human Albumin 20%, 100ml IV Soln","Human Albumin 20%, 100ml IV Soln",http://fhir.hie.moh.gov.my/CodeSystem/drug-my-core,CodeSystemDrugMyCore
B05AA01000P3001d,"Human Albumin 25%, 100ml IV Soln","Human Albumin 25%, 100ml IV Soln",http://fhir.hie.moh.gov.my/CodeSystem/drug-my-core,CodeSystemDrugMyCore
J06BA02000P3002,"Human Normal Immunoglobulin 3000mg/50ml Inj, 6%",Human Normal Immunoglobulin 3g Inj,http://fhir.hie.moh.gov.my/CodeSystem/drug-my-core,CodeSystemDrugMyCore
D10AE01241G1001,Benzoyl Peroxide 10 % Cream,Benzoyl Peroxide 10 % Cream,http://fhir.hie.moh.gov.my/CodeSystem/drug-my-core,CodeSystemDrugMyCore
C10AA05000T1003,Atorvastatin 10mg Tablet,Atorvastatin 10mg Tablet,http://fhir.hie.moh.gov.my/CodeSystem/drug-my-core,CodeSystemDrugMyCore
C02KX02000T1002,Ambrisentan 10 mg Tablet,Ambrisentan 10 mg Tablet,http://fhir.hie.moh.gov.my/CodeSystem/drug-my-core,CodeSystemDrugMyCore
S01ED51990D2005,Timolol 0.5% & Bimatoprost 0.03% Eye Drops,Timolol 0.5% & Bimatoprost 0.03% EyeDrop,http://fhir.hie.moh.gov.my/CodeSystem/drug-my-core,CodeSystemDrugMyCore
N07BC51000T7002,Buprenorphine HCI 2mg & Naloxone HCI 0.5mg Sublingual Tablet,Buprenorphine 2mg/Naloxone 0.5mg SL Tab,http://fhir.hie.moh.gov.my/CodeSystem/drug-my-core,CodeSystemDrugMyCore
C03BA11000T5001,Indapamide 1.5mg SUSTAINED RELEASE Tablet,Indapamide 1.5mg SR Tablet,http://fhir.hie.moh.gov.my/CodeSystem/drug-my-core,CodeSystemDrugMyCore
S01BA04122D2001,Prednisolone acetate 1% Ophthalmic Suspension,Prednisolone acetate 1% Ophthalmic Susp,http://fhir.hie.moh.gov.my/CodeSystem/drug-my-core,CodeSystemDrugMyCore
N06AX03110T1002,Mianserin 30mg Tablet,Mianserin 30mg Tablet,http://fhir.hie.moh.gov.my/CodeSystem/drug-my-core,CodeSystemDrugMyCore
N03AF02000T1002,Oxcarbazepine 300mg Tablet,Oxcarbazepine 300mg Tablet,http://fhir.hie.moh.gov.my/CodeSystem/drug-my-core,CodeSystemDrugMyCore
H05BX02000C1001,Paricalcitol 1mcg Capsule,Paricalcitol 1mcg Capsule,http://fhir.hie.moh.gov.my/CodeSystem/drug-my-core,CodeSystemDrugMyCore
S01EE04000D2001,Travoprost 0.004% Ophthalmic Solution,Travoprost 0.004% Ophthalmic Solution,http://fhir.hie.moh.gov.my/CodeSystem/drug-my-core,CodeSystemDrugMyCore
L01XX17110C1002,Topotecan 1mg Capsule,Topotecan 1mg Capsule,http://fhir.hie.moh.gov.my/CodeSystem/drug-my-core,CodeSystemDrugMyCore
L01XX17110P3001,Topotecan 4mg/4ml Powder for Injection (4mg vial),Topotecan 4mg Powder for Injection,http://fhir.hie.moh.gov.my/CodeSystem/drug-my-core,CodeSystemDrugMyCore
GLN0200097,Citric Acid 50% Solution,Citric Acid 50% Solution,http://fhir.hie.moh.gov.my/CodeSystem/drug-my-core,CodeSystemDrugMyCore
GLN0100073,Ibuprofen 40mg/1ml Oral Liquid,Ibuprofen 40mg/1ml Oral Liquid,http://fhir.hie.moh.gov.my/CodeSystem/drug-my-core,CodeSystemDrugMyCore
L01XE04253C1001,Sunitinib 50 mg Capsule,Sunitinib 50 mg Capsule,http://fhir.hie.moh.gov.my/CodeSystem/drug-my-core,CodeSystemDrugMyCore
B01AB11000C1001,Sulodexide 250 mg Capsule,Sulodexide 250 mg Capsule,http://fhir.hie.moh.gov.my/CodeSystem/drug-my-core,CodeSystemDrugMyCore
N06BA04110T5005,Methylphenidate HCl 27 mg EXTENDED RELEASE Tablet,Methylphenidate HCl 27 mg ER Tablet,http://fhir.hie.moh.gov.my/CodeSystem/drug-my-core,CodeSystemDrugMyCore
G04BE03136T1002,Sildenafil Citrate 50 mg Tablet,Sildenafil Citrate 50 mg Tablet,http://fhir.hie.moh.gov.my/CodeSystem/drug-my-core,CodeSystemDrugMyCore
GLN0200100,Sulphur 1% in Calamine Lotion,Sulphur 1% in Calamine Lotion,http://fhir.hie.moh.gov.my/CodeSystem/drug-my-core,CodeSystemDrugMyCore
S01ED51990D2006,Timolol 0.5% & Brinzolamide 1% Eye Drops,Timolol 0.5% & Brinzolamide 1% Eye Drops,http://fhir.hie.moh.gov.my/CodeSystem/drug-my-core,CodeSystemDrugMyCore
N07BC51000T7001,Buprenorphine HCI 8 mg & Naloxone HCI 2 mg Sublingual Tablet,Buprenorphine 8mg & Naloxone 2mg SL Tab,http://fhir.hie.moh.gov.my/CodeSystem/drug-my-core,CodeSystemDrugMyCore
A12AA07100P3001,"Calcium Chloride 1 g/10 ml Injection (10%), 10ml",Calcium Chloride 1 g/10 ml Injection 10%,http://fhir.hie.moh.gov.my/CodeSystem/drug-my-core,CodeSystemDrugMyCore
L01XC06000P5001,Cetuximab 2 mg/ml Injection (50ml vial),Cetuximab 2 mg/ml Injection,http://fhir.hie.moh.gov.my/CodeSystem/drug-my-core,CodeSystemDrugMyCore
N05AA01110P3001,Chlorpromazine 25 mg/ml Injection (2ml),Chlorpromazine 25 mg/ml Injection (2ml),http://fhir.hie.moh.gov.my/CodeSystem/drug-my-core,CodeSystemDrugMyCore
G04BD11138T5002,Fesoterodine 8 mg EXTENDED RELEASE Tablet,Fesoterodine 8 mg ER Tablet,http://fhir.hie.moh.gov.my/CodeSystem/drug-my-core,CodeSystemDrugMyCore
J01XX01239F1001,Fosfomycin Trometamol 3 g Granules,Fosfomycin Trometamol 3 g Granules,http://fhir.hie.moh.gov.my/CodeSystem/drug-my-core,CodeSystemDrugMyCore
D06AX09000G5001a,Mupirocin 2% Nasal Ointment,Mupirocin 2% Nasal Ointment,http://fhir.hie.moh.gov.my/CodeSystem/drug-my-core,CodeSystemDrugMyCore
B05XA30905P6001,"Ringers Solution, 500ml","Ringers Solution, 500ml",http://fhir.hie.moh.gov.my/CodeSystem/drug-my-core,CodeSystemDrugMyCore
L04AX05000T1001,Pirfenidone 200mg Tablet,Pirfenidone 200mg Tablet,http://fhir.hie.moh.gov.my/CodeSystem/drug-my-core,CodeSystemDrugMyCore
L01CA03183P4001,Vindesine sulphate 5mg Powder for Injection,Vindesine sulphate 5mg Powder for Inj,http://fhir.hie.moh.gov.my/CodeSystem/drug-my-core,CodeSystemDrugMyCore
V08AB02000P3001a,Iohexol 300 mg I/ml Injection (10ml),Iohexol 300 mg I/ml Injection (10ml),http://fhir.hie.moh.gov.my/CodeSystem/drug-my-core,CodeSystemDrugMyCore
J04AB30000P4001,Capreomycin 1g Powder for Injection,Capreomycin 1 g Powder for Injection,http://fhir.hie.moh.gov.my/CodeSystem/drug-my-core,CodeSystemDrugMyCore
N07XX09138C1001,Dimethyl Fumarate 120 mg Capsule,Dimethyl Fumarate 120 mg Capsule,http://fhir.hie.moh.gov.my/CodeSystem/drug-my-core,CodeSystemDrugMyCore
N07XX09138C1002,Dimethyl Fumarate 240 mg Capsule,Dimethyl Fumarate 240 mg Capsule,http://fhir.hie.moh.gov.my/CodeSystem/drug-my-core,CodeSystemDrugMyCore
A16AA04000C1002,Cysteamine Bitartrate 150mg Capsule,Cysteamine Bitartrate 150mg Capsule,http://fhir.hie.moh.gov.my/CodeSystem/drug-my-core,CodeSystemDrugMyCore
KPK00251,Ferric Subsulphate Solution (Monsel's),Ferric Subsulphate Solution (Monsel's),http://fhir.hie.moh.gov.my/CodeSystem/drug-my-core,CodeSystemDrugMyCore
R03AK11989A2103,Fluticasone 250mcg/Formoterol 10mcg MDI (120 doses),Fluticasone/Formoterol 250/10 MDI,http://fhir.hie.moh.gov.my/CodeSystem/drug-my-core,CodeSystemDrugMyCore
B06AA03000P4001,Hyaluronidase 1500 IU powder for injection,Hyaluronidase 1500 IU powder for inj,http://fhir.hie.moh.gov.my/CodeSystem/drug-my-core,CodeSystemDrugMyCore
C02DB02110T1003,Hydralazine HCl 50 mg Tablet,Hydralazine HCl 50 mg Tablet,http://fhir.hie.moh.gov.my/CodeSystem/drug-my-core,CodeSystemDrugMyCore
B02BD07000P4001,Coagulation Factor XIII 250 IU powder for Injection,Coagulation Factor XIII 250 IU Inj,http://fhir.hie.moh.gov.my/CodeSystem/drug-my-core,CodeSystemDrugMyCore
B02BD07000P4002,Coagulation Factor XIII 1250 IU powder for Injection,Coagulation Factor XIII 1250 IU inj,http://fhir.hie.moh.gov.my/CodeSystem/drug-my-core,CodeSystemDrugMyCore
C01EB16000P3001,Ibuprofen Lysine 20mg/2ml Injection,Ibuprofen Lysine 20mg/2ml Injection,http://fhir.hie.moh.gov.my/CodeSystem/drug-my-core,CodeSystemDrugMyCore
M01AE01000P3001,Ibuprofen 400mg/4ml Injection,Ibuprofen 400mg/4ml Injection,http://fhir.hie.moh.gov.my/CodeSystem/drug-my-core,CodeSystemDrugMyCore
V04CH0200P3001,Indigo Carmine (indigotindisulfonate) 40mg/5ml Injection,Indigo Carmine 40mg/5ml Injection,http://fhir.hie.moh.gov.my/CodeSystem/drug-my-core,CodeSystemDrugMyCore
KPK00252,Indocyanine Green 25mg powder for injection,Indocyanine Green 25mg powder for inj,http://fhir.hie.moh.gov.my/CodeSystem/drug-my-core,CodeSystemDrugMyCore
C01BC03110T1001,Propafenone HCl 150mg Tablet,Propafenone HCl 150mg Tablet,http://fhir.hie.moh.gov.my/CodeSystem/drug-my-core,CodeSystemDrugMyCore
RAW00164,Aniseed Oil (Anise Oil BP),Aniseed Oil (Anise Oil BP),http://fhir.hie.moh.gov.my/CodeSystem/drug-my-core,CodeSystemDrugMyCore
B03AB05000L9001,Iron(III) Polymaltose Complex 10mg iron/ml Oral Liquid,Iron(III) Polymaltose Comp 10mg/ml Liq,http://fhir.hie.moh.gov.my/CodeSystem/drug-my-core,CodeSystemDrugMyCore
GLN0200101,Sulphur 3% in Calamine Lotion,Sulphur 3% in Calamine Lotion,http://fhir.hie.moh.gov.my/CodeSystem/drug-my-core,CodeSystemDrugMyCore
L01XC04000P3001,Alemtuzumab 30 mg/ml Injection,Alemtuzumab 30 mg/ml Injection,http://fhir.hie.moh.gov.my/CodeSystem/drug-my-core,CodeSystemDrugMyCore
C02KX02000T1001,Ambrisentan 5 mg Tablet,Ambrisentan 5 mg Tablet,http://fhir.hie.moh.gov.my/CodeSystem/drug-my-core,CodeSystemDrugMyCore
M04AC01000T1002,Colchicine 0.6 mg Tablet,Colchicine 0.6 mg Tablet,http://fhir.hie.moh.gov.my/CodeSystem/drug-my-core,CodeSystemDrugMyCore
V07AB00000P3001e,Sterile Water for Irrigation 2000mL,Sterile Water for Irrigation 2000mL,http://fhir.hie.moh.gov.my/CodeSystem/drug-my-core,CodeSystemDrugMyCore
GLN0200103,"Coal Tar 6%, Salicylic Acid 6% Ointment","Coal Tar 6%, Salicylic Acid 6% Ointment",http://fhir.hie.moh.gov.my/CodeSystem/drug-my-core,CodeSystemDrugMyCore
GLN0200104,Salicylic Acid 3% Ointment,Salicylic Acid 3% Ointment,http://fhir.hie.moh.gov.my/CodeSystem/drug-my-core,CodeSystemDrugMyCore
GLN0200106,Silver Nitrate 40% Solution,Silver Nitrate 40% Solution,http://fhir.hie.moh.gov.my/CodeSystem/drug-my-core,CodeSystemDrugMyCore
G04BD11138T5001,Fesoterodine 4 mg EXTENDED RELEASE Tablet,Fesoterodine 4 mg ER Tablet,http://fhir.hie.moh.gov.my/CodeSystem/drug-my-core,CodeSystemDrugMyCore
A16AB08000P3001,Galsulfase 5 mg/5 ml Injection,Galsulfase 5 mg/5 ml Injection,http://fhir.hie.moh.gov.my/CodeSystem/drug-my-core,CodeSystemDrugMyCore
A10BB12000T1003,Glimepiride 3 mg Tablet,Glimepiride 3 mg Tablet,http://fhir.hie.moh.gov.my/CodeSystem/drug-my-core,CodeSystemDrugMyCore
RAW00170,Benzyl Benzoate Powder,Benzyl Benzoate Powder,http://fhir.hie.moh.gov.my/CodeSystem/drug-my-core,CodeSystemDrugMyCore
B05XA30905P6001a,"Ringers Solution, 1000ml","Ringers Solution, 1000ml",http://fhir.hie.moh.gov.my/CodeSystem/drug-my-core,CodeSystemDrugMyCore
V08CA02254P3001a,"Gadoterate Meglumine 0.5 mmol/ml Injection, 10ml Vial",Gadoterate Meglumine 0.5 mmol/ml Inj,http://fhir.hie.moh.gov.my/CodeSystem/drug-my-core,CodeSystemDrugMyCore
V08AA01254P3001,"Diatrizoate Meglumine, Sodium Amidotrizoate 76% 100ml Solution","Diatrizoate Meg, Sod Amidotrizoate 76%",http://fhir.hie.moh.gov.my/CodeSystem/drug-my-core,CodeSystemDrugMyCore
B01AF02000T1001,Apixaban 2.5 mg Tablet,Apixaban 2.5 mg Tablet,http://fhir.hie.moh.gov.my/CodeSystem/drug-my-core,CodeSystemDrugMyCore
J06AA03000P3007,Banded Krait Antivenom,Banded Krait Antivenom,http://fhir.hie.moh.gov.my/CodeSystem/drug-my-core,CodeSystemDrugMyCore
J06AA03000P3008,Malayan Krait Antivenom,Malayan Krait Antivenom,http://fhir.hie.moh.gov.my/CodeSystem/drug-my-core,CodeSystemDrugMyCore
P01AX06000L8001,Atovaquone 750mg/5ml Oral Suspension,Atovaquone 750mg/5ml Oral Susp,http://fhir.hie.moh.gov.my/CodeSystem/drug-my-core,CodeSystemDrugMyCore
L01XA03000P4001,Oxaliplatin 50mg/10ml Injection,Oxaliplatin 50mg/10ml Injection,http://fhir.hie.moh.gov.my/CodeSystem/drug-my-core,CodeSystemDrugMyCore
EYE00035,Gentamicin 1.36% Fortified Eye Drop,Gentamicin 1.36% Fortified Eye Drop,http://fhir.hie.moh.gov.my/CodeSystem/drug-my-core,CodeSystemDrugMyCore
V03AF02000P4001,Dexrazoxane 500mg/25ml powder for injection,Dexrazoxane 500mg/25ml Injection,http://fhir.hie.moh.gov.my/CodeSystem/drug-my-core,CodeSystemDrugMyCore
B01AX01000P3001,Defibrotide 80mg/ml Injection (2.5ml),Defibrotide 80mg/ml Injection (2.5ml),http://fhir.hie.moh.gov.my/CodeSystem/drug-my-core,CodeSystemDrugMyCore
GLN0200108,Sodium hypochlorite 0.25% Solution,Sodium hypochlorite 0.25% Solution,http://fhir.hie.moh.gov.my/CodeSystem/drug-my-core,CodeSystemDrugMyCore
C01EB03000P4001,Indomethacin 1mg powder for Injection,Indomethacin 1mg powder for Injection,http://fhir.hie.moh.gov.my/CodeSystem/drug-my-core,CodeSystemDrugMyCore
V03AB33000P4001,Hydroxocobalamin 5 g/200ml powder for injection,Hydroxocobalamin 5 g/200ml Injection,http://fhir.hie.moh.gov.my/CodeSystem/drug-my-core,CodeSystemDrugMyCore
A06AC01000M4001,Ispaghula husk 3.5g Oral powder,Ispaghula husk 3.5g Oral powder,http://fhir.hie.moh.gov.my/CodeSystem/drug-my-core,CodeSystemDrugMyCore
C01CX08000P3001,Levosimendan 12.5 mg/5ml Injection,Levosimendan 12.5 mg/5ml Injection,http://fhir.hie.moh.gov.my/CodeSystem/drug-my-core,CodeSystemDrugMyCore
C01CX08000P3002,Levosimendan 25 mg/10ml Injection,Levosimendan 25 mg/10ml Injection,http://fhir.hie.moh.gov.my/CodeSystem/drug-my-core,CodeSystemDrugMyCore
J01XA02000P3002,Teicoplanin 200 mg/3ml Injection,Teicoplanin 200 mg/3ml Injection,http://fhir.hie.moh.gov.my/CodeSystem/drug-my-core,CodeSystemDrugMyCore
L01XE04253C1002,Sunitinib 25 mg Capsule,Sunitinib 25 mg Capsule,http://fhir.hie.moh.gov.my/CodeSystem/drug-my-core,CodeSystemDrugMyCore
N02AA05110L5001,Oxycodone HCI 5 mg/5ml Oral Solution,Oxycodone HCI 5 mg/5ml Oral Solution,http://fhir.hie.moh.gov.my/CodeSystem/drug-my-core,CodeSystemDrugMyCore
RAW00169,Polysorbate 20 Liquid (Polyoxyethylene 20 Sorbitan Monolaurate),Polysorbate 20 Liquid,http://fhir.hie.moh.gov.my/CodeSystem/drug-my-core,CodeSystemDrugMyCore
S01AX11000D2001,Ofloxacin 3 mg/ml Ophthalmic Solution,Ofloxacin 3 mg/ml Ophthalmic Solution,http://fhir.hie.moh.gov.my/CodeSystem/drug-my-core,CodeSystemDrugMyCore
A10AD04000P5002,Insulin lispro 50% /lispro protamin 50%(Humalog Mix-50) 100 IU/mL Penfill Cartridge,HumalogMix 50 100IU/mL Penfill Cartridge,http://fhir.hie.moh.gov.my/CodeSystem/drug-my-core,CodeSystemDrugMyCore
GLN0200098,Glycerine 30% in Aqueous Cream,Glycerine 30% in Aqueous Cream,http://fhir.hie.moh.gov.my/CodeSystem/drug-my-core,CodeSystemDrugMyCore
L03AA10000P3001,Lenograstim 33.6 MIU Injection,Lenograstim 33.6 MIU Injection,http://fhir.hie.moh.gov.my/CodeSystem/drug-my-core,CodeSystemDrugMyCore
P02CE01110T1001,Levamisole 40 mg Tablet,Levamisole 40 mg Tablet,http://fhir.hie.moh.gov.my/CodeSystem/drug-my-core,CodeSystemDrugMyCore
P02CA01000T1003,Mebendazole 500 mg Tablet,Mebendazole 500 mg Tablet,http://fhir.hie.moh.gov.my/CodeSystem/drug-my-core,CodeSystemDrugMyCore
S01BC10000D2001,Nepafenac 0.1% w/v Eye Suspension (5ml),Nepafenac 0.1% w/v Eye Suspension,http://fhir.hie.moh.gov.my/CodeSystem/drug-my-core,CodeSystemDrugMyCore
N05CD08110L9001,"Midazolam Buccal Liquid 10mg/ml, 5ml bottle",Midazolam Buccal Liquid 10mg/ml,http://fhir.hie.moh.gov.my/CodeSystem/drug-my-core,CodeSystemDrugMyCore
S01LA05000P3001,Aflibercept 40 mg/ml Injection,Aflibercept 40 mg/ml Injection,http://fhir.hie.moh.gov.my/CodeSystem/drug-my-core,CodeSystemDrugMyCore
J01XX09000P3001,Daptomycin 500 mg powder for Injection,Daptomycin 500 mg powder for Injection,http://fhir.hie.moh.gov.my/CodeSystem/drug-my-core,CodeSystemDrugMyCore
A10BX04000P2002,Exenatide 5 mcg/20mcl Prefilled Pen,Exenatide 5 mcg/20mcl Prefilled Pen,http://fhir.hie.moh.gov.my/CodeSystem/drug-my-core,CodeSystemDrugMyCore
GLN0200105,Salicylic Acid 6% Ointment,Salicylic Acid 6% Ointment,http://fhir.hie.moh.gov.my/CodeSystem/drug-my-core,CodeSystemDrugMyCore
C10AB05000C1004,Fenofibrate 200 mg Capsule,Fenofibrate 200 mg Capsule,http://fhir.hie.moh.gov.my/CodeSystem/drug-my-core,CodeSystemDrugMyCore
L02BA03000P5001,Fulvestrant 250 mg/5ml Injection,Fulvestrant 250 mg/5ml Injection,http://fhir.hie.moh.gov.my/CodeSystem/drug-my-core,CodeSystemDrugMyCore
G03XA02000C1001,Gestrinone 2.5 mg Capsule,Gestrinone 2.5 mg Capsule,http://fhir.hie.moh.gov.my/CodeSystem/drug-my-core,CodeSystemDrugMyCore
L01CD02000P3003,Docetaxel 160mg Injection,Docetaxel 160mg Injection,http://fhir.hie.moh.gov.my/CodeSystem/drug-my-core,CodeSystemDrugMyCore
C08CA04110P3001,Nicardipine HCL 2mg/2ml Injection,Nicardipine HCL 2mg/2ml Injection,http://fhir.hie.moh.gov.my/CodeSystem/drug-my-core,CodeSystemDrugMyCore
A11DA01110T1001,Thiamine HCI 100 mg Tablet,Thiamine HCI 100 mg Tablet,http://fhir.hie.moh.gov.my/CodeSystem/drug-my-core,CodeSystemDrugMyCore
RAW00176,Palm Oil,Palm Oil,http://fhir.hie.moh.gov.my/CodeSystem/drug-my-core,CodeSystemDrugMyCore
J02AX05520P4001,Micafungin sodium 50mg Powder for Injection,Micafungin sodium 50mg Powder for Inj,http://fhir.hie.moh.gov.my/CodeSystem/drug-my-core,CodeSystemDrugMyCore
L02BX02122P4001,Degarelix acetate 120mg Powder for Injection,Degarelix acetate 120mg Powder for Inj,http://fhir.hie.moh.gov.my/CodeSystem/drug-my-core,CodeSystemDrugMyCore
L02BX02122P4002,Degarelix acetate 80mg Powder for Injection,Degarelix acetate 80mg Powder for Inj,http://fhir.hie.moh.gov.my/CodeSystem/drug-my-core,CodeSystemDrugMyCore
A01AB09000G3101,Miconazole 2% Oral Gel,Miconazole 2% Oral Gel,http://fhir.hie.moh.gov.my/CodeSystem/drug-my-core,CodeSystemDrugMyCore
RAW00160,Sodium Carboxymethylcellulose,Sodium Carboxymethylcellulose,http://fhir.hie.moh.gov.my/CodeSystem/drug-my-core,CodeSystemDrugMyCore
KPK00241,Sterile Talc Powder 3g Bottle/Vial/Pack,Sterile Talc Powder 3g Bottle/Vial/Pack,http://fhir.hie.moh.gov.my/CodeSystem/drug-my-core,CodeSystemDrugMyCore
B05BB01905P6001a,Multiple Electrolyte IV Solution 1000ml (Plasmalyte 148),Multiple Electrolyte IV Solution 1000ml,http://fhir.hie.moh.gov.my/CodeSystem/drug-my-core,CodeSystemDrugMyCore
N01BB02110P3002a,LIGNOcaine HCl 1% Injection (5ml),Lignocaine HCl 1% Inj (5ml),http://fhir.hie.moh.gov.my/CodeSystem/drug-my-core,CodeSystemDrugMyCore
H02AB06000L9003,Prednisolone 2 mg/1 ml Syrup,Prednisolone 2 mg/1 ml Syrup,http://fhir.hie.moh.gov.my/CodeSystem/drug-my-core,CodeSystemDrugMyCore
S01EC04000D2001,Brinzolamide 1% Eye Drops,Brinzolamide 1% Eye Drops,http://fhir.hie.moh.gov.my/CodeSystem/drug-my-core,CodeSystemDrugMyCore
L01XE05000T1001,Sorafenib 200mg Tablet,Sorafenib 200mg Tablet,http://fhir.hie.moh.gov.my/CodeSystem/drug-my-core,CodeSystemDrugMyCore
N03AG01520C1002,Sodium Valproate 300mg EXTENDED RELEASE Tablet,Sodium Valproate 300mg ER Tablet,http://fhir.hie.moh.gov.my/CodeSystem/drug-my-core,CodeSystemDrugMyCore
L04AA10000T1002,Sirolimus 1 mg Tablet,Sirolimus 1 mg Tablet,http://fhir.hie.moh.gov.my/CodeSystem/drug-my-core,CodeSystemDrugMyCore
L04AA10000L8001,Sirolimus 1 mg/ml Oral Suspension,Sirolimus 1 mg/ml Oral Suspension,http://fhir.hie.moh.gov.my/CodeSystem/drug-my-core,CodeSystemDrugMyCore
L04AX16000P3001,Plerixafor 20 mg/ml Injection,Plerixafor 20 mg/ml Injection,http://fhir.hie.moh.gov.my/CodeSystem/drug-my-core,CodeSystemDrugMyCore
N04BC04110T5001,Ropinirole HCL 8 mg EXTENDED RELEASE Tablet,Ropinirole HCL 8 mg ER Tablet,http://fhir.hie.moh.gov.my/CodeSystem/drug-my-core,CodeSystemDrugMyCore
J04AB04000C1001,Rifabutin 150 mg Capsule,Rifabutin 150 mg Capsule,http://fhir.hie.moh.gov.my/CodeSystem/drug-my-core,CodeSystemDrugMyCore
N05AB03000T1002,Perphenazine 2 mg Tablet,Perphenazine 2 mg Tablet,http://fhir.hie.moh.gov.my/CodeSystem/drug-my-core,CodeSystemDrugMyCore
RAW00168,Gelatin Powder,Gelatin Powder,http://fhir.hie.moh.gov.my/CodeSystem/drug-my-core,CodeSystemDrugMyCore
RAW00155,Carmosine Red Powder,Carmosine Red Powder,http://fhir.hie.moh.gov.my/CodeSystem/drug-my-core,CodeSystemDrugMyCore
RAW00158,Yellow Powder (Lemon Yellow),Yellow Powder (Lemon Yellow),http://fhir.hie.moh.gov.my/CodeSystem/drug-my-core,CodeSystemDrugMyCore
RAW00141,Caramel Liquid,Caramel Liquid,http://fhir.hie.moh.gov.my/CodeSystem/drug-my-core,CodeSystemDrugMyCore
EYE00031,Ceftazidime 10% Eye Drop,Ceftazidime 10% Eye Drop,http://fhir.hie.moh.gov.my/CodeSystem/drug-my-core,CodeSystemDrugMyCore
L01XE07999T1001,Lapatinib Ditosylate 250mg Tablet,Lapatinib Ditosylate 250mg Tablet,http://fhir.hie.moh.gov.my/CodeSystem/drug-my-core,CodeSystemDrugMyCore
L02AB01122T1001,Megestrol Acetate 160 mg Tablet,Megestrol Acetate 160 mg Tablet,http://fhir.hie.moh.gov.my/CodeSystem/drug-my-core,CodeSystemDrugMyCore
S01AA10000D2001,Natamycin 5% Ophthalmic Suspension (15ml),Natamycin 5% Ophthalmic Suspension,http://fhir.hie.moh.gov.my/CodeSystem/drug-my-core,CodeSystemDrugMyCore
C01DA02221M7001,Glyceryl Trinitrate 5 mg/ 24 hr Transdermal Patch,Glyceryl Trinitrate 5 mg/ 24 hr T.Patch,http://fhir.hie.moh.gov.my/CodeSystem/drug-my-core,CodeSystemDrugMyCore
C01DA02221M7002,Glyceryl Trinitrate 10 mg/ 24 hr Transdermal Patch,Glyceryl Trinitrate 10 mg/2 hr T. Patch,http://fhir.hie.moh.gov.my/CodeSystem/drug-my-core,CodeSystemDrugMyCore
G03DC02000T1002,Norethisterone 5 mg Tablet,Norethisterone 5 mg Tablet,http://fhir.hie.moh.gov.my/CodeSystem/drug-my-core,CodeSystemDrugMyCore
H01CB05999P3002,Pasireotide diaspartate 0.6mg Injection,Pasireotide diaspartate 0.6mg Injection,http://fhir.hie.moh.gov.my/CodeSystem/drug-my-core,CodeSystemDrugMyCore
H05BX01110T1002,Cinacalcet Hydrochloride 30 mg Tablet,Cinacalcet Hydrochloride 30 mg Tablet,http://fhir.hie.moh.gov.my/CodeSystem/drug-my-core,CodeSystemDrugMyCore
L01XE06000T1002,Dasatinib monohydrate 50 mg Tablet,Dasatinib monohydrate 50 mg Tablet,http://fhir.hie.moh.gov.my/CodeSystem/drug-my-core,CodeSystemDrugMyCore
M05BX04000P3002,Denosumab 120 mg solution for Injection,Denosumab 120 mg solution for Injection,http://fhir.hie.moh.gov.my/CodeSystem/drug-my-core,CodeSystemDrugMyCore
G03AA12954T1001,"Estradiol hemihydrate 1 mg, Drospirenone 2 mg Tablet (28tabs/pack)","Estradiol 1mg, Drospirenone 2mg Tablet",http://fhir.hie.moh.gov.my/CodeSystem/drug-my-core,CodeSystemDrugMyCore
L01XX41000P3001,Eribulin mesilate 0.5 mg/ml Injection (0.44mg /ml eribulin) 2ml vial,Eribulin mesilate 0.5 mg/ml Injection,http://fhir.hie.moh.gov.my/CodeSystem/drug-my-core,CodeSystemDrugMyCore
B05XA03100P6002i,Sodium Chloride 0.9% 10mL Injection,Sodium Chloride 0.9% 10mL Injection,http://fhir.hie.moh.gov.my/CodeSystem/drug-my-core,CodeSystemDrugMyCore
RAW00171,Caffeine Citrate Powder,Caffeine Citrate Powder,http://fhir.hie.moh.gov.my/CodeSystem/drug-my-core,CodeSystemDrugMyCore
L01AD02000C1003,Lomustine 100mg Capsule,Lomustine 100mg Capsule,http://fhir.hie.moh.gov.my/CodeSystem/drug-my-core,CodeSystemDrugMyCore
P01BB51981T1002,"Atovaquone 250mg, Proguanil 100mg Tablet","Atovaquone 250mg, Proguanil 100mg Tablet",http://fhir.hie.moh.gov.my/CodeSystem/drug-my-core,CodeSystemDrugMyCore
RAW00177,Orange Syrup BP,Orange Syrup BP,http://fhir.hie.moh.gov.my/CodeSystem/drug-my-core,CodeSystemDrugMyCore
RAW00178,Cherry Syrup,Cherry Syrup,http://fhir.hie.moh.gov.my/CodeSystem/drug-my-core,CodeSystemDrugMyCore
RAW00179,Blackcurrant Syrup BP,Blackcurrant Syrup BP,http://fhir.hie.moh.gov.my/CodeSystem/drug-my-core,CodeSystemDrugMyCore
H05AA02000P5001,Teriparatide 20mcg/80mcl Injection in Prefilled-Pen (250mcg/ml),Teriparatide 20mcg Injection (Pen),http://fhir.hie.moh.gov.my/CodeSystem/drug-my-core,CodeSystemDrugMyCore
RAW00163,Urea Crystal (Carbamide),Urea Crystal (Carbamide),http://fhir.hie.moh.gov.my/CodeSystem/drug-my-core,CodeSystemDrugMyCore
C01DA08221A4201,Isosorbide Dinitrate 1.25 mg/dose Oral Spray,Isosorbide Dinitrate 1.25mg/dose Spray,http://fhir.hie.moh.gov.my/CodeSystem/drug-my-core,CodeSystemDrugMyCore
S01GX01520D2001a,Sodium Cromoglycate 2% Eye Drop (5ml),Sodium Cromoglycate 2% Eye Drop (5ml),http://fhir.hie.moh.gov.my/CodeSystem/drug-my-core,CodeSystemDrugMyCore
D11AX11000G1002,Hydroquinone 4% Cream,Hydroquinone 4% Cream,http://fhir.hie.moh.gov.my/CodeSystem/drug-my-core,CodeSystemDrugMyCore
C10AB04000T1001,Gemfibrozil 600 mg Tablet,Gemfibrozil 600 mg Tablet,http://fhir.hie.moh.gov.my/CodeSystem/drug-my-core,CodeSystemDrugMyCore
N05BA06000T1002,Lorazepam 0.5 mg Tablet,Lorazepam 0.5 mg Tablet,http://fhir.hie.moh.gov.my/CodeSystem/drug-my-core,CodeSystemDrugMyCore
M05BA06000T1002,Ibandronic Acid 50 mg Tablet,Ibandronic Acid 50 mg Tablet,http://fhir.hie.moh.gov.my/CodeSystem/drug-my-core,CodeSystemDrugMyCore
A02BC03000C1001,Lansoprazole 30 mg Capsule,Lansoprazole 30 mg Capsule,http://fhir.hie.moh.gov.my/CodeSystem/drug-my-core,CodeSystemDrugMyCore
L01AD02000C1002,Lomustine 10mg Capsule,Lomustine 10mg Capsule,http://fhir.hie.moh.gov.my/CodeSystem/drug-my-core,CodeSystemDrugMyCore
KPK00238,L-Arginine HCl 5000mg in 10ml Solution for Injection,L-Arginine HCl 5000mg/10ml Injection,http://fhir.hie.moh.gov.my/CodeSystem/drug-my-core,CodeSystemDrugMyCore
RAW00172,Compound Orange Spirit BP,Compound Orange Spirit BP,http://fhir.hie.moh.gov.my/CodeSystem/drug-my-core,CodeSystemDrugMyCore
RAW00174,Aromatic Cardamom Tincture BP,Aromatic Cardamom Tincture BP,http://fhir.hie.moh.gov.my/CodeSystem/drug-my-core,CodeSystemDrugMyCore
J05AF07138F2101,Tenofovir Disoproxil Fumarate 40mg Oral Powder,Tenofovir Disoproxil Fumarate 40mg Pow,http://fhir.hie.moh.gov.my/CodeSystem/drug-my-core,CodeSystemDrugMyCore
KPK00240,Trientine Dihydrochloride 300mg Tablet/Capsule,Trientine Dihydrochloride 300mg Tab/Cap,http://fhir.hie.moh.gov.my/CodeSystem/drug-my-core,CodeSystemDrugMyCore
A11CC05000C1001,Cholecalciferol (Vitamin D3) 400 IU Capsule,Cholecalciferol (Vitamin D3) 400 IU Cap,http://fhir.hie.moh.gov.my/CodeSystem/drug-my-core,CodeSystemDrugMyCore
V08AB05000P3001a,Iopromide 300mg/100ml Injection,Iopromide 300mg/100ml Injection,http://fhir.hie.moh.gov.my/CodeSystem/drug-my-core,CodeSystemDrugMyCore
L04AD02000C2001,Tacrolimus 1 mg PROLONGED RELEASE Capsule,PROLONGED RELEASE Tacrolimus 1 mg Cap,http://fhir.hie.moh.gov.my/CodeSystem/drug-my-core,CodeSystemDrugMyCore
L04AD02000C2002,Tacrolimus 5 mg PROLONGED RELEASE Capsule,PROLONGED RELEASE Tacrolimus 5 mg Cap,http://fhir.hie.moh.gov.my/CodeSystem/drug-my-core,CodeSystemDrugMyCore
L04AD02000C2003,Tacrolimus 0.5 mg PROLONGED RELEASE Capsule,PROLONGED RELEASE Tacrolimus 0.5 mg Cap,http://fhir.hie.moh.gov.my/CodeSystem/drug-my-core,CodeSystemDrugMyCore
C05BB02000P3001,"Polidocanol 1%, 2ml Injection","Polidocanol 1%, 2ml Injection",http://fhir.hie.moh.gov.my/CodeSystem/drug-my-core,CodeSystemDrugMyCore
J06AA03000P3006,King Cobra Antivenom,King Cobra Antivenom,http://fhir.hie.moh.gov.my/CodeSystem/drug-my-core,CodeSystemDrugMyCore
KPK00244,"Box Jellyfish Antivenom 20,000 units","Box Jellyfish Antivenom 20,000 units",http://fhir.hie.moh.gov.my/CodeSystem/drug-my-core,CodeSystemDrugMyCore
L01XE14010T1002,Bosutinib monohydrate 500 mg Tablet,Bosutinib monohydrate 500 mg Tab,http://fhir.hie.moh.gov.my/CodeSystem/drug-my-core,CodeSystemDrugMyCore
L01XA03000P4002,Oxaliplatin 100mg/20ml Injection,Oxaliplatin 100mg/20ml Injection,http://fhir.hie.moh.gov.my/CodeSystem/drug-my-core,CodeSystemDrugMyCore
GLN0100074,Sodium Phosphate 1.2g/10ml (10mmol/10ml) Oral Liquid,Sodium Phosphate 1.2g/10ml Soln,http://fhir.hie.moh.gov.my/CodeSystem/drug-my-core,CodeSystemDrugMyCore
EYE00034,Gentamicin 1.6% Fortified Eye Drop,Gentamicin 1.6% Fortified Eye Drop,http://fhir.hie.moh.gov.my/CodeSystem/drug-my-core,CodeSystemDrugMyCore
V08AB02000P3001b,Iohexol 300 mg I/ml Injection (50ml),Iohexol 300 mg I/ml Injection (50ml),http://fhir.hie.moh.gov.my/CodeSystem/drug-my-core,CodeSystemDrugMyCore
V08AB02000P3001c,Iohexol 300 mg I/ml Injection (100ml),Iohexol 300 mg I/ml Injection (100ml),http://fhir.hie.moh.gov.my/CodeSystem/drug-my-core,CodeSystemDrugMyCore
H01BA02122A4102,Desmopressin 150 mcg/dose Nasal Spray (1.5mg/ml),Desmopressin 150 mcg/dose Nasal Spray,http://fhir.hie.moh.gov.my/CodeSystem/drug-my-core,CodeSystemDrugMyCore
KPK00248,Dasabuvir 250 mg Tablet,Dasabuvir 250 mg Tablet,http://fhir.hie.moh.gov.my/CodeSystem/drug-my-core,CodeSystemDrugMyCore
A16AB12000P3001,Elosulfase Alpha 1mg/1ml Injection (5ml),Elosulfase Alpha 1mg/1ml Injection (5ml),http://fhir.hie.moh.gov.my/CodeSystem/drug-my-core,CodeSystemDrugMyCore
G04BE03136T1003,Sildenafil Citrate 100 mg Tablet,Sildenafil Citrate 100 mg Tablet,http://fhir.hie.moh.gov.my/CodeSystem/drug-my-core,CodeSystemDrugMyCore
D07AC01256G1001,Betamethasone 17-Valerate 0.05% Cream,Betamethasone 17-Valerate 0.05% Cream,http://fhir.hie.moh.gov.my/CodeSystem/drug-my-core,CodeSystemDrugMyCore
R03DX07000T1001,Roflumilast 500 mcg Tablet,Roflumilast 500 mcg Tablet,http://fhir.hie.moh.gov.my/CodeSystem/drug-my-core,CodeSystemDrugMyCore
N07AA02320T1002,Pyridostigmine Bromide 10 mg Tablet,Pyridostigmine Bromide 10 mg Tablet,http://fhir.hie.moh.gov.my/CodeSystem/drug-my-core,CodeSystemDrugMyCore
A08AA01000C1002,Phentermine 30 mg Capsule,Phentermine 30 mg Capsule,http://fhir.hie.moh.gov.my/CodeSystem/drug-my-core,CodeSystemDrugMyCore
L01AD02000C1001,Lomustine 40 mg Capsule,Lomustine 40 mg Capsule,http://fhir.hie.moh.gov.my/CodeSystem/drug-my-core,CodeSystemDrugMyCore
N03AF02000L8001,Oxcarbazepine 60 mg/ml Suspension,Oxcarbazepine 60 mg/ml Suspension,http://fhir.hie.moh.gov.my/CodeSystem/drug-my-core,CodeSystemDrugMyCore
H01CB05999P3003,Pasireotide diaspartate 0.9mg Injection,Pasireotide diaspartate 0.9mg Injection,http://fhir.hie.moh.gov.my/CodeSystem/drug-my-core,CodeSystemDrugMyCore
R07AA02000L8002,Poractant Alfa 120 mg/1.5 ml Intratracheal Suspension,Poractant Alfa 120mg Intratracheal Susp,http://fhir.hie.moh.gov.my/CodeSystem/drug-my-core,CodeSystemDrugMyCore
R07AA02000L8003,Poractant Alfa 240 mg/3 ml Intratracheal Suspension,Poractant Alfa 240mg Intratracheal Susp,http://fhir.hie.moh.gov.my/CodeSystem/drug-my-core,CodeSystemDrugMyCore
S01BA01122D2001,Dexamethasone Acetate 0.1% Eye Drop,Dexamethasone Acetate 0.1% Eye Drop,http://fhir.hie.moh.gov.my/CodeSystem/drug-my-core,CodeSystemDrugMyCore
H01CB03122P3004,Lanreotide Acetate 120mg Injection,Lanreotide Acetate 120mg Injection,http://fhir.hie.moh.gov.my/CodeSystem/drug-my-core,CodeSystemDrugMyCore
C01EA01000P4001,Alprostadil 20 mcg powder for Injection,Alprostadil 20 mcg powder for Injection,http://fhir.hie.moh.gov.my/CodeSystem/drug-my-core,CodeSystemDrugMyCore
J05AE12000C1001,Boceprevir 200mg Capsule,Boceprevir 200mg Capsule,http://fhir.hie.moh.gov.my/CodeSystem/drug-my-core,CodeSystemDrugMyCore
C02KX01000T1002,Bosentan 62.5 mg Tablet,Bosentan 62.5 mg Tablet,http://fhir.hie.moh.gov.my/CodeSystem/drug-my-core,CodeSystemDrugMyCore
S01ED51990D2001,Timolol 0.5% & Brimonidine 0.2% Eye Drops,Timolol 0.5% & Brimonidine 0.2% Eye Drop,http://fhir.hie.moh.gov.my/CodeSystem/drug-my-core,CodeSystemDrugMyCore
L01CD04000P3001,Cabazitaxel 60mg concentrate for Injection,Cabazitaxel 60mg conc for Injection,http://fhir.hie.moh.gov.my/CodeSystem/drug-my-core,CodeSystemDrugMyCore
M03CA01520P4001,Dantrolene sodium 20mg Injection,Dantrolene sodium 20mg Injection,http://fhir.hie.moh.gov.my/CodeSystem/drug-my-core,CodeSystemDrugMyCore
L01XE06000T1001,Dasatinib monohydrate 70 mg Tablet,Dasatinib monohydrate 70 mg Tablet,http://fhir.hie.moh.gov.my/CodeSystem/drug-my-core,CodeSystemDrugMyCore
GLN0200107,Tranexamic Acid 5% Mouthwash,Tranexamic Acid 5% Mouthwash,http://fhir.hie.moh.gov.my/CodeSystem/drug-my-core,CodeSystemDrugMyCore
B05XA16934P3001,"Magnesium Cl 162.5mg/ml, Potassium Cl 59.5mg/ml & Procaine HCI 13.64 mg/ml For Cardioplegia Infusion",Cardioplegia Solution 1000ml,http://fhir.hie.moh.gov.my/CodeSystem/drug-my-core,CodeSystemDrugMyCore
RAW00175,Concentrated Cinnamon Water BP,Concentrated Cinnamon Water BP,http://fhir.hie.moh.gov.my/CodeSystem/drug-my-core,CodeSystemDrugMyCore
N07XX07000T5001,Dalfampridine (fampridine) 10mg PROLONGED RELEASE Tablet,Dalfampridine 10mg PROLONGED RELEASE Tab,http://fhir.hie.moh.gov.my/CodeSystem/drug-my-core,CodeSystemDrugMyCore
C04AX02110C1001,Phenoxybenzamine HCl 10mg Capsule,Phenoxybenzamine HCl 10mg Capsule,http://fhir.hie.moh.gov.my/CodeSystem/drug-my-core,CodeSystemDrugMyCore
N01BB02110P3002b,LIGNOcaine HCl 1% Injection (20ml),Lignocaine HCl 1% Inj (20ml),http://fhir.hie.moh.gov.my/CodeSystem/drug-my-core,CodeSystemDrugMyCore
N06BC01136P3001,Caffeine Citrate 20mg/ml Injection,Caffeine Citrate 20mg/ml Inj,http://fhir.hie.moh.gov.my/CodeSystem/drug-my-core,CodeSystemDrugMyCore
M01AE02000T1002,Naproxen Sodium 550mg Tablet,Naproxen Sodium 550mg Tablet,http://fhir.hie.moh.gov.my/CodeSystem/drug-my-core,CodeSystemDrugMyCore
J06AA03000P3005,Green Pit Viper Antivenom,Green Pit Viper Antivenom,http://fhir.hie.moh.gov.my/CodeSystem/drug-my-core,CodeSystemDrugMyCore
S01ED01253D2001,Timolol Maleate 0.25% Eye Drop,Timolol Maleate 0.25% Eye Drop,http://fhir.hie.moh.gov.my/CodeSystem/drug-my-core,CodeSystemDrugMyCore
KPK00245,Aluminium Chloride 20% Topical Solution,Aluminium Chloride 20% Topical soln,http://fhir.hie.moh.gov.my/CodeSystem/drug-my-core,CodeSystemDrugMyCore
A09AB02110T1001,Betaine HCl 250 mg Tablet,Betaine HCl 250 mg Tablet,http://fhir.hie.moh.gov.my/CodeSystem/drug-my-core,CodeSystemDrugMyCore
L01XE04253C1003,Sunitinib 12.5 mg Capsule,Sunitinib 12.5 mg Capsule,http://fhir.hie.moh.gov.my/CodeSystem/drug-my-core,CodeSystemDrugMyCore
J01MA06000T1001,Norfloxacin 400 mg Tablet,Norfloxacin 400 mg Tablet,http://fhir.hie.moh.gov.my/CodeSystem/drug-my-core,CodeSystemDrugMyCore
H01CB05999P3001,Pasireotide diaspartate 0.3mg Injection,Pasireotide diaspartate 0.3mg Injection,http://fhir.hie.moh.gov.my/CodeSystem/drug-my-core,CodeSystemDrugMyCore
N05AB03000T1003,Perphenazine 8 mg Tablet,Perphenazine 8 mg Tablet,http://fhir.hie.moh.gov.my/CodeSystem/drug-my-core,CodeSystemDrugMyCore
GLN0200099,Potassium Permanganate 1.5% Solution,Potassium Permanganate 1.5% Solution,http://fhir.hie.moh.gov.my/CodeSystem/drug-my-core,CodeSystemDrugMyCore
A01AD02110T2101,Benzydamine HCl 3 mg Lozenges Tablet,Benzydamine HCl 3 mg Lozenges Tablet,http://fhir.hie.moh.gov.my/CodeSystem/drug-my-core,CodeSystemDrugMyCore
M01AX25183C1004,Chondroitin Sulfate 200 mg Capsule,Chondroitin Sulfate 200 mg Capsule,http://fhir.hie.moh.gov.my/CodeSystem/drug-my-core,CodeSystemDrugMyCore
B01AD10000P4001,Drotrecogin Alfa (Activated) 5mg Injection,Drotrecogin Alfa (Activated) 5mg Inj,http://fhir.hie.moh.gov.my/CodeSystem/drug-my-core,CodeSystemDrugMyCore
L04AA25000P3001,Eculizumab 300mg/30ml concentrate for infusion,Eculizumab 300mg/30ml Injection,http://fhir.hie.moh.gov.my/CodeSystem/drug-my-core,CodeSystemDrugMyCore
C10AB05000T1001,Fenofibrate 160 mg Tablet,Fenofibrate 160 mg Tablet,http://fhir.hie.moh.gov.my/CodeSystem/drug-my-core,CodeSystemDrugMyCore
B05BA01910P3001o,Amino acid 10% (Aminoven Infant) 250ml IV Soln,Amino acid 10% (Aminoven Infant) 250ml,http://fhir.hie.moh.gov.my/CodeSystem/drug-my-core,CodeSystemDrugMyCore
C08CA04110P3002,Nicardipine HCL 10mg/10ml Injection,Nicardipine HCL 10mg/10ml Injection,http://fhir.hie.moh.gov.my/CodeSystem/drug-my-core,CodeSystemDrugMyCore
H02AB08351T1001,Triamcinolone Acetonide 4 mg Tablet,Triamcinolone Acetonide 4mg Tablet,http://fhir.hie.moh.gov.my/CodeSystem/drug-my-core,CodeSystemDrugMyCore
KPK00237,Sodium 4-Phenylbutyrate 2000mg in 10ml Solution for injection,Sodium Phenylbutyrate 2000mg/10ml Inj,http://fhir.hie.moh.gov.my/CodeSystem/drug-my-core,CodeSystemDrugMyCore
KPK00239,Sodium Benzoate 2000mg in 10ml Solution for Injection,Sodium Benzoate 2000mg/10ml Injection,http://fhir.hie.moh.gov.my/CodeSystem/drug-my-core,CodeSystemDrugMyCore
B05XA17122P3001,Potassium Acetate Injection USP 2mEq/ml 20ml,Potassium Acetate Inj 2mEq/ml 20ml,http://fhir.hie.moh.gov.my/CodeSystem/drug-my-core,CodeSystemDrugMyCore
L01XE21000T1001,Regorafenib 40 mg Tablet,Regorafenib 40 mg Tablet,http://fhir.hie.moh.gov.my/CodeSystem/drug-my-core,CodeSystemDrugMyCore
S01FA01183D2002,Atropine 0.01% Eye drop,Atropine 0.01% Eye drop,http://fhir.hie.moh.gov.my/CodeSystem/drug-my-core,CodeSystemDrugMyCore
KPK00242,Sterile Talc Powder 5g Bottle/Vial/Pack,Sterile Talc Powder 5g Bottle/Vial/Pack,http://fhir.hie.moh.gov.my/CodeSystem/drug-my-core,CodeSystemDrugMyCore
B01AF02000T1002,Apixaban 5 mg Tablet,Apixaban 5 mg Tablet,http://fhir.hie.moh.gov.my/CodeSystem/drug-my-core,CodeSystemDrugMyCore
A11CC05000C1002,Cholecalciferol (Vitamin D3) 1000 IU Capsule,Cholecalciferol (Vitamin D3) 1000 IU Cap,http://fhir.hie.moh.gov.my/CodeSystem/drug-my-core,CodeSystemDrugMyCore
H02AB06000L9005,Prednisolone 5 mg/ 1ml Syrup,Prednisolone 5 mg/ 1ml Syrup,http://fhir.hie.moh.gov.my/CodeSystem/drug-my-core,CodeSystemDrugMyCore
J06AA03000P3009,Russell's Viper Antivenom,Russell's Viper Antivenom,http://fhir.hie.moh.gov.my/CodeSystem/drug-my-core,CodeSystemDrugMyCore
C01BA05000P3001,Ajmaline 50mg/10ml Solution for Injection,Ajmaline 50mg/10ml Injection,http://fhir.hie.moh.gov.my/CodeSystem/drug-my-core,CodeSystemDrugMyCore
L03AC01000P4001,Aldesleukin 18 MIU powder for IV solution,Aldesleukin 18 MIU powder for IV,http://fhir.hie.moh.gov.my/CodeSystem/drug-my-core,CodeSystemDrugMyCore
N04BC07000P5001,Apomorphine 50mg/10ml for Infusion in Prefilled Syringe,Apomorphine 50mg/10ml PFS,http://fhir.hie.moh.gov.my/CodeSystem/drug-my-core,CodeSystemDrugMyCore
A11GA01000P3002,Ascorbic Acid 500mg/5ml Injection,Ascorbic Acid 500mg/5ml Injection,http://fhir.hie.moh.gov.my/CodeSystem/drug-my-core,CodeSystemDrugMyCore
M04AB03000T1001,Benzbromarone 100 mg Tablet,Benzbromarone 100 mg Tablet,http://fhir.hie.moh.gov.my/CodeSystem/drug-my-core,CodeSystemDrugMyCore
L01XE14010T1001,Bosutinib monohydrate 100 mg Tablet,Bosutinib monohydrate 100 mg Tab,http://fhir.hie.moh.gov.my/CodeSystem/drug-my-core,CodeSystemDrugMyCore
L01XC02000P3002,Rituximab 100mg/ 10ml Injection,Rituximab 100mg/ 10ml Injection,http://fhir.hie.moh.gov.my/CodeSystem/drug-my-core,CodeSystemDrugMyCore
L01XX17110P3002,Topotecan 1mg/ml Powder for Injection (1mg vial),Topotecan 1mg/ml Injection,http://fhir.hie.moh.gov.my/CodeSystem/drug-my-core,CodeSystemDrugMyCore
B05BA03000P6001c,Dextrose 5% 1000ml IV soln,Dextrose 5% 1000ml IV soln,http://fhir.hie.moh.gov.my/CodeSystem/drug-my-core,CodeSystemDrugMyCore
L01XE09000P3001,Temsirolimus 25 mg Injection,Temsirolimus 25 mg Injection,http://fhir.hie.moh.gov.my/CodeSystem/drug-my-core,CodeSystemDrugMyCore
A08AA01110C2001,Phentermine HCI 15 mg SUSTAINED RELEASE Capsule,Phentermine HCI 15 mg SR Cap,http://fhir.hie.moh.gov.my/CodeSystem/drug-my-core,CodeSystemDrugMyCore
C05BA04000C1001,Pentosan Polysulphate Sodium 100mg Capsule,Pentosan Polysulphate Sodium 100mg Cap,http://fhir.hie.moh.gov.my/CodeSystem/drug-my-core,CodeSystemDrugMyCore
C05BA04000P3001,Pentosan Polysulphate Sodium 100mg inj,Pentosan Polysulphate Sodium 100mg inj,http://fhir.hie.moh.gov.my/CodeSystem/drug-my-core,CodeSystemDrugMyCore
A04AA05110P3001,Palonosetron Hydrochloride 250mcg/5 ml Injection,Palonosetron HCl 250mcg/5 ml Inj,http://fhir.hie.moh.gov.my/CodeSystem/drug-my-core,CodeSystemDrugMyCore
N02AA05110L5002,Oxycodone HCI 10 mg/ml Concentrated Oral Solution,Oxycodone HCI 10 mg/ml Conc Oral Soln,http://fhir.hie.moh.gov.my/CodeSystem/drug-my-core,CodeSystemDrugMyCore
N03AF02000T1001,Oxcarbazepine 600 mg Tablet,Oxcarbazepine 600 mg Tablet,http://fhir.hie.moh.gov.my/CodeSystem/drug-my-core,CodeSystemDrugMyCore
J05AE06964T1002,Lopinavir 100 mg & Ritonavir 25 mg Tablet,Lopinavir 100 mg & Ritonavir 25 mg Tab,http://fhir.hie.moh.gov.my/CodeSystem/drug-my-core,CodeSystemDrugMyCore
L01XE06000T1003,Dasatinib monohydrate 20 mg Tablet,Dasatinib monohydrate 20 mg Tablet,http://fhir.hie.moh.gov.my/CodeSystem/drug-my-core,CodeSystemDrugMyCore
B02BX05999T1002,Eltrombopag Olamine 50 mg Tablet,Eltrombopag Olamine 50 mg Tablet,http://fhir.hie.moh.gov.my/CodeSystem/drug-my-core,CodeSystemDrugMyCore
J05AG04000T1001,Etravirine 100mg Tablet,Etravirine 100mg Tablet,http://fhir.hie.moh.gov.my/CodeSystem/drug-my-core,CodeSystemDrugMyCore
V07AB00000P3001f,Sterile Water for Irrigation 3000mL,Sterile Water for Irrigation 3000mL,http://fhir.hie.moh.gov.my/CodeSystem/drug-my-core,CodeSystemDrugMyCore
GLN0200102,"Coal Tar 3%, Salicylic Acid 3% Ointment","Coal Tar 3%, Salicylic Acid 3% Ointment",http://fhir.hie.moh.gov.my/CodeSystem/drug-my-core,CodeSystemDrugMyCore
PNA00022,Nutriflex Peri 480kcal 1000ml (2-chamber bag),Nutriflex Peri 480kcal 1000ml,http://fhir.hie.moh.gov.my/CodeSystem/drug-my-core,CodeSystemDrugMyCore
L01DB01110P4002a,Doxorubicin HCl 50 mg Powder for Injection,Doxorubicin HCl 50 mg Powder for Inj,http://fhir.hie.moh.gov.my/CodeSystem/drug-my-core,CodeSystemDrugMyCore
RAW00173,Peppermint Spirit BP,Peppermint Spirit BP,http://fhir.hie.moh.gov.my/CodeSystem/drug-my-core,CodeSystemDrugMyCore
L04AB05000P5001,Certolizumab pegol 200mg/ml Injection,Certolizumab pegol 200mg/ml Injection,http://fhir.hie.moh.gov.my/CodeSystem/drug-my-core,CodeSystemDrugMyCore
L01XX44000P3001,Aflibercept 200 mg/8ml concentrate solution for IV Infusion,Aflibercept 200 mg/8ml conc for infusion,http://fhir.hie.moh.gov.my/CodeSystem/drug-my-core,CodeSystemDrugMyCore
S01ED01253D2002b,Timolol Maleate 0.5% Ophthalmic Gel,Timolol Maleate 0.5% Ophthalmic Gel,http://fhir.hie.moh.gov.my/CodeSystem/drug-my-core,CodeSystemDrugMyCore
L01XC12000P4001,Brentuximab Vedotin 50 mg powder for Injection,Brentuximab Vedotin 50 mg Injection,http://fhir.hie.moh.gov.my/CodeSystem/drug-my-core,CodeSystemDrugMyCore
C05BX01000T1001,Calcium Dobesilate 500mg Tablet,Calcium Dobesilate 500mg Tablet,http://fhir.hie.moh.gov.my/CodeSystem/drug-my-core,CodeSystemDrugMyCore
N07BA03123T1001a,Varenicline Tartrate 0.5mg and 1mg Tablet (STARTER PACK),Varenicline 0.5mg and 1mg Tab (STARTER),http://fhir.hie.moh.gov.my/CodeSystem/drug-my-core,CodeSystemDrugMyCore
A10BX09000T1001,Dapaglifozin 5 mg Tablet,Dapaglifozin 5 mg Tablet,http://fhir.hie.moh.gov.my/CodeSystem/drug-my-core,CodeSystemDrugMyCore
A10BX09000T1002,Dapaglifozin 10 mg Tablet,Dapaglifozin 10 mg Tablet,http://fhir.hie.moh.gov.my/CodeSystem/drug-my-core,CodeSystemDrugMyCore
R06AX02110T1001,Cyproheptadine HCl 4 mg Tablet,Cyproheptadine HCl 4 mg Tablet,http://fhir.hie.moh.gov.my/CodeSystem/drug-my-core,CodeSystemDrugMyCore
N02CX02110P3001,Clonidine HCl 150mcg/ml Injection,Clonidine HCl 150mcg/ml Injection,http://fhir.hie.moh.gov.my/CodeSystem/drug-my-core,CodeSystemDrugMyCore
N03AF04122T1001,Eslicarbazepine acetate 800 mg Tablet,Eslicarbazepine acetate 800 mg Tablet,http://fhir.hie.moh.gov.my/CodeSystem/drug-my-core,CodeSystemDrugMyCore
G03CA01000T1001,Ethinylestradiol 10 mcg Tablet,Ethinylestradiol 10 mcg Tablet,http://fhir.hie.moh.gov.my/CodeSystem/drug-my-core,CodeSystemDrugMyCore
A10BX04000P2001,Exenatide 10 mcg/40mcl Prefilled Pen,Exenatide 10 mcg/40mcl Prefilled Pen,http://fhir.hie.moh.gov.my/CodeSystem/drug-my-core,CodeSystemDrugMyCore
A10BX04000P2003,Exenatide 2 mg Prolonged-released Injection,Exenatide 2 mg Prolonged-released Inj,http://fhir.hie.moh.gov.my/CodeSystem/drug-my-core,CodeSystemDrugMyCore
V03AB34000P3001,Fomepizole 1500mg/1.5ml Injection,Fomepizole 1500mg/1.5ml Injection,http://fhir.hie.moh.gov.my/CodeSystem/drug-my-core,CodeSystemDrugMyCore
H03AA02520T1001,Liothyronine sodium 20 mcg Tablet,Liothyronine sodium 20 mcg Tablet,http://fhir.hie.moh.gov.my/CodeSystem/drug-my-core,CodeSystemDrugMyCore
C03BA08000T1003,Metolazone 5 mg Tablet,Metolazone 5 mg Tablet,http://fhir.hie.moh.gov.my/CodeSystem/drug-my-core,CodeSystemDrugMyCore
L01BB07000P3001,Nelarabine 250mg/50ml Injection,Nelarabine 250mg/50ml Injection,http://fhir.hie.moh.gov.my/CodeSystem/drug-my-core,CodeSystemDrugMyCore
L01XC15000P3001,Obinutuzumab 1000mg/40ml Injection,Obinutuzumab 1000mg/40ml Injection,http://fhir.hie.moh.gov.my/CodeSystem/drug-my-core,CodeSystemDrugMyCore
C10AX06000C1001,Omega 3 polyunsaturated fatty acids 1000mg Capsule,Omega 3 polyunsaturated FA 1000mg Cap,http://fhir.hie.moh.gov.my/CodeSystem/drug-my-core,CodeSystemDrugMyCore
H01CB05127P2002,Pasireotide pamoate 40mg LAR suspension for injection,Pasireotide pamoate 40mg LAR injection,http://fhir.hie.moh.gov.my/CodeSystem/drug-my-core,CodeSystemDrugMyCore
L01XX24000P3001,Pegylated L-Asparaginase 3750 IU/5ml Injection,Pegylated L-Asparaginase 3750 IU/5ml Inj,http://fhir.hie.moh.gov.my/CodeSystem/drug-my-core,CodeSystemDrugMyCore
RAW00180,Ora-Sweet:Ora-Plus (1:1),Ora-Sweet:Ora-Plus (1:1),http://fhir.hie.moh.gov.my/CodeSystem/drug-my-core,CodeSystemDrugMyCore
RAW00181,Ora-Sweet SF: Ora-Plus (1:1),Ora-Sweet SF: Ora-Plus (1:1),http://fhir.hie.moh.gov.my/CodeSystem/drug-my-core,CodeSystemDrugMyCore
KPK00256,Tiopronin 100 mg Tablet,Tiopronin 100 mg Tablet,http://fhir.hie.moh.gov.my/CodeSystem/drug-my-core,CodeSystemDrugMyCore
J05AB14110F2101,Valganciclovir 50 mg/ml Powder for Oral solution,Valganciclovir 50 mg/ml Oral solution,http://fhir.hie.moh.gov.my/CodeSystem/drug-my-core,CodeSystemDrugMyCore
L03AA02000P3003,Filgrastim 480 mcg/0.5ml Injection (Pre-filled syringe),Filgrastim 480 mcg/0.5ml PF Syringe,http://fhir.hie.moh.gov.my/CodeSystem/drug-my-core,CodeSystemDrugMyCore
KPK00258,Carbomer 0.2% w/w Ophthalmic Gel,Carbomer 0.2% w/w Ophthalmic Gel,http://fhir.hie.moh.gov.my/CodeSystem/drug-my-core,CodeSystemDrugMyCore
EYE00036,Voriconazole 1% Eye Drop,Voriconazole 1% Eye Drop,http://fhir.hie.moh.gov.my/CodeSystem/drug-my-core,CodeSystemDrugMyCore
C01CE02125P3001a,Milrinone Lactate 20mg/20mL injection,Milrinone 20mg/20mL injection,http://fhir.hie.moh.gov.my/CodeSystem/drug-my-core,CodeSystemDrugMyCore
B05AA05000P6001a,Dextran 40 in 5% Glucose IV Solution 500ml,Dextran 40 in 5% Glucose IV Soln 500ml,http://fhir.hie.moh.gov.my/CodeSystem/drug-my-core,CodeSystemDrugMyCore
PNA00024,Structokabiven Peripheral 1300kcal 1904ml,StructokabivenPeripheral 1300kcal 1904ml,http://fhir.hie.moh.gov.my/CodeSystem/drug-my-core,CodeSystemDrugMyCore
PNA00025,Structokabiven 1100kcal 986ml (Central),Structokabiven 1100kcal 986ml,http://fhir.hie.moh.gov.my/CodeSystem/drug-my-core,CodeSystemDrugMyCore
PNA00026,Structokabiven 1600kcal 1477ml (Central),Structokabiven 1600kcal 1477ml,http://fhir.hie.moh.gov.my/CodeSystem/drug-my-core,CodeSystemDrugMyCore
PNA00027,Structokabiven 2100kcal 1970ml (Central),Structokabiven 2100kcal 1970ml,http://fhir.hie.moh.gov.my/CodeSystem/drug-my-core,CodeSystemDrugMyCore
IVA00034,Ranibizumab 0.12% (0.24mg/0.2ml) Prefilled Syringe,"Ranibizumab 0.12%, 0.24mg PF Syringe",http://fhir.hie.moh.gov.my/CodeSystem/drug-my-core,CodeSystemDrugMyCore
J05AB01000T1003,Acyclovir 400 mg Tablet,Acyclovir 400 mg Tablet,http://fhir.hie.moh.gov.my/CodeSystem/drug-my-core,CodeSystemDrugMyCore
PNP00031,PN Soln 350ml 178.5kcal Preterm Standard Dext 10%,PN 350ml 178.5kcal Dext 10% Preterm,http://fhir.hie.moh.gov.my/CodeSystem/drug-my-core,CodeSystemDrugMyCore
N02BE01000T1002,Paracetamol 650 mg Tablet,Paracetamol 650 mg Tablet,http://fhir.hie.moh.gov.my/CodeSystem/drug-my-core,CodeSystemDrugMyCore
V03AE01999F2102,Calcium Polystyrene Sulphonate Powder,Calcium Polystyrene Sulphonate Powder,http://fhir.hie.moh.gov.my/CodeSystem/drug-my-core,CodeSystemDrugMyCore
PNP00026,PN Soln 100ml Starter Dext 10%,PN Soln 100ml Starter Dext 10%,http://fhir.hie.moh.gov.my/CodeSystem/drug-my-core,CodeSystemDrugMyCore
PNP00027,PN Soln 400ml 204.1kcal Preterm Dextrose 10% Normal Sodium,PN Soln 400ml 204.1kcal Preterm Dext 10%,http://fhir.hie.moh.gov.my/CodeSystem/drug-my-core,CodeSystemDrugMyCore
PNP00028,PN Soln 400ml 204.1kcal Preterm Dextrose 10% High Sodium,PN 400ml 204.1kcal Preterm High Sodium,http://fhir.hie.moh.gov.my/CodeSystem/drug-my-core,CodeSystemDrugMyCore
GLN0100078,Amlodipine 1mg/ml Suspension,Amlodipine 1mg/ml Suspension,http://fhir.hie.moh.gov.my/CodeSystem/drug-my-core,CodeSystemDrugMyCore
GLN0100081,Clopidogrel 5mg/ml Suspension,Clopidogrel 5mg/ml Suspension,http://fhir.hie.moh.gov.my/CodeSystem/drug-my-core,CodeSystemDrugMyCore
GLN0100086,Gabapentin 100mg/ml Oral Suspension,Gabapentin 100mg/ml Oral Susp,http://fhir.hie.moh.gov.my/CodeSystem/drug-my-core,CodeSystemDrugMyCore
GLN0100089,Propranolol 0.5mg/ml Oral Suspension,Propranolol 0.5mg/ml Oral Suspension,http://fhir.hie.moh.gov.my/CodeSystem/drug-my-core,CodeSystemDrugMyCore
H03AA01520P4002,Levothyroxine sodium 200mcg powder for injection,Levothyroxine sodium 200mcg Inj,http://fhir.hie.moh.gov.my/CodeSystem/drug-my-core,CodeSystemDrugMyCore
J04AA01000M4001,Para Aminosalicylic Acid 4g Oral Granules,Para Aminosalicylic Acid 4g Oral Granule,http://fhir.hie.moh.gov.my/CodeSystem/drug-my-core,CodeSystemDrugMyCore
H01CB05127P2001,Pasireotide pamoate 20mg LAR suspension for injection,Pasireotide pamoate 20mg LAR Inj,http://fhir.hie.moh.gov.my/CodeSystem/drug-my-core,CodeSystemDrugMyCore
P01CX01198A3001,Pentamidine isethionate 300mg Nebuliser Solution,Pentamidine isethionate 300mg Nebuliser,http://fhir.hie.moh.gov.my/CodeSystem/drug-my-core,CodeSystemDrugMyCore
C04AB01253P4001,Phentolamine mesylate 5mg Powder for Injection,Phentolamine mesylate 5mg Injection,http://fhir.hie.moh.gov.my/CodeSystem/drug-my-core,CodeSystemDrugMyCore
L04AX06000C1004,Pomalidomide 4 mg Capsule,Pomalidomide 4 mg Capsule,http://fhir.hie.moh.gov.my/CodeSystem/drug-my-core,CodeSystemDrugMyCore
A12BA02000T5002,Potassium Citrate 1080mg (10mEq) EXTENDED RELEASE Tablet,Potassium Citrate 1080mg (10mEq) ER Tab,http://fhir.hie.moh.gov.my/CodeSystem/drug-my-core,CodeSystemDrugMyCore
KPK00255,Carboxymethylcellulose sodium 1% eye gel,Carboxymethylcellulose sodium 1% eye gel,http://fhir.hie.moh.gov.my/CodeSystem/drug-my-core,CodeSystemDrugMyCore
B02BX04000P4001,Romiplostim 250 mcg Powder for Injection,Romiplostim 250 mcg Powder for Injection,http://fhir.hie.moh.gov.my/CodeSystem/drug-my-core,CodeSystemDrugMyCore
A16AX07110T4001,Sapropterin Dihydrochloride 100 mg Soluble Tablet,Sapropterin 100 mg Soluble Tablet,http://fhir.hie.moh.gov.my/CodeSystem/drug-my-core,CodeSystemDrugMyCore
S01KA01000G3201,Sodium Hyaluronate 0.3% Ophthalmic Gel,Sodium Hyaluronate 0.3% Ophthalmic Gel,http://fhir.hie.moh.gov.my/CodeSystem/drug-my-core,CodeSystemDrugMyCore
N03AX17000C1001,Stiripentol 250 mg Capsule,Stiripentol 250 mg Capsule,http://fhir.hie.moh.gov.my/CodeSystem/drug-my-core,CodeSystemDrugMyCore
J01EC02000T1001,Sulphadiazine 500 mg Tablet,Sulphadiazine 500 mg Tablet,http://fhir.hie.moh.gov.my/CodeSystem/drug-my-core,CodeSystemDrugMyCore
L04AA31000T1002,Teriflunomide 14 mg Tablet,Teriflunomide 14 mg Tablet,http://fhir.hie.moh.gov.my/CodeSystem/drug-my-core,CodeSystemDrugMyCore
C08DA01110T5001,Verapamil 120 mg SUSTAINED RELEASE Tablet,Verapamil 120 mg SUSTAINED RELEASE Tab,http://fhir.hie.moh.gov.my/CodeSystem/drug-my-core,CodeSystemDrugMyCore
B01AD04000P4004,"Urokinase 250,000 IU powder for Injection","Urokinase 250,000 IU powder for Inj",http://fhir.hie.moh.gov.my/CodeSystem/drug-my-core,CodeSystemDrugMyCore
GLN0200080,White Head Varnish Liquid (Iodoform Compound),White Head Varnish Liquid,http://fhir.hie.moh.gov.my/CodeSystem/drug-my-core,CodeSystemDrugMyCore
B02BA01000T1001,Vitamin K (Phytomenadione) 5 mg Tablet,Vitamin K (Phytomenadione) 5 mg Tablet,http://fhir.hie.moh.gov.my/CodeSystem/drug-my-core,CodeSystemDrugMyCore
C02DB01196P3001,Dihydralazine 25 mg Powder for Injection,Dihydralazine 25 mg Powder for Injection,http://fhir.hie.moh.gov.my/CodeSystem/drug-my-core,CodeSystemDrugMyCore
M01AX21000C1001,Diacerein 50 mg Capsule,Diacerein 50 mg Capsule,http://fhir.hie.moh.gov.my/CodeSystem/drug-my-core,CodeSystemDrugMyCore
IVA00033,Ranibizumab 1% (0.5mg/0.05ml) Prefilled Syringe,"Ranibizumab 1%, 0.5mg Prefilled Syringe",http://fhir.hie.moh.gov.my/CodeSystem/drug-my-core,CodeSystemDrugMyCore
PNP00023,PN Soln A: 245ml 116kcal Preterm High Sodium,PN Soln A: 245ml 116kcal Preterm High Na,http://fhir.hie.moh.gov.my/CodeSystem/drug-my-core,CodeSystemDrugMyCore
PNP00024,PN Soln B: 245ml 116kcal Preterm Normal Sodium,PN Soln B: 245ml 116kcal Preterm,http://fhir.hie.moh.gov.my/CodeSystem/drug-my-core,CodeSystemDrugMyCore
PNP00025,"PN Soln C: 170ml 86.74kcal Preterm without Na,K,Mg,PO4",PN Soln C: 170ml 86.74kcal Preterm,http://fhir.hie.moh.gov.my/CodeSystem/drug-my-core,CodeSystemDrugMyCore
GLN0200116,Betamethasone Valerate 1 in 5 Cream,Betamethasone Valerate 1 in 5 Cream,http://fhir.hie.moh.gov.my/CodeSystem/drug-my-core,CodeSystemDrugMyCore
GLN0200117,Betamethasone Valerate 1 in 5 Ointment,Betamethasone Valerate 1 in 5 Oint,http://fhir.hie.moh.gov.my/CodeSystem/drug-my-core,CodeSystemDrugMyCore
D02AB00000G1001a,"Zinc Oxide, Dimethicone Cream","Zinc Oxide, Dimethicone Cream",http://fhir.hie.moh.gov.my/CodeSystem/drug-my-core,CodeSystemDrugMyCore
GLN0100076,Sucrose 25% Oral Liquid,Sucrose 25% Oral Liquid,http://fhir.hie.moh.gov.my/CodeSystem/drug-my-core,CodeSystemDrugMyCore
GLN0100079,Caffeine Citrate 10mg/ml Oral Solution,Caffeine Citrate 10mg/ml Oral Solution,http://fhir.hie.moh.gov.my/CodeSystem/drug-my-core,CodeSystemDrugMyCore
RAW00188,Citric Acid 25% Solution,Citric Acid 25% Solution,http://fhir.hie.moh.gov.my/CodeSystem/drug-my-core,CodeSystemDrugMyCore
GLN0100092,Rifampicin 10mg/ml Oral Syrup,Rifampicin 10mg/ml Oral Syrup,http://fhir.hie.moh.gov.my/CodeSystem/drug-my-core,CodeSystemDrugMyCore
C01CA17110T1001,Midodrine HCl 10 mg Tablet,Midodrine HCl 10 mg Tablet,http://fhir.hie.moh.gov.my/CodeSystem/drug-my-core,CodeSystemDrugMyCore
S01HA03110D2002,Amethocaine 1% Eye drop,Amethocaine 1% Eye drop,http://fhir.hie.moh.gov.my/CodeSystem/drug-my-core,CodeSystemDrugMyCore
S01JA01520D2001,Fluoresceine Sodium 2% Eye Drop,Fluoresceine Sodium 2% Eye Drop,http://fhir.hie.moh.gov.my/CodeSystem/drug-my-core,CodeSystemDrugMyCore
N06BA07000T1001,Modafinil 100 mg Tablet,Modafinil 100 mg Tablet,http://fhir.hie.moh.gov.my/CodeSystem/drug-my-core,CodeSystemDrugMyCore
G04BE02110P3001,Papaverine HCl 60 mg/2ml Injection,Papaverine HCl 60 mg/2ml Injection,http://fhir.hie.moh.gov.my/CodeSystem/drug-my-core,CodeSystemDrugMyCore
H02AB06000T1003,Prednisolone 20 mg Tablet,Prednisolone 20 mg Tablet,http://fhir.hie.moh.gov.my/CodeSystem/drug-my-core,CodeSystemDrugMyCore
A11HA02110P3002,Pyridoxine 100mg/2ml Injection,Pyridoxine 100mg/2ml Injection,http://fhir.hie.moh.gov.my/CodeSystem/drug-my-core,CodeSystemDrugMyCore
J04AB02000P4001,Rifampicin 600 mg Powder for Injection,Rifampicin 600 mg Powder for Injection,http://fhir.hie.moh.gov.my/CodeSystem/drug-my-core,CodeSystemDrugMyCore
M03BX02110C1001,Tizanidine HCl 2 mg Capsule/Tablet,Tizanidine HCl 2 mg Capsule/Tablet,http://fhir.hie.moh.gov.my/CodeSystem/drug-my-core,CodeSystemDrugMyCore
L04AC07000P3002,Tocilizumab 162 mg Injection in prefilled syringe (subcutaneous inj),Tocilizumab 162 mg Inj (PF Syringe),http://fhir.hie.moh.gov.my/CodeSystem/drug-my-core,CodeSystemDrugMyCore
L03AA02000P3002,Filgrastim 300 mcg/0.5ml Injection (Pre-filled syringe),Filgrastim 300 mcg/0.5ml PF Syringe,http://fhir.hie.moh.gov.my/CodeSystem/drug-my-core,CodeSystemDrugMyCore
D02AB00240G5003,Compound Zinc Paste BP (25%w/w),Compound Zinc Paste BP (25%w/w),http://fhir.hie.moh.gov.my/CodeSystem/drug-my-core,CodeSystemDrugMyCore
GLN0100083,Dexamethasone 0.5mg/ml Oral Suspension,Dexamethasone 0.5mg/ml Oral Suspension,http://fhir.hie.moh.gov.my/CodeSystem/drug-my-core,CodeSystemDrugMyCore
GLN0100084,Dipyridamole 10mg/ml Oral Suspension,Dipyridamole 10mg/ml Oral Suspension,http://fhir.hie.moh.gov.my/CodeSystem/drug-my-core,CodeSystemDrugMyCore
R03BA05133A2102,Fluticasone Propionate 50mcg/dose Inhaler,Fluticasone propionate 50mcg Inhaler,http://fhir.hie.moh.gov.my/CodeSystem/drug-my-core,CodeSystemDrugMyCore
B05DB00908H2501f,CAPD/DPCA 17 StaySafe Link Peritoneal Dialysis Solution 2L bag 1.25mmol Calcium 1.5% Dextrose,CAPD/DPCA 17 StaySafe,http://fhir.hie.moh.gov.my/CodeSystem/drug-my-core,CodeSystemDrugMyCore
B05DB00908H2503f,CAPD/DPCA 18 StaySafe Link Peritoneal Dialysis Solution 2L bag 1.25mmol Calcium 4.25% Dextrose,CAPD/DPCA 18 StaySafe,http://fhir.hie.moh.gov.my/CodeSystem/drug-my-core,CodeSystemDrugMyCore
C10BA02000T1003,"Ezetimibe 10mg, Simvastatin 40mg tablet","Ezetimibe 10mg, Simvastatin 40mg tablet",http://fhir.hie.moh.gov.my/CodeSystem/drug-my-core,CodeSystemDrugMyCore
R03BA05133A2101a,Fluticasone propionate 125 mcg/dose Evohaler (120doses),Fluticasone propionate 125 mcg Evohaler,http://fhir.hie.moh.gov.my/CodeSystem/drug-my-core,CodeSystemDrugMyCore
GLN0200121,Sodium Hypochlorite 1% Solution,Sodium Hypochlorite 1% Solution,http://fhir.hie.moh.gov.my/CodeSystem/drug-my-core,CodeSystemDrugMyCore
A11AA03903T1001c,"Ferrous 30mg,Folic 1mg,Vit C,B1,B2,B3,B6,B12,Ca Pantothenate Capsule","Ferrous 30mg,Folic 1mg,multivitamin cap",http://fhir.hie.moh.gov.my/CodeSystem/drug-my-core,CodeSystemDrugMyCore
H01AC01000P3001,Somatropin 5.3mg (16IU) Injection,Somatropin 5.3mg (16IU) Injection,http://fhir.hie.moh.gov.my/CodeSystem/drug-my-core,CodeSystemDrugMyCore
V03AB06181P3002,Sodium Thiosulphate 250 mg/ml Injection (50ml),Sodium Thiosulphate 250 mg/ml Inj (50ml),http://fhir.hie.moh.gov.my/CodeSystem/drug-my-core,CodeSystemDrugMyCore
A03AX13260L9002,Simethicone 40mg/ml Oral Liquid,Simethicone 40mg/ml Oral Liquid,http://fhir.hie.moh.gov.my/CodeSystem/drug-my-core,CodeSystemDrugMyCore
EAR00003,Glycerin Ear Drop,Glycerin Ear Drop,http://fhir.hie.moh.gov.my/CodeSystem/drug-my-core,CodeSystemDrugMyCore
V07AV00000T1003,Sodium Dichloroisocyanurate 0.5g Tablet,Sodium Dichloroisocyanurate 0.5g Tablet,http://fhir.hie.moh.gov.my/CodeSystem/drug-my-core,CodeSystemDrugMyCore
KPK00273,Mineral Oil Eye Lubricant single use amp,Mineral Oil Eye Lubricant single use amp,http://fhir.hie.moh.gov.my/CodeSystem/drug-my-core,CodeSystemDrugMyCore
A11AA03903C1001a,"Ferrous 350mg,Folic 1mg,Vit C,B6,B12,Zinc Capsule","Ferrous 350mg,Folic 1mg,Vitamin Cap",http://fhir.hie.moh.gov.my/CodeSystem/drug-my-core,CodeSystemDrugMyCore
KPK00274,Bedaquiline 100mg Tablet,Bedaquiline 100mg Tablet,http://fhir.hie.moh.gov.my/CodeSystem/drug-my-core,CodeSystemDrugMyCore
EYE00033,Piperacillin/Tazobactam 10% Eye Drop,Piperacillin/Tazobactam 10% Eye Drop,http://fhir.hie.moh.gov.my/CodeSystem/drug-my-core,CodeSystemDrugMyCore
EYE00038,Homatropine 1% Eye Drop,Homatropine 1% Eye Drop,http://fhir.hie.moh.gov.my/CodeSystem/drug-my-core,CodeSystemDrugMyCore
B05XA03100P6002j,"Sodium Chloride 0.9%, 50ml IV Solution","Sodium Chloride 0.9%, 50ml IV Solution",http://fhir.hie.moh.gov.my/CodeSystem/drug-my-core,CodeSystemDrugMyCore
V03AB19260P3001,Physostigmine salicylate 1mg/1ml Injection,Physostigmine salicylate 1mg/1ml Inj,http://fhir.hie.moh.gov.my/CodeSystem/drug-my-core,CodeSystemDrugMyCore
A04AD01000M7001,Hyoscine (Scopolamine) 1.5 mg Transdermal Patch,Scopolamine 1.5 mg Transdermal Patch,http://fhir.hie.moh.gov.my/CodeSystem/drug-my-core,CodeSystemDrugMyCore
L01AC01000P4002,Thiotepa 100 mg powder for Injection,Thiotepa 100 mg powder for Injection,http://fhir.hie.moh.gov.my/CodeSystem/drug-my-core,CodeSystemDrugMyCore
A12CB01000C1001,Zinc Sulphate Monohydrate 140mg Capsule (50mg elemental zinc),Zinc Sulphate Monohydrate 140mg Capsule,http://fhir.hie.moh.gov.my/CodeSystem/drug-my-core,CodeSystemDrugMyCore
H03AA02520P4001,"Liothyronine sodium (T3, Triiodothyronine) 20 mcg powder for Injection",Liothyronine sodium 20mcg powder for Inj,http://fhir.hie.moh.gov.my/CodeSystem/drug-my-core,CodeSystemDrugMyCore
A07CA00905F2102,Oral Rehydration Salt for Severely Malnourished Children,ORS for Severely Malnourished Children,http://fhir.hie.moh.gov.my/CodeSystem/drug-my-core,CodeSystemDrugMyCore
L04AA29000T1001,Tofacitinib citrate 5mg Tablet,Tofacitinib 5 mg Tablet,http://fhir.hie.moh.gov.my/CodeSystem/drug-my-core,CodeSystemDrugMyCore
RAW00185,Flexible Collodion BP/USP,Flexible Collodion BP/USP,http://fhir.hie.moh.gov.my/CodeSystem/drug-my-core,CodeSystemDrugMyCore
GLN0100077,Alprazolam 1mg/ml Suspension,Alprazolam 1mg/ml Suspension,http://fhir.hie.moh.gov.my/CodeSystem/drug-my-core,CodeSystemDrugMyCore
A07BA01000T1002,Charcoal Activated 200mg Capsule/Tablet,Charcoal Activated 200mg Cap/Tab,http://fhir.hie.moh.gov.my/CodeSystem/drug-my-core,CodeSystemDrugMyCore
B05DB00908H2501g,CAPD 2.5L 1.75mmol Calcium Dialysate Soln 1.5% Dextrose (StaySafe),CAPD 2.5L 1.75mmol 1.5% Dextrose,http://fhir.hie.moh.gov.my/CodeSystem/drug-my-core,CodeSystemDrugMyCore
B05DB00908H2503g,CAPD 2.5L 1.75mmol Calcium Dialysate Soln 4.25% Dextrose (StaySafe),CAPD 2.5L 1.75mmol 4.25% Dextrose,http://fhir.hie.moh.gov.my/CodeSystem/drug-my-core,CodeSystemDrugMyCore
B05DB00908H2503h,CAPD 2.5L 1.25mmol Calcium Dialysate Soln 4.25% Dextrose (StaySafe),CAPD 2.5L 1.25mmol 4.25% Dextrose,http://fhir.hie.moh.gov.my/CodeSystem/drug-my-core,CodeSystemDrugMyCore
KPK00267,Papaverine 50mg/2ml Injection,Papaverine 50mg/2ml Injection,http://fhir.hie.moh.gov.my/CodeSystem/drug-my-core,CodeSystemDrugMyCore
GLN0200120,Potassium Permanganate 1% Solution,Potassium Permanganate 1% Solution,http://fhir.hie.moh.gov.my/CodeSystem/drug-my-core,CodeSystemDrugMyCore
B02BD02999P9902,Factor VIII 500 IU Injection,Factor VIII 500 IU Injection,http://fhir.hie.moh.gov.my/CodeSystem/drug-my-core,CodeSystemDrugMyCore
PNP00036,PN Soln 200ml 93.38kcal Dext 10% Soln B,PN Soln 200ml 93.38kcal Dext 10% Soln B,http://fhir.hie.moh.gov.my/CodeSystem/drug-my-core,CodeSystemDrugMyCore
PNP00037,PN Soln 200ml 93.38kcal Dext 10% High Na+ Soln C,PN Soln 200ml 93.38kcal Dext 10% High Na,http://fhir.hie.moh.gov.my/CodeSystem/drug-my-core,CodeSystemDrugMyCore
L01BA01520P3005,Methotrexate 1000mg/10ml Injection,Methotrexate 1000mg/10ml Injection,http://fhir.hie.moh.gov.my/CodeSystem/drug-my-core,CodeSystemDrugMyCore
A03AE02253T1001,Tegaserod 6 mg Tablet,Tegaserod 6 mg Tablet,http://fhir.hie.moh.gov.my/CodeSystem/drug-my-core,CodeSystemDrugMyCore
N05CF01000T1001,Zopiclone 7.5 mg Tablet,Zopiclone 7.5 mg Tablet,http://fhir.hie.moh.gov.my/CodeSystem/drug-my-core,CodeSystemDrugMyCore
R03AC02000A3002,Salbutamol 2.5mg/ 2.5ml Neb Soln (2.5ml/amp),Salbutamol 2.5mg/2.5ml Neb Soln,http://fhir.hie.moh.gov.my/CodeSystem/drug-my-core,CodeSystemDrugMyCore
J04AM02961T9901d,MDT COMBI PB CHILD (Rifampicin and Dapsone),MDT COMBI PB CHILD,http://fhir.hie.moh.gov.my/CodeSystem/drug-my-core,CodeSystemDrugMyCore
B05BA02000P6002h,"Fat emulsion, Intralipid 20% 500ml IV Soln","Fat emulsion, Intralipid 20% 500ml IV",http://fhir.hie.moh.gov.my/CodeSystem/drug-my-core,CodeSystemDrugMyCore
GLN0200128,Potassium Permanganate 6% Solution,Potassium Permanganate 6% Solution,http://fhir.hie.moh.gov.my/CodeSystem/drug-my-core,CodeSystemDrugMyCore
PNA00028,Structokabiven Electrolyte-free 1100kcal 986ml,Structokabiven Electrolyte-free 1100kcal,http://fhir.hie.moh.gov.my/CodeSystem/drug-my-core,CodeSystemDrugMyCore
PNA00029,Structokabiven Electrolyte-free 1600kcal 1477ml,Structokabiven Electrolyte-free 1600kcal,http://fhir.hie.moh.gov.my/CodeSystem/drug-my-core,CodeSystemDrugMyCore
D08AJ04000G1001,Cetrimide 0.5 % Cream,Cetrimide 0.5 % Cream,http://fhir.hie.moh.gov.my/CodeSystem/drug-my-core,CodeSystemDrugMyCore
B05AA07000P9901g,"Hydroxyethyl Starch 6% in Lactated Electrolyte, 500ml IV Soln (Hextend)",Hydroxyethyl Starch 6% in Lactated Elect,http://fhir.hie.moh.gov.my/CodeSystem/drug-my-core,CodeSystemDrugMyCore
L01CA04123C1001,Vinorelbine Tartrate 20mg Capsule,Vinorelbine Tartrate 20mg Capsule,http://fhir.hie.moh.gov.my/CodeSystem/drug-my-core,CodeSystemDrugMyCore
J01EE02000T1001,"Sulphadiazine 410mg, Trimethoprim 90mg Tablet","Sulphadiazine 410mg, Trimethoprim 90mg T",http://fhir.hie.moh.gov.my/CodeSystem/drug-my-core,CodeSystemDrugMyCore
GLN0100075,Reconstituted Oral Rehydration Salt for Severely Malnourished Children,Reconstituted ORS for Severe Malnourish,http://fhir.hie.moh.gov.my/CodeSystem/drug-my-core,CodeSystemDrugMyCore
GLN0200111,Acetic Acid 2% in Aqueous,Acetic Acid 2% in Aqueous,http://fhir.hie.moh.gov.my/CodeSystem/drug-my-core,CodeSystemDrugMyCore
A12CB03000T1001,Zinc amino acid chelate 75 mg Tablet,Zinc amino acid chelate 75 mg Tablet,http://fhir.hie.moh.gov.my/CodeSystem/drug-my-core,CodeSystemDrugMyCore
A16AA02000T1001,Ademethionine (S-Adenosyl Methionine) 500 mg Tablet,Ademethionine 500 mg Tablet,http://fhir.hie.moh.gov.my/CodeSystem/drug-my-core,CodeSystemDrugMyCore
GLN0200113,Hydrogen Peroxide 5 volume (1.5%) Mouthwash,Hydrogen Peroxide 5 volume Mouthwash,http://fhir.hie.moh.gov.my/CodeSystem/drug-my-core,CodeSystemDrugMyCore
GLN0200114,Trichloroacetic Acid 40% Topical Solution,Trichloroacetic Acid 40% Topical Soln,http://fhir.hie.moh.gov.my/CodeSystem/drug-my-core,CodeSystemDrugMyCore
KPK00260,"Ferrous gluconate 250mg, Vit C 50mg, Folic 1mg, Vit B12 7.5mcg Tablet","Ferrous 250mg, Vit C, Folic, B12 Tab",http://fhir.hie.moh.gov.my/CodeSystem/drug-my-core,CodeSystemDrugMyCore
L01BC01000P4001,Cytarabine 20mg/ml Injection (5ml),Cytarabine 20mg/ml Injection (5ml),http://fhir.hie.moh.gov.my/CodeSystem/drug-my-core,CodeSystemDrugMyCore
PNA00023,Structokabiven Peripheral 830kcal 1206ml,Structokabiven Peripheral 830kcal 1206ml,http://fhir.hie.moh.gov.my/CodeSystem/drug-my-core,CodeSystemDrugMyCore
GLN0200115,Hydrochloric Acid 7% Solution,Hydrochloric Acid 7% Solution,http://fhir.hie.moh.gov.my/CodeSystem/drug-my-core,CodeSystemDrugMyCore
N02CX02110T1002,Clonidine HCl 0.1 mg Tablet,Clonidine HCl 0.1 mg Tablet,http://fhir.hie.moh.gov.my/CodeSystem/drug-my-core,CodeSystemDrugMyCore
LIPSTD04,"Lipid Soln 15ml 26kcal, Lipid + Water Soluble Vitamin",Lipid Soln 15ml 26kcal,http://fhir.hie.moh.gov.my/CodeSystem/drug-my-core,CodeSystemDrugMyCore
PNP00029,PN Soln 400ml 225.81 kcal Term Dextrose 12%,PN Soln 400ml 225.81 kcal Term Dext 12%,http://fhir.hie.moh.gov.my/CodeSystem/drug-my-core,CodeSystemDrugMyCore
D04AX00952L6001a,Calamine with 0.5% Menthol Lotion,Calamine with 0.5% Menthol Lotion,http://fhir.hie.moh.gov.my/CodeSystem/drug-my-core,CodeSystemDrugMyCore
GLN0100080,Carbidopa/Levodopa 6.25mg/ml Suspension,Carbidopa/Levodopa 6.25mg/ml Suspension,http://fhir.hie.moh.gov.my/CodeSystem/drug-my-core,CodeSystemDrugMyCore
GLN0100082,Dapsone 2mg/ml Oral Suspension,Dapsone 2mg/ml Suspension,http://fhir.hie.moh.gov.my/CodeSystem/drug-my-core,CodeSystemDrugMyCore
GLN0100085,Enalapril 1mg/ml Oral Suspension,Enalapril 1mg/ml Oral Suspension,http://fhir.hie.moh.gov.my/CodeSystem/drug-my-core,CodeSystemDrugMyCore
GLN0100087,Nifedipine 4mg/ml Oral Suspension,Nifedipine 4mg/ml Oral Suspension,http://fhir.hie.moh.gov.my/CodeSystem/drug-my-core,CodeSystemDrugMyCore
GLN0100090,Spironolactone 1.25mg/ml Oral Syrup,Spironolactone 1.25mg/ml Oral Syrup,http://fhir.hie.moh.gov.my/CodeSystem/drug-my-core,CodeSystemDrugMyCore
GLN0100091,Verapamil 8mg/ml Oral Suspension,Verapamil 8mg/ml Oral Suspension,http://fhir.hie.moh.gov.my/CodeSystem/drug-my-core,CodeSystemDrugMyCore
B05DB00908H2501e,CAPD/DPCA 2 StaySafe Link Peritoneal Dialysis Solution 2L bag 1.75mmol Calcium 1.5% Dextrose,CAPD/DPCA 2 StaySafe,http://fhir.hie.moh.gov.my/CodeSystem/drug-my-core,CodeSystemDrugMyCore
B05DB00908H2501h,CAPD 2.5L 1.25mmol Calcium Dialysate Soln 1.5% Dextrose (StaySafe),CAPD 2.5L 1.25mmol 1.5% Dextrose,http://fhir.hie.moh.gov.my/CodeSystem/drug-my-core,CodeSystemDrugMyCore
PNP00035,PN Soln 100ml 49.19kcal Dext 10% Soln A,PN Soln 100ml 49.19kcal Dext 10% Soln A,http://fhir.hie.moh.gov.my/CodeSystem/drug-my-core,CodeSystemDrugMyCore
J04AM02961T9901a,"MDT COMBI MB ADULT (Rifampicin, Clofazimine and Dapsone)",MDT COMBI MB ADULT,http://fhir.hie.moh.gov.my/CodeSystem/drug-my-core,CodeSystemDrugMyCore
GLN0200124,Cocaine HCl 25% and Adrenaline 0.1% Paste,Cocaine HCl 25% & Adrenaline 0.1% Paste,http://fhir.hie.moh.gov.my/CodeSystem/drug-my-core,CodeSystemDrugMyCore
KPK00275,Budesonide 3mg Capsule,Budesonide 3mg Capsule,http://fhir.hie.moh.gov.my/CodeSystem/drug-my-core,CodeSystemDrugMyCore
KPK00266,"Ombitasvir 12.5mg, Paritaprevir 75mg, Ritonavir 50mg Tablet","Ombitasvir,Paritaprevir,Ritonavir Tab",http://fhir.hie.moh.gov.my/CodeSystem/drug-my-core,CodeSystemDrugMyCore
GLN0200138,Alcohol 80% V/V,Alcohol 80% V/V,http://fhir.hie.moh.gov.my/CodeSystem/drug-my-core,CodeSystemDrugMyCore
A07EA02000G2001a,Hydrocortisone 0.1% Enema (100mg/100ml),Hydrocortisone 0.1% Enema (100mg/100ml),http://fhir.hie.moh.gov.my/CodeSystem/drug-my-core,CodeSystemDrugMyCore
PNA00030,Structokabiven Electrolyte-free 2100kcal 1970ml,Structokabiven Electrolyte-free 2100kcal,http://fhir.hie.moh.gov.my/CodeSystem/drug-my-core,CodeSystemDrugMyCore
G03GA02954P4004,Menotrophin 600 IU Powder for Injection (Highly Purified),Menotrophin 600 IU Powder for Injection,http://fhir.hie.moh.gov.my/CodeSystem/drug-my-core,CodeSystemDrugMyCore
A10BA02110T1002,Metformin HCI 850 mg Tablet,Metformin HCI 850 mg Tablet,http://fhir.hie.moh.gov.my/CodeSystem/drug-my-core,CodeSystemDrugMyCore
D07CC01948G5001,Fusidic Acid 2% in Betamethasone Valerate 0.1% Ointment,"Fusidic Acid 2%, Betamethasone 0.1% Oint",http://fhir.hie.moh.gov.my/CodeSystem/drug-my-core,CodeSystemDrugMyCore
KPK00253,Methacholine Chloride 100mg Powder for Inhalation,Methacholine Chloride 100mg Inhalation P,http://fhir.hie.moh.gov.my/CodeSystem/drug-my-core,CodeSystemDrugMyCore
KPK00254,Methoxsalen 200 mcg/10ml Sterile Solution,Methoxsalen 200 mcg/10ml Sterile Soln,http://fhir.hie.moh.gov.my/CodeSystem/drug-my-core,CodeSystemDrugMyCore
A07AA11000T1001,Rifaximin 550 mg Tablet,Rifaximin 550 mg Tablet,http://fhir.hie.moh.gov.my/CodeSystem/drug-my-core,CodeSystemDrugMyCore
N03AX17000F2101,Stiripentol 250 mg Powder for Oral Suspension,Stiripentol 250 mg Powder for Oral Susp,http://fhir.hie.moh.gov.my/CodeSystem/drug-my-core,CodeSystemDrugMyCore
N03AX03000T1001,Sulthiame 200 mg Tablet,Sulthiame 200 mg Tablet,http://fhir.hie.moh.gov.my/CodeSystem/drug-my-core,CodeSystemDrugMyCore
R06AE07110L9001,Cetirizine HCl 1mg/ml Oral Liquid,Cetirizine HCl 1mg/ml Oral Liquid,http://fhir.hie.moh.gov.my/CodeSystem/drug-my-core,CodeSystemDrugMyCore
J02AA01801P4002,Amphotericin B Phospholipid complex 100mg/20ml injection,Amphotericin B Phospholipid 100mg inj,http://fhir.hie.moh.gov.my/CodeSystem/drug-my-core,CodeSystemDrugMyCore
D08AG02000M2001,Povidone Iodine 1% Mouthwash/Gargle,Povidone Iodine 1% Mouthwash/Gargle,http://fhir.hie.moh.gov.my/CodeSystem/drug-my-core,CodeSystemDrugMyCore
GLN0200112,"Chlorhexidine 0.015%, Cetrimide 0.15% Solution",Chlorhexidine 0.015% Cetrimide 0.15% Sol,http://fhir.hie.moh.gov.my/CodeSystem/drug-my-core,CodeSystemDrugMyCore
RAW00182,Ammonium Chloride Powder,Ammonium Chloride Powder,http://fhir.hie.moh.gov.my/CodeSystem/drug-my-core,CodeSystemDrugMyCore
N05AH04138T1001,Quetiapine Fumarate 25 mg IR Tablet,Quetiapine Fumarate 25 mg IR Tablet,http://fhir.hie.moh.gov.my/CodeSystem/drug-my-core,CodeSystemDrugMyCore
C08DB01110C2004,Diltiazem HCI 90 mg MODIFIED RELEASE Capsule,Diltiazem HCI 90 mg MR Capsule,http://fhir.hie.moh.gov.my/CodeSystem/drug-my-core,CodeSystemDrugMyCore
A04AD12000C1001a,Aprepitant 125mg and 80mg Capsule,Aprepitant 125mg and 80mg Capsule,http://fhir.hie.moh.gov.my/CodeSystem/drug-my-core,CodeSystemDrugMyCore
IVA00032,Sodium chloride 6% Nebulizer Solution,Sodium chloride 6% Nebulizer Solution,http://fhir.hie.moh.gov.my/CodeSystem/drug-my-core,CodeSystemDrugMyCore
A11AA03903T1001b,"Ferrous 350mg,Folic 1mg,Vit C,B6,B12,Zinc Tablet","Ferrous 350mg,Folic 1mg,Vit C,B6,B12,Zin",http://fhir.hie.moh.gov.my/CodeSystem/drug-my-core,CodeSystemDrugMyCore
GLN0100088,Pantoprazole 2mg/ml Oral Solution,Pantoprazole 2mg/ml Oral Solution,http://fhir.hie.moh.gov.my/CodeSystem/drug-my-core,CodeSystemDrugMyCore
B05ZA00908H1003,Bicarbonate Replacement Solution for CRRT 5L/bag (Prismasol B0),Bicarbonate Soln for CRRT Prismasol B0,http://fhir.hie.moh.gov.my/CodeSystem/drug-my-core,CodeSystemDrugMyCore
B05DB00908H2503e,CAPD/DPCA 3 StaySafe Link Peritoneal Dialysis Solution 2L bag 1.75mmol Calcium 4.25% Dextrose,CAPD/DPCA 3 StaySafe,http://fhir.hie.moh.gov.my/CodeSystem/drug-my-core,CodeSystemDrugMyCore
GLN0200123,Flavine Emulsion,Flavine Emulsion,http://fhir.hie.moh.gov.my/CodeSystem/drug-my-core,CodeSystemDrugMyCore
GLN0200122,Compound Sodium Chloride Mouthwash BP,Compound Sodium Chloride Mouthwash BP,http://fhir.hie.moh.gov.my/CodeSystem/drug-my-core,CodeSystemDrugMyCore
LIPSTD08,Lipid Soln 18ml 33kcal (without SoluvitN),Lipid Soln 18ml 33kcal (without SoluvitN,http://fhir.hie.moh.gov.my/CodeSystem/drug-my-core,CodeSystemDrugMyCore
KPK00269,Sodium Palmate Soap Bar,Sodium Palmate Soap Bar,http://fhir.hie.moh.gov.my/CodeSystem/drug-my-core,CodeSystemDrugMyCore
J04AM02961T9901b,"MDT COMBI MB CHILD (Rifampicin, Clofazimine and Dapsone)",MDT COMBI MB CHILD,http://fhir.hie.moh.gov.my/CodeSystem/drug-my-core,CodeSystemDrugMyCore
B01AC22110T1001,Prasugrel 5 mg Tablet,Prasugrel 5 mg Tablet,http://fhir.hie.moh.gov.my/CodeSystem/drug-my-core,CodeSystemDrugMyCore
A06AG20921G2001a,"Glycerin 25%, Sodium Chloride 15% Enema, 10ml -Peads (Ravin)",Glycerin 25% Sod Chloride 15% Enema Pead,http://fhir.hie.moh.gov.my/CodeSystem/drug-my-core,CodeSystemDrugMyCore
B05BA03000P6001d,Dextrose 5% 250ml IV soln,Dextrose 5% 250ml IV soln,http://fhir.hie.moh.gov.my/CodeSystem/drug-my-core,CodeSystemDrugMyCore
B05XA16934P3001a,"Magnesium Cl 16mmol, Potassium Cl 16mmol & Procaine HCI 1mmol in 20ml Cardioplegia Inf",Cardioplegia Solution 20ml,http://fhir.hie.moh.gov.my/CodeSystem/drug-my-core,CodeSystemDrugMyCore
KPK00272,Zinc Acetate 20mg/5ml Oral Liquid,Zinc Acetate 20mg/5ml Oral Liquid,http://fhir.hie.moh.gov.my/CodeSystem/drug-my-core,CodeSystemDrugMyCore
A07AA06183C1001,Paromomycin Sulphate 250mg Capsule,Paromomycin Sulphate 250mg Capsule,http://fhir.hie.moh.gov.my/CodeSystem/drug-my-core,CodeSystemDrugMyCore
N03AB02520L8002,Phenytoin 30mg/5ml Oral Suspension,Phenytoin 30mg/5ml Oral Susp,http://fhir.hie.moh.gov.my/CodeSystem/drug-my-core,CodeSystemDrugMyCore
P02BA01000T1001,Praziquantel 600 mg Tablet,Praziquantel 600 mg Tablet,http://fhir.hie.moh.gov.my/CodeSystem/drug-my-core,CodeSystemDrugMyCore
C07AA05110L9901,Propranolol HCl 20mg/5ml Oral Solution,Propranolol HCl 20mg/5ml Oral Solution,http://fhir.hie.moh.gov.my/CodeSystem/drug-my-core,CodeSystemDrugMyCore
N07BA01000A1001,Nicotine 10 mg Cartridge for Inhaler,Nicotine 10 mg Cartridge for Inhaler,http://fhir.hie.moh.gov.my/CodeSystem/drug-my-core,CodeSystemDrugMyCore
A07EB01000C1001,Sodium Cromoglycate 100 mg Capsule,Sodium Cromoglycate 100 mg Capsule,http://fhir.hie.moh.gov.my/CodeSystem/drug-my-core,CodeSystemDrugMyCore
KPK00259,Magnesium Oxide 350 mg Tablet,Magnesium Oxide 350 mg Tablet,http://fhir.hie.moh.gov.my/CodeSystem/drug-my-core,CodeSystemDrugMyCore
EYE00037,Cefazolin 5% Eye Drop,Cefazolin 5% Eye Drop,http://fhir.hie.moh.gov.my/CodeSystem/drug-my-core,CodeSystemDrugMyCore
PNP00030,PN Soln 200ml 104kcal Starter Dext 10%,PN Soln 200ml 104kcal Starter Dext 10%,http://fhir.hie.moh.gov.my/CodeSystem/drug-my-core,CodeSystemDrugMyCore
PNP00032,PN Soln 350ml 143.5kcal Preterm Standard Dext 7.5%,PN 350ml 143.5kcal Dext 7.5% Preterm,http://fhir.hie.moh.gov.my/CodeSystem/drug-my-core,CodeSystemDrugMyCore
PNP00033,PN Soln 350ml 178.5kcal Preterm Standard High Na+ Dext 10%,PN 350ml 178.5kcal Dext 10% High Na+,http://fhir.hie.moh.gov.my/CodeSystem/drug-my-core,CodeSystemDrugMyCore
PNP00034,PN Soln 500ml 282.5kcal Term Standard Dext 12%,PN 500ml 282.5kcal Dext 12% Term Standar,http://fhir.hie.moh.gov.my/CodeSystem/drug-my-core,CodeSystemDrugMyCore
RAW00183,Lemon Oil BP / Terpeneless Lemon Oil BP,Lemon Oil BP / Terpeneless Lemon Oil BP,http://fhir.hie.moh.gov.my/CodeSystem/drug-my-core,CodeSystemDrugMyCore
R02AA05900L6001,Lidocaine 2.5%-Chlorhexidine 0.5%-Triamcinolone 0.1% Gel/Lotion,Oral Aid Lotion,http://fhir.hie.moh.gov.my/CodeSystem/drug-my-core,CodeSystemDrugMyCore
LIPSTD05,"Lipid Soln 30ml 52kcal, Lipid + Water Soluble Vitamin",Lipid Soln 30ml 52kcal,http://fhir.hie.moh.gov.my/CodeSystem/drug-my-core,CodeSystemDrugMyCore
LIPSTD06,"Lipid Soln 45ml 80kcal, Lipid + Water Soluble Vitamin",Lipid Soln 45ml 80kcal,http://fhir.hie.moh.gov.my/CodeSystem/drug-my-core,CodeSystemDrugMyCore
RAW00186,Amaranth Powder,Amaranth Powder,http://fhir.hie.moh.gov.my/CodeSystem/drug-my-core,CodeSystemDrugMyCore
RAW00187,Weak Ginger Tincture BP,Weak Ginger Tincture BP,http://fhir.hie.moh.gov.my/CodeSystem/drug-my-core,CodeSystemDrugMyCore
GLN0100093,Rifampicin 25mg/ml Oral Suspension,Rifampicin 25mg/ml Oral Suspension,http://fhir.hie.moh.gov.my/CodeSystem/drug-my-core,CodeSystemDrugMyCore
GLN0200119,Sodium Hypochlorite 2% Solution,Sodium Hypochlorite 2% Solution,http://fhir.hie.moh.gov.my/CodeSystem/drug-my-core,CodeSystemDrugMyCore
KPK00268,Salicylic acid 17% Topical Solution,Salicylic acid 17% Topical Solution,http://fhir.hie.moh.gov.my/CodeSystem/drug-my-core,CodeSystemDrugMyCore
V07AB00000P3001g,Sterile Water for Injection 100ml,Sterile Water for Injection 100ml,http://fhir.hie.moh.gov.my/CodeSystem/drug-my-core,CodeSystemDrugMyCore
KPK00270,Coal Tar 12% Salicylic acid 2% Sulphur 4% Ointment,CoalTar 12% SalicylicA 2% Sulphur4% Oint,http://fhir.hie.moh.gov.my/CodeSystem/drug-my-core,CodeSystemDrugMyCore
B05ZA00908H1001d,Haemodialysis Concentrate Acidic Component (Renacid K4),Haemodialysis Conc Acidic Renacid  K4,http://fhir.hie.moh.gov.my/CodeSystem/drug-my-core,CodeSystemDrugMyCore
KPK00271,Elemental Zinc 15mg and Ascorbic acid Complex Tablet,"Elemental Zinc 15mg, Ascorbic acid Tab",http://fhir.hie.moh.gov.my/CodeSystem/drug-my-core,CodeSystemDrugMyCore
D02BA02000G1001d,Sunscreen (Titanium dioxide) 20% Cream,Sunscreen (Titanium dioxide) 20% Cream,http://fhir.hie.moh.gov.my/CodeSystem/drug-my-core,CodeSystemDrugMyCore
J04AM02961T9901c,MDT COMBI PB ADULT (Rifampicin and Dapsone),MDT COMBI PB ADULT,http://fhir.hie.moh.gov.my/CodeSystem/drug-my-core,CodeSystemDrugMyCore
RAW00190,Lignocaine Hydrochloride Powder,Lignocaine Hydrochloride Powder,http://fhir.hie.moh.gov.my/CodeSystem/drug-my-core,CodeSystemDrugMyCore
R03AK06989A2102a,"Salmeterol 25mcg, Fluticasone Propionate 125mcg Inhaler (150dose)",Salmeterol-Fluticasone 25/125 inh,http://fhir.hie.moh.gov.my/CodeSystem/drug-my-core,CodeSystemDrugMyCore
A03AX13260L8001,Simethicone 67mg/ml Oral Liquid,Simethicone 67mg/ml Oral Liquid,http://fhir.hie.moh.gov.my/CodeSystem/drug-my-core,CodeSystemDrugMyCore
H05BX01110T1001,Cinacalcet Hydrochloride 25 mg Tablet,Cinacalcet Hydrochloride 25 mg Tablet,http://fhir.hie.moh.gov.my/CodeSystem/drug-my-core,CodeSystemDrugMyCore
M03BX02110C1002,Tizanidine HCl 4 mg Capsule/Tablet,Tizanidine HCl 4 mg Capsule/Tablet,http://fhir.hie.moh.gov.my/CodeSystem/drug-my-core,CodeSystemDrugMyCore
GLN0200132,Formalin 10% Buffered Solution,Formalin 10% Buffered Solution,http://fhir.hie.moh.gov.my/CodeSystem/drug-my-core,CodeSystemDrugMyCore
KPK00285,5-Hydroxytryptophan (5-HTP) 50mg Capsule/tablet,5-Hydroxytryptophan 50mg Capsule/Tablet,http://fhir.hie.moh.gov.my/CodeSystem/drug-my-core,CodeSystemDrugMyCore
KPK00287,Bendamustine 180 mg/2 mL Solution for Injection,Bendamustine 180 mg/2mL Solution for Inj,http://fhir.hie.moh.gov.my/CodeSystem/drug-my-core,CodeSystemDrugMyCore
V08AB04000P3001b,"Iopamidol 370, 100ml Injection","Iopamidol 370, 100ml Injection",http://fhir.hie.moh.gov.my/CodeSystem/drug-my-core,CodeSystemDrugMyCore
KPK00293,Tetrahydrobiopterin (BH4) 50mg Tablet,Tetrahydrobiopterin (BH4) 50mg Tablet,http://fhir.hie.moh.gov.my/CodeSystem/drug-my-core,CodeSystemDrugMyCore
B02BD04000P9901b,Factor IX Concentrate 500 IU (High Purity) Injection,Factor IX Conc 500 IU High Purity Inj,http://fhir.hie.moh.gov.my/CodeSystem/drug-my-core,CodeSystemDrugMyCore
A07XA04000L8001,Racecadotril 10 mg Granules for Oral Suspension,Racecadotril 10mg Granules for Oral Susp,http://fhir.hie.moh.gov.my/CodeSystem/drug-my-core,CodeSystemDrugMyCore
RAW00184,Aluminum Chloride Hexahydrate Powder (AlCl3.6H2O),Aluminum chloride hexahydrate,http://fhir.hie.moh.gov.my/CodeSystem/drug-my-core,CodeSystemDrugMyCore
A11CB00901L5001,Vitamin A + D Emulsion (Cod Liver Oil),Vitamin A + D Emulsion (Cod Liver Oil),http://fhir.hie.moh.gov.my/CodeSystem/drug-my-core,CodeSystemDrugMyCore
IVA00042,Amphotericin B 5mcg/0.1ml Intraocular,Amphotericin B 5mcg/0.1ml Intraocular,http://fhir.hie.moh.gov.my/CodeSystem/drug-my-core,CodeSystemDrugMyCore
IVA00043,Ceftazidime 2mg/0.1ml Intraocular,Ceftazidime 2mg/0.1ml Intraocular,http://fhir.hie.moh.gov.my/CodeSystem/drug-my-core,CodeSystemDrugMyCore
B05ZA00908H1001g,Haemodialysis Concentrate (FME 1A),Haemodialysis Concentrate (FME 1A),http://fhir.hie.moh.gov.my/CodeSystem/drug-my-core,CodeSystemDrugMyCore
B05ZA00908H1001h,Haemodialysis Concentrate (FME 3A),Haemodialysis Concentrate (FME 3A),http://fhir.hie.moh.gov.my/CodeSystem/drug-my-core,CodeSystemDrugMyCore
A10BD07926T5001,Sitagliptin 50mg and Metformin HCl 500mg EXTENDED RELEASE Tablet,Sitagliptin 50mg/Metformin 500mg ER Tab,http://fhir.hie.moh.gov.my/CodeSystem/drug-my-core,CodeSystemDrugMyCore
A02BC06000C2001,Dexlansoprazole 30 mg DELAYED RELEASE Capsule,Dexlansoprazole 30mg DELAYED RELEASE cap,http://fhir.hie.moh.gov.my/CodeSystem/drug-my-core,CodeSystemDrugMyCore
A10BD11925T1003,Linagliptin 2.5mg Metformin HCl 1000mg Tablet,Linagliptin 2.5mg Metformin 1000mg Tab,http://fhir.hie.moh.gov.my/CodeSystem/drug-my-core,CodeSystemDrugMyCore
L01XC03000P3001,Trastuzumab 600mg/5ml Solution for Subcutaneous Injection,Trastuzumab 600mg/5ml Soln for SC Inj,http://fhir.hie.moh.gov.my/CodeSystem/drug-my-core,CodeSystemDrugMyCore
A07AA02000L8001a,"Nystatin 100,000 units/ml Suspension (Non-Alcohol)",Nystatin 100000 units/ml Susp No Alcoho,http://fhir.hie.moh.gov.my/CodeSystem/drug-my-core,CodeSystemDrugMyCore
KPK00306,Bioquinone Q10 150 mg Capsule (Ubidecarenone / Coenzyme Q10),Bioquinone Q10 150mg Cap (Coenzyme Q10),http://fhir.hie.moh.gov.my/CodeSystem/drug-my-core,CodeSystemDrugMyCore
KPK00307,Ponatinib 45 mg Tablet,Ponatinib 45 mg Tablet,http://fhir.hie.moh.gov.my/CodeSystem/drug-my-core,CodeSystemDrugMyCore
KPK00309,Ponatinib 30 mg Tablet,Ponatinib 30 mg Tablet,http://fhir.hie.moh.gov.my/CodeSystem/drug-my-core,CodeSystemDrugMyCore
KPK00310,Ponatinib 15 mg Tablet,Ponatinib 15 mg Tablet,http://fhir.hie.moh.gov.my/CodeSystem/drug-my-core,CodeSystemDrugMyCore
L01AA09110P3101,Bendamustine HCl 25 mg Powder for Injection (25mg/5ml),Bendamustine HCl 25 mg Powder for Inj,http://fhir.hie.moh.gov.my/CodeSystem/drug-my-core,CodeSystemDrugMyCore
A01AD02110M2001a,Benzydamine HCl 0.15% Gargle Solution + Chlorhexidine 0.12%,Benzydamine 0.15% Gargle + Chlorhexidine,http://fhir.hie.moh.gov.my/CodeSystem/drug-my-core,CodeSystemDrugMyCore
KPK00313,Caffeine 200 mg Tablet,Caffeine 200 mg Tablet,http://fhir.hie.moh.gov.my/CodeSystem/drug-my-core,CodeSystemDrugMyCore
N03AX22000T3001,Perampanel 2 mg Film-coated Tablet,Perampanel 2 mg Film-coated Tablet,http://fhir.hie.moh.gov.my/CodeSystem/drug-my-core,CodeSystemDrugMyCore
A11BA00901T1001a,Multivitamin + Lysine Oral Tablet/Capsule,Multivitamin + Lysine Oral Tab/Cap,http://fhir.hie.moh.gov.my/CodeSystem/drug-my-core,CodeSystemDrugMyCore
A10BX12000T1002,Empagliflozin 25 mg Tablet,Empagliflozin 25 mg Tablet,http://fhir.hie.moh.gov.my/CodeSystem/drug-my-core,CodeSystemDrugMyCore
KPK00315,"Clopidogrel 75mg, Acetylsalicyclic acid 100mg Tablet","Clopidogrel 75mg, Aspirin 100mg Tablet",http://fhir.hie.moh.gov.my/CodeSystem/drug-my-core,CodeSystemDrugMyCore
KPK00257,Tiopronin 250mg Tablet,Tiopronin 250mg Tablet,http://fhir.hie.moh.gov.my/CodeSystem/drug-my-core,CodeSystemDrugMyCore
GLN0200126,Aqueous Lotion,Aqueous Lotion,http://fhir.hie.moh.gov.my/CodeSystem/drug-my-core,CodeSystemDrugMyCore
RPH000051,Tc-99m Sterile Generator (540mCi),Tc-99m Sterile Generator (540mCi),http://fhir.hie.moh.gov.my/CodeSystem/drug-my-core,CodeSystemDrugMyCore
RPH000052,Tc-99m Sterile Generator (676 mCi),Tc-99m Sterile Generator (676 mCi),http://fhir.hie.moh.gov.my/CodeSystem/drug-my-core,CodeSystemDrugMyCore
A10AD04000P5002a,Insulin lispro 50% /lispro protamin 50%(Humalog Mix-50) 100 IU/mL Kwikpen,Humalog Mix 50 Kwikpen,http://fhir.hie.moh.gov.my/CodeSystem/drug-my-core,CodeSystemDrugMyCore
L01XE13000T1003,Afatinib 40 mg Tablet,Afatinib 40 mg Tablet,http://fhir.hie.moh.gov.my/CodeSystem/drug-my-core,CodeSystemDrugMyCore
V04CH0200P3002,Indigo Carmine (indigotindisulfonate) 20mg/5ml Injection,Indigo Carmine 20mg/5ml Injection,http://fhir.hie.moh.gov.my/CodeSystem/drug-my-core,CodeSystemDrugMyCore
A06AX05000T1002,Prucalopride 2 mg Tablet,Prucalopride 2 mg Tablet,http://fhir.hie.moh.gov.my/CodeSystem/drug-my-core,CodeSystemDrugMyCore
A11BA00901L9001a,Multivitamin + Lysine Oral Liquid,Multivitamin + Lysine Oral Liquid,http://fhir.hie.moh.gov.my/CodeSystem/drug-my-core,CodeSystemDrugMyCore
L02AE04000P2002,Triptorelin 11.25 mg Sustained-release Injection,Triptorelin 11.25 mg SR Injection,http://fhir.hie.moh.gov.my/CodeSystem/drug-my-core,CodeSystemDrugMyCore
EYE00032,Mitomycin 0.025% Eye Drop,Mitomycin 0.025% Eye Drop,http://fhir.hie.moh.gov.my/CodeSystem/drug-my-core,CodeSystemDrugMyCore
A10AD04000P5001a,Insulin Lispro 25%/ Lispro Protamin 75% (Humalog Mix-25) 100 IU/ml KwikPen,Humalog Mix-25 KwikPen,http://fhir.hie.moh.gov.my/CodeSystem/drug-my-core,CodeSystemDrugMyCore
GLN0200134,Sulphur 6% Ointment,Sulphur 6% Ointment,http://fhir.hie.moh.gov.my/CodeSystem/drug-my-core,CodeSystemDrugMyCore
IVA00044,Fluconazole 2mg/ml Intraocular,Fluconazole 2mg/ml Intraocular,http://fhir.hie.moh.gov.my/CodeSystem/drug-my-core,CodeSystemDrugMyCore
A10BD07926T5002,Sitagliptin 50mg and Metformin HCl 1000mg EXTENDED RELEASE Tablet,Sitagliptin 50mg/Metformin 1000mg ER Tab,http://fhir.hie.moh.gov.my/CodeSystem/drug-my-core,CodeSystemDrugMyCore
V07AV00000T1004,Sodium Dichloroisocyanurate 1.25g Tablet,Sodium Dichloroisocyanurate 1.25g Tablet,http://fhir.hie.moh.gov.my/CodeSystem/drug-my-core,CodeSystemDrugMyCore
B05ZA00908H1001i,Haemodialysis Concentrate Acidic Component (Renacid K1S),Haemodialysis Conc Acidic (Renacid K1S),http://fhir.hie.moh.gov.my/CodeSystem/drug-my-core,CodeSystemDrugMyCore
R02AD01000G3101,Benzocaine 20% Oral Gel,Benzocaine 20% Oral Gel,http://fhir.hie.moh.gov.my/CodeSystem/drug-my-core,CodeSystemDrugMyCore
KPK00308,Trientine Dihydrochloride 250mg Capsule,Trientine Dihydrochloride 250mg Capsule,http://fhir.hie.moh.gov.my/CodeSystem/drug-my-core,CodeSystemDrugMyCore
L01XE16000C1001a,Crizotinib 200 mg Capsule,Crizotinib 200 mg Capsule,http://fhir.hie.moh.gov.my/CodeSystem/drug-my-core,CodeSystemDrugMyCore
L01XE16000C1001b,Crizotinib 250 mg Capsule,Crizotinib 250 mg Capsule,http://fhir.hie.moh.gov.my/CodeSystem/drug-my-core,CodeSystemDrugMyCore
KPK00314,Citrulline Maleate 5g Sachet (L-Citrulline),Citrulline Maleate 5g Sachet,http://fhir.hie.moh.gov.my/CodeSystem/drug-my-core,CodeSystemDrugMyCore
A10BA02110T5004,Metformin HCI 1000 mg EXTENDED RELEASE Tablet,Metformin HCI 1000 mg ER Tablet,http://fhir.hie.moh.gov.my/CodeSystem/drug-my-core,CodeSystemDrugMyCore
GLN0100099,Carvedilol 1.67mg/ml Oral Suspension,Carvedilol 1.67mg/ml Oral Suspension,http://fhir.hie.moh.gov.my/CodeSystem/drug-my-core,CodeSystemDrugMyCore
GLN0100103,Diltiazem 12mg/ml Oral Suspension,Diltiazem 12mg/ml Oral Suspension,http://fhir.hie.moh.gov.my/CodeSystem/drug-my-core,CodeSystemDrugMyCore
GLN0100105,Flecainide acetate 20mg/ml Oral Suspension,Flecainide 20mg/ml Oral Suspension,http://fhir.hie.moh.gov.my/CodeSystem/drug-my-core,CodeSystemDrugMyCore
GLN0100112,Lamotrigine 1mg/ml Oral Suspension,Lamotrigine 1mg/ml Oral Suspension,http://fhir.hie.moh.gov.my/CodeSystem/drug-my-core,CodeSystemDrugMyCore
D10AX03000L6001,Azelaic Acid 20% Lotion,Azelaic Acid 20% Lotion,http://fhir.hie.moh.gov.my/CodeSystem/drug-my-core,CodeSystemDrugMyCore
GLN0100115,Metronidazole 50mg/ml Oral Suspension,Metronidazole 50mg/ml Oral Suspension,http://fhir.hie.moh.gov.my/CodeSystem/drug-my-core,CodeSystemDrugMyCore
GLN0100116,Metronidazole 10mg/ml Oral Suspension,Metronidazole 10mg/ml Oral Suspension,http://fhir.hie.moh.gov.my/CodeSystem/drug-my-core,CodeSystemDrugMyCore
GLN0100119,Propylthiouracil 5mg/ml Oral Suspension,Propylthiouracil 5mg/ml Oral Suspension,http://fhir.hie.moh.gov.my/CodeSystem/drug-my-core,CodeSystemDrugMyCore
G04BD10330T5002,Darifenacin 7.5 mg MODIFIED RELEASE Tablet,Darifenacin 7.5 mg MR Tablet,http://fhir.hie.moh.gov.my/CodeSystem/drug-my-core,CodeSystemDrugMyCore
KPK00278,Tribulus terrestris 250mg Tablet,Tribulus terrestris 250mg Tablet,http://fhir.hie.moh.gov.my/CodeSystem/drug-my-core,CodeSystemDrugMyCore
KPK00279,Sapropterin Dihydrochloride 50 mg Tablet,Sapropterin Dihydrochloride 50 mg Tablet,http://fhir.hie.moh.gov.my/CodeSystem/drug-my-core,CodeSystemDrugMyCore
RPH000054,Sodium Iodide (I-131) Solution (80mCi),Sodium Iodide (I-131) Solution (80mCi),http://fhir.hie.moh.gov.my/CodeSystem/drug-my-core,CodeSystemDrugMyCore
RPH000055,Sodium Iodide (I-131) Solution (100 mCi),Sodium Iodide (I-131) Solution (100 mCi),http://fhir.hie.moh.gov.my/CodeSystem/drug-my-core,CodeSystemDrugMyCore
RPH000056,Sodium Iodide (I-131) Solution (150 mCi),Sodium Iodide (I-131) Solution (150 mCi),http://fhir.hie.moh.gov.my/CodeSystem/drug-my-core,CodeSystemDrugMyCore
RPH000057,Sodium Iodide (I-131) Solution (200mCi),Sodium Iodide (I-131) Solution (200mCi),http://fhir.hie.moh.gov.my/CodeSystem/drug-my-core,CodeSystemDrugMyCore
RPH000058,Sodium Iodide (I-131) Solution (250 mCi),Sodium Iodide (I-131) Solution (250 mCi),http://fhir.hie.moh.gov.my/CodeSystem/drug-my-core,CodeSystemDrugMyCore
KPK00289,Bendamustine 100 mg/40 mL Injection,Bendamustine 100 mg/40 mL Injection,http://fhir.hie.moh.gov.my/CodeSystem/drug-my-core,CodeSystemDrugMyCore
J02AA01801P4001a,Amphotericin B Lipid Complex 50mg/10ml Injection,Amphotericin B Lipid Complex 50mg inj,http://fhir.hie.moh.gov.my/CodeSystem/drug-my-core,CodeSystemDrugMyCore
D07XC01946G5001,Betamethasone Dipropionate 0.05% & Salicylic Acid 3% Ointment,Betamethasone 0.05% +Salicylic 3% Oint,http://fhir.hie.moh.gov.my/CodeSystem/drug-my-core,CodeSystemDrugMyCore
A11CC05000C1003,Cholecalciferol (Vitamin D3) 800 IU Capsule,Cholecalciferol (Vitamin D3) 800 IU Cap,http://fhir.hie.moh.gov.my/CodeSystem/drug-my-core,CodeSystemDrugMyCore
RAW00189,Calcium Chloride Anhydrous Powder (CaCl2),Calcium Chloride Anhydrous Powder,http://fhir.hie.moh.gov.my/CodeSystem/drug-my-core,CodeSystemDrugMyCore
G03FB06954T1002,Medroxyprogesterone 2.5mg-Oestrogen 0.625mg & Oestrogen 0.625mg Tablet,M.progesterone 2.5mg-Oestrogen 0.6225mg,http://fhir.hie.moh.gov.my/CodeSystem/drug-my-core,CodeSystemDrugMyCore
B03XA01000P5014,Epoetin Alfa 2000 IU/ml Injection,Epoetin Alfa 2000 IU/ml Injection,http://fhir.hie.moh.gov.my/CodeSystem/drug-my-core,CodeSystemDrugMyCore
C07AG02000T1003,Carvedilol 12.5 mg Tablet,Carvedilol 12.5 mg Tablet,http://fhir.hie.moh.gov.my/CodeSystem/drug-my-core,CodeSystemDrugMyCore
R03AL04000C9901,"Indacaterol 110 mcg, Glycopyrronium 50 mcg Inhalation Capsule",Indacaterol 110mcg/Glycopyrronium 50mcg,http://fhir.hie.moh.gov.my/CodeSystem/drug-my-core,CodeSystemDrugMyCore
KPK00301,Lactobacillus acidophilus+Bifidobacterium bifidum Capsule,Lactobacilus A + Bifidobacterium B Cap,http://fhir.hie.moh.gov.my/CodeSystem/drug-my-core,CodeSystemDrugMyCore
A10AB04000P5001a,Insulin Lispro (Humalog) 100 IU/ml KwikPen,Insulin Lispro Humalog 100 IU/ml KwikPen,http://fhir.hie.moh.gov.my/CodeSystem/drug-my-core,CodeSystemDrugMyCore
IVA00038,Octreotide 0.05mg/0.5ml Prefilled Syringe,Octreotide 0.05mg/0.5ml PF Syringe,http://fhir.hie.moh.gov.my/CodeSystem/drug-my-core,CodeSystemDrugMyCore
IVA00040,Alprostadil 100mcg/0.2ml Prefilled Syringe,Alprostadil 100mcg/0.2ml Prefilled Syrin,http://fhir.hie.moh.gov.my/CodeSystem/drug-my-core,CodeSystemDrugMyCore
KPK00304,Bioquinone Q10 50 mg Capsule (Ubidecarenone / Coenzyme Q10),Bioquinone Q10 50 mg Cap (Coenzyme Q10),http://fhir.hie.moh.gov.my/CodeSystem/drug-my-core,CodeSystemDrugMyCore
A10BD11925T1001,Linagliptin 2.5mg Metformin HCl 500mg Tablet,Linagliptin 2.5mg Metformin 500mg Tab,http://fhir.hie.moh.gov.my/CodeSystem/drug-my-core,CodeSystemDrugMyCore
V08AB02000P3001e,Iohexol 320 mg I/ml Injection (50ml),Iohexol 320 mg I/ml Injection (50ml),http://fhir.hie.moh.gov.my/CodeSystem/drug-my-core,CodeSystemDrugMyCore
L01AA09110P3102,Bendamustine HCl 100 mg Powder for Injection (100mg/20ml),Bendamustine HCl 100 mg Powder for Inj,http://fhir.hie.moh.gov.my/CodeSystem/drug-my-core,CodeSystemDrugMyCore
R03AL04989C1101,Indacaterol maleate and Glycopyrronium bromide 110/50 mcg Inhalation powder Capsule (FDC),Indacaterol/Glycopyrronium 110/50mcg Cap,http://fhir.hie.moh.gov.my/CodeSystem/drug-my-core,CodeSystemDrugMyCore
J05AH02000L8001,Oseltamivir 60mg/5ml Oral Suspension (12mg/ml),Oseltamivir 60mg/5ml Oral Suspension,http://fhir.hie.moh.gov.my/CodeSystem/drug-my-core,CodeSystemDrugMyCore
GLN0100095,Amiodarone 40mg/ml Oral Suspension,Amiodarone 40mg/ml Oral Suspension,http://fhir.hie.moh.gov.my/CodeSystem/drug-my-core,CodeSystemDrugMyCore
GLN0100096,Aminophylline 3mg/ml Oral Suspension,Aminophylline 3mg/ml Oral Suspension,http://fhir.hie.moh.gov.my/CodeSystem/drug-my-core,CodeSystemDrugMyCore
L01CA04123C1002,Vinorelbine Tartrate 30mg Capsule,Vinorelbine Tartrate 30mg Capsule,http://fhir.hie.moh.gov.my/CodeSystem/drug-my-core,CodeSystemDrugMyCore
KPK00276,Arginine Powder (L-Arginine) for Oral Liquid (5g/sachet),L-Arginine powder for Oral Liq 5g/sachet,http://fhir.hie.moh.gov.my/CodeSystem/drug-my-core,CodeSystemDrugMyCore
A07EC02259F2101,Mesalazine 2 g Granules,Mesalazine 2 g Granules,http://fhir.hie.moh.gov.my/CodeSystem/drug-my-core,CodeSystemDrugMyCore
N02AX02110P3001a,Tramadol HCl 100mg/2ml Injection,Tramadol HCl 100mg/2ml Injection,http://fhir.hie.moh.gov.my/CodeSystem/drug-my-core,CodeSystemDrugMyCore
KPK00277,L-Carnitine 1000mg/5ml Injection,L-Carnitine 1000mg/5ml Injection,http://fhir.hie.moh.gov.my/CodeSystem/drug-my-core,CodeSystemDrugMyCore
KPK00283,Iodised Oil Fluid Injection (LIPIODOL ULTRA),Iodised Oil Fluid Injection (LIPIODOL),http://fhir.hie.moh.gov.my/CodeSystem/drug-my-core,CodeSystemDrugMyCore
GLN0200129,Menthol 3% in Aqueous Cream,Menthol 3% in Aqueous Cream,http://fhir.hie.moh.gov.my/CodeSystem/drug-my-core,CodeSystemDrugMyCore
GLN0200131,Chlorhexidine gluconate 1.5%w/v in Cetrimide 15%w/v Solution,Chlorhexidine 1.5% in Cetrimide 15% Soln,http://fhir.hie.moh.gov.my/CodeSystem/drug-my-core,CodeSystemDrugMyCore
KPK00290,Gemtuzumab ozogamicin 5mg injection,Gemtuzumab ozogamicin 5mg injection,http://fhir.hie.moh.gov.my/CodeSystem/drug-my-core,CodeSystemDrugMyCore
KPK00291,Idursulfase beta 2mg/1ml Injection (3ml Vial),Idursulfase beta 2mg/1ml Injection (3ml),http://fhir.hie.moh.gov.my/CodeSystem/drug-my-core,CodeSystemDrugMyCore
KPK00296,Dexamethasone 0.7mg Intravitreal Implant/injection,Dexamethasone 0.7mg Intravitreal Inj,http://fhir.hie.moh.gov.my/CodeSystem/drug-my-core,CodeSystemDrugMyCore
KPK00298,Papaverine 40mg/ml Injection,Papaverine 40mg/ml Injection,http://fhir.hie.moh.gov.my/CodeSystem/drug-my-core,CodeSystemDrugMyCore
G03FB06954T1001,Medroxyprogesterone 5mg-Oestrogen 0.625mg & Oestrogen 0.625mg Tablet,Medroxyprogesterone 5mg-Oestrogen 0.625m,http://fhir.hie.moh.gov.my/CodeSystem/drug-my-core,CodeSystemDrugMyCore
B05ZA00908H1001f,Haemodialysis Concentrate Acidic Component (RenaHD-2A),Haemodialysis Concentrate RenaHD-2A,http://fhir.hie.moh.gov.my/CodeSystem/drug-my-core,CodeSystemDrugMyCore
B05ZA00908H1002d,Haemodialysis Concentrate Bicarbonate Component B (RenaHD-1B),Haemodialysis Concentrate RenaHD-1B,http://fhir.hie.moh.gov.my/CodeSystem/drug-my-core,CodeSystemDrugMyCore
RAW00192,Disodium hydrogen phosphate anhydrous (Na2HPO4),Disodium hydrogen phosphate (Na2HPO4),http://fhir.hie.moh.gov.my/CodeSystem/drug-my-core,CodeSystemDrugMyCore
GLN0200135,Acetic Acid 0.25% in Aqueous,Acetic Acid 0.25% in Aqueous,http://fhir.hie.moh.gov.my/CodeSystem/drug-my-core,CodeSystemDrugMyCore
D08AA03000G1001,Acriflavine 0.1% Cream,Acriflavine 0.1% Cream,http://fhir.hie.moh.gov.my/CodeSystem/drug-my-core,CodeSystemDrugMyCore
IVA00046,Vancomycin 1mg/0.1ml Intraocular,Vancomycin 1mg/0.1ml Intraocular,http://fhir.hie.moh.gov.my/CodeSystem/drug-my-core,CodeSystemDrugMyCore
A10BD07926T5003,Sitagliptin 100mg and Metformin HCl 1000mg EXTENDED RELEASE Tablet,Sitagliptin 100mg/Metformin 1000mg ER Ta,http://fhir.hie.moh.gov.my/CodeSystem/drug-my-core,CodeSystemDrugMyCore
A10BD11925T1002,Linagliptin 2.5mg Metformin HCl 850mg Tablet,Linagliptin 2.5mg Metformin 850mg Tab,http://fhir.hie.moh.gov.my/CodeSystem/drug-my-core,CodeSystemDrugMyCore
P03AC04000L6002,Permethrin 1% w/v Lotion,Permethrin 1% w/v Lotion,http://fhir.hie.moh.gov.my/CodeSystem/drug-my-core,CodeSystemDrugMyCore
B01AF02000T3201,Apixaban 2.5 mg Film-coated Tablet,Apixaban 2.5 mg Film-coated Tablet,http://fhir.hie.moh.gov.my/CodeSystem/drug-my-core,CodeSystemDrugMyCore
B02BD06000P4002b,High Purity Factor VIII 500 IU Injection (OCTANATE),High Purity Factor VIII 500 IU Inj,http://fhir.hie.moh.gov.my/CodeSystem/drug-my-core,CodeSystemDrugMyCore
KPK00311,Macrogol 4000 Oral Powder,Macrogol 4000 Oral Powder,http://fhir.hie.moh.gov.my/CodeSystem/drug-my-core,CodeSystemDrugMyCore
N02BE01000L8002,Paracetamol 250 mg/5 ml Syrup,Paracetamol 250 mg/5 ml Syrup,http://fhir.hie.moh.gov.my/CodeSystem/drug-my-core,CodeSystemDrugMyCore
IVA00048,Pethidine 1 mg/ml Epidural,Pethidine 1 mg/ml Epidural,http://fhir.hie.moh.gov.my/CodeSystem/drug-my-core,CodeSystemDrugMyCore
A01AD02110G3101,Benzydamine HCl 1% Oral Gel,Benzydamine HCl 1% Oral Gel,http://fhir.hie.moh.gov.my/CodeSystem/drug-my-core,CodeSystemDrugMyCore
B05ZA00908H1001m,Haemodialysis Concentrate Acidic Component (Renacid K2S),Haemodialysis Conc Acidic Renacid K2S,http://fhir.hie.moh.gov.my/CodeSystem/drug-my-core,CodeSystemDrugMyCore
GLN0100098,Captopril 1.25mg/ml Oral Suspension,Captopril 1.25mg/ml Oral Suspension,http://fhir.hie.moh.gov.my/CodeSystem/drug-my-core,CodeSystemDrugMyCore
EAR00004,Sodium Bicarbonate 5% Ear Drops (10ml),Sodium Bicarbonate 5% Ear Drops (10ml),http://fhir.hie.moh.gov.my/CodeSystem/drug-my-core,CodeSystemDrugMyCore
G03BA03000P3001a,Testosterone undecanoate 1000mg/4ml Injection,Testosterone undecanoate 1000mg/4ml Inj,http://fhir.hie.moh.gov.my/CodeSystem/drug-my-core,CodeSystemDrugMyCore
KPK00281,Pyridoxal Phosphate 50 mg Capsule/Tablet,Pyridoxal Phosphate 50 mg Capsule/Tablet,http://fhir.hie.moh.gov.my/CodeSystem/drug-my-core,CodeSystemDrugMyCore
KPK00282,Metyrapone 250mg Capsule/Tablet,Metyrapone 250mg Capsule/Tablet,http://fhir.hie.moh.gov.my/CodeSystem/drug-my-core,CodeSystemDrugMyCore
RPH000059,Sodium Iodide (I-131) Capsule (5mCi),Sodium Iodide (I-131) Capsule (5mCi),http://fhir.hie.moh.gov.my/CodeSystem/drug-my-core,CodeSystemDrugMyCore
RPH000060,Sodium Iodide (I-131) Capsule (10mCi),Sodium Iodide (I-131) Capsule (10mCi),http://fhir.hie.moh.gov.my/CodeSystem/drug-my-core,CodeSystemDrugMyCore
RPH000061,Sodium Iodide (I-131) Capsule (15mCi),Sodium Iodide (I-131) Capsule (15mCi),http://fhir.hie.moh.gov.my/CodeSystem/drug-my-core,CodeSystemDrugMyCore
RPH000062,Sodium Iodide (I-131) Capsule (20mCi),Sodium Iodide (I-131) Capsule (20mCi),http://fhir.hie.moh.gov.my/CodeSystem/drug-my-core,CodeSystemDrugMyCore
RPH000063,Sodium Iodide (I-131) Capsule (25mCi),Sodium Iodide (I-131) Capsule (25mCi),http://fhir.hie.moh.gov.my/CodeSystem/drug-my-core,CodeSystemDrugMyCore
RPH000064,Sodium Iodide (I-131) Capsule (30mCi),Sodium Iodide (I-131) Capsule (30mCi),http://fhir.hie.moh.gov.my/CodeSystem/drug-my-core,CodeSystemDrugMyCore
RPH000065,Sodium Iodide (I-131) Capsule (80mCi),Sodium Iodide (I-131) Capsule (80mCi),http://fhir.hie.moh.gov.my/CodeSystem/drug-my-core,CodeSystemDrugMyCore
A07XA04000L8002,Racecadotril 30 mg Granules for Oral Suspension,Racecadotril 30mg Granules for Oral Susp,http://fhir.hie.moh.gov.my/CodeSystem/drug-my-core,CodeSystemDrugMyCore
KPK00300,Hyaluronic Acid Oral Gel Sachet,Hyaluronic Acid Oral Gel Sachet,http://fhir.hie.moh.gov.my/CodeSystem/drug-my-core,CodeSystemDrugMyCore
GLN0100094,Sodium Bicarbonate Oral Powder,Sodium Bicarbonate Oral Powder,http://fhir.hie.moh.gov.my/CodeSystem/drug-my-core,CodeSystemDrugMyCore
S03AA07000D3001,Ciprofloxacin 0.3% & Dexamethasone 0.1% Otic Suspension,"Ciprofloxacin 0.3%,Dexamethasone  EarD",http://fhir.hie.moh.gov.my/CodeSystem/drug-my-core,CodeSystemDrugMyCore
D05AA00000G5001f,Coal Tar (LPC) 5% Ointment,Coal Tar (LPC) 5% Ointment,http://fhir.hie.moh.gov.my/CodeSystem/drug-my-core,CodeSystemDrugMyCore
GLN0200141,"Coal Tar (LPC) 6%, Betamethasone 0.02% Ointment","Coal Tar (LPC) 6%, Betamethasone 0.02%",http://fhir.hie.moh.gov.my/CodeSystem/drug-my-core,CodeSystemDrugMyCore
RAW00195,Acetic Acid 33%,Acetic Acid 33%,http://fhir.hie.moh.gov.my/CodeSystem/drug-my-core,CodeSystemDrugMyCore
KPK00312,Peritoneal Dialysis with 1.36% Glucose Solution (PHYSIONEAL 40),Peritoneal Dialysis 1.36% Glucose Soln,http://fhir.hie.moh.gov.my/CodeSystem/drug-my-core,CodeSystemDrugMyCore
GLN0100104,Ethambutol 100mg/ml Oral Suspension,Ethambutol 100mg/ml Oral Suspension,http://fhir.hie.moh.gov.my/CodeSystem/drug-my-core,CodeSystemDrugMyCore
GLN0100110,Itraconazole 20mg/ml Oral Suspension,Itraconazole 20mg/ml Oral Suspension,http://fhir.hie.moh.gov.my/CodeSystem/drug-my-core,CodeSystemDrugMyCore
GLN0100111,Ketoconazole 20mg/ml Oral Suspension,Ketoconazole 20mg/ml Oral Suspension,http://fhir.hie.moh.gov.my/CodeSystem/drug-my-core,CodeSystemDrugMyCore
GLN0100114,Metolazone 1mg/ml Oral Suspension,Metolazone 1mg/ml Oral Suspension,http://fhir.hie.moh.gov.my/CodeSystem/drug-my-core,CodeSystemDrugMyCore
GLN0100118,Oseltamivir 15mg/ml Oral Suspension,Oseltamivir 15mg/ml Oral Suspension,http://fhir.hie.moh.gov.my/CodeSystem/drug-my-core,CodeSystemDrugMyCore
GLN0100120,Rifabutin 20mg/ml Oral Suspension,Rifabutin 20mg/ml Oral Suspension,http://fhir.hie.moh.gov.my/CodeSystem/drug-my-core,CodeSystemDrugMyCore
GLN0100122,Sotalol 5mg/ml Oral Suspension,Sotalol 5mg/ml Oral Suspension,http://fhir.hie.moh.gov.my/CodeSystem/drug-my-core,CodeSystemDrugMyCore
KPK00316,Hypromellose 0.3% + Dextran 70 Eye Drops (Single Use),Hypromellose 0.3% + Dextran 70 Eye Drops,http://fhir.hie.moh.gov.my/CodeSystem/drug-my-core,CodeSystemDrugMyCore
KPK00317,Fish Oil + Vitamin E Capsule,Fish Oil + Vitamin E Capsule,http://fhir.hie.moh.gov.my/CodeSystem/drug-my-core,CodeSystemDrugMyCore
GLN0100123,Sulfasalazine 100mg/ml Oral Suspension,Sulfasalazine 100mg/ml Oral Suspension,http://fhir.hie.moh.gov.my/CodeSystem/drug-my-core,CodeSystemDrugMyCore
GLN0100124,Tacrolimus 0.5mg/ml Oral Suspension,Tacrolimus 0.5mg/ml Oral Suspension,http://fhir.hie.moh.gov.my/CodeSystem/drug-my-core,CodeSystemDrugMyCore
GLN0100125,Terbinafine 25mg/ml Oral Suspension,Terbinafine 25mg/ml Oral Suspension,http://fhir.hie.moh.gov.my/CodeSystem/drug-my-core,CodeSystemDrugMyCore
V08AB09000P3001a,Iodixanol 320 mg I/ml Injection (100ml),Iodixanol 320 mg I/ml Injection (100ml),http://fhir.hie.moh.gov.my/CodeSystem/drug-my-core,CodeSystemDrugMyCore
D08AJ01000G1001a,Benzalkonium Chloride 0.01% Cream,Benzalkonium Chloride 0.01% Cream,http://fhir.hie.moh.gov.my/CodeSystem/drug-my-core,CodeSystemDrugMyCore
L01XE13000T1001,Afatinib 20 mg Tablet,Afatinib 20 mg Tablet,http://fhir.hie.moh.gov.my/CodeSystem/drug-my-core,CodeSystemDrugMyCore
L01XE13000T1002,Afatinib 30 mg Tablet,Afatinib 30 mg Tablet,http://fhir.hie.moh.gov.my/CodeSystem/drug-my-core,CodeSystemDrugMyCore
D02AB00000G1001b,Zinc Oxide Cream (15%),Zinc Oxide Cream (15%),http://fhir.hie.moh.gov.my/CodeSystem/drug-my-core,CodeSystemDrugMyCore
KPK00294,Mirabegron 25 mg PROLONGED RELEASE Tablet,Mirabegron 25 mg PROLONGED RELEASE Tab,http://fhir.hie.moh.gov.my/CodeSystem/drug-my-core,CodeSystemDrugMyCore
KPK00297,Levomepromazine (Methotrimeprazine) 25mg/ml Injection,Levomepromazine 25mg/ml Injection,http://fhir.hie.moh.gov.my/CodeSystem/drug-my-core,CodeSystemDrugMyCore
D06AA04110G1001a,Tetracycline HCl 1% Cream,Tetracycline HCl 1% Cream,http://fhir.hie.moh.gov.my/CodeSystem/drug-my-core,CodeSystemDrugMyCore
D06AA04110G1001c,Tetracycline HCl 3% Cream,Tetracycline HCl 3% Cream,http://fhir.hie.moh.gov.my/CodeSystem/drug-my-core,CodeSystemDrugMyCore
V08AB02000P3001d,Iohexol 350 mg I/ml Injection (100ml vial),Iohexol 350 mg I/ml Injection (100ml via,http://fhir.hie.moh.gov.my/CodeSystem/drug-my-core,CodeSystemDrugMyCore
L01XX50000C1001,Ixazomib 4 mg Capsule,Ixazomib 4 mg Capsule,http://fhir.hie.moh.gov.my/CodeSystem/drug-my-core,CodeSystemDrugMyCore
J04AB05000T1001,Rifapentine 150 mg Tablet,Rifapentine 150 mg Tablet,http://fhir.hie.moh.gov.my/CodeSystem/drug-my-core,CodeSystemDrugMyCore
RAW00193,Sodium dihydrogen phosphate monohydrate (NaH2PO4*H2O),Sodium dihydrogen phosphate monohydrate,http://fhir.hie.moh.gov.my/CodeSystem/drug-my-core,CodeSystemDrugMyCore
N07BA01000M7007,Nicotine 25mg/16 hours Transdermal Patch,Nicotine 25mg/16 hours Transdermal Patch,http://fhir.hie.moh.gov.my/CodeSystem/drug-my-core,CodeSystemDrugMyCore
A03AE04320T1002,Pinaverium Bromide 100 mg Tablet,Pinaverium Bromide 100 mg Tablet,http://fhir.hie.moh.gov.my/CodeSystem/drug-my-core,CodeSystemDrugMyCore
IVA00049,Heparin 1 IU/ml in 0.45% Sodium Chloride,Heparin 1 IU/ml in 0.45% Sodium Chloride,http://fhir.hie.moh.gov.my/CodeSystem/drug-my-core,CodeSystemDrugMyCore
IVA00047,Ropivacaine 2mg/ml (0.2%) and Fentanyl 1mcg/ml Epidural,Ropivacaine 0.2% Fentanyl 1mcg/ml Epi,http://fhir.hie.moh.gov.my/CodeSystem/drug-my-core,CodeSystemDrugMyCore
RAW00196,Methylcellulose 2% Solution,Methylcellulose 2% Solution,http://fhir.hie.moh.gov.my/CodeSystem/drug-my-core,CodeSystemDrugMyCore
GLN0100102,Diazoxide 10mg/ml Oral Suspension,Diazoxide 10mg/ml Oral Suspension,http://fhir.hie.moh.gov.my/CodeSystem/drug-my-core,CodeSystemDrugMyCore
GLN0100106,Flucytosine 10mg/ml Oral Suspension,Flucytosine 10mg/ml Oral Suspension,http://fhir.hie.moh.gov.my/CodeSystem/drug-my-core,CodeSystemDrugMyCore
GLN0100107,Flucytosine 50mg/ml Oral Suspension,Flucytosine 50mg/ml Oral Suspension,http://fhir.hie.moh.gov.my/CodeSystem/drug-my-core,CodeSystemDrugMyCore
GLN0100108,Granisetron Hydrochloride 0.05mg/ml Oral Suspension,Granisetron 0.05mg/ml Oral Suspension,http://fhir.hie.moh.gov.my/CodeSystem/drug-my-core,CodeSystemDrugMyCore
J04AA01000T1001,Para Aminosalicylic acid 1g Tablet,Para Aminosalicylic acid 1g Tablet,http://fhir.hie.moh.gov.my/CodeSystem/drug-my-core,CodeSystemDrugMyCore
GLN0100127,Thiamine 20mg/ml Oral Suspension,Thiamine 20mg/ml Oral Suspension,http://fhir.hie.moh.gov.my/CodeSystem/drug-my-core,CodeSystemDrugMyCore
GLN0100128,Tramadol 5mg/ml Oral Suspension,Tramadol 5mg/ml Oral Suspension,http://fhir.hie.moh.gov.my/CodeSystem/drug-my-core,CodeSystemDrugMyCore
GLN0100129,Valganciclovir 60mg/ml Oral Suspension,Valganciclovir 60mg/ml Oral Suspension,http://fhir.hie.moh.gov.my/CodeSystem/drug-my-core,CodeSystemDrugMyCore
GLN0100130,Warfarin 0.2mg/ml Oral Suspension,Warfarin 0.2mg/ml Oral Suspension,http://fhir.hie.moh.gov.my/CodeSystem/drug-my-core,CodeSystemDrugMyCore
V08AA01254L9901a,"Diatrizoate Meglumine, Diatrizoate Sodium 37% Solution (100ml)","Diatrizoate Meg, Diatrizoate Sod 37%",http://fhir.hie.moh.gov.my/CodeSystem/drug-my-core,CodeSystemDrugMyCore
KPK00318,Sterile Talc Powder 10g Bottle/Vial/Pack,Sterile Talc Powder 10g Bottle/Vial/Pack,http://fhir.hie.moh.gov.my/CodeSystem/drug-my-core,CodeSystemDrugMyCore
KPK00319,Teepol Shampoo,Teepol Shampoo,http://fhir.hie.moh.gov.my/CodeSystem/drug-my-core,CodeSystemDrugMyCore
M02AA19000M7001,Flurbiprofen 40mg Transdermal Plaster,Flurbiprofen 40mg Transdermal Plaster,http://fhir.hie.moh.gov.my/CodeSystem/drug-my-core,CodeSystemDrugMyCore
GLN0200127,Menthol 0.5% in Aqueous Cream,Menthol 0.5% in Aqueous Cream,http://fhir.hie.moh.gov.my/CodeSystem/drug-my-core,CodeSystemDrugMyCore
GLN0200133,Formalin 10% in Normal Saline Solution,Formalin 10% in Normal Saline Solution,http://fhir.hie.moh.gov.my/CodeSystem/drug-my-core,CodeSystemDrugMyCore
RPH000053,Tc-99m Sterile Generator (811 mCi),Tc-99m Sterile Generator (811 mCi),http://fhir.hie.moh.gov.my/CodeSystem/drug-my-core,CodeSystemDrugMyCore
RPH000066,Sodium Iodide (I-131) Capsule (100mCi),Sodium Iodide (I-131) Capsule (100mCi),http://fhir.hie.moh.gov.my/CodeSystem/drug-my-core,CodeSystemDrugMyCore
RPH000067,Sodium Iodide (I-131) Capsule (120mCi),Sodium Iodide (I-131) Capsule (120mCi),http://fhir.hie.moh.gov.my/CodeSystem/drug-my-core,CodeSystemDrugMyCore
RPH000068,Sodium Iodide (I-131) Capsule (150mCi),Sodium Iodide (I-131) Capsule (150mCi),http://fhir.hie.moh.gov.my/CodeSystem/drug-my-core,CodeSystemDrugMyCore
N02BE51900T1001,Paracetamol 500mg + Codeine 8mg Tablet,Paracetamol 500mg + Codeine 8mg Tablet,http://fhir.hie.moh.gov.my/CodeSystem/drug-my-core,CodeSystemDrugMyCore
V08AB04000P3001a,"Iopamidol 300, 100ml Injection","Iopamidol 300, 100ml Injection",http://fhir.hie.moh.gov.my/CodeSystem/drug-my-core,CodeSystemDrugMyCore
N03AX16000C1003,Pregabalin 50 mg Capsule,Pregabalin 50 mg Capsule,http://fhir.hie.moh.gov.my/CodeSystem/drug-my-core,CodeSystemDrugMyCore
L01BA03000P3001,Raltitrexed 2mg/4ml Injection,Raltitrexed 2mg/4ml Injection,http://fhir.hie.moh.gov.my/CodeSystem/drug-my-core,CodeSystemDrugMyCore
B02BD02999P9902a,Factor VIII 250 IU Injection,Factor VIII 250 IU Injection,http://fhir.hie.moh.gov.my/CodeSystem/drug-my-core,CodeSystemDrugMyCore
KPK00295,Sucrose 24 % Oral Liquid in 2ml single use amp/vial,Sucrose 24 % Oral Liquid in 2ml,http://fhir.hie.moh.gov.my/CodeSystem/drug-my-core,CodeSystemDrugMyCore
L03AX03000P3001a,BCG 80mg (Bacillus Calmette-Guérin freeze-dried intravesical preparation),BCG 80mg Intravesical,http://fhir.hie.moh.gov.my/CodeSystem/drug-my-core,CodeSystemDrugMyCore
IVA00035,Cyclophosphamide 800mg Prefilled Syringe,Cyclophosphamide 800mg Prefilled Syringe,http://fhir.hie.moh.gov.my/CodeSystem/drug-my-core,CodeSystemDrugMyCore
IVA00036,Cyclophosphamide 200mg Prefilled Syringe,Cyclophosphamide 200mg Prefilled Syringe,http://fhir.hie.moh.gov.my/CodeSystem/drug-my-core,CodeSystemDrugMyCore
D08AC52137L9901b,Chlorhexidine 0.5% in Alcohol with Emollient (for hand disinfection),Chlorhexidine 0.5% in Alcohol with Emoll,http://fhir.hie.moh.gov.my/CodeSystem/drug-my-core,CodeSystemDrugMyCore
GLN0200109,Sodium hypochlorite 0.5% Solution,Sodium hypochlorite 0.5% Solution,http://fhir.hie.moh.gov.my/CodeSystem/drug-my-core,CodeSystemDrugMyCore
GLN0200110,Sodium hypochlorite 5% Solution,Sodium hypochlorite 5% Solution,http://fhir.hie.moh.gov.my/CodeSystem/drug-my-core,CodeSystemDrugMyCore
IVA00037,Octreotide 0.075mg/0.75ml Prefilled Syringe,Octreotide 0.075mg/0.75ml PF Syringe,http://fhir.hie.moh.gov.my/CodeSystem/drug-my-core,CodeSystemDrugMyCore
IVA00045,Gentamicin 2mg/ml Intraocular,Gentamicin 2mg/ml Intraocular,http://fhir.hie.moh.gov.my/CodeSystem/drug-my-core,CodeSystemDrugMyCore
R03AK06989A2105,"Salmeterol 25 mcg, Fluticasone Propionate 250 mcg Inhaler",Salmeterol-Fluticasone 25/250 inh,http://fhir.hie.moh.gov.my/CodeSystem/drug-my-core,CodeSystemDrugMyCore
A02BC06000C2002,Dexlansoprazole 60 mg DELAYED RELEASE Capsule,Dexlansoprazole 60mg DELAYED RELEASE cap,http://fhir.hie.moh.gov.my/CodeSystem/drug-my-core,CodeSystemDrugMyCore
L04AC10000P5001,Secukinumab 150mg/ml Solution in single-use Pen,Secukinumab 150mg/ml Pen,http://fhir.hie.moh.gov.my/CodeSystem/drug-my-core,CodeSystemDrugMyCore
R03AC19110A3001,Olodaterol HCl 2.5 mcg/puff Solution for Inhalation,Olodaterol HCl 2.5 mcg/puff Inh Soln,http://fhir.hie.moh.gov.my/CodeSystem/drug-my-core,CodeSystemDrugMyCore
B01AF02000T3202,Apixaban 5 mg Film-coated Tablet,Apixaban 5 mg Film-coated Tablet,http://fhir.hie.moh.gov.my/CodeSystem/drug-my-core,CodeSystemDrugMyCore
G03BA03000P3001b,Testosterone Enanthate 250mg/ml Injection,Testosterone Enanthate 250mg/ml Inj,http://fhir.hie.moh.gov.my/CodeSystem/drug-my-core,CodeSystemDrugMyCore
B05ZA00908H1001j,Haemodialysis Concentrate Acidic Component (Renacid K3S),Haemodialysis Conc Acidic Renacid K3S,http://fhir.hie.moh.gov.my/CodeSystem/drug-my-core,CodeSystemDrugMyCore
GLN0100097,Azathioprine 50mg/ml Oral Suspension,Azathioprine 50mg/ml Oral Suspension,http://fhir.hie.moh.gov.my/CodeSystem/drug-my-core,CodeSystemDrugMyCore
GLN0100101,Clozapine 20mg/ml Oral Suspension,Clozapine 20mg/ml Oral Suspension,http://fhir.hie.moh.gov.my/CodeSystem/drug-my-core,CodeSystemDrugMyCore
D07AC13139G5001,Mometasone Furoate 0.1% Ointment,Mometasone Furoate 0.1% Ointment,http://fhir.hie.moh.gov.my/CodeSystem/drug-my-core,CodeSystemDrugMyCore
GLN0100117,Ondansetron 0.8mg/ml Oral Suspension,Ondansetron 0.8mg/ml Oral Suspension,http://fhir.hie.moh.gov.my/CodeSystem/drug-my-core,CodeSystemDrugMyCore
KPK00280,Ademethionine (S-Adenosyl Methionine) 200mg Tablet,Ademethionine 200mg Tablet,http://fhir.hie.moh.gov.my/CodeSystem/drug-my-core,CodeSystemDrugMyCore
D08AC02137L9902,Chlorhexidine Gluconate 20% Solution,Chlorhexidine Gluconate 20% Solution,http://fhir.hie.moh.gov.my/CodeSystem/drug-my-core,CodeSystemDrugMyCore
GLN0200125,Alcohol 10% Solution,Alcohol 10% Solution,http://fhir.hie.moh.gov.my/CodeSystem/drug-my-core,CodeSystemDrugMyCore
GLN0200130,Menthol 5% in Aqueous Cream,Menthol 5% in Aqueous Cream,http://fhir.hie.moh.gov.my/CodeSystem/drug-my-core,CodeSystemDrugMyCore
KPK00284,Large Neutral Amino Acids 500mg Tablet,Large Neutral Amino Acids 500mg Tablet,http://fhir.hie.moh.gov.my/CodeSystem/drug-my-core,CodeSystemDrugMyCore
RAW00191,Folic Acid Powder (USP),Folic Acid Powder (USP),http://fhir.hie.moh.gov.my/CodeSystem/drug-my-core,CodeSystemDrugMyCore
A11HA03000C1003,Vitamin E 400 IU Capsule,Vitamin E 400 IU Capsule,http://fhir.hie.moh.gov.my/CodeSystem/drug-my-core,CodeSystemDrugMyCore
B05AA07000P9901h,Hydroxyethyl Starch 6% 500ml IV Solution (Volulyte),Hydroxyethyl Starch 6% 500ml IV Soln,http://fhir.hie.moh.gov.my/CodeSystem/drug-my-core,CodeSystemDrugMyCore
KPK00299,"Lorenzo's Oil (Glyceryl Trioleate,Glyceryl Trierucate)",Lorenzo's Oil,http://fhir.hie.moh.gov.my/CodeSystem/drug-my-core,CodeSystemDrugMyCore
D01AC01000F2001,Clotrimazole 1 % Dusting Powder,Clotrimazole 1 % Dusting Powder,http://fhir.hie.moh.gov.my/CodeSystem/drug-my-core,CodeSystemDrugMyCore
N05AL01000T1002,Sulpiride 50 mg Tablet,Sulpiride 50 mg Tablet,http://fhir.hie.moh.gov.my/CodeSystem/drug-my-core,CodeSystemDrugMyCore
D08AC52137L9901a,Chlorhexidine Gluconate Solution in alcohol with emollient-hand sanitizer (Various Concentration),Chloehexidine Soln in Alcohol & Lanolin,http://fhir.hie.moh.gov.my/CodeSystem/drug-my-core,CodeSystemDrugMyCore
KPK00302,Sulphur Hexachloride Injection,Sulphur Hexachloride Injection,http://fhir.hie.moh.gov.my/CodeSystem/drug-my-core,CodeSystemDrugMyCore
GLN0200136,Chlorhexidine 0.25% in Aqueous,Chlorhexidine 0.25% in Aqueous,http://fhir.hie.moh.gov.my/CodeSystem/drug-my-core,CodeSystemDrugMyCore
GLN0200137,Menthol 1.5% in Aqueous Cream,Menthol 1.5% in Aqueous Cream,http://fhir.hie.moh.gov.my/CodeSystem/drug-my-core,CodeSystemDrugMyCore
IVA00039,Cocaine 20% Solution,Cocaine 20% Solution,http://fhir.hie.moh.gov.my/CodeSystem/drug-my-core,CodeSystemDrugMyCore
GLN0200139,"Coal Tar (LPC) 1%, Betamethasone 0.02% Ointment","Coal Tar (LPC) 1%, Betamethasone 0.02%",http://fhir.hie.moh.gov.my/CodeSystem/drug-my-core,CodeSystemDrugMyCore
GLN0200140,"Coal Tar (LPC) 3%, Betamethasone 0.02% Ointment","Coal Tar (LPC) 3%, Betamethasone 0.02%",http://fhir.hie.moh.gov.my/CodeSystem/drug-my-core,CodeSystemDrugMyCore
KPK00303,Dimethicone Topical Gel for Head Lice,Dimethicone Topical Gel for Head Lice,http://fhir.hie.moh.gov.my/CodeSystem/drug-my-core,CodeSystemDrugMyCore
IVA00041,Amikacin 4mg/ml Intraocular,Amikacin 4mg/ml Intraocular,http://fhir.hie.moh.gov.my/CodeSystem/drug-my-core,CodeSystemDrugMyCore
P03AX04000L5201,Permethrin 1% Shampoo,Permethrin 1% Shampoo,http://fhir.hie.moh.gov.my/CodeSystem/drug-my-core,CodeSystemDrugMyCore
B05ZA00908H1002e,Sodium Bicarbonate Powder for Haemodialysis,Sodium Bicarbonate Powder Haemodialysis,http://fhir.hie.moh.gov.my/CodeSystem/drug-my-core,CodeSystemDrugMyCore
S01AX19000D2001,Levofloxacin 0.5% Ophthalmic Solution,Levofloxacin 0.5% Ophthalmic Solution,http://fhir.hie.moh.gov.my/CodeSystem/drug-my-core,CodeSystemDrugMyCore
J05AH02000C1001,Oseltamivir 75 mg Capsule,Oseltamivir 75 mg Capsule,http://fhir.hie.moh.gov.my/CodeSystem/drug-my-core,CodeSystemDrugMyCore
D11AX01000L5001,Minoxidil 5% Solution,Minoxidil 5% Solution,http://fhir.hie.moh.gov.my/CodeSystem/drug-my-core,CodeSystemDrugMyCore
A07EC02259G2002,Mesalazine 1% Enema (1g/100ml),Mesalazine 1% Enema (1g/100ml),http://fhir.hie.moh.gov.my/CodeSystem/drug-my-core,CodeSystemDrugMyCore
L02AE02122P5004,Leuprolide Acetate 22.5mg Injection,Leuprolide Acetate 22.5mg Injection,http://fhir.hie.moh.gov.my/CodeSystem/drug-my-core,CodeSystemDrugMyCore
L03AX03000P3001b,BCG 50mg (Bacillus Calmette-Guérin freeze-dried intravesical preparation),BCG 50mg (Intravesical),http://fhir.hie.moh.gov.my/CodeSystem/drug-my-core,CodeSystemDrugMyCore
C01EB16000P3002,Ibuprofen 10mg/2ml Injection,Ibuprofen 10mg/2ml Injection,http://fhir.hie.moh.gov.my/CodeSystem/drug-my-core,CodeSystemDrugMyCore
J07BB02963P5003,Quadrivalent Seasonal Influenza Vaccine,Quadrivalent Seasonal Influenza Vaccine,http://fhir.hie.moh.gov.my/CodeSystem/drug-my-core,CodeSystemDrugMyCore
RAW00194,Sodium dihydrogen phosphate dihyrate (NaH2PO4*2H20),Sodium dihydrogen phosphate dihyrate,http://fhir.hie.moh.gov.my/CodeSystem/drug-my-core,CodeSystemDrugMyCore
N03AX22000T3004,Perampanel 8 mg Film-coated Tablet,Perampanel 8 mg Film-coated Tablet,http://fhir.hie.moh.gov.my/CodeSystem/drug-my-core,CodeSystemDrugMyCore
A05BA00924C1001a,Essential Phospholipids 300 mg Capsule,Essential Phospholipids 300 mg Capsule,http://fhir.hie.moh.gov.my/CodeSystem/drug-my-core,CodeSystemDrugMyCore
S01GX01520D2001b,Sodium Cromoglycate 2% Eye drop (preservative free),Sodium Cromoglycate 2% Eye drop (PF),http://fhir.hie.moh.gov.my/CodeSystem/drug-my-core,CodeSystemDrugMyCore
C09DX04000T1003,"Sacubitril 97mg, Valsartan 103mg Tablet","Sacubitril 97mg, Valsartan 103mg Tablet",http://fhir.hie.moh.gov.my/CodeSystem/drug-my-core,CodeSystemDrugMyCore
PNA00031,NutriIflex Omega Plus 1265kcal 1250ml,NutriIflex Omega Plus 1265kcal 1250ml,http://fhir.hie.moh.gov.my/CodeSystem/drug-my-core,CodeSystemDrugMyCore
L01XE29000T1001,Lenvatinib 4 mg Tablet/Capsule,Lenvatinib 4 mg Tablet/Capsule,http://fhir.hie.moh.gov.my/CodeSystem/drug-my-core,CodeSystemDrugMyCore
KPK00322,Tegafur 20mg/Gimeracil 5.8mg/Oteracil K 19.6mg Capsule,Tegafur 20mg +Gimeracil +Oteracil Cap,http://fhir.hie.moh.gov.my/CodeSystem/drug-my-core,CodeSystemDrugMyCore
L01DB02110P4001a,Daunorubicin HCl 20mg/4ml Injection,Daunorubicin HCl 20mg/4ml Injection,http://fhir.hie.moh.gov.my/CodeSystem/drug-my-core,CodeSystemDrugMyCore
KPK00326,"Multiple Electrolytes Injection, Type 1, USP (Plasma-Lyte 148)",Plasma-lyte 148,http://fhir.hie.moh.gov.my/CodeSystem/drug-my-core,CodeSystemDrugMyCore
L01XX50000C1003,Ixazomib 2.3 mg Capsule,Ixazomib 2.3 mg Capsule,http://fhir.hie.moh.gov.my/CodeSystem/drug-my-core,CodeSystemDrugMyCore
J05AX12000T3201,Dolutegravir 50 mg Tablet,Dolutegravir 50 mg Tablet,http://fhir.hie.moh.gov.my/CodeSystem/drug-my-core,CodeSystemDrugMyCore
J01DC01000P4001,Cefoxitin 1g Powder for Injection,Cefoxitin 1g Powder for Injection,http://fhir.hie.moh.gov.my/CodeSystem/drug-my-core,CodeSystemDrugMyCore
KPK00333,Ledipasvir 90mg/Sofosbuvir 400mg Tablet,Ledipasvir 90mg/Sofosbuvir 400mg Tablet,http://fhir.hie.moh.gov.my/CodeSystem/drug-my-core,CodeSystemDrugMyCore
V04CA02000F2102,Dextrose monohydrate 82.5g Sachet,Dextrose monohydrate 82.5g Sachet,http://fhir.hie.moh.gov.my/CodeSystem/drug-my-core,CodeSystemDrugMyCore
J06BB05000P3001a,Antirabies Immunoglobulin (Equine) 200 iu/ml in 5ml inj,Antirabies Immunoglobulin (Equine),http://fhir.hie.moh.gov.my/CodeSystem/drug-my-core,CodeSystemDrugMyCore
J07AP03000P5001,Typhoid Vaccine (Single Dose),Typhoid Vaccine (Single Dose),http://fhir.hie.moh.gov.my/CodeSystem/drug-my-core,CodeSystemDrugMyCore
A06AG04000G2001a,Glycerin 50% Enema (10ml),Glycerin 50% Enema (10ml),http://fhir.hie.moh.gov.my/CodeSystem/drug-my-core,CodeSystemDrugMyCore
KPK00339,Bioquinone Q10 60 mg Capsule (Ubidecarenone / Coenzyme Q10),Bioquinone Q10 60 mg Cap (Coenzyme Q10),http://fhir.hie.moh.gov.my/CodeSystem/drug-my-core,CodeSystemDrugMyCore
A16AA04000C1001,Cysteamine Bitartrate 50mg Capsule,Cysteamine Bitartrate 50mg Capsule,http://fhir.hie.moh.gov.my/CodeSystem/drug-my-core,CodeSystemDrugMyCore
KPK00250,Absolute Alcohol / Dehydrated Alcohol  Injection (5ml),Absolute / Dehydrated Alcohol Inj,http://fhir.hie.moh.gov.my/CodeSystem/drug-my-core,CodeSystemDrugMyCore
G03GA02954P4005,"Menotrophin 1200 IU Injection (Highly purified, multidose)",Menotrophin 1200 IU Inj -highly purified,http://fhir.hie.moh.gov.my/CodeSystem/drug-my-core,CodeSystemDrugMyCore
S01EE03000D2002,Bimatoprost 0.01% Ophthalmic solution,Bimatoprost 0.01% Ophthalmic solution,http://fhir.hie.moh.gov.my/CodeSystem/drug-my-core,CodeSystemDrugMyCore
D01AE15110G3001,Terbinafine 1% Gel,Terbinafine 1% Gel,http://fhir.hie.moh.gov.my/CodeSystem/drug-my-core,CodeSystemDrugMyCore
L01XE31000C1002,Nintedanib 150 mg Capsule,Nintedanib 150 mg Capsule,http://fhir.hie.moh.gov.my/CodeSystem/drug-my-core,CodeSystemDrugMyCore
KPK00345,Sofosbuvir 400 mg Tablet,Sofosbuvir 400 mg Tablet,http://fhir.hie.moh.gov.my/CodeSystem/drug-my-core,CodeSystemDrugMyCore
KPK00347,Enzalutamide 40 mg Capsule,Enzalutamide 40 mg Capsule,http://fhir.hie.moh.gov.my/CodeSystem/drug-my-core,CodeSystemDrugMyCore
KPK00349,Daratumumab 400 mg injection (20mg/ml),Daratumumab 400 mg injection (20mg/ml),http://fhir.hie.moh.gov.my/CodeSystem/drug-my-core,CodeSystemDrugMyCore
KPK00355,"Betacarotene 10,000 IU + Multivitamin and Mineral Tablet","Betacarotene, Multivitamin/Mineral Tab",http://fhir.hie.moh.gov.my/CodeSystem/drug-my-core,CodeSystemDrugMyCore
N03AX22000T3002,Perampanel 4 mg Film-coated Tablet,Perampanel 4 mg Film-coated Tablet,http://fhir.hie.moh.gov.my/CodeSystem/drug-my-core,CodeSystemDrugMyCore
GLN0100113,Lorazepam 0.2mg/ml Oral Suspension,Lorazepam 0.2mg/ml Oral Suspension,http://fhir.hie.moh.gov.my/CodeSystem/drug-my-core,CodeSystemDrugMyCore
L01XE35196T1001,Osimertinib mesylate 40 mg Tablet,Osimertinib mesylate 40 mg Tablet,http://fhir.hie.moh.gov.my/CodeSystem/drug-my-core,CodeSystemDrugMyCore
L01XE35196T1002,Osimertinib mesylate 80 mg Tablet,Osimertinib mesylate 80 mg Tablet,http://fhir.hie.moh.gov.my/CodeSystem/drug-my-core,CodeSystemDrugMyCore
A01AA01340L8001,Sodium Fluoride 50 mg/ml Dental Suspension,Sodium Fluoride 50 mg/ml Dental Susp,http://fhir.hie.moh.gov.my/CodeSystem/drug-my-core,CodeSystemDrugMyCore
J05AX09000T1001,Maraviroc 150 mg Tablet,Maraviroc 150 mg Tablet,http://fhir.hie.moh.gov.my/CodeSystem/drug-my-core,CodeSystemDrugMyCore
J05AX09000T1002,Maraviroc 300 mg Tablet,Maraviroc 300 mg Tablet,http://fhir.hie.moh.gov.my/CodeSystem/drug-my-core,CodeSystemDrugMyCore
L01XE17000T1002,Axitinib 5 mg Tablet,Axitinib 5 mg Tablet,http://fhir.hie.moh.gov.my/CodeSystem/drug-my-core,CodeSystemDrugMyCore
LIPSTD07,"Lipid Soln 36ml, Lipid + Water Soluble Vitamin (6.4g/36ml)",Lipid Soln 6.4g/36ml,http://fhir.hie.moh.gov.my/CodeSystem/drug-my-core,CodeSystemDrugMyCore
RAW00197,Zinc Sulphate Powder,Zinc Sulphate Powder,http://fhir.hie.moh.gov.my/CodeSystem/drug-my-core,CodeSystemDrugMyCore
L01XE17000T1001,Axitinib 1 mg Tablet,Axitinib 1 mg Tablet,http://fhir.hie.moh.gov.my/CodeSystem/drug-my-core,CodeSystemDrugMyCore
M03BX01000P3001,Baclofen 40mg/20ml Solution for Infusion,Baclofen 40mg/20ml Solution for Infusion,http://fhir.hie.moh.gov.my/CodeSystem/drug-my-core,CodeSystemDrugMyCore
RPH000075,Lutetium-177 (Lu-177) Chloride 400mci,Lutetium-177 (Lu-177) Chloride 400mci,http://fhir.hie.moh.gov.my/CodeSystem/drug-my-core,CodeSystemDrugMyCore
RPH000076,Lutetium-177 (Lu-177) Chloride 800mci,Lutetium-177 (Lu-177) Chloride 800mci,http://fhir.hie.moh.gov.my/CodeSystem/drug-my-core,CodeSystemDrugMyCore
RPH000077,PSMA-HBED-CC 1MG,PSMA-HBED-CC 1MG,http://fhir.hie.moh.gov.my/CodeSystem/drug-my-core,CodeSystemDrugMyCore
RPH000078,Samarium-153 Lexidronam 90 Mci (Quadramet),Samarium-153 Lexidronam 90 Mci,http://fhir.hie.moh.gov.my/CodeSystem/drug-my-core,CodeSystemDrugMyCore
P01BC01110P3002,Quinine Dihydrochloride 6% Sterile Concentrate (600mg/10ml),Quinine Dihydrochloride 6% Sterile Conc,http://fhir.hie.moh.gov.my/CodeSystem/drug-my-core,CodeSystemDrugMyCore
R03AK07989A2103,Budesonide 200mcg and Formoterol 6mcg Inhalation,Budesonide/Formoterol 200/6 Inh,http://fhir.hie.moh.gov.my/CodeSystem/drug-my-core,CodeSystemDrugMyCore
J01MA01000T1002,Ofloxacin 200 mg Tablet,Ofloxacin 200 mg Tablet,http://fhir.hie.moh.gov.my/CodeSystem/drug-my-core,CodeSystemDrugMyCore
N03AX14000T1003,Levetiracetam 1000 mg Tablet,Levetiracetam 1000 mg Tablet,http://fhir.hie.moh.gov.my/CodeSystem/drug-my-core,CodeSystemDrugMyCore
KPK00332,Bioquinone Q10 120 mg Capsule (Ubidecarenone / Coenzyme Q10),Bioquinone Q10 120mg Cap (Coenzyme Q10),http://fhir.hie.moh.gov.my/CodeSystem/drug-my-core,CodeSystemDrugMyCore
L01XC08000P3001,Panitumumab 100mg/5ml Injection for Intravenous Infusion,Panitumumab 100mg/5ml Injection,http://fhir.hie.moh.gov.my/CodeSystem/drug-my-core,CodeSystemDrugMyCore
L02AE02122P5005,Leuprolide Acetate 45 mg Injection,Leuprolide Acetate 45 mg Injection,http://fhir.hie.moh.gov.my/CodeSystem/drug-my-core,CodeSystemDrugMyCore
KPK00337,Castellani's Paint Liquid,Castellani's Paint Liquid,http://fhir.hie.moh.gov.my/CodeSystem/drug-my-core,CodeSystemDrugMyCore
RPH000086,Iodine-131 Metaiodobenzylguanide (I-131 MIBG) 2mCi,Iodine-131 Metaiodobenzylguanide 2mCi,http://fhir.hie.moh.gov.my/CodeSystem/drug-my-core,CodeSystemDrugMyCore
RPH000087,Iodine-131 Metaiodobenzylguanide (I-131 MIBG) 100mCi,Iodine-131 Metaiodobenzylguanide 100 mCi,http://fhir.hie.moh.gov.my/CodeSystem/drug-my-core,CodeSystemDrugMyCore
C01BB02110C1001,Mexiletine 100 mg Capsule,Mexiletine 100 mg Capsule,http://fhir.hie.moh.gov.my/CodeSystem/drug-my-core,CodeSystemDrugMyCore
KPK00340,Daclatasvir 60mg Tablet,Daclatasvir 60mg Tablet,http://fhir.hie.moh.gov.my/CodeSystem/drug-my-core,CodeSystemDrugMyCore
B01AB10520P3001,"Tinzaparin Na 20,000 anti-Xa IU (2ml) Injection","Tinzaparin 20,000 anti-Xa IU (2ml) Inj",http://fhir.hie.moh.gov.my/CodeSystem/drug-my-core,CodeSystemDrugMyCore
A10AC01000P5001d,Insulin isophane (Insugen-N) 100 IU/mL Penfill,Insulin isophane (Insugen-N) 100 IU/mL P,http://fhir.hie.moh.gov.my/CodeSystem/drug-my-core,CodeSystemDrugMyCore
A10AD01000P5001d,Insulin regular/isophane (Insugen-30/70) 100 IU/mL Penfill,Insulin regular/isophane (Insugen-30/70),http://fhir.hie.moh.gov.my/CodeSystem/drug-my-core,CodeSystemDrugMyCore
KPK00320,Digoxin Immune Fab 40 mg Injection,Digoxin Immune Fab 40 mg Injection,http://fhir.hie.moh.gov.my/CodeSystem/drug-my-core,CodeSystemDrugMyCore
PNA00032,Nutriflex Omega Special 740kcal,Nutriflex Omega Special 740kcal,http://fhir.hie.moh.gov.my/CodeSystem/drug-my-core,CodeSystemDrugMyCore
KPK00324,Magnesium Oxide 250 mg Tablet,Magnesium Oxide 250 mg Tablet,http://fhir.hie.moh.gov.my/CodeSystem/drug-my-core,CodeSystemDrugMyCore
RPH000072,Germanium-68/Gallium-68 50mci Generator,Germanium-68/Gallium-68 50mci Generator,http://fhir.hie.moh.gov.my/CodeSystem/drug-my-core,CodeSystemDrugMyCore
RPH000073,Iodine-124 4mci,Iodine-124 4mci,http://fhir.hie.moh.gov.my/CodeSystem/drug-my-core,CodeSystemDrugMyCore
RPH000074,Lutetium-177 (Lu-177) Chloride 200mci,Lutetium-177 (Lu-177) Chloride 200mci,http://fhir.hie.moh.gov.my/CodeSystem/drug-my-core,CodeSystemDrugMyCore
RPH000079,Scantibodies Calcitonin immunoradiometric assay (IRMA) Kit,Scantibodies Calcitonin IRMA Kit,http://fhir.hie.moh.gov.my/CodeSystem/drug-my-core,CodeSystemDrugMyCore
A10BG03110T1001,Pioglitazone 15mg Tablet,Pioglitazone 15mg Tablet,http://fhir.hie.moh.gov.my/CodeSystem/drug-my-core,CodeSystemDrugMyCore
RAW00201,Sulfadiazine Powder,Sulfadiazine Powder,http://fhir.hie.moh.gov.my/CodeSystem/drug-my-core,CodeSystemDrugMyCore
GLN0100109,Hydrocortisone 1mg/ml Oral Suspension,Hydrocortisone 1mg/ml Oral Suspension,http://fhir.hie.moh.gov.my/CodeSystem/drug-my-core,CodeSystemDrugMyCore
S01AD09000G3201,Ganciclovir 0.15% Ophthalmic Gel,Ganciclovir 0.15% Ophthalmic Gel,http://fhir.hie.moh.gov.my/CodeSystem/drug-my-core,CodeSystemDrugMyCore
J02AC04000T5001,Posaconazole 100 mg MODIFIED RELEASE Tablet,Posaconazole 100 mg MR Tab,http://fhir.hie.moh.gov.my/CodeSystem/drug-my-core,CodeSystemDrugMyCore
V08AB04000P3001c,"Iopamidol 370, 50ml Injection","Iopamidol 370, 50ml Injection",http://fhir.hie.moh.gov.my/CodeSystem/drug-my-core,CodeSystemDrugMyCore
N05AG02000T1001,Pimozide 2 mg Tablet,Pimozide 2 mg Tablet,http://fhir.hie.moh.gov.my/CodeSystem/drug-my-core,CodeSystemDrugMyCore
N05BA06000P3002,Lorazepam 4mg/ml Injection,Lorazepam 4mg/ml Injection,http://fhir.hie.moh.gov.my/CodeSystem/drug-my-core,CodeSystemDrugMyCore
A10AE04000P5002a,Insulin glargine (Toujeo) 300 IU/ml Pre-filled Pen (1.5ml),Insulin glargine (Toujeo) 300 IU/ml Pen,http://fhir.hie.moh.gov.my/CodeSystem/drug-my-core,CodeSystemDrugMyCore
RPH000088,Iodine-131 Metaiodobenzylguanide (I-131 MIBG) 200mCi,Iodine-131 Metaiodobenzylguanide 200mCi,http://fhir.hie.moh.gov.my/CodeSystem/drug-my-core,CodeSystemDrugMyCore
L01XC18000P3001,Pembrolizumab 100mg/4ml Injection,Pembrolizumab 100mg/4ml Injection,http://fhir.hie.moh.gov.my/CodeSystem/drug-my-core,CodeSystemDrugMyCore
C10AX14000P5002,Alirocumab 150 mg/ml Injection,Alirocumab 150 mg/ml Injection,http://fhir.hie.moh.gov.my/CodeSystem/drug-my-core,CodeSystemDrugMyCore
R03AL03989A2001,Umeclidinium 62.5mcg and Vilanterol 25mcg Inhalation Powder (30doses),Umeclidinium/Vilanterol 62.5mcg/25mcg,http://fhir.hie.moh.gov.my/CodeSystem/drug-my-core,CodeSystemDrugMyCore
L01CD02000P3004,Docetaxel 120 mg Injection,Docetaxel 120 mg Injection,http://fhir.hie.moh.gov.my/CodeSystem/drug-my-core,CodeSystemDrugMyCore
L04AA33000P4001,Vedolizumab 300 mg Powder for Injection,Vedolizumab 300 mg Powder for Injection,http://fhir.hie.moh.gov.my/CodeSystem/drug-my-core,CodeSystemDrugMyCore
PNA00035,Smof Kabiven Electrolyte-free 2200kcal 1970ml,Smof Kabiven Electrolyte-free 2200kcal,http://fhir.hie.moh.gov.my/CodeSystem/drug-my-core,CodeSystemDrugMyCore
L03AB07000P5003,Interferon Beta 1a 30mcg/0.5ml Injection (Prefilled Pen),Interferon Beta 1a 30mcg/0.5ml Inj Pen,http://fhir.hie.moh.gov.my/CodeSystem/drug-my-core,CodeSystemDrugMyCore
L01XE31000C1001,Nintedanib 100 mg Capsule,Nintedanib 100 mg Capsule,http://fhir.hie.moh.gov.my/CodeSystem/drug-my-core,CodeSystemDrugMyCore
KPK00346,"Brinzolamide 1%, Brimonidine 0.2% Ophthalmic Suspension","Brinzolamide 1%, Brimonidine 0.2% Eye Su",http://fhir.hie.moh.gov.my/CodeSystem/drug-my-core,CodeSystemDrugMyCore
A10AE06000P5001,Insulin Degludec 100 IU/ml 3ml FlexTouch (Tresiba),Insulin Degludec 100 IU/ml 3ml FlexTouch,http://fhir.hie.moh.gov.my/CodeSystem/drug-my-core,CodeSystemDrugMyCore
RAW00198,Magnesium Sulphate Dried BP,Magnesium Sulphate Dried BP,http://fhir.hie.moh.gov.my/CodeSystem/drug-my-core,CodeSystemDrugMyCore
M01CC01000T1001,Penicillamine 250 mg Tablet,Penicillamine 250 mg Tablet,http://fhir.hie.moh.gov.my/CodeSystem/drug-my-core,CodeSystemDrugMyCore
IVA00050,Morphine Sulphate 1 mg/ml PCA (30ml),Morphine Sulphate 1 mg/ml PCA (30ml),http://fhir.hie.moh.gov.my/CodeSystem/drug-my-core,CodeSystemDrugMyCore
KPK00331,L-Methionine 500 mg Capsule,L-Methionine 500 mg Capsule,http://fhir.hie.moh.gov.my/CodeSystem/drug-my-core,CodeSystemDrugMyCore
A10AE04000P5001a,Insulin glargine (Basalog) 100 IU/ml Penfill Cartridge,Insulin glargine (Basalog) 100 IU/ml,http://fhir.hie.moh.gov.my/CodeSystem/drug-my-core,CodeSystemDrugMyCore
C03DA04000T1001,Eplerenone 25mg Tablet,Eplerenone 25 mg Tablet,http://fhir.hie.moh.gov.my/CodeSystem/drug-my-core,CodeSystemDrugMyCore
R07AA02000L8004,Calfactant Intratracheal Suspension (3ml),Calfactant Intratracheal Suspension (3ml,http://fhir.hie.moh.gov.my/CodeSystem/drug-my-core,CodeSystemDrugMyCore
R07AA02000L8005,Calfactant Intratracheal Suspension (6ml),Calfactant Intratracheal Suspension (6ml,http://fhir.hie.moh.gov.my/CodeSystem/drug-my-core,CodeSystemDrugMyCore
B05DB00908H2002a,Peritoneal Dialysis with 4.25% Dextrose Solution (5 Litres),Peritoneal Dialysis. 4.25% Dext 5L,http://fhir.hie.moh.gov.my/CodeSystem/drug-my-core,CodeSystemDrugMyCore
B05ZA00908H1001n,Haemodialysis Concentrate Acidic Component 10L Can (Renacid K4S),Renacid K4S,http://fhir.hie.moh.gov.my/CodeSystem/drug-my-core,CodeSystemDrugMyCore
B05ZA00908H1001p,Haemodialysis Concentrate Acidic Component 10L Can (Renacid K6S),Renacid K6S,http://fhir.hie.moh.gov.my/CodeSystem/drug-my-core,CodeSystemDrugMyCore
R06AB04253P3001a,Chlorpheniramine 10mg/ml Injection (10ml Vial),Chlorpheniramine 100mg/10ml Injection,http://fhir.hie.moh.gov.my/CodeSystem/drug-my-core,CodeSystemDrugMyCore
RPH000089,Tc-99m Sterile Generator 800 mCi,Tc-99m Sterile Generator 800 mCi,http://fhir.hie.moh.gov.my/CodeSystem/drug-my-core,CodeSystemDrugMyCore
RPH000090,Tc-99m Sterile Generator 1000 mCi,Tc-99m Sterile Generator 1000 mCi,http://fhir.hie.moh.gov.my/CodeSystem/drug-my-core,CodeSystemDrugMyCore
RPH000091,Tc-99m Sterile Generator 1200 mCi,Tc-99m Sterile Generator 1200 mCi,http://fhir.hie.moh.gov.my/CodeSystem/drug-my-core,CodeSystemDrugMyCore
L04AC05000P3003,Ustekinumab 130 mg Injection,Ustekinumab 130 mg Injection,http://fhir.hie.moh.gov.my/CodeSystem/drug-my-core,CodeSystemDrugMyCore
B02BD06000P4001XX,Factor VIII and Von Willebrand factor 1000 IU Injection,"Factor VIII, Von Willebrand 1000 iu Inj",http://fhir.hie.moh.gov.my/CodeSystem/drug-my-core,CodeSystemDrugMyCore
KPK00352,"Zinc 15mg, B6 50mg, Vit A 2500 iu Tablet","Zinc 15mg, B6 50mg, Vit A 2500 iu Tablet",http://fhir.hie.moh.gov.my/CodeSystem/drug-my-core,CodeSystemDrugMyCore
KPK00351,Tafluprost 15mcg/ml and Timolol 5mg/ml Ophthalmic solution (single use),"Tafluprost 15mcg/ml, Timolol 5mg/ml Eye",http://fhir.hie.moh.gov.my/CodeSystem/drug-my-core,CodeSystemDrugMyCore
RAW00143,Ethylenediaminetetraacetic acid (EDTA) Powder,Ethylenediaminetetraacetic acid (EDTA) P,http://fhir.hie.moh.gov.my/CodeSystem/drug-my-core,CodeSystemDrugMyCore
B05ZA00908H1002XX,Haemodialysis Concentrate with Bicarbonate,"Haemodialysis Concentrate, Bicarbonate",http://fhir.hie.moh.gov.my/CodeSystem/drug-my-core,CodeSystemDrugMyCore
KPK00357,Fentanyl Citrate 200 mcg Sublingual Tablet,Fentanyl Citrate 200 mcg Sublingual Tab,http://fhir.hie.moh.gov.my/CodeSystem/drug-my-core,CodeSystemDrugMyCore
J06BB05000P3001b,Rabies Human Monoclonal Antibody 100 IU/2.5ml Injection,Rabies Human Monoclonal Antibody,http://fhir.hie.moh.gov.my/CodeSystem/drug-my-core,CodeSystemDrugMyCore
RAW00204,Industrial Methylated Spirit (95%)BP - IMS (Industrial Denatured Alcohol),Industrial Methylated Spirit (95%),http://fhir.hie.moh.gov.my/CodeSystem/drug-my-core,CodeSystemDrugMyCore
KPK00359,Ceftolozane 1g + Tazobactam 500mg Injection,Ceftolozane 1g + Tazobactam 500mg Inj,http://fhir.hie.moh.gov.my/CodeSystem/drug-my-core,CodeSystemDrugMyCore
KPK00360,Glycopyrrolate 2 mg Tablet,Glycopyrrolate 2 mg Tablet,http://fhir.hie.moh.gov.my/CodeSystem/drug-my-core,CodeSystemDrugMyCore
A10AE06000P5002,Insulin Degludec 200 IU/ml 3ml FlexTouch (Tresiba),Insulin Degludec 200 IU/ml 3ml FlexTouch,http://fhir.hie.moh.gov.my/CodeSystem/drug-my-core,CodeSystemDrugMyCore
H02AB02162P3001a,Dexamethasone 8mg/2ml Injection (Preservative Free),Dexamethasone 8mg/2ml Inj (Free-Preserv,http://fhir.hie.moh.gov.my/CodeSystem/drug-my-core,CodeSystemDrugMyCore
J05AG05000T1001,Rilpivirine 25 mg Tablet,Rilpivirine 25 mg Tablet,http://fhir.hie.moh.gov.my/CodeSystem/drug-my-core,CodeSystemDrugMyCore
KPK00321,"Efavirenz 600mg,Emtricitabine 200mg,Tenofovir disoproxil 300mg Tablet","Efavirenz,Emtricitabine,Tenofovir Tab",http://fhir.hie.moh.gov.my/CodeSystem/drug-my-core,CodeSystemDrugMyCore
A02AB01250T1003,Aluminium Hydroxide 500 mg Tablet,Aluminium Hydroxide 500 mg Tablet,http://fhir.hie.moh.gov.my/CodeSystem/drug-my-core,CodeSystemDrugMyCore
B03BA03000P3002,Hydroxocobalamin 10mg/2ml injection,Hydroxocobalamin 10mg/2ml injection,http://fhir.hie.moh.gov.my/CodeSystem/drug-my-core,CodeSystemDrugMyCore
RPH000069,DOTA-[NAL3]-Octreotate Injection (DOTA-NOC Acetate),DOTA-[NAL3]-Octreotate Injection,http://fhir.hie.moh.gov.my/CodeSystem/drug-my-core,CodeSystemDrugMyCore
RPH000070,DOTA-[TRY3]-Octreotate Inj (GMP) (DOTA-TOC),DOTA-[TRY3]-Octreotate Inj (GMP),http://fhir.hie.moh.gov.my/CodeSystem/drug-my-core,CodeSystemDrugMyCore
RPH000071,DOTA-Octreotate 1mg Injection (Ha) (DOTATATE),DOTA-Octreotate 1mg Inj (Ha) (DOTATATE),http://fhir.hie.moh.gov.my/CodeSystem/drug-my-core,CodeSystemDrugMyCore
RAW00199,Proflavine Hemisulphate,Proflavine Hemisulphate,http://fhir.hie.moh.gov.my/CodeSystem/drug-my-core,CodeSystemDrugMyCore
KPK00325,Sodium Nitrate 300mg/10ml and Sodium Thiosulfate 12.5g/50ml Injection Set,Sodium Nitrate/Sodium Thiosulfate Inj Se,http://fhir.hie.moh.gov.my/CodeSystem/drug-my-core,CodeSystemDrugMyCore
RAW00200,Sulfacetamide Sodium BP powder,Sulfacetamide Sodium BP powder,http://fhir.hie.moh.gov.my/CodeSystem/drug-my-core,CodeSystemDrugMyCore
KPK00328,Multivitamin and Mineral Chewable Tablet,Multivitamin and Mineral Chewable Tablet,http://fhir.hie.moh.gov.my/CodeSystem/drug-my-core,CodeSystemDrugMyCore
KPK00334,Calcium citrate 315 mg and Vitamin D 250iu Capsule/Tablet,"Calcium citr 315mg, Vitamin D 250iu tab",http://fhir.hie.moh.gov.my/CodeSystem/drug-my-core,CodeSystemDrugMyCore
RAW00203,Concentrated Chloroform Water BPC (10% v/v),Concentrated Chloroform Water BPC (10%),http://fhir.hie.moh.gov.my/CodeSystem/drug-my-core,CodeSystemDrugMyCore
KPK00336,Recombinant Human Beta-Glucuronidase 10mg/5ml Injection (rhGUS),Recombinant Human Beta-Glucuronidase,http://fhir.hie.moh.gov.my/CodeSystem/drug-my-core,CodeSystemDrugMyCore
KPK00338,Sterile Talc Powder 4g Bottle/Vial/Pack,Sterile Talc Powder 4g Bottle/Vial/Pack,http://fhir.hie.moh.gov.my/CodeSystem/drug-my-core,CodeSystemDrugMyCore
B03XA02000P5003,Darbepoetin Alfa 40 mcg prefilled syringe,Darbepoetin Alfa 40 mcg syringe,http://fhir.hie.moh.gov.my/CodeSystem/drug-my-core,CodeSystemDrugMyCore
B03XA02000P5004,Darbepoetin Alfa 120 mcg prefilled syringe,Darbepoetin Alfa 120 mcg syringe,http://fhir.hie.moh.gov.my/CodeSystem/drug-my-core,CodeSystemDrugMyCore
S01XA20000G32XX,Artificial Tears/ Eye Lubricant Ophthalmic Gel,Artificial Tears/ Eye Lubricant Gel,http://fhir.hie.moh.gov.my/CodeSystem/drug-my-core,CodeSystemDrugMyCore
J01FF01110C1002,Clindamycin 150 mg Capsule,Clindamycin 150 mg Capsule,http://fhir.hie.moh.gov.my/CodeSystem/drug-my-core,CodeSystemDrugMyCore
PNA00033,Smof Kabiven Electrolyte-free 1100kcal 986ml,Smof Kabiven Electrolyte-free 1100kcal,http://fhir.hie.moh.gov.my/CodeSystem/drug-my-core,CodeSystemDrugMyCore
PNA00034,Smof Kabiven Electrolyte-free 1600kcal 1477ml,Smof Kabiven Electrolyte-free 1600kcal,http://fhir.hie.moh.gov.my/CodeSystem/drug-my-core,CodeSystemDrugMyCore
S01ED01253D2002c,"Timolol Maleate 0.5% Eye Drops, Preservative Free (5ml)",Timolol 0.5% EyeDrop Preservative Free,http://fhir.hie.moh.gov.my/CodeSystem/drug-my-core,CodeSystemDrugMyCore
KPK00353,"Cholecalciferol (Vitamin D3) 600,000 IU Injection","Cholecalciferol 600,000 IU Injection",http://fhir.hie.moh.gov.my/CodeSystem/drug-my-core,CodeSystemDrugMyCore
KPK00354,Paclitaxel 150mg/25ml Injection,Paclitaxel 150mg/25ml Injection,http://fhir.hie.moh.gov.my/CodeSystem/drug-my-core,CodeSystemDrugMyCore
D11AH02000G1001,Pimecrolimus 1% Cream,Pimecrolimus 1% Cream,http://fhir.hie.moh.gov.my/CodeSystem/drug-my-core,CodeSystemDrugMyCore
R03DC03520T2002XX,Montelukast Sodium 4 mg Chewable Tablet,Montelukast Sodium 4 mg Chewable Tablet,http://fhir.hie.moh.gov.my/CodeSystem/drug-my-core,CodeSystemDrugMyCore
KPK00358,Fentanyl Citrate 400 mcg Sublingual Tablet,Fentanyl Citrate 400 mcg Sublingual Tab,http://fhir.hie.moh.gov.my/CodeSystem/drug-my-core,CodeSystemDrugMyCore
A10BX12000T1001,Empagliflozin 10 mg Tablet,Empagliflozin 10 mg Tablet,http://fhir.hie.moh.gov.my/CodeSystem/drug-my-core,CodeSystemDrugMyCore
KPK00323,Dimercaptosuccinic acid 200 mg Capsule,Dimercaptosuccinic acid 200 mg Capsule,http://fhir.hie.moh.gov.my/CodeSystem/drug-my-core,CodeSystemDrugMyCore
N06BA07000T1002,Modafinil 200 mg Tablet,Modafinil 200 mg Tablet,http://fhir.hie.moh.gov.my/CodeSystem/drug-my-core,CodeSystemDrugMyCore
RPH000080,Sodium Pyrophosphate Decahydrate 20.12mg + Stannous Chloride Dihyrate 4.05mg Inj,Sodium Pyrophosphate Decahydrate 20.12mg,http://fhir.hie.moh.gov.my/CodeSystem/drug-my-core,CodeSystemDrugMyCore
RPH000081,Fluorine-18 Fluorodeoxyglucose,Fluorine-18 Fluorodeoxyglucose,http://fhir.hie.moh.gov.my/CodeSystem/drug-my-core,CodeSystemDrugMyCore
RPH000082,Methylene Diphosphonate (MDP) (Medronate) Injection,Methylene Diphosphonate (MDP) Inj,http://fhir.hie.moh.gov.my/CodeSystem/drug-my-core,CodeSystemDrugMyCore
RPH000083,Pentatate (Diethylenetriamine Pentaacetic Acid - DTPA) Injection,Pentatate DTPA Injection,http://fhir.hie.moh.gov.my/CodeSystem/drug-my-core,CodeSystemDrugMyCore
RPH000084,Yttrium-90 resin microspheres 3.0 GBq,Yttrium-90 resin microspheres 3.0 GBq,http://fhir.hie.moh.gov.my/CodeSystem/drug-my-core,CodeSystemDrugMyCore
RPH000085,Germanium-68/Gallium-68 25mci Generator,Germanium-68/Gallium-68 25mci Generator,http://fhir.hie.moh.gov.my/CodeSystem/drug-my-core,CodeSystemDrugMyCore
S01EE05000D2001,Tafluprost 0.0015% Ophthalmic Solution,Tafluprost 0.0015% Ophthalmic Solution,http://fhir.hie.moh.gov.my/CodeSystem/drug-my-core,CodeSystemDrugMyCore
B05ZA00908H1004,Bicarbonate Dialysate Solution without Potassium for CRRT (Duosol),Duosol without Potasium,http://fhir.hie.moh.gov.my/CodeSystem/drug-my-core,CodeSystemDrugMyCore
KPK00327,Ferric hexacyanoferrate (Prussian Blue) 500 mg Capsule/Tablet,Prussian Blue 500 mg Capsule/Tablet,http://fhir.hie.moh.gov.my/CodeSystem/drug-my-core,CodeSystemDrugMyCore
KPK00329,Multivitamin and Mineral Paediatric Liquid,Multivitamin and Mineral Paediatric Liq,http://fhir.hie.moh.gov.my/CodeSystem/drug-my-core,CodeSystemDrugMyCore
KPK00335,Mirabegron 50 mg PROLONGED RELEASE Tablet,Mirabegron 50 mg PROLONGED RELEASE Tab,http://fhir.hie.moh.gov.my/CodeSystem/drug-my-core,CodeSystemDrugMyCore
L01XE27000C1001,Ibrutinib 140 mg Capsule,Ibrutinib 140 mg Capsule,http://fhir.hie.moh.gov.my/CodeSystem/drug-my-core,CodeSystemDrugMyCore
B03XA02000P5001,Darbepoetin Alfa 20 mcg prefilled syringe,Darbepoetin Alfa 20 mcg Syringe,http://fhir.hie.moh.gov.my/CodeSystem/drug-my-core,CodeSystemDrugMyCore
V08BA01183L8001a,Barium Sulphate Powder for Suspension (176g),Barium Sulphate Powder for Suspension,http://fhir.hie.moh.gov.my/CodeSystem/drug-my-core,CodeSystemDrugMyCore
J01CR02961F2104,Amoxicillin 125mg/5ml Suspension (+clavulanate),Amoxicillin 125mg/5ml Susp (+clav),http://fhir.hie.moh.gov.my/CodeSystem/drug-my-core,CodeSystemDrugMyCore
B05DB00908H2001a,Peritoneal Dialysis Solution with 1.5% Dextrose (5 Litres),Peritoneal Dialysis Soln 1.5% Dext 5L,http://fhir.hie.moh.gov.my/CodeSystem/drug-my-core,CodeSystemDrugMyCore
B02BD01000P4002,"Factor IX, II, and X in combination 500 IU / vial Injection","Factor IX, II, and X 500 IU Inj",http://fhir.hie.moh.gov.my/CodeSystem/drug-my-core,CodeSystemDrugMyCore
KPK00342,Dapagliflozin 5mg / Metformin 1000mg EXTENDED RELEASE Tablet,Dapagliflozin/Metformin 5/1000 mg XR Tab,http://fhir.hie.moh.gov.my/CodeSystem/drug-my-core,CodeSystemDrugMyCore
KPK00348,Daratumumab 100 mg injection (20mg/ml),Daratumumab 100 mg injection (20mg/ml),http://fhir.hie.moh.gov.my/CodeSystem/drug-my-core,CodeSystemDrugMyCore
EYE00039,Ganciclovir 2% Eye Drop,Ganciclovir 2% Eye Drop,http://fhir.hie.moh.gov.my/CodeSystem/drug-my-core,CodeSystemDrugMyCore
KPK00356,Fentanyl Citrate 100 mcg Sublingual Tablet,Fentanyl Citrate 100 mcg Sublingual Tab,http://fhir.hie.moh.gov.my/CodeSystem/drug-my-core,CodeSystemDrugMyCore
B01AD04000P4005,"Urokinase 10,000 IU powder for Injection","Urokinase 10,000 IU powder for Injection",http://fhir.hie.moh.gov.my/CodeSystem/drug-my-core,CodeSystemDrugMyCore
B02BD03000P4001a,Factor VIII Inhibitor Bypassing Fraction 1000 IU Powder for Injection (FEIBA),Factor VIII 1000 IU Inh Bypass Fraction,http://fhir.hie.moh.gov.my/CodeSystem/drug-my-core,CodeSystemDrugMyCore
KPK00261,Pooled Human Plasma (Blood Group O) 200ml Bag,Pooled Human Plasma (Group O) 200ml,http://fhir.hie.moh.gov.my/CodeSystem/drug-my-core,CodeSystemDrugMyCore
A10AB01000P5001d,Insulin regular (Insugen-R) 100 IU/mL Penfill,Insulin regular (Insugen-R) 100 IU/mL P,http://fhir.hie.moh.gov.my/CodeSystem/drug-my-core,CodeSystemDrugMyCore
M05BA01520T1001,Etidronate Disodium 200 mg Tablet,Etidronate Disodium 200 mg Tablet,http://fhir.hie.moh.gov.my/CodeSystem/drug-my-core,CodeSystemDrugMyCore
R03AK11989A2101,Fluticasone 125mcg/Formoterol 5mcg MDI (120 doses),Fluticasone/Formoterol 125/5 MDI,http://fhir.hie.moh.gov.my/CodeSystem/drug-my-core,CodeSystemDrugMyCore
C03CA01000L9001,Frusemide 10mg/ml oral solution,Frusemide 10mg/ml oral solution,http://fhir.hie.moh.gov.my/CodeSystem/drug-my-core,CodeSystemDrugMyCore
A10AC01000P5001e,Insulin isophane (Insulatard) 100 IU/mL Flexpen,Insulatard 100 IU/mL Flexpen,http://fhir.hie.moh.gov.my/CodeSystem/drug-my-core,CodeSystemDrugMyCore
C09DX04000T1002,"Sacubitril 49mg, Valsartan 51mg Tablet","Sacubitril 49mg, Valsartan 51mg Tablet",http://fhir.hie.moh.gov.my/CodeSystem/drug-my-core,CodeSystemDrugMyCore
C09DX04000T1001,"Sacubitril 24mg, Valsartan 26mg Tablet","Sacubitril 24mg, Valsartan 26mg Tablet",http://fhir.hie.moh.gov.my/CodeSystem/drug-my-core,CodeSystemDrugMyCore
L01XE29000T1002,Lenvatinib 10 mg Tablet/Capsule,Lenvatinib 10 mg Tablet/Capsule,http://fhir.hie.moh.gov.my/CodeSystem/drug-my-core,CodeSystemDrugMyCore
D08AG03000A4002,Povidone Iodine Dry Powder Spray 2.5% w/w,Povidone Iodine Dry Powder Spray 2.5%,http://fhir.hie.moh.gov.my/CodeSystem/drug-my-core,CodeSystemDrugMyCore
B05ZA00908H1001k,Haemodialysis Concentrate (FME 2A),Haemodialysis Concentrate  (FME 2A),http://fhir.hie.moh.gov.my/CodeSystem/drug-my-core,CodeSystemDrugMyCore
D02BA02000G1001f,Sunscreen (Titanium dioxide) 9.8% Cream,Sunscreen (Titanium dioxide) 9.8% Cream,http://fhir.hie.moh.gov.my/CodeSystem/drug-my-core,CodeSystemDrugMyCore
D06BX01000G3001,Metronidazole 0.75% Gel,Metronidazole 0.75% Gel,http://fhir.hie.moh.gov.my/CodeSystem/drug-my-core,CodeSystemDrugMyCore
L01XX50000C1002,Ixazomib 3 mg Capsule,Ixazomib 3 mg Capsule,http://fhir.hie.moh.gov.my/CodeSystem/drug-my-core,CodeSystemDrugMyCore
RAW00202,Resorcinol BP,Resorcinol BP,http://fhir.hie.moh.gov.my/CodeSystem/drug-my-core,CodeSystemDrugMyCore
KPK00330,Propamidine isetionate 0.1% w/v Eye Drops,Propamidine isetionate 0.1% w/v Eye Drop,http://fhir.hie.moh.gov.my/CodeSystem/drug-my-core,CodeSystemDrugMyCore
IVA00051,Bupivacaine 1 mg/ml + Fentanyl 2 mcg/ml Epidural (50ml),"Bupivacaine 1mg/ml ,Fentanyl 2 mcg/ml Ep",http://fhir.hie.moh.gov.my/CodeSystem/drug-my-core,CodeSystemDrugMyCore
J07AH04000P4001a,Meningococcal ACYW 135 Vaccine (1 dose),Meningococcal ACYW 135 Vaccine (1 dose),http://fhir.hie.moh.gov.my/CodeSystem/drug-my-core,CodeSystemDrugMyCore
V03AB37000P3001,Idarucizumab 2.5 g/50 mL solution for injection/infusion,Idarucizumab 2.5g/50mL solution for inj,http://fhir.hie.moh.gov.my/CodeSystem/drug-my-core,CodeSystemDrugMyCore
B03AB05000L9002,Iron(III) Polymaltose Complex 50mg iron/ml Oral Drops,Iron(III) Polymaltose 50mg iron/ml Oral,http://fhir.hie.moh.gov.my/CodeSystem/drug-my-core,CodeSystemDrugMyCore
N05BA06000P3001,Lorazepam 2mg/ml Injection,Lorazepam 2mg/ml Injection,http://fhir.hie.moh.gov.my/CodeSystem/drug-my-core,CodeSystemDrugMyCore
N01BB53974P3001a,"Mepivacaine HCl 2% with Adrenaline (1:100,000) Injection (1.8ml)","Mepivacaine HCl 2%, Adrenaline Inj (1.8m",http://fhir.hie.moh.gov.my/CodeSystem/drug-my-core,CodeSystemDrugMyCore
R01A000999L5001a,Alkaline Nasal Douche (Sachet),Alkaline Nasal Douche (Sachet),http://fhir.hie.moh.gov.my/CodeSystem/drug-my-core,CodeSystemDrugMyCore
M01AX05000T1002,Glucosamine 1500 mg Tablet,Glucosamine 1500 mg Tablet,http://fhir.hie.moh.gov.my/CodeSystem/drug-my-core,CodeSystemDrugMyCore
J02AC03000L8001,Voriconazole 40 mg/ml Suspension,Voriconazole 40 mg/ml Suspension,http://fhir.hie.moh.gov.my/CodeSystem/drug-my-core,CodeSystemDrugMyCore
L01XC02000P3004,Rituximab 1400mg/11.7ml Subcutaneous Injection,Rituximab 1400mg/11.7ml Subcutaneous Inj,http://fhir.hie.moh.gov.my/CodeSystem/drug-my-core,CodeSystemDrugMyCore
C10AX14000P5001,Alirocumab 75 mg/ml Injection,Alirocumab 75 mg/ml Injection,http://fhir.hie.moh.gov.my/CodeSystem/drug-my-core,CodeSystemDrugMyCore
N05BA01000T1003,Diazepam 10 mg Tablet,Diazepam 10 mg Tablet,http://fhir.hie.moh.gov.my/CodeSystem/drug-my-core,CodeSystemDrugMyCore
D02BA02000G1001g,Sunscreen (Titanium dioxide) 8.5% Cream,Sunscreen (Titanium 8.5%) Cream,http://fhir.hie.moh.gov.my/CodeSystem/drug-my-core,CodeSystemDrugMyCore
A01AC02000G6001,Dexamethasone 1 mg/g Oral Paste,Dexamethasone 1 mg/g Oral Paste,http://fhir.hie.moh.gov.my/CodeSystem/drug-my-core,CodeSystemDrugMyCore
KPK00362,Carfilzomib 60mg Powder for Injection,Carfilzomib 60mg Powder for Injection,http://fhir.hie.moh.gov.my/CodeSystem/drug-my-core,CodeSystemDrugMyCore
L04AX05000T1002,Pirfenidone 267mg Tablet,Pirfenidone 267mg Tablet,http://fhir.hie.moh.gov.my/CodeSystem/drug-my-core,CodeSystemDrugMyCore
KPK00365,Ranolazine 500 mg PROLONGED RELEASE Tablet,Ranolazine 500 mg PROLONGED RELEASE Tab,http://fhir.hie.moh.gov.my/CodeSystem/drug-my-core,CodeSystemDrugMyCore
IVA00054,Soluvit N in Lipid 20% Solution,Soluvit N in Lipid 20% Solution,http://fhir.hie.moh.gov.my/CodeSystem/drug-my-core,CodeSystemDrugMyCore
KPK00366,Isoniazid 500mg/5ml Injection,Isoniazid 500mg/5ml Injection,http://fhir.hie.moh.gov.my/CodeSystem/drug-my-core,CodeSystemDrugMyCore
J05AE10000T1002,Darunavir 600mg Film-coated Tablet,Darunavir 600mg Film-coated Tablet,http://fhir.hie.moh.gov.my/CodeSystem/drug-my-core,CodeSystemDrugMyCore
RAW00205,Benzalkonium Chloride 50% Liquid,Benzalkonium Chloride 50% Liquid,http://fhir.hie.moh.gov.my/CodeSystem/drug-my-core,CodeSystemDrugMyCore
C01CA17110T1002,Midodrine HCl 2.5 mg Tablet,Midodrine HCl 2.5 mg Tablet,http://fhir.hie.moh.gov.my/CodeSystem/drug-my-core,CodeSystemDrugMyCore
J06BB05000P3001c,Antirabies Immunoglobulin (Equine) 300 iu/ml in 5ml inj,Antirabies Immunoglobulin (Equine),http://fhir.hie.moh.gov.my/CodeSystem/drug-my-core,CodeSystemDrugMyCore
N06AX26330T3201,Vortioxetine 10 mg Tablet,Vortioxetine 10 mg Tablet,http://fhir.hie.moh.gov.my/CodeSystem/drug-my-core,CodeSystemDrugMyCore
J05AP54000T3201,Grazoprevir 100mg & Elbasvir 50mg Film-coated Tablets,Grazoprevir 100mg & Elbasvir 50mg Tab,http://fhir.hie.moh.gov.my/CodeSystem/drug-my-core,CodeSystemDrugMyCore
A11DA01110P3001a,Thiamine HCl 200mg/2ml Injection,Thiamine HCl 200mg/2ml Injection,http://fhir.hie.moh.gov.my/CodeSystem/drug-my-core,CodeSystemDrugMyCore
KPK00361,"Sodium Picosulfate, Magnesium Oxide and Citric Acid Oral Powder","Sod.Picosulfate, Mg Oxide, Citric Acid",http://fhir.hie.moh.gov.my/CodeSystem/drug-my-core,CodeSystemDrugMyCore
KPK00363,Riboflavine 50 mg Tablet,Riboflavine 50 mg Tablet,http://fhir.hie.moh.gov.my/CodeSystem/drug-my-core,CodeSystemDrugMyCore
B05XA31998P3301,Trace Element-Adult (Addaven) 10ml Inj,Trace Element-Adult (Addaven) 10ml Inj,http://fhir.hie.moh.gov.my/CodeSystem/drug-my-core,CodeSystemDrugMyCore
RAW00207,Red Solution (Food Colouring/Food Dye),Red Solution (Food Colouring/Food Dye),http://fhir.hie.moh.gov.my/CodeSystem/drug-my-core,CodeSystemDrugMyCore
KPK00364,Daclatasvir 30mg Tablet,Daclatasvir 30mg Tablet,http://fhir.hie.moh.gov.my/CodeSystem/drug-my-core,CodeSystemDrugMyCore
A07EC02259S2003,Mesalazine 500 mg Suppository,Mesalazine 500 mg Suppository,http://fhir.hie.moh.gov.my/CodeSystem/drug-my-core,CodeSystemDrugMyCore
IVA00052,Vitalipid and Soluvit Injection (Paeds),Vitalipid and Soluvit Injection,http://fhir.hie.moh.gov.my/CodeSystem/drug-my-core,CodeSystemDrugMyCore
IVA00053,Vitalipid and Soluvit Injection (Adult),Vitalipid and Soluvit Injection (Adult),http://fhir.hie.moh.gov.my/CodeSystem/drug-my-core,CodeSystemDrugMyCore
RPH000092,Germanium-68/Gallium-68 32mci Generator,Germanium-68/Gallium-68 32mci Generator,http://fhir.hie.moh.gov.my/CodeSystem/drug-my-core,CodeSystemDrugMyCore
D07CC01948G1002,Fusidic Acid 2% in Betamethasone 0.05% Cream,"Fusidic Acid 2%, Betamethasone 0.05% Cr",http://fhir.hie.moh.gov.my/CodeSystem/drug-my-core,CodeSystemDrugMyCore
RAW00206,Potassium Dihydrogen Phosphate (KH2PO4),Potassium Dihydrogen Phosphate (KH2PO4),http://fhir.hie.moh.gov.my/CodeSystem/drug-my-core,CodeSystemDrugMyCore
N03AD01000C1001,Ethosuximide 250mg Capsule,Ethosuximide 250mg Capsule,http://fhir.hie.moh.gov.my/CodeSystem/drug-my-core,CodeSystemDrugMyCore
KPK00367,Ribociclib 200 mg Tablet,Ribociclib 200 mg Tablet,http://fhir.hie.moh.gov.my/CodeSystem/drug-my-core,CodeSystemDrugMyCore
KPK00368,Durvalumab 500mg / 10ml Concentrate for Infusion,Durvalumab 500mg / 10ml Injection,http://fhir.hie.moh.gov.my/CodeSystem/drug-my-core,CodeSystemDrugMyCore
J06BB05000P3001d,Antirabies Immunoglobulin (Human) 300 iu/ml in 1ml inj,Antirabies Immunoglobulin 300 iu/ml,http://fhir.hie.moh.gov.my/CodeSystem/drug-my-core,CodeSystemDrugMyCore
R03AL06989A1001,"Tiotropium 2.5mcg and Olodaterol 2.5mcg per actuation, inhalation",Tiotropium and Olodaterol 2.5mcg/2.5mcg,http://fhir.hie.moh.gov.my/CodeSystem/drug-my-core,CodeSystemDrugMyCore
KPK00369,Anakinra 100mg/0.67ml Injection (Prefilled Syringe),Anakinra 100mg/0.67ml Injection,http://fhir.hie.moh.gov.my/CodeSystem/drug-my-core,CodeSystemDrugMyCore
A06AD17921L5001,Sod Dihydrogen Phosphate Dihydrate 24.4g Disod Phosphate Dodecahydrate 10.8g,Phospho-Soda 24.4g/10.8g,http://fhir.hie.moh.gov.my/CodeSystem/drug-my-core,CodeSystemDrugMyCore
S01XA20900G51XX,Artificial Tears/eye Lubricant Ophthalmic Ointment,Artificial tears/eye lubricant eye oint,http://fhir.hie.moh.gov.my/CodeSystem/drug-my-core,CodeSystemDrugMyCore
KPK00370,"Urokinase 5,000 IU Injection","Urokinase 5,000 IU Injection",http://fhir.hie.moh.gov.my/CodeSystem/drug-my-core,CodeSystemDrugMyCore
C07AB12110T1001,Nebivolol 5 mg Tablet,Nebivolol 5 mg Tablet,http://fhir.hie.moh.gov.my/CodeSystem/drug-my-core,CodeSystemDrugMyCore
L01XC13000P3301,Pertuzumab 420mg Solution for Infusion,Pertuzumab 420mg Solution for Infusion,http://fhir.hie.moh.gov.my/CodeSystem/drug-my-core,CodeSystemDrugMyCore
A10AB01000P3001c,"Insulin regular (Insugen-R) 100 IU/mL, 10 ml Vial","Insugen-R) 100 IU/mL, 10 ml vial",http://fhir.hie.moh.gov.my/CodeSystem/drug-my-core,CodeSystemDrugMyCore
A10AD06925P5001,Insulin Degludec/Aspart 100IU/ml 3ml FlexTouch (Ryzodeg),Insulin Degludec/Aspart 100IU/ml,http://fhir.hie.moh.gov.my/CodeSystem/drug-my-core,CodeSystemDrugMyCore
B01AD04000P4001a,"Urokinase 60,000 IU/10ml Injection","Urokinase 60,000 IU/10ml Injection",http://fhir.hie.moh.gov.my/CodeSystem/drug-my-core,CodeSystemDrugMyCore
B05ZA00908H1001r,Haemodialysis Concentrate Acidic Component (Solution A) - Calcium 1mmol/L (BI-Haemosol 5A),Haemodialysis Conc A Calcium 1mmol/L,http://fhir.hie.moh.gov.my/CodeSystem/drug-my-core,CodeSystemDrugMyCore
B05ZA00908H1002a,Haemodialysis Concentrate Bicarbonate Component (Solution B) (BI-Haemosol 1B),Haemodialysis Conc Bicarbonate,http://fhir.hie.moh.gov.my/CodeSystem/drug-my-core,CodeSystemDrugMyCore
L04AB06000P5001a,Golimumab 50 mg/4ml Concentrate Solution for Infusion,Golimumab 50 mg/4ml Concentrate Solution,http://fhir.hie.moh.gov.my/CodeSystem/drug-my-core,CodeSystemDrugMyCore
V03AC03000T3201,Deferasirox 90mg Film-Coated Tablets,Deferasirox 90mg Film-Coated Tab,http://fhir.hie.moh.gov.my/CodeSystem/drug-my-core,CodeSystemDrugMyCore
V03AC03000T3202,Deferasirox 180mg Film-Coated Tablets,Deferasirox 180mg Film-Coated Tablets,http://fhir.hie.moh.gov.my/CodeSystem/drug-my-core,CodeSystemDrugMyCore
C01EB18000T5201,Ranolazine 375 mg PROLONGED RELEASE Tablet,Ranolazine 375 mg PROLONGED RELEASE Tab,http://fhir.hie.moh.gov.my/CodeSystem/drug-my-core,CodeSystemDrugMyCore
KPK00246,L-Carnitine 500mg Tablet/Capsule,L-Carnitine 500mg Tablet/Capsule,http://fhir.hie.moh.gov.my/CodeSystem/drug-my-core,CodeSystemDrugMyCore
GLN0100121,Glycerin 50% Oral Solution,Glycerin 50% Oral Solution,http://fhir.hie.moh.gov.my/CodeSystem/drug-my-core,CodeSystemDrugMyCore
C02KX04000T3201,Macitentan 10mg Film-Coated Tablets,Macitentan 10mg Film-Coated Tablets,http://fhir.hie.moh.gov.my/CodeSystem/drug-my-core,CodeSystemDrugMyCore
KPK00371,Diltiazem 2% Topical Gel,Diltiazem 2% Topical Gel,http://fhir.hie.moh.gov.my/CodeSystem/drug-my-core,CodeSystemDrugMyCore
A11CC05000L5001,"Cholecalciferol 25,000 IU per 1ml Oral Solution (single use amp)","Cholecalciferol 25,000 IU Oral Soln",http://fhir.hie.moh.gov.my/CodeSystem/drug-my-core,CodeSystemDrugMyCore
B01AD04000P4003,"Urokinase 500,000 IU Injection","Urokinase 500,000 IU Injection",http://fhir.hie.moh.gov.my/CodeSystem/drug-my-core,CodeSystemDrugMyCore
RAW00208,Phenol Liquid,Phenol Liquid,http://fhir.hie.moh.gov.my/CodeSystem/drug-my-core,CodeSystemDrugMyCore
S01XA20000D2003,Artificial Tears/Eye Lubricant Ophthalmic Solution (Single Use),Artificial Tears/Eye Oph.Sol Single Use,http://fhir.hie.moh.gov.my/CodeSystem/drug-my-core,CodeSystemDrugMyCore
RAW00209,Calcium Chloride Dihydrate Powder (CaCl2.2H2O),Calcium Chloride Dihydrate Powder,http://fhir.hie.moh.gov.my/CodeSystem/drug-my-core,CodeSystemDrugMyCore
S01XA20000D20XX,Artificial Tears/Eye Lubricant Ophthalmic Solution,Artificial Tears/Eye Lubricant Eye Drop,http://fhir.hie.moh.gov.my/CodeSystem/drug-my-core,CodeSystemDrugMyCore
V03AF03237P3002a,Leucovorin Calcium 300mg/30ml Injection (Folinic acid),Leucovorin Calcium 300mg/30ml Inj,http://fhir.hie.moh.gov.my/CodeSystem/drug-my-core,CodeSystemDrugMyCore
V03AC03000T3203,Deferasirox 360mg Film-Coated Tablets,Deferasirox 360mg Film-Coated Tab,http://fhir.hie.moh.gov.my/CodeSystem/drug-my-core,CodeSystemDrugMyCore
A11HA04000T1002,Riboflavine 5 mg Tablet,Riboflavine 5 mg Tablet,http://fhir.hie.moh.gov.my/CodeSystem/drug-my-core,CodeSystemDrugMyCore
A06AG00100G2001,"Sodium Chloride Enema, 20ml","Sodium Chloride Enema, 20ml",http://fhir.hie.moh.gov.my/CodeSystem/drug-my-core,CodeSystemDrugMyCore
B03AB06136L2102,Ferric Ammonium Citrate (80mg/5ml Elemental Iron) Mixture FAC,FAC 80mg/5ml Elemental Iron Mixture,http://fhir.hie.moh.gov.my/CodeSystem/drug-my-core,CodeSystemDrugMyCore
A16AB04000P4001,Agalsidase Beta 5 mg Powder for Injection,Agalsidase Beta 5 mg Injection,http://fhir.hie.moh.gov.my/CodeSystem/drug-my-core,CodeSystemDrugMyCore
A16AB04000P4002,Agalsidase Beta 35 mg Powder for Injection,Agalsidase Beta 35 mg Injection,http://fhir.hie.moh.gov.my/CodeSystem/drug-my-core,CodeSystemDrugMyCore
KPK00372,Cysteamine 3.8 mg/mL eye drops solution,Cysteamine 3.8 mg/mL eye drops solution,http://fhir.hie.moh.gov.my/CodeSystem/drug-my-core,CodeSystemDrugMyCore
J01CR02961F2102,Amoxicillin 200mg Oral Susp (+Clavulanate),Amoxicillin 200mg Oral Susp (+Clavulanat,http://fhir.hie.moh.gov.my/CodeSystem/drug-my-core,CodeSystemDrugMyCore
J01CR02961P4002,Amoxicillin 1g Injection (+Clavulanate),Amoxicillin 1g Injection (+Clavulanate),http://fhir.hie.moh.gov.my/CodeSystem/drug-my-core,CodeSystemDrugMyCore
PNA00036,Smof Kabiven Electrolyte-free 550kcal 493ml,SmofKabiven Electrolyte-free 550kcal 493,http://fhir.hie.moh.gov.my/CodeSystem/drug-my-core,CodeSystemDrugMyCore
KPK00379,Pregabalin 20mg/ml Oral Solution,Pregabalin 20mg/ml Oral Solution,http://fhir.hie.moh.gov.my/CodeSystem/drug-my-core,CodeSystemDrugMyCore
B05BB02905P6002,"Potassium Cl 0.15%, Dextrose 5% IV Soln 500ml","Potassium Cl 0.15%, Dextrose 5% IV Soln",http://fhir.hie.moh.gov.my/CodeSystem/drug-my-core,CodeSystemDrugMyCore
J05AF13138T3201,Tenofovir Alafenamide 25mg Film-Coated Tablet,Tenofovir Alafenamide 25mg FC Tab,http://fhir.hie.moh.gov.my/CodeSystem/drug-my-core,CodeSystemDrugMyCore
C10AX13000P3001,Evolocumab 140mg Injection,Evolocumab 140mg Injection,http://fhir.hie.moh.gov.my/CodeSystem/drug-my-core,CodeSystemDrugMyCore
A10BD15926T5001,Dapagliflozin 10mg/ Metformin 1000mg XR Tablet,Dapagliflozin/Metformin 10mg/1000mg XR T,http://fhir.hie.moh.gov.my/CodeSystem/drug-my-core,CodeSystemDrugMyCore
A10BJ05000P5001,Dulaglutide 0.75mg Injection (Single dose pen),Dulaglutide 0.75mg Injection Pen,http://fhir.hie.moh.gov.my/CodeSystem/drug-my-core,CodeSystemDrugMyCore
A10BJ05000P5002,Dulaglutide 1.5mg Injection (Single dose pen),Dulaglutide 1.5mg Injection Pen,http://fhir.hie.moh.gov.my/CodeSystem/drug-my-core,CodeSystemDrugMyCore
R03AK10989A2002,Fluticasone 100mcg/ Vilanterol 25mcg Inhaler (30 doses),Fluticasone/Vilanterol 100/25 Inh,http://fhir.hie.moh.gov.my/CodeSystem/drug-my-core,CodeSystemDrugMyCore
R03AK10989A2001,Fluticasone 200mcg/ Vilanterol 25mcg Inhaler (30 doses),Fluticasone/Vilanterol 200/25 Inh,http://fhir.hie.moh.gov.my/CodeSystem/drug-my-core,CodeSystemDrugMyCore
B03AC00000P3001,Ferric Derisomaltose 100mg/ml Injection,Ferric Derisomaltose 100mg/ml Injection,http://fhir.hie.moh.gov.my/CodeSystem/drug-my-core,CodeSystemDrugMyCore
L01XE31189C4001,Nintedanib Esilate (Eq. to Nintedanib 100mg) Soft Capsules,Nintedanib 100mg Capsule,http://fhir.hie.moh.gov.my/CodeSystem/drug-my-core,CodeSystemDrugMyCore
L01XE39000C4001,Midostaurin 25mg Capsule,Midostaurin 25mg Capsule,http://fhir.hie.moh.gov.my/CodeSystem/drug-my-core,CodeSystemDrugMyCore
KPK00378,Venetoclax 100 mg Tablet,Venetoclax 100 mg Tablet,http://fhir.hie.moh.gov.my/CodeSystem/drug-my-core,CodeSystemDrugMyCore
L01XC04000P3002,Alemtuzumab 12 mg/ 1.2ml Concentrate for Injection,Alemtuzumab 12 mg/ 1.2ml Injection,http://fhir.hie.moh.gov.my/CodeSystem/drug-my-core,CodeSystemDrugMyCore
KPK00375,Rurioctocog alfa pegol 250 IU/ 5ml Injection,Rurioctocog alfa pegol 250 IU/ 5ml Inj,http://fhir.hie.moh.gov.my/CodeSystem/drug-my-core,CodeSystemDrugMyCore
KPK00376,Rurioctocog alfa pegol 500 IU/ 5ml Injection,Rurioctocog alfa pegol 500 IU/ 5ml Injec,http://fhir.hie.moh.gov.my/CodeSystem/drug-my-core,CodeSystemDrugMyCore
KPK00377,Rurioctocog alfa pegol 1000 IU/ 5ml Injection,Rurioctocog alfa pegol 1000 IU/ 5ml Inj,http://fhir.hie.moh.gov.my/CodeSystem/drug-my-core,CodeSystemDrugMyCore
KPK00380,Rurioctocog alfa pegol 2000 IU/ 5ml Injection,Rurioctocog alfa pegol 2000 IU/ 5ml Inj,http://fhir.hie.moh.gov.my/CodeSystem/drug-my-core,CodeSystemDrugMyCore
L01XC17000P3301a,Nivolumab 40 mg/4 mL Injection,Nivolumab 40 mg/4 mL Injection,http://fhir.hie.moh.gov.my/CodeSystem/drug-my-core,CodeSystemDrugMyCore
L01XC17000P3301b,Nivolumab 100 mg/10 mL Injection,Nivolumab 100 mg/10 mL Injection,http://fhir.hie.moh.gov.my/CodeSystem/drug-my-core,CodeSystemDrugMyCore
KPK00381,Diazoxide 25 mg Capsule/Tablet,Diazoxide 25 mg Capsule/Tablet,http://fhir.hie.moh.gov.my/CodeSystem/drug-my-core,CodeSystemDrugMyCore
KPK00382,Inotuzumab Ozogamicin 0.9 mg Powder for IV Soln,Inotuzumab Ozogamicin 0.9 mg Powder for,http://fhir.hie.moh.gov.my/CodeSystem/drug-my-core,CodeSystemDrugMyCore
KPK00387,Lorlatinib 25 mg Tablet,Lorlatinib 25 mg Tablet,http://fhir.hie.moh.gov.my/CodeSystem/drug-my-core,CodeSystemDrugMyCore
L01XC32000P3301,Atezolizumab 1200 mg/20ml Conc for Infusion,Atezolizumab 1200 mg/20ml Inj,http://fhir.hie.moh.gov.my/CodeSystem/drug-my-core,CodeSystemDrugMyCore
N01BB09110P3001a,Ropivacaine HCl 2 mg/ml Injection (500ml),Ropivacaine HCl 2 mg/ml Injection (500ml,http://fhir.hie.moh.gov.my/CodeSystem/drug-my-core,CodeSystemDrugMyCore
L01XE36110C1101,Alectinib 150mg Capsule/Tablet,Alectinib 150mg Capsule/Tablet,http://fhir.hie.moh.gov.my/CodeSystem/drug-my-core,CodeSystemDrugMyCore
L01XC19000P4101,Blinatumomab 35 mcg Injection,Blinatumomab 35 mcg Injection,http://fhir.hie.moh.gov.my/CodeSystem/drug-my-core,CodeSystemDrugMyCore
L01XE28000C1101,Ceritinib 150mg Capsule/Tablet,Ceritinib 150mg Capsule,http://fhir.hie.moh.gov.my/CodeSystem/drug-my-core,CodeSystemDrugMyCore
A10BD15926T5002,Dapagliflozin 5mg/ Metformin 1000mg XR Tablet,Dapagliflozin Metformin 5mg/1000mg XR T,http://fhir.hie.moh.gov.my/CodeSystem/drug-my-core,CodeSystemDrugMyCore
A10BD15926T5003,Dapagliflozin 10mg/ Metformin 500mg XR Tablet,Dapagliflozin/Metformin 10mg/500mg XR T,http://fhir.hie.moh.gov.my/CodeSystem/drug-my-core,CodeSystemDrugMyCore
L01XE33000C1101,Palbociclib 75 mg Capsule/Tablet,Palbociclib 75 mg Capsule/Tablet,http://fhir.hie.moh.gov.my/CodeSystem/drug-my-core,CodeSystemDrugMyCore
L01XE33000C1102,Palbociclib 100 mg Capsule/Tablet,Palbociclib 100 mg Capsule/Tablet,http://fhir.hie.moh.gov.my/CodeSystem/drug-my-core,CodeSystemDrugMyCore
L01XE33000C1103,Palbociclib 125 mg Capsule/Tablet,Palbociclib 125 mg Capsule/Tablet,http://fhir.hie.moh.gov.my/CodeSystem/drug-my-core,CodeSystemDrugMyCore
L01XE31189C4002,Nintedanib Esilate (Eq. to Nintedanib 150mg) Soft Capsules,Nintedanib 150mg Capsule,http://fhir.hie.moh.gov.my/CodeSystem/drug-my-core,CodeSystemDrugMyCore
G03AD02122T1002,Ulipristal 5 mg Tablet,Ulipristal 5 mg Tablet,http://fhir.hie.moh.gov.my/CodeSystem/drug-my-core,CodeSystemDrugMyCore
L01XC21000P3301a,Ramucirumab 100mg/10ml Injection,Ramucirumab 100mg/10ml Injection,http://fhir.hie.moh.gov.my/CodeSystem/drug-my-core,CodeSystemDrugMyCore
L01XC21000P3301b,Ramucirumab 500mg/50ml Injection,Ramucirumab 500mg/50ml Injection,http://fhir.hie.moh.gov.my/CodeSystem/drug-my-core,CodeSystemDrugMyCore
RAW00210,Acetic Acid 10% Solution,Acetic Acid 10% Solution,http://fhir.hie.moh.gov.my/CodeSystem/drug-my-core,CodeSystemDrugMyCore
KPK00383,BCG 2-8 x 10*8 CFU (Bacillus Calmette-Guérin freeze-dried intravesical preparation),BCG 2-8 x 10*8 CFU,http://fhir.hie.moh.gov.my/CodeSystem/drug-my-core,CodeSystemDrugMyCore
KPK00384,Asfotase Alfa 18mg/0.45ml Injection,Asfotase Alfa 18mg/0.45ml Injection,http://fhir.hie.moh.gov.my/CodeSystem/drug-my-core,CodeSystemDrugMyCore
KPK00385,Asfotase Alfa 28mg/0.7ml Injection,Asfotase Alfa 28mg/0.7ml Injection,http://fhir.hie.moh.gov.my/CodeSystem/drug-my-core,CodeSystemDrugMyCore
KPK00386,Brivaracetam 50 mg Tablet,Brivaracetam 50 mg Tablet,http://fhir.hie.moh.gov.my/CodeSystem/drug-my-core,CodeSystemDrugMyCore
KPK00388,Lorlatinib 100 mg Tablet,Lorlatinib 100 mg Tablet,http://fhir.hie.moh.gov.my/CodeSystem/drug-my-core,CodeSystemDrugMyCore
KPK00389,Baclofen 0.05mg/ml Injection (1ml),Baclofen 0.05mg/ml Injection (1ml),http://fhir.hie.moh.gov.my/CodeSystem/drug-my-core,CodeSystemDrugMyCore
KPK00390,Dimercapto-propanesulphonate (DMPS) 250mg Injection,Dimercaptopropanesulphonate (DMPS) 250mg,http://fhir.hie.moh.gov.my/CodeSystem/drug-my-core,CodeSystemDrugMyCore
L01XC03000P4103,Trastuzumab emtansine 100 mg Injection,Trastuzumab emtansine 100 mg Injection,http://fhir.hie.moh.gov.my/CodeSystem/drug-my-core,CodeSystemDrugMyCore
L01XC03000P4104,Trastuzumab emtansine 160 mg Injection,Trastuzumab emtansine 160 mg Injection,http://fhir.hie.moh.gov.my/CodeSystem/drug-my-core,CodeSystemDrugMyCore
L01XC03000P4102,Trastuzumab 150 mg Injection,Trastuzumab 150 mg Injection,http://fhir.hie.moh.gov.my/CodeSystem/drug-my-core,CodeSystemDrugMyCore
L01CD01000P4101,Paclitaxel protein-bound 100mg Injectable Suspension,Paclitaxel protein-bound 100mg Inj,http://fhir.hie.moh.gov.my/CodeSystem/drug-my-core,CodeSystemDrugMyCore
KPK00374,Emicizumab 150mg/ml Injection,Emicizumab 150mg/ml Injection,http://fhir.hie.moh.gov.my/CodeSystem/drug-my-core,CodeSystemDrugMyCore
KPK00373,Emicizumab 30mg/ml Injection,Emicizumab 30mg/ml Injection,http://fhir.hie.moh.gov.my/CodeSystem/drug-my-core,CodeSystemDrugMyCore
KPK00391,Cerliponase alfa 150mg/5ml Injection,Cerliponase alfa 150mg/5ml Injection,http://fhir.hie.moh.gov.my/CodeSystem/drug-my-core,CodeSystemDrugMyCore
KPK00392,Guselkumab 100 mg single dose injection,Guselkumab 100 mg single dose injection,http://fhir.hie.moh.gov.my/CodeSystem/drug-my-core,CodeSystemDrugMyCore
KPK00395,Foscarnet 24mg/ml injection (250ml Inf Bott),Foscarnet 24mg/ml injection (250ml),http://fhir.hie.moh.gov.my/CodeSystem/drug-my-core,CodeSystemDrugMyCore
KPK00394,Glycopyrrolate 1 mg Tablet,Glycopyrrolate 1 mg Tablet,http://fhir.hie.moh.gov.my/CodeSystem/drug-my-core,CodeSystemDrugMyCore
R01AX30984G6001,"Bismuth, Iodoform, Liquid Paraffin (BIPP) Paste, Gauze 1 inch",BIPP Paste Gauze Roll 1 inch,http://fhir.hie.moh.gov.my/CodeSystem/drug-my-core,CodeSystemDrugMyCore
C08CA13110T1001,Lercanidipine HCL 10mg Tablet,Lercanidipine HCL 10mg Tablet,http://fhir.hie.moh.gov.my/CodeSystem/drug-my-core,CodeSystemDrugMyCore
C08CA13110T1002,Lercanidipine HCL 20mg Tablet,Lercanidipine HCL 20mg Tablet,http://fhir.hie.moh.gov.my/CodeSystem/drug-my-core,CodeSystemDrugMyCore
D08AC02137L9201a,Chlorhexidine Gluconate 0.05% Irrigation Soln 25ml (Sterile) Ampoule/Sachet,Chlorhexidine 0.05% Irrig Soln 25ml,http://fhir.hie.moh.gov.my/CodeSystem/drug-my-core,CodeSystemDrugMyCore
B01AC24000T3201,Ticagrelor 60 mg Tablet,Ticagrelor 60 mg Tablet,http://fhir.hie.moh.gov.my/CodeSystem/drug-my-core,CodeSystemDrugMyCore
KPK00393,Bioquinone Q10 300mg Cap (Ubidecarenone / Coenzyme Q10),Bioquinone Q10 300mg Cap (Coenzyme Q10),http://fhir.hie.moh.gov.my/CodeSystem/drug-my-core,CodeSystemDrugMyCore
S02DA30900D1001a,Docusate sodium Ear Drops (Ear Wax Softener),Docusate sodium Ear Drops,http://fhir.hie.moh.gov.my/CodeSystem/drug-my-core,CodeSystemDrugMyCore
C02KX05000T3203,Riociguat 2.5mg film-coated tablet,Riociguat 2.5mg FC Tablet,http://fhir.hie.moh.gov.my/CodeSystem/drug-my-core,CodeSystemDrugMyCore
IVA00057,Cefuroxime 5mg/0.5ml Intracameral,Cefuroxime 5mg/0.5ml Intracameral,http://fhir.hie.moh.gov.my/CodeSystem/drug-my-core,CodeSystemDrugMyCore
KPK00412,Abemaciclib 100mg Tablet,Abemaciclib 100mg Tablet,http://fhir.hie.moh.gov.my/CodeSystem/drug-my-core,CodeSystemDrugMyCore
A10BK03000T3202,Empagliflozin 25 mg Tablet,Empagliflozin 25 mg Tablet,http://fhir.hie.moh.gov.my/CodeSystem/drug-my-core,CodeSystemDrugMyCore
C02KX05000T3201,Riociguat 0.5mg Film-Coated Tablet,Riociguat 0.5mg Film-Coated Tablet,http://fhir.hie.moh.gov.my/CodeSystem/drug-my-core,CodeSystemDrugMyCore
C02KX05000T3204,Riociguat 1mg Film-Coated Tablet,Riociguat 1mg Film-Coated Tablet,http://fhir.hie.moh.gov.my/CodeSystem/drug-my-core,CodeSystemDrugMyCore
N01BB58974P3002,Articaine HCI  40 mg/ml & Adrenaline HCI  0.01 mg/ml Injection,"Articaine 40mg/ml, Adrenaline 0.01mg Inj",http://fhir.hie.moh.gov.my/CodeSystem/drug-my-core,CodeSystemDrugMyCore
N05AX12010P2001,Aripiprazole 400mg Prolonged-Release Suspension For Injection,Aripiprazole 400mg Susp for Inj,http://fhir.hie.moh.gov.my/CodeSystem/drug-my-core,CodeSystemDrugMyCore
A03AX13260L9001,Simethicone 50mg/5ml Syrup,Simethicone 50mg/5ml Syrup,http://fhir.hie.moh.gov.my/CodeSystem/drug-my-core,CodeSystemDrugMyCore
B01AB06390P5002,Nadroparin Calcium 2850 IU/0.3ml Prefilled Syringe,Nadroparin Calcium 2850 IU/0.3ml Inj,http://fhir.hie.moh.gov.my/CodeSystem/drug-my-core,CodeSystemDrugMyCore
KPK00432,Obeticholic Acid 5 mg Tablet,Obeticholic Acid 5 mg Tablet,http://fhir.hie.moh.gov.my/CodeSystem/drug-my-core,CodeSystemDrugMyCore
KPK00490,Rifampicin 75mg + Isoniazid 50mg Dispersible Tablet,Rifampicin 75mg + Isoniazid 50mg Tab,http://fhir.hie.moh.gov.my/CodeSystem/drug-my-core,CodeSystemDrugMyCore
KPK00491,Rifampicin 75mg/ Isoniazid 50mg/ Pyrazinamide 150mg Dispersible Tab,RMP 75mg/ INH 50mg/ PZA  150mg Tab,http://fhir.hie.moh.gov.my/CodeSystem/drug-my-core,CodeSystemDrugMyCore
L02AE04000P2002a,Triptorelin 0.1 mg Injection,Triptorelin 0.1 mg Injection,http://fhir.hie.moh.gov.my/CodeSystem/drug-my-core,CodeSystemDrugMyCore
GLN0100132,Famotidine 8mg/ml Oral Suspension,Famotidine 8mg/ml Oral Suspension,http://fhir.hie.moh.gov.my/CodeSystem/drug-my-core,CodeSystemDrugMyCore
L01XX32000P4002,Bortezomib 3.5 mg/3.5ml Powder for Solution for Injection,Bortezomib 3.5 mg/3.5ml Inj,http://fhir.hie.moh.gov.my/CodeSystem/drug-my-core,CodeSystemDrugMyCore
J07BC02000P5006,Hepatitis A Inactivated 1440 units Vaccine,Hepatitis A Inactivated 1440 units Vac,http://fhir.hie.moh.gov.my/CodeSystem/drug-my-core,CodeSystemDrugMyCore
KPK00488,Isoprenaline HCl 2mg/ml Injection,Isoprenaline HCl 2mg/ml Inj,http://fhir.hie.moh.gov.my/CodeSystem/drug-my-core,CodeSystemDrugMyCore
GLN0200143,Alcohol 75% Handrub (+Hydrogen Peroxide + Glycerol),Alcohol 75% Handrub,http://fhir.hie.moh.gov.my/CodeSystem/drug-my-core,CodeSystemDrugMyCore
KPK00454,"Skin Patch Testing Kit, Allergen Hairdressing Series","Skin Patch Testing Kit, Allergen Hairdre",http://fhir.hie.moh.gov.my/CodeSystem/drug-my-core,CodeSystemDrugMyCore
KPK00455,"Skin Patch Testing Kit, Allergen Metal Series","Skin Patch Testing Kit, Allergen Metal S",http://fhir.hie.moh.gov.my/CodeSystem/drug-my-core,CodeSystemDrugMyCore
KPK00456,"Skin Patch Testing Kit, Allergen Cosmetic Series","Skin Patch Testing Kit, Allergen Cosmeti",http://fhir.hie.moh.gov.my/CodeSystem/drug-my-core,CodeSystemDrugMyCore
KPK00457,"Skin Patch Testing Kit, Allergen European Baseline Series",Skin Patch Kit Allergen European Baselin,http://fhir.hie.moh.gov.my/CodeSystem/drug-my-core,CodeSystemDrugMyCore
KPK00458,"Skin Patch Testing Kit, Allergen Plastic & Glues Series","Skin Patch Kit, Allergen Plastic & Glue",http://fhir.hie.moh.gov.my/CodeSystem/drug-my-core,CodeSystemDrugMyCore
KPK00459,"Skin Patch Testing Kit, Allergen Textile Colours & Finish Series","Skin Patch Kit, Allergen Textile Colour",http://fhir.hie.moh.gov.my/CodeSystem/drug-my-core,CodeSystemDrugMyCore
KPK00460,"Skin Patch Testing Kit, Allergen Shoe Series","Skin Patch Testing Kit, Allergen Shoe",http://fhir.hie.moh.gov.my/CodeSystem/drug-my-core,CodeSystemDrugMyCore
N05AX13126P2001,Paliperidone 175mg/0.875ml Prolonged-Release Injection,Paliperidone 175mg/0.875ml PR Injection,http://fhir.hie.moh.gov.my/CodeSystem/drug-my-core,CodeSystemDrugMyCore
N05AX13126P2003,Paliperidone 350mg/1.750ml Prolonged-Release Injection,Paliperidone 350mg/1.750ml PR Injection,http://fhir.hie.moh.gov.my/CodeSystem/drug-my-core,CodeSystemDrugMyCore
B02BD06000P4008,Factor VIII and Von Willebrand factor 750 IU Injection,"Factor VIII, Von Willebrand 750 IU Inj",http://fhir.hie.moh.gov.my/CodeSystem/drug-my-core,CodeSystemDrugMyCore
N05AX13126P2002,Paliperidone 263mg/1.315ml Prolonged-Release Injection,Paliperidone 263mg/1.315ml PR Injection,http://fhir.hie.moh.gov.my/CodeSystem/drug-my-core,CodeSystemDrugMyCore
RAW00212,Carnoy`s Solution,Carnoy`s Solution,http://fhir.hie.moh.gov.my/CodeSystem/drug-my-core,CodeSystemDrugMyCore
A10AE54926P5002,Insulin Glargine 100 IU/ml (+ 50mcg Lixisenatide) 3ml Injection Pen (Soliqua),Soliqua S 100 iu(+50mcg Lixisenatide) IN,http://fhir.hie.moh.gov.my/CodeSystem/drug-my-core,CodeSystemDrugMyCore
N02CX07000P5001,Erenumab 70mg/ml Inj (Prefilled Syringe),Erenumab 70mg/ml Inj (Prefilled Syringe),http://fhir.hie.moh.gov.my/CodeSystem/drug-my-core,CodeSystemDrugMyCore
V08AB04000P3001d,"Iopamidol 300, 50ml Injection","Iopamidol 300, 50ml Injection",http://fhir.hie.moh.gov.my/CodeSystem/drug-my-core,CodeSystemDrugMyCore
M02AC00969G1003,Methyl Salicylate 10% Menthol 4% Camphor 4% Capsaicin 0.075% Cream,Methyl Salicylate 10% Cream,http://fhir.hie.moh.gov.my/CodeSystem/drug-my-core,CodeSystemDrugMyCore
D01AC14221G1002,Sertaconazole Nitrate 2%w/w Cream,Sertaconazole Nitrate 2%w/w Cream,http://fhir.hie.moh.gov.my/CodeSystem/drug-my-core,CodeSystemDrugMyCore
A12CC05228T3201,Magnesium Aspartate 500mg Film-Coated Tablet,Magnesium Aspartate 500mg FC Tab,http://fhir.hie.moh.gov.my/CodeSystem/drug-my-core,CodeSystemDrugMyCore
KPK00453,"Skin Patch Testing Kit, Allergen Bakery Series","Skin Patch Testing Kit, Allergen Bakery",http://fhir.hie.moh.gov.my/CodeSystem/drug-my-core,CodeSystemDrugMyCore
J07BX03000P3001a,COVID-19 Vaccine (ChAdOx1-S recombinant) Solution for Injection (8 Doses/Vial),"COVID-19 Vaccine AstraZeneca Inj,8 Doses",http://fhir.hie.moh.gov.my/CodeSystem/drug-my-core,CodeSystemDrugMyCore
G03CA03000G3001,Estradiol 0.06% Gel,Estradiol 0.06% Gel,http://fhir.hie.moh.gov.my/CodeSystem/drug-my-core,CodeSystemDrugMyCore
KPK00442,"Sofosbuvir 400mg, Velpatasvir 100mg, Voxilaprevir 100mg Film-Coated Tablet",SOF-VEL-VOX (400mg/100mg/100mg) Tab,http://fhir.hie.moh.gov.my/CodeSystem/drug-my-core,CodeSystemDrugMyCore
R01AD09139A4101a,Mometasone Furoate 50 mcg Aqueous Nasal Spray (Nasonex),Mometasone 50mcg Nasal Spray (Nasonex),http://fhir.hie.moh.gov.my/CodeSystem/drug-my-core,CodeSystemDrugMyCore
R01AD09139A4101b,Mometasone Furoate 50 mcg Aqueous Nasal Spray (Axcel),Mometasone 50mcg Nasal Spray (Axcel),http://fhir.hie.moh.gov.my/CodeSystem/drug-my-core,CodeSystemDrugMyCore
A06AG04000G2001b,Glycerin 50% Enema (20ml),Glycerin 50% Enema (20ml),http://fhir.hie.moh.gov.my/CodeSystem/drug-my-core,CodeSystemDrugMyCore
KPK00397,Diazoxide 10mg Capsule/Tablet,Diazoxide 10mg Cap/Tab,http://fhir.hie.moh.gov.my/CodeSystem/drug-my-core,CodeSystemDrugMyCore
KPK00449,Estradiol 25mcg/24h Transdermal Patch,Estradiol 25mcg/24h Patch,http://fhir.hie.moh.gov.my/CodeSystem/drug-my-core,CodeSystemDrugMyCore
KPK00473,"Skin Patch Testing Kit, Dental Screening Series","Skin Patch Testing Kit, Dental Screening",http://fhir.hie.moh.gov.my/CodeSystem/drug-my-core,CodeSystemDrugMyCore
KPK00483,Flucloxacillin 500mg Injection,Flucloxacillin 500mg Injection,http://fhir.hie.moh.gov.my/CodeSystem/drug-my-core,CodeSystemDrugMyCore
R03BX00100A3101,Sodium Chloride 3%w/v Nebuliser Solution (amp),Sodium Chloride 3% Nebuliser Soln (Amp),http://fhir.hie.moh.gov.my/CodeSystem/drug-my-core,CodeSystemDrugMyCore
KPK00464,Favipiravir 400mg Tablet,Favipiravir 400mg Tablet,http://fhir.hie.moh.gov.my/CodeSystem/drug-my-core,CodeSystemDrugMyCore
RPH000101,F-18 Fluorodeoxyglucose (F-18 FDG) 100mCi,F-18 Fluorodeoxyglucose (F-18 FDG)100mCi,http://fhir.hie.moh.gov.my/CodeSystem/drug-my-core,CodeSystemDrugMyCore
GLN0100133,Isoniazid 40mg/mL Oral Suspension,Isoniazid 40mg/mL Oral Suspension,http://fhir.hie.moh.gov.my/CodeSystem/drug-my-core,CodeSystemDrugMyCore
KPK00398,"Urokinase 100,000 IU Injection","Urokinase 100,000 IU Injection",http://fhir.hie.moh.gov.my/CodeSystem/drug-my-core,CodeSystemDrugMyCore
GLN0100100,Propranolol 2mg/ml Oral Suspension,Propranolol 2mg/ml Oral Suspension,http://fhir.hie.moh.gov.my/CodeSystem/drug-my-core,CodeSystemDrugMyCore
L04AA06236T1002a,Mycophenolate Mofetil 500 mg tablet (MYCOFIT),"Mycophenolate Mofetil 500 mg Tab,MYCOFIT",http://fhir.hie.moh.gov.my/CodeSystem/drug-my-core,CodeSystemDrugMyCore
D05AA00946G5002e,"Coal Tar 9%, Salicylic Acid 2% Ointment","Coal Tar 9%, Salicylic Acid 2% Ointment",http://fhir.hie.moh.gov.my/CodeSystem/drug-my-core,CodeSystemDrugMyCore
A10BX02000T1003,Repaglinide 1 mg Tablet,Repaglinide 1mg Tablet,http://fhir.hie.moh.gov.my/CodeSystem/drug-my-core,CodeSystemDrugMyCore
P01BA02183T1001a,Hydroxychloroquine 200 mg Tablet (UNIQUIN),Hydroxychloroquine UNIQUIN 200mg Tab,http://fhir.hie.moh.gov.my/CodeSystem/drug-my-core,CodeSystemDrugMyCore
S01AA26011D2001,Azithromycin 15mg/g Eye Drops (single use),Azithromycin 15mg/g Eye Drops (amp),http://fhir.hie.moh.gov.my/CodeSystem/drug-my-core,CodeSystemDrugMyCore
L01CD02000P3003a,Docetaxel 20mg/ml Injection (1ml Vial),Docetaxel 20mg/ml Injection (1ml Vial),http://fhir.hie.moh.gov.my/CodeSystem/drug-my-core,CodeSystemDrugMyCore
J05AP55964T3201,Sofosbuvir 400mg /Velpatasvir 100mg Film-Coated Tablets,Sofosbuvir 400mg/Velpatasvir 100mg Tab,http://fhir.hie.moh.gov.my/CodeSystem/drug-my-core,CodeSystemDrugMyCore
KPK00448,Fluconazole 5mg/ml Oral Suspension,Fluconazole 5mg/ml Oral Suspension,http://fhir.hie.moh.gov.my/CodeSystem/drug-my-core,CodeSystemDrugMyCore
GLN0200144,Alcohol 50% V/V,Alcohol 50% V/V,http://fhir.hie.moh.gov.my/CodeSystem/drug-my-core,CodeSystemDrugMyCore
KPK00489,Chenodeoxycholic Acid Powder,Chenodeoxycholic Acid Powder,http://fhir.hie.moh.gov.my/CodeSystem/drug-my-core,CodeSystemDrugMyCore
C08DB01110P3002,Diltiazem HCl 50mg/10ml Injection,Diltiazem HCl 50mg/10ml Injection,http://fhir.hie.moh.gov.my/CodeSystem/drug-my-core,CodeSystemDrugMyCore
V08CA09000P3001b,Gadobutrol 1 mmol/ml injection (Prefill Syringe 7.5ml),Gadobutrol 1 mmol/ml injection (Prefill,http://fhir.hie.moh.gov.my/CodeSystem/drug-my-core,CodeSystemDrugMyCore
N05AX13126P2004,Paliperidone 525mg/2.625ml Prolonged-Release Injection,Paliperidone 525mg/2.625ml PR Injection,http://fhir.hie.moh.gov.my/CodeSystem/drug-my-core,CodeSystemDrugMyCore
PNA00041,Olimel N9E 1600kcal 1500ml,Olimel N9E 1600kcal 1500ml,http://fhir.hie.moh.gov.my/CodeSystem/drug-my-core,CodeSystemDrugMyCore
A10BK03000T3201,Empagliflozin 10 mg Tablet,Empagliflozin 10 mg Tablet,http://fhir.hie.moh.gov.my/CodeSystem/drug-my-core,CodeSystemDrugMyCore
KPK00471,Melatonin 1mg/ml Oral Solution,Melatonin 1mg/ml Oral Solution,http://fhir.hie.moh.gov.my/CodeSystem/drug-my-core,CodeSystemDrugMyCore
KPK00472,13C Urea Capsule Breath Test Kit,13C Urea Capsule Breath Test Kit,http://fhir.hie.moh.gov.my/CodeSystem/drug-my-core,CodeSystemDrugMyCore
KPK00427,Ocrelizumab 300mg/10mL Injection,Ocrelizumab 300mg/10mL Injection,http://fhir.hie.moh.gov.my/CodeSystem/drug-my-core,CodeSystemDrugMyCore
B05XA03100P6002m,Sodium Chloride 0.9% 2mL Injection,Sodium Chloride 0.9% 2mL Injection,http://fhir.hie.moh.gov.my/CodeSystem/drug-my-core,CodeSystemDrugMyCore
C02KX05000T3202,Riociguat 1.5mg Film-Coated Tablet,Riociguat 1.5mg Film-Coated Tablet,http://fhir.hie.moh.gov.my/CodeSystem/drug-my-core,CodeSystemDrugMyCore
TDM001,Alcohol Intoxication (TDM),Alcohol Intoxication (TDM),http://fhir.hie.moh.gov.my/CodeSystem/drug-my-core,CodeSystemDrugMyCore
B05ZB00997H3101,Bicarbonate Dialysate Solution without Potassium for CRRT (Multibic),Multibic without Potassium,http://fhir.hie.moh.gov.my/CodeSystem/drug-my-core,CodeSystemDrugMyCore
GLN0100126,Hydroxychloroquine 25mg/ml Oral Suspension,Hydroxychloroquine 25mg/ml Oral Susp,http://fhir.hie.moh.gov.my/CodeSystem/drug-my-core,CodeSystemDrugMyCore
KPK00422,Sterile Talc Powder 2g Bottle/Vial/Pack,Sterile Talc Powder 2g Bottle/Vial/Pack,http://fhir.hie.moh.gov.my/CodeSystem/drug-my-core,CodeSystemDrugMyCore
KPK00436,Asciminib 20mg Film-coated Tablet,Asciminib 20mg FC Tablet,http://fhir.hie.moh.gov.my/CodeSystem/drug-my-core,CodeSystemDrugMyCore
RPH000096,F-18 Fluorodeoxyglucose (F-18 FDG) 200mCi,F-18 Fluorodeoxyglucose (F-18 FDG)200mCi,http://fhir.hie.moh.gov.my/CodeSystem/drug-my-core,CodeSystemDrugMyCore
KPK00468,Fosphenytoin 150mg/2ml Injection,Fosphenytoin 150mg/2ml Injection,http://fhir.hie.moh.gov.my/CodeSystem/drug-my-core,CodeSystemDrugMyCore
L04AA40000T1001,Cladribine 10mg Tablets,Cladribine 10mg Tablets,http://fhir.hie.moh.gov.my/CodeSystem/drug-my-core,CodeSystemDrugMyCore
L04AC10000P5001a,Secukinumab 150mg/ml Powder for Solution for Injection,Secukinumab 150mg/ml Vial,http://fhir.hie.moh.gov.my/CodeSystem/drug-my-core,CodeSystemDrugMyCore
A04AA55919C1101,Netupitant/Palonosetron 300mg/0.5mg Capsule,Netupitant/Palonosetron 300mg/0.5mg Cap,http://fhir.hie.moh.gov.my/CodeSystem/drug-my-core,CodeSystemDrugMyCore
KPK00430,Remdesivir 100mg Injection,Remdesivir 100mg Injection,http://fhir.hie.moh.gov.my/CodeSystem/drug-my-core,CodeSystemDrugMyCore
L01XE15000T3201,Vemurafenib 240mg Film-Coated Tablet,Vemurafenib 240mg FCTablet,http://fhir.hie.moh.gov.my/CodeSystem/drug-my-core,CodeSystemDrugMyCore
A07EA06000T5201,Budesonide 9mg PROLONGED RELEASE Tablet,Budesonide 9mg PR Tab,http://fhir.hie.moh.gov.my/CodeSystem/drug-my-core,CodeSystemDrugMyCore
J06BA02000P3002a,Human Normal Immunoglobulin SC Injection 2000mg/10ml (20%),Human IG SC Inf 2g/10ml (20%),http://fhir.hie.moh.gov.my/CodeSystem/drug-my-core,CodeSystemDrugMyCore
J05AR17964T3201,"Emtricitabine 200mg, Tenofovir alafenamide 25mg Tablet",Emtricitabine/Tenofovir 200mg/25mg Tab,http://fhir.hie.moh.gov.my/CodeSystem/drug-my-core,CodeSystemDrugMyCore
KPK00411,Abemaciclib 50mg Tablet,Abemaciclib 50mg Tablet,http://fhir.hie.moh.gov.my/CodeSystem/drug-my-core,CodeSystemDrugMyCore
B02BX06000P3002,Emicizumab 105mg/0.7ml Injection,Emicizumab 105mg/0.7ml Injection,http://fhir.hie.moh.gov.my/CodeSystem/drug-my-core,CodeSystemDrugMyCore
J07BX03000P3001,COVID-19 Vaccine (ChAdOx1-S recombinant) Solution for Injection,COVID-19 Vaccine AstraZeneca Inj,http://fhir.hie.moh.gov.my/CodeSystem/drug-my-core,CodeSystemDrugMyCore
J07BX03000P3002,"SARS-CoV-2 Vaccine (Vero Cell), Inactivated Suspension for Injection","SARS-CoV-2 Vaccine (Vero Cell), Inj",http://fhir.hie.moh.gov.my/CodeSystem/drug-my-core,CodeSystemDrugMyCore
RAW00211,Acacia gum,Acacia gum,http://fhir.hie.moh.gov.my/CodeSystem/drug-my-core,CodeSystemDrugMyCore
L01CD02000P3002a,Docetaxel 80mg/4ml Injection (20mg/ml),Docetaxel 80mg/4ml Injection (20mg/ml),http://fhir.hie.moh.gov.my/CodeSystem/drug-my-core,CodeSystemDrugMyCore
KPK00461,Siponimod 0.25 mg Film-Coated Tablet,Siponimod 0.25 mg Film-Coated Tablet,http://fhir.hie.moh.gov.my/CodeSystem/drug-my-core,CodeSystemDrugMyCore
J07BX03000P3003,Recombinant Novel Coronavirus Vaccine (Adenovirus Type 5 Vector) Solution for Injection,COVID-19 Vaccine Convidecia Inj,http://fhir.hie.moh.gov.my/CodeSystem/drug-my-core,CodeSystemDrugMyCore
H01AC01000P3004,Somatropin 6mg Solution for Injection,Somatropin 6mg Solution for Injection,http://fhir.hie.moh.gov.my/CodeSystem/drug-my-core,CodeSystemDrugMyCore
L01DB03110P3003,Epirubicin 2 mg/ml Injection (200mg/100ml),Epirubicin 200mg Injection,http://fhir.hie.moh.gov.my/CodeSystem/drug-my-core,CodeSystemDrugMyCore
KPK00481,Methylprednisolone 100 mg Tablet,Methylprednisolone 100 mg Tablet,http://fhir.hie.moh.gov.my/CodeSystem/drug-my-core,CodeSystemDrugMyCore
KPK00431,Favipiravir 200mg Tablet,Favipiravir 200mg Tablet,http://fhir.hie.moh.gov.my/CodeSystem/drug-my-core,CodeSystemDrugMyCore
KPK00433,Vestronidase alfa 10mg/5ml injection,Vestronidase alfa 10mg/5ml injection,http://fhir.hie.moh.gov.my/CodeSystem/drug-my-core,CodeSystemDrugMyCore
KPK00434,Mepolizumab 100mg Subcutaneous Injection,Mepolizumab 100mg SC Injection,http://fhir.hie.moh.gov.my/CodeSystem/drug-my-core,CodeSystemDrugMyCore
KPK00440,Ivermectin 6mg Tablet,Ivermectin 6mg Tablet,http://fhir.hie.moh.gov.my/CodeSystem/drug-my-core,CodeSystemDrugMyCore
M02AX10969G3001,Menthol 3.5% Pain Relieving Topical Gel,Menthol 3.5% Pain Relieving Topical Gel,http://fhir.hie.moh.gov.my/CodeSystem/drug-my-core,CodeSystemDrugMyCore
A11CC05000C4101,"Cholecalciferol 50,000 IU Tablet/Capsule","Cholecalciferol 50,000iu Tab/Cap",http://fhir.hie.moh.gov.my/CodeSystem/drug-my-core,CodeSystemDrugMyCore
IVA00056,Fentanyl Citrate 20mcg/ml PCA (30ml),Fentanyl Citrate 20mcg/ml PCA (30ml),http://fhir.hie.moh.gov.my/CodeSystem/drug-my-core,CodeSystemDrugMyCore
D04AX00952L6001b,Calamine with 0.4% Menthol Lotion,Calamine with 0.4% Menthol Lotion,http://fhir.hie.moh.gov.my/CodeSystem/drug-my-core,CodeSystemDrugMyCore
J05AB11110T1002,Valaciclovir  HCI 500 mg Tablet,Valaciclovir  HCI 500 mg Tablet,http://fhir.hie.moh.gov.my/CodeSystem/drug-my-core,CodeSystemDrugMyCore
H01BA02122T7001,Desmopressin 60mcg Sublingual Tablet,Desmopressin 60mcg Sublingual Tab,http://fhir.hie.moh.gov.my/CodeSystem/drug-my-core,CodeSystemDrugMyCore
H01BA02122T7002,Desmopressin 120mcg Sublingual Tablet,Desmopressin 120mcg Sublingual Tab,http://fhir.hie.moh.gov.my/CodeSystem/drug-my-core,CodeSystemDrugMyCore
GLN0200145,Methoxsalen 0.1% Ointment,Methoxsalen 0.1% Ointment,http://fhir.hie.moh.gov.my/CodeSystem/drug-my-core,CodeSystemDrugMyCore
KPK00450,Nitrofurantoin 100 mg SUSTAINED RELEASE Tablet,Nitrofurantoin 100 mg SR Tablet,http://fhir.hie.moh.gov.my/CodeSystem/drug-my-core,CodeSystemDrugMyCore
KPK00451,Methadone 10mg/ml Injection,Methadone 10mg/ml Injection,http://fhir.hie.moh.gov.my/CodeSystem/drug-my-core,CodeSystemDrugMyCore
KPK00413,Abemaciclib 150mg Tablet,Abemaciclib 150mg Tablet,http://fhir.hie.moh.gov.my/CodeSystem/drug-my-core,CodeSystemDrugMyCore
KPK00414,Abemaciclib 200mg Tablet,Abemaciclib 200mg Tablet,http://fhir.hie.moh.gov.my/CodeSystem/drug-my-core,CodeSystemDrugMyCore
B05DB00908H2503i,CAPD/APD 5.0L bag 1.25mmol Calcium Dialysate Soln 4.25% Dextrose,CAPD/APD 1.25mmol Calcium 4.25%Dext 5.0L,http://fhir.hie.moh.gov.my/CodeSystem/drug-my-core,CodeSystemDrugMyCore
C02DB02110T1002,Hydralazine HCl 25 mg Tablet,Hydralazine HCl 25 mg Tablet,http://fhir.hie.moh.gov.my/CodeSystem/drug-my-core,CodeSystemDrugMyCore
J07BB02963P5002a,"Influenza Vaccine (Inactivated,Quadrivalent) Type A (H1N1 & H3N2) & B viruses, 7.5mcg","Influenzae Vaccine 7.5mcg Type A,A,B",http://fhir.hie.moh.gov.my/CodeSystem/drug-my-core,CodeSystemDrugMyCore
KPK00484,Quinidine Sulphate 200 mg Tablet,Quinidine Sulphate 200 mg Tab,http://fhir.hie.moh.gov.my/CodeSystem/drug-my-core,CodeSystemDrugMyCore
H01BA04122P3001,Terlipressin 1 mg/8.5ml Solution for Injection,Terlipressin 1 mg/8.5ml Solution for Inj,http://fhir.hie.moh.gov.my/CodeSystem/drug-my-core,CodeSystemDrugMyCore
G01AF20953S1001,Metronidazole 500 mg & Miconazole Nitrate 100 mg Vaginal Suppositories,Metronidazole/Miconazole.N Vaginal Supp,http://fhir.hie.moh.gov.my/CodeSystem/drug-my-core,CodeSystemDrugMyCore
KPK00479,Tetrabenazine 12.5mg Tablet,Tetrabenazine 12.5mg Tablet,http://fhir.hie.moh.gov.my/CodeSystem/drug-my-core,CodeSystemDrugMyCore
L01XK01000T3202,Olaparib 150 mg Film-Coated Tablets,Olaparib 150 mg Film-Coated Tablets,http://fhir.hie.moh.gov.my/CodeSystem/drug-my-core,CodeSystemDrugMyCore
H01AC01000P5002a,Somatropin 10mg/1.5 ml Pre-filled Pen (Norditropin Nordiflex),Somatropin 10mg/1.5 ml Pre-filled Pen,http://fhir.hie.moh.gov.my/CodeSystem/drug-my-core,CodeSystemDrugMyCore
IVA00055,Fentanyl Citrate 20mcg/ml PCA (50ml),Fentanyl Citrate 20mcg/ml PCA (50ml),http://fhir.hie.moh.gov.my/CodeSystem/drug-my-core,CodeSystemDrugMyCore
RPH000093,Sterile Evacuated Vial (SEV),Sterile Evacuated Vial (SEV),http://fhir.hie.moh.gov.my/CodeSystem/drug-my-core,CodeSystemDrugMyCore
KPK00466,Levomepromazine (Methotrimeprazine) 25mg Tablet,Levomepromazine 25mg Tab,http://fhir.hie.moh.gov.my/CodeSystem/drug-my-core,CodeSystemDrugMyCore
KPK00444,Procainamide HCL 500mg/ml Injection,Procainamide HCL 500mg/ml Inj,http://fhir.hie.moh.gov.my/CodeSystem/drug-my-core,CodeSystemDrugMyCore
L04AC18000P5001,Risankizumab 75mg Solution For Injection,Risankizumab 75mg Solution For Injection,http://fhir.hie.moh.gov.my/CodeSystem/drug-my-core,CodeSystemDrugMyCore
KPK00428,Zinc Sulphate + Ascorbic Acid Oral Solution (10mg + 100mg per 5ml),Zinc Sulp + Ascorbic Acid Oral Solution,http://fhir.hie.moh.gov.my/CodeSystem/drug-my-core,CodeSystemDrugMyCore
S01CA05990D3001,Gentamicin and Betamethasone Eye/ Ear Drops,Gentamicin & Betamethasone Eye/ Ear Drop,http://fhir.hie.moh.gov.my/CodeSystem/drug-my-core,CodeSystemDrugMyCore
B05DB00908H2501i,CAPD/APD 5.0L bag 1.25mmol Calcium Dialysate Soln 1.5% Dextrose,CAPD/APD 1.25mmol Calcium 1.5%Dext 5.0L,http://fhir.hie.moh.gov.my/CodeSystem/drug-my-core,CodeSystemDrugMyCore
B05DB00908H2502f,CAPD/APD 5.0L bag 1.25mmol Calcium Dialysate Soln 2.5% Dextrose,CAPD/APD 1.25mmol Calcium 2.5%Dext 5.0L,http://fhir.hie.moh.gov.my/CodeSystem/drug-my-core,CodeSystemDrugMyCore
C01EB10000P5001,Adenosine 6mg/2ml Injection (3mg/ml) - Prefilled Syringe,Adenosine 6mg/2ml Injection (3mg/ml) PFS,http://fhir.hie.moh.gov.my/CodeSystem/drug-my-core,CodeSystemDrugMyCore
A10AE04000P5001b,Insulin glargine (Basalog One) 100 IU/ml Prefilled Pen,Insulin glargine (Basalog One) 100 IU/ml,http://fhir.hie.moh.gov.my/CodeSystem/drug-my-core,CodeSystemDrugMyCore
V03AK00891L4201,Fibrin Sealant Frozen Solution,Fibrin Sealant Frozen Solution,http://fhir.hie.moh.gov.my/CodeSystem/drug-my-core,CodeSystemDrugMyCore
J07BX03000P3002a,"SARS-CoV-2 Vaccine (Vero Cell), Inactivated Suspension for Injection (2 Doses/Vial)","SARS-CoV-2 Vaccine (Vero Cell), Inj",http://fhir.hie.moh.gov.my/CodeSystem/drug-my-core,CodeSystemDrugMyCore
KPK00410,Isavuconazonium sulfate 186 mg Capsule,Isavuconazonium sulfate 186 mg Capsule,http://fhir.hie.moh.gov.my/CodeSystem/drug-my-core,CodeSystemDrugMyCore
J01GB07183P3004,Netilmicin Sulphate 150 mg/1.5ml Inj,Netilmicin Sulphate 150 mg/1.5ml Inj,http://fhir.hie.moh.gov.my/CodeSystem/drug-my-core,CodeSystemDrugMyCore
J01DD52961P4101,Ceftazidime 2g +  Avibactam 0.5g Injection,Ceftazidime 2g +  Avibactam 0.5g Injecti,http://fhir.hie.moh.gov.my/CodeSystem/drug-my-core,CodeSystemDrugMyCore
N02BE01000P3101b,Paracetamol 10mg/ml in 10ml solution for IV Infusion,Paracetamol 10mg/ml IV Infusion (10ml),http://fhir.hie.moh.gov.my/CodeSystem/drug-my-core,CodeSystemDrugMyCore
J07BC02000P5007,"Hepatitis A, Inactivated 720 units Vaccine","Hepatitis A, Inactivated 720U Vaccine",http://fhir.hie.moh.gov.my/CodeSystem/drug-my-core,CodeSystemDrugMyCore
KPK00463,Vitamin K (Phytomenadione) 1 mg Tablet,Vitamin K (Phytomenadione) 1 mg Tablet,http://fhir.hie.moh.gov.my/CodeSystem/drug-my-core,CodeSystemDrugMyCore
L01XX52000T3202,Venetoclax 10mg Film Coated Tablet,Venetoclax 10mg Film Coated Tablet,http://fhir.hie.moh.gov.my/CodeSystem/drug-my-core,CodeSystemDrugMyCore
L01XX52000T3203,Venetoclax 50mg Film Coated Tablet,Venetoclax 50mg Film Coated Tablet,http://fhir.hie.moh.gov.my/CodeSystem/drug-my-core,CodeSystemDrugMyCore
KPK00396,Tranexamic Acid 500mg Tablet,Tranexamic Acid 500mg Tablet,http://fhir.hie.moh.gov.my/CodeSystem/drug-my-core,CodeSystemDrugMyCore
KPK00400,Thyrotropin-releasing hormone (TRH) 200mcg/ml Injection,Thyrotropin-RH (TRH) 200mcg/ml,http://fhir.hie.moh.gov.my/CodeSystem/drug-my-core,CodeSystemDrugMyCore
KPK00404,Tolvaptan 30 mg Tablet,Tolvaptan 30 mg Tablet,http://fhir.hie.moh.gov.my/CodeSystem/drug-my-core,CodeSystemDrugMyCore
KPK00405,Dornase alfa 2.5mg/2.5ml Nebuliser Solution (UDV),Dornase alfa 2.5mg/2.5ml Nebuliser Soln,http://fhir.hie.moh.gov.my/CodeSystem/drug-my-core,CodeSystemDrugMyCore
GLN0100131,Glycopyrrolate 0.5 mg/ml Oral Suspension,Glycopyrrolate 0.5 mg/ml Oral Suspension,http://fhir.hie.moh.gov.my/CodeSystem/drug-my-core,CodeSystemDrugMyCore
KPK00419,Gilteritinib 40 mg Tablet,Gilteritinib 40 mg Tablet,http://fhir.hie.moh.gov.my/CodeSystem/drug-my-core,CodeSystemDrugMyCore
KPK00435,Asciminib 40mg Film-coated Tablet,Asciminib 40mg FC Tablet,http://fhir.hie.moh.gov.my/CodeSystem/drug-my-core,CodeSystemDrugMyCore
M03AC10100P3001,Mivacurium Chloride 20mg/10ml Injection,Mivacurium Chloride 20mg/10ml Injection,http://fhir.hie.moh.gov.my/CodeSystem/drug-my-core,CodeSystemDrugMyCore
J07BX03000P3005,Inactivated SARS-CoV-2 virus (19nCoV-CDC-Tan-HB02 strain) (Vero cell) Suspension for Injection,Covilo COVID-19 Vaccine (Vero Cell) Inj,http://fhir.hie.moh.gov.my/CodeSystem/drug-my-core,CodeSystemDrugMyCore
KPK00478,Glyceryl Trinitrate 2% Ointment,Glyceryl Trinitrate 2% Ointment,http://fhir.hie.moh.gov.my/CodeSystem/drug-my-core,CodeSystemDrugMyCore
H02AB02162P3003,Dexamethasone Sodium Phosphate 2mg/ml in 2ml Injection (4mg/2ml),Dexamethasone 4 mg/2 ml Injection,http://fhir.hie.moh.gov.my/CodeSystem/drug-my-core,CodeSystemDrugMyCore
A10AE54926P5001,Insulin Glargine 100 IU/ml (+ 33mcg Lixisenatide) 3ml Injection Pen (Soliqua),Soliqua S 100iu (+33mcg Lixisenatide) IN,http://fhir.hie.moh.gov.my/CodeSystem/drug-my-core,CodeSystemDrugMyCore
J07AL01000P3001b,Pneumococcal Vaccine 0.5ml (Polyvalent - 10-serotypes) & Non-Typeable Haemophilus Influenzae (NTHi),"Pneumococcal Vaccine(Polyvalent 10),NTHi",http://fhir.hie.moh.gov.my/CodeSystem/drug-my-core,CodeSystemDrugMyCore
B05DB00908H2502e,CAPD/DPCA Peritoneal Dialysis Solution 5L bag 1.25mmol Calcium 2.3% Dextrose,CAPD/APD 1.25mmol Calcium 2.3% Dext 5L,http://fhir.hie.moh.gov.my/CodeSystem/drug-my-core,CodeSystemDrugMyCore
KPK00470,Melatonin 5mg Tablet/Capsule,Melatonin 5mg Tablet/Capsule,http://fhir.hie.moh.gov.my/CodeSystem/drug-my-core,CodeSystemDrugMyCore
R03DX10000P5001,Benralizumab 30mg Prefilled Syringe,Benralizumab 30mg Prefilled Syringe,http://fhir.hie.moh.gov.my/CodeSystem/drug-my-core,CodeSystemDrugMyCore
KPK00485,Dimercaptosuccinic acid 250 mg Capsule,Dimercaptosuccinic acid 250 mg Capsule,http://fhir.hie.moh.gov.my/CodeSystem/drug-my-core,CodeSystemDrugMyCore
KPK00462,Ethinylestradiol 0.03mg+ Drospirenone 3mg Tab (21tab/pck),E.Estradiol 0.03mg Drospirenone 3mg Tab,http://fhir.hie.moh.gov.my/CodeSystem/drug-my-core,CodeSystemDrugMyCore
H02AB04000T1001,Methylprednisolone 4 mg Tablet,Methylprednisolone 4 mg Tablet,http://fhir.hie.moh.gov.my/CodeSystem/drug-my-core,CodeSystemDrugMyCore
N02CD01000P5001,Erenumab 140 mg/ml Inj (Prefilled Syringe),Erenumab 140 mg/ml Inj Prefilled Syringe,http://fhir.hie.moh.gov.my/CodeSystem/drug-my-core,CodeSystemDrugMyCore
KPK00406,Sodium Bicarbonate 650mg (10 Grain) Tablet,Sodium Bicarb 650mg (10 Grain) Tab,http://fhir.hie.moh.gov.my/CodeSystem/drug-my-core,CodeSystemDrugMyCore
KPK00418,Glecaprevir 100mg/ Pibrentasvir 40mg Tablet,Glecaprevir 100mg/ Pibrentasvir 40mg Tab,http://fhir.hie.moh.gov.my/CodeSystem/drug-my-core,CodeSystemDrugMyCore
L04AA06236C1001a,Mycophenolate Mofetil 250 mg Capsule (MYCOFIT),"Mycophenolate Mofetil 250mg Cap, MYCOFIT",http://fhir.hie.moh.gov.my/CodeSystem/drug-my-core,CodeSystemDrugMyCore
KPK00439,Sulphur Hexafluoride 25mg Injection,Sulphur Hexafluoride 25mg Injection,http://fhir.hie.moh.gov.my/CodeSystem/drug-my-core,CodeSystemDrugMyCore
J05AX18000T3201,Letermovir 240mg Film-Coated Tablet,Letermovir 240mg FC Tablet,http://fhir.hie.moh.gov.my/CodeSystem/drug-my-core,CodeSystemDrugMyCore
A10BJ06000P5001,Semaglutide 1.34mg/ml Solution for Injection in Prefilled-Pen (2mg/1.5ml),Semaglutide 1.34mg/ml PFS (0.25mg/dose),http://fhir.hie.moh.gov.my/CodeSystem/drug-my-core,CodeSystemDrugMyCore
J01XB02183P4001,"Polymyxin B Sulphate 500,000 Units/10ml Powder for Injection","Polymyxin B 500,000 Units/10ml Inj",http://fhir.hie.moh.gov.my/CodeSystem/drug-my-core,CodeSystemDrugMyCore
A02BA03000T1001,Famotidine 20 mg Film-coated Tablet,Famotidine 20 mg Film-coated Tablet,http://fhir.hie.moh.gov.my/CodeSystem/drug-my-core,CodeSystemDrugMyCore
KPK00443,Quinidine Sulphate 300 mg Tablet,Quinidine Sulphate 300mg Tab,http://fhir.hie.moh.gov.my/CodeSystem/drug-my-core,CodeSystemDrugMyCore
KPK00446,Doxycycline 100mg Powder for Injection,Doxycycline 100mg Powder for Inj,http://fhir.hie.moh.gov.my/CodeSystem/drug-my-core,CodeSystemDrugMyCore
C02KX05000T3205,Riociguat 2mg Film-Coated Tablet,Riociguat 2mg Film-Coated Tablet,http://fhir.hie.moh.gov.my/CodeSystem/drug-my-core,CodeSystemDrugMyCore
L04AC13000P5001,Ixekizumab 80mg in Prefilled Syringe,Ixekizumab 80mg Prefilled Syringe,http://fhir.hie.moh.gov.my/CodeSystem/drug-my-core,CodeSystemDrugMyCore
A02AB10912L8001,"Magnesium, Aluminium Hydroxide and Simethicone Suspension (sachet)","Mag, AlOH, Simethicone Sachet",http://fhir.hie.moh.gov.my/CodeSystem/drug-my-core,CodeSystemDrugMyCore
A10BJ06000P5002,Semaglutide 1.34mg/ml Solution for Injection in Prefilled-Pen (4mg/3ml),Semaglutide 1.34mg/ml PFS (1mg/dose),http://fhir.hie.moh.gov.my/CodeSystem/drug-my-core,CodeSystemDrugMyCore
V03AB19260P3001a,Physostigmine salicylate 2mg/5ml Injection,Physostigmine salicylate 2mg/5ml Inj,http://fhir.hie.moh.gov.my/CodeSystem/drug-my-core,CodeSystemDrugMyCore
J07BF03000P3001,"Poliomyelitis Virus Vaccine, Inactivated","Poliomyelitis Virus Vaccine, Inactivated",http://fhir.hie.moh.gov.my/CodeSystem/drug-my-core,CodeSystemDrugMyCore
V03AX00138T3202,Vonoprazan 20mg Film-Coated Tablet,Vonoprazan 20mg Film-Coated Tablet,http://fhir.hie.moh.gov.my/CodeSystem/drug-my-core,CodeSystemDrugMyCore
A02BA01000T1001,Cimetidine 400 mg Tablet,Cimetidine 400 mg Tab,http://fhir.hie.moh.gov.my/CodeSystem/drug-my-core,CodeSystemDrugMyCore
L04AA37000T3201,Baricitinib 2mg Film-Coated Tablet,Baricitinib 2mg Film-Coated Tablet,http://fhir.hie.moh.gov.my/CodeSystem/drug-my-core,CodeSystemDrugMyCore
L04AA37000T3202,Baricitinib 4mg Film-Coated Tablet,Baricitinib 4mg Film-Coated Tablet,http://fhir.hie.moh.gov.my/CodeSystem/drug-my-core,CodeSystemDrugMyCore
D05AA00000L4201,Pine Tar Solution,Pine Tar Solution,http://fhir.hie.moh.gov.my/CodeSystem/drug-my-core,CodeSystemDrugMyCore
V08AB09000P3002,Iodixanol 270 mg I/ml Injection (200ml),Iodixanol 270 mg I/ml Injection (200ml),http://fhir.hie.moh.gov.my/CodeSystem/drug-my-core,CodeSystemDrugMyCore
B05XA09902L5001a,Phosphate 16.1 mmol / tablet,Phosphate 16mmol / tablet,http://fhir.hie.moh.gov.my/CodeSystem/drug-my-core,CodeSystemDrugMyCore
RPH000100,Yttrium-90 resin microspheres 3.5 GBq,Yttrium-90 resin microspheres 3.5 GBq,http://fhir.hie.moh.gov.my/CodeSystem/drug-my-core,CodeSystemDrugMyCore
J07BX03000P3201,COVID-19 mRNA Vaccine (Nucleoside Modified) Concentrate for Dispersion for Injection,COVID-19 mRNA Vaccine Injection,http://fhir.hie.moh.gov.my/CodeSystem/drug-my-core,CodeSystemDrugMyCore
N05AX16000T3204,Brexpiprazole 2mg Film-Coated Tablet,Brexpiprazole 2mg Film-Coated Tablet,http://fhir.hie.moh.gov.my/CodeSystem/drug-my-core,CodeSystemDrugMyCore
N05AX16000T3206,Brexpiprazole 4mg Film-Coated Tablet,Brexpiprazole 4mg Film-Coated Tablet,http://fhir.hie.moh.gov.my/CodeSystem/drug-my-core,CodeSystemDrugMyCore
KPK00486,Mexiletine 150 mg Capsule,Mexiletine 150 mg Capsule,http://fhir.hie.moh.gov.my/CodeSystem/drug-my-core,CodeSystemDrugMyCore
N06AX11000T3201,Mirtazapine 30 mg Tablet,Mirtazapine 30 mg Tablet,http://fhir.hie.moh.gov.my/CodeSystem/drug-my-core,CodeSystemDrugMyCore
KPK00409,Mecasermin 10 mg/ml Injection,Mecasermin 10 mg/ml Injection,http://fhir.hie.moh.gov.my/CodeSystem/drug-my-core,CodeSystemDrugMyCore
KPK00421,Luseogliflozin 5mg Tablet,Luseogliflozin 5mg Tablet,http://fhir.hie.moh.gov.my/CodeSystem/drug-my-core,CodeSystemDrugMyCore
R01AD58984A4101,Azelastine/Fluticasone 137mcg/50 mcg Nasal Spray (120 doses),Azelastine/Fluticasone 137/50mcg Nasal,http://fhir.hie.moh.gov.my/CodeSystem/drug-my-core,CodeSystemDrugMyCore
KPK00426,Apalutamide 60mg Tablet,Apalutamide 60mg Tablet,http://fhir.hie.moh.gov.my/CodeSystem/drug-my-core,CodeSystemDrugMyCore
KPK00425,Ripretinib 50mg tablet,Ripretinib 50mg tablet,http://fhir.hie.moh.gov.my/CodeSystem/drug-my-core,CodeSystemDrugMyCore
KPK00429,"Urokinase 50,000 IU Injection","Urokinase 50,000 IU Injection",http://fhir.hie.moh.gov.my/CodeSystem/drug-my-core,CodeSystemDrugMyCore
KPK00417,Ascorbic Acid 1000mg/5ml Injection,Ascorbic Acid 1g/5ml Injection,http://fhir.hie.moh.gov.my/CodeSystem/drug-my-core,CodeSystemDrugMyCore
KPK00467,Mexiletine 200 mg Capsule,Mexiletine 200 mg Capsule,http://fhir.hie.moh.gov.my/CodeSystem/drug-my-core,CodeSystemDrugMyCore
KPK00469,Levamisole 150mg Tablet,Levamisole 150mg Tablet,http://fhir.hie.moh.gov.my/CodeSystem/drug-my-core,CodeSystemDrugMyCore
KPK00407,Benzydamine + Cetylpyridinium Lozenges,Benzydamine + Cetylpyridinium Loz,http://fhir.hie.moh.gov.my/CodeSystem/drug-my-core,CodeSystemDrugMyCore
B03AC00000P3001a,Ferric Derisomaltose 500mg/5ml Injection,Ferric Derisomaltose 500mg/5ml Injection,http://fhir.hie.moh.gov.my/CodeSystem/drug-my-core,CodeSystemDrugMyCore
V08AB09000P3002a,Iodixanol 270 mg I/ml Injection (50ml),Iodixanol 270 mg I/ml Injection (50ml),http://fhir.hie.moh.gov.my/CodeSystem/drug-my-core,CodeSystemDrugMyCore
J07CA09963P3002,Diptheria-Tetanus-Pertussis-Inactivated Polio Virus-Hepatitis B-Haemophilus Influenza B (DTaP-IPV-HB-Hib) Vaccine,DTaP-IPV-HB-Hib Vaccine,http://fhir.hie.moh.gov.my/CodeSystem/drug-my-core,CodeSystemDrugMyCore
KPK00401,Cholecalciferol (Vitamin D3) Powder,Cholecalciferol (Vitamin D3) Powder,http://fhir.hie.moh.gov.my/CodeSystem/drug-my-core,CodeSystemDrugMyCore
B05XA03100P6002k,Sodium Chloride 0.9% 5mL Injection,Sodium Chloride 0.9% 5mL Injection,http://fhir.hie.moh.gov.my/CodeSystem/drug-my-core,CodeSystemDrugMyCore
KPK00423,Onasemnogene abeparvovec 8.3ml Vial,Onasemnogene abeparvovec 8.3ml Vial,http://fhir.hie.moh.gov.my/CodeSystem/drug-my-core,CodeSystemDrugMyCore
A12AX00929T3201,Calcium Citrate 1000mg & Vitamin D 200iu Tablet,Calcium 1000mg & Vitamin D 200iu Tab,http://fhir.hie.moh.gov.my/CodeSystem/drug-my-core,CodeSystemDrugMyCore
RPH000097,F-18 Fluorodeoxyglucose (F-18 FDG) 250mCi,F-18 Fluorodeoxyglucose (F-18 FDG)250mCi,http://fhir.hie.moh.gov.my/CodeSystem/drug-my-core,CodeSystemDrugMyCore
RPH000098,F-18 Fluorodeoxyglucose (F-18 FDG) 300mCi,F-18 Fluorodeoxyglucose (F-18 FDG)300mCi,http://fhir.hie.moh.gov.my/CodeSystem/drug-my-core,CodeSystemDrugMyCore
KPK00420,Luseogliflozin 2.5mg Tablet,Luseogliflozin 2.5mg Tablet,http://fhir.hie.moh.gov.my/CodeSystem/drug-my-core,CodeSystemDrugMyCore
N03AX17000C1002,Stiripentol 500 mg Capsule,Stiripentol 500 mg Capsule,http://fhir.hie.moh.gov.my/CodeSystem/drug-my-core,CodeSystemDrugMyCore
KPK00477,Caffeine Citrate 25mg/ml Injection,Caffeine Citrate 25mg/ml Inj,http://fhir.hie.moh.gov.my/CodeSystem/drug-my-core,CodeSystemDrugMyCore
R06AX29000T1001,Bilastine 20mg Tablet,Bilastine 20mg Tablet,http://fhir.hie.moh.gov.my/CodeSystem/drug-my-core,CodeSystemDrugMyCore
KPK00438,Brivaracetam 25 mg Tablet,Brivaracetam 25 mg Tablet,http://fhir.hie.moh.gov.my/CodeSystem/drug-my-core,CodeSystemDrugMyCore
RPH000099,F-18 Fluorodeoxyglucose (F-18 FDG) 150mCi,F-18 Fluorodeoxyglucose (F-18 FDG)150mCi,http://fhir.hie.moh.gov.my/CodeSystem/drug-my-core,CodeSystemDrugMyCore
B05XA03100P6002l,Sodium Chloride 0.9% 30mL Irrigation Soln,NaCl 0.9% 30mL Irrigation Soln,http://fhir.hie.moh.gov.my/CodeSystem/drug-my-core,CodeSystemDrugMyCore
S02DA30900D1002,Ear Wax Softener (Ear Spray),Ear Wax Softener (Ear Spray),http://fhir.hie.moh.gov.my/CodeSystem/drug-my-core,CodeSystemDrugMyCore
KPK00465,Ivermectin 12mg Tablet,Ivermectin 12mg Tablet,http://fhir.hie.moh.gov.my/CodeSystem/drug-my-core,CodeSystemDrugMyCore
KPK00476,Human Hemin 25mg/ml Injection,Human Hemin 25mg/ml Inj,http://fhir.hie.moh.gov.my/CodeSystem/drug-my-core,CodeSystemDrugMyCore
H01AC01000P5001,Somatropin 5mg (15IU) Injection,Somatropin 5mg Inj,http://fhir.hie.moh.gov.my/CodeSystem/drug-my-core,CodeSystemDrugMyCore
L04AC05000P3001,Ustekinumab 90mg/ml Injection (Prefilled Syringe),Ustekinumab 90mg/ml Prefilled Syringe,http://fhir.hie.moh.gov.my/CodeSystem/drug-my-core,CodeSystemDrugMyCore
KPK00416,Primidone 50 mg Tablet,Primidone 50 mg Tablet,http://fhir.hie.moh.gov.my/CodeSystem/drug-my-core,CodeSystemDrugMyCore
RPH000094,Saline Elution Vial,Saline Elution Vial,http://fhir.hie.moh.gov.my/CodeSystem/drug-my-core,CodeSystemDrugMyCore
N05AX16000T3201,Brexpiprazole 0.25mg Film-Coated Tablet,Brexpiprazole 0.25mg Film-Coated Tablet,http://fhir.hie.moh.gov.my/CodeSystem/drug-my-core,CodeSystemDrugMyCore
N05AX16000T3202,Brexpiprazole 0.5mg Film-Coated Tablet,Brexpiprazole 0.5mg Film-Coated Tablet,http://fhir.hie.moh.gov.my/CodeSystem/drug-my-core,CodeSystemDrugMyCore
N05AX16000T3203,Brexpiprazole 1mg Film-Coated Tablet,Brexpiprazole 1mg Film-Coated Tablet,http://fhir.hie.moh.gov.my/CodeSystem/drug-my-core,CodeSystemDrugMyCore
N05AX16000T3205,Brexpiprazole 3mg Film-Coated Tablet,Brexpiprazole 3mg Film-Coated Tablet,http://fhir.hie.moh.gov.my/CodeSystem/drug-my-core,CodeSystemDrugMyCore
D11AF00952L5001,"Fluorouracil 5%, Salicylic Acid 10% & Dimethylsulfoxide 8% Solution",Fluorouracil/Salicylic/Dimethylsulf Sol,http://fhir.hie.moh.gov.my/CodeSystem/drug-my-core,CodeSystemDrugMyCore
V03AB06181P3002a,Sodium Thiosulphate 250 mg/ml Injection (100ml),Sodium Thiosulphate 250mg/ml Inj (100ml),http://fhir.hie.moh.gov.my/CodeSystem/drug-my-core,CodeSystemDrugMyCore
KPK00415,Human Fibrinogen 1g Injection,Human Fibrinogen 1g Injection,http://fhir.hie.moh.gov.my/CodeSystem/drug-my-core,CodeSystemDrugMyCore
M01AB05520T4001,Diclofenac sodium 100mg SUSTAINED RELEASE Tablet,Diclofenac 100mg SR Tablet,http://fhir.hie.moh.gov.my/CodeSystem/drug-my-core,CodeSystemDrugMyCore
KPK00474,Glycopyrrolate 0.2mg/mL Syrup,Glycopyrrolate 0.2mg/mL Syrup,http://fhir.hie.moh.gov.my/CodeSystem/drug-my-core,CodeSystemDrugMyCore
KPK00475,Human Antithrombin III 1000 IU Injection,Human Antithrombin III 1000 IU Injection,http://fhir.hie.moh.gov.my/CodeSystem/drug-my-core,CodeSystemDrugMyCore
KPK00408,Benzydamine + Cetylpyridinium + Pholcodine Lozenges,Benzydamine/ Cetylpyridinium/ Pholcodine,http://fhir.hie.moh.gov.my/CodeSystem/drug-my-core,CodeSystemDrugMyCore
B01AB05520P5005,Enoxaparin Sodium 80 mg Injection,Enoxaparin Sodium 80 mg Injection,http://fhir.hie.moh.gov.my/CodeSystem/drug-my-core,CodeSystemDrugMyCore
KPK00399,Polatuzumab vedotin 140mg Powder for Infusion,Polatuzumab vedotin 140mg inj,http://fhir.hie.moh.gov.my/CodeSystem/drug-my-core,CodeSystemDrugMyCore
J07BC20000P5001,Hepatitis A Inactivated 720 Unit & Hepatitis B (Recombinant) 20mcg Vaccine Injection (Prefilled Syringe),Hep A 720U & Hep B 20mcg Vaccine PFS,http://fhir.hie.moh.gov.my/CodeSystem/drug-my-core,CodeSystemDrugMyCore
V03AX00138T3201,Vonoprazan 10mg Film-Coated Tablet,Vonoprazan 10mg Film-Coated Tab,http://fhir.hie.moh.gov.my/CodeSystem/drug-my-core,CodeSystemDrugMyCore
B03AC00000P3001b,Ferric Derisomaltose 1000mg/10ml Injection,Ferric Derisomaltose 1000mg/10ml Inj,http://fhir.hie.moh.gov.my/CodeSystem/drug-my-core,CodeSystemDrugMyCore
KPK00402,"Sulfamethoxazole 500mg, Pyrimethamine 25mg tablet",Pyrimethamine 25mg /Sulfamethoxazole Tab,http://fhir.hie.moh.gov.my/CodeSystem/drug-my-core,CodeSystemDrugMyCore
J05AR17964T3202,"Emtricitabine 200mg, Tenofovir alafenamide 10mg Tablet",Emtricitabine/Tenofovir 200mg/10mg Tab,http://fhir.hie.moh.gov.my/CodeSystem/drug-my-core,CodeSystemDrugMyCore
V01AA03992T7201,House Dust Mites allergen extract 12 SQ-HDM Sublingual Tablet,12 SQ-HDM Sublingual Tablet,http://fhir.hie.moh.gov.my/CodeSystem/drug-my-core,CodeSystemDrugMyCore
N01AX10000P9901a,Propofol 1% (10mg/ml) emulsion for Injection (50ml),Propofol 1% Emulsion for Inj (50ml),http://fhir.hie.moh.gov.my/CodeSystem/drug-my-core,CodeSystemDrugMyCore
PNA00037,Periolimel N4E 700kcal 1000ml,Periolimel N4E 700kcal,http://fhir.hie.moh.gov.my/CodeSystem/drug-my-core,CodeSystemDrugMyCore
PNA00038,Periolimel N4E 1050kcal 1500ml,Periolimel N4E 1050kcal,http://fhir.hie.moh.gov.my/CodeSystem/drug-my-core,CodeSystemDrugMyCore
PNA00039,Periolimel N4E 1400kcal 2000ml,Periolimel N4E 1400kcal,http://fhir.hie.moh.gov.my/CodeSystem/drug-my-core,CodeSystemDrugMyCore
PNA00040,Periolimel N4E 1750kcal 2500ml,Periolimel N4E 1750kcal,http://fhir.hie.moh.gov.my/CodeSystem/drug-my-core,CodeSystemDrugMyCore
D11AH05000P5001,Dupilumab 300 mg/2ml Injection (Pre-filled Syringe),Dupilumab 300 mg/2ml PF-Syringe,http://fhir.hie.moh.gov.my/CodeSystem/drug-my-core,CodeSystemDrugMyCore
X0X0X01818X0X18,Vaccine Covid-16,Vaccine Covid-16,http://fhir.hie.moh.gov.my/CodeSystem/drug-my-core,CodeSystemDrugMyCore
A11DA01110P3001b,Thiamine HCl 100mg/2ml Injection,Thiamine HCl 100mg/2ml Injection,http://fhir.hie.moh.gov.my/CodeSystem/drug-my-core,CodeSystemDrugMyCore
J07BX03000P3004,Ad26.COV2-S (recombinant) Suspension for Injection,COVID-19 Vaccine Janssen Inj,http://fhir.hie.moh.gov.my/CodeSystem/drug-my-core,CodeSystemDrugMyCore
KPK00480,Sarilumab 200mg/1.14ml Injection (Prefilled-Pen),Sarilumab 200mg/1.14ml Inj,http://fhir.hie.moh.gov.my/CodeSystem/drug-my-core,CodeSystemDrugMyCore
H02AB02162P3002,Dexamethasone Sodium Phosphate 5mg/ml in 1ml Injection,Dexamethasone Sodium Phosphate 5mg/ml in,http://fhir.hie.moh.gov.my/CodeSystem/drug-my-core,CodeSystemDrugMyCore
KPK00403,Tolvaptan 15 mg Tablet,Tolvaptan 15 mg Tablet,http://fhir.hie.moh.gov.my/CodeSystem/drug-my-core,CodeSystemDrugMyCore
D07XD00952G1001,"Fluocinolone Acetonide 0.01%, Hydroquinone 4% & Tretinoin 0.05% Cream",Fluocinolone/Hydroquinone/Tretinoin Cr,http://fhir.hie.moh.gov.my/CodeSystem/drug-my-core,CodeSystemDrugMyCore
KPK00437,Methoxsalen 100 mcg/5ml Sterile Solution,Methoxsalen 100 mcg/5ml Sterile Soln,http://fhir.hie.moh.gov.my/CodeSystem/drug-my-core,CodeSystemDrugMyCore
B02BD06000P4002c,High Purity Factor VIII 1000 IU Injection (OCTANATE),High Purity Factor VIII 1000 IU Inj,http://fhir.hie.moh.gov.my/CodeSystem/drug-my-core,CodeSystemDrugMyCore
KPK00482,Glyceryl Trinitrate 0.2% Ointment,Glyceryl Trinitrate 0.2% Ointment,http://fhir.hie.moh.gov.my/CodeSystem/drug-my-core,CodeSystemDrugMyCore
L01XK01000T3201,Olaparib 100 mg Film-Coated Tablets,Olaparib 100 mg Film-Coated Tablets,http://fhir.hie.moh.gov.my/CodeSystem/drug-my-core,CodeSystemDrugMyCore
D07XC01946L6001,Betamethasone Dipropionate 0.064% & Salicylic Acid 2% Lotion,Betamethasone 0.064% & Salicylic 2% Lot,http://fhir.hie.moh.gov.my/CodeSystem/drug-my-core,CodeSystemDrugMyCore
KPK00447,Esketamine 28mg Nasal Spray,Esketamine 28mg Nasal Spray,http://fhir.hie.moh.gov.my/CodeSystem/drug-my-core,CodeSystemDrugMyCore
RPH000095,Erbium-169 Citrate,Erbium-169 Citrate,http://fhir.hie.moh.gov.my/CodeSystem/drug-my-core,CodeSystemDrugMyCore
KPK00441,Levothyroxine Sodium 150 mcg Soft Capsule,L-thyroxine Na 150mcg Cap,http://fhir.hie.moh.gov.my/CodeSystem/drug-my-core,CodeSystemDrugMyCore
KPK00487,Vecuronium Bromide 4mg/2ml Injection,Vecuronium Bromide 4mg/2ml Inj,http://fhir.hie.moh.gov.my/CodeSystem/drug-my-core,CodeSystemDrugMyCore
S01EE04000D2002,Travoprost 0.003% Ophthalmic Solution,Travoprost 0.003% Ophthalmic Solution,http://fhir.hie.moh.gov.my/CodeSystem/drug-my-core,CodeSystemDrugMyCore
GLN0200142,Alcohol 80% Handrub (+Hydrogen Peroxide + Glycerol),Alcohol 80% Handrub,http://fhir.hie.moh.gov.my/CodeSystem/drug-my-core,CodeSystemDrugMyCore
KPK00445,Selinexor 20mg Tablet,Selinexor 20mg Tablet,http://fhir.hie.moh.gov.my/CodeSystem/drug-my-core,CodeSystemDrugMyCore
KPK00452,"Skin Patch Testing Kit, Allergen Rubber Additives Series","Skin Patch Testing Kit, Allergen Rubber",http://fhir.hie.moh.gov.my/CodeSystem/drug-my-core,CodeSystemDrugMyCore
