legacy_url,new_url,artefact_type,artefact_id,action_taken,notes
http://fhir.hie.moh.gov.my/CodeSystem/active-ingredient-my-core,https://myehr.kkmhub.moh.gov.my/fhir/ImplementationGuide/my-core/CodeSystem/active-ingredient-my-core,CodeSystem,active-ingredient-my-core,id-normalised,Normalised resource id from 'code-system-active-ingredient-my-core' to match the canonical URL tail.
http://fhir.hie.moh.gov.my/CodeSystem/allergy-code-my-core,https://myehr.kkmhub.moh.gov.my/fhir/ImplementationGuide/my-core/CodeSystem/allergy-code-my-core,CodeSystem,allergy-code-my-core,id-normalised,Normalised resource id from 'code-system-allergy-code-my-core' to match the canonical URL tail.
http://fhir.hie.moh.gov.my/CodeSystem/allergy-environment-my-core,https://myehr.kkmhub.moh.gov.my/fhir/ImplementationGuide/my-core/CodeSystem/allergy-environment-my-core,CodeSystem,allergy-environment-my-core,id-normalised,Normalised resource id from 'code-system-allergy-environment-my-core' to match the canonical URL tail.
http://fhir.hie.moh.gov.my/CodeSystem/audiology-assessment-my-core,https://myehr.kkmhub.moh.gov.my/fhir/ImplementationGuide/my-core/CodeSystem/audiology-assessment-my-core,CodeSystem,audiology-assessment-my-core,id-normalised,Normalised resource id from 'code-system-audiology-assessment-my-core' to match the canonical URL tail.
http://fhir.hie.moh.gov.my/CodeSystem/audiology-aural-rehabilitation-my-core,https://myehr.kkmhub.moh.gov.my/fhir/ImplementationGuide/my-core/CodeSystem/audiology-aural-rehabilitation-my-core,CodeSystem,audiology-aural-rehabilitation-my-core,id-normalised,Normalised resource id from 'code-system-audiology-aural-rehabilitation-my-core' to match the canonical URL tail.
http://fhir.hie.moh.gov.my/CodeSystem/audiology-cochlear-implant-assessment-my-core,https://myehr.kkmhub.moh.gov.my/fhir/ImplementationGuide/my-core/CodeSystem/audiology-cochlear-implant-assessment-my-core,CodeSystem,audiology-cochlear-implant-assessment-my-core,id-normalised,Normalised resource id from 'code-system-audiology-cochlear-implant-assessment-my-core' to match the canonical URL tail.
http://fhir.hie.moh.gov.my/CodeSystem/audiology-electrophysiology-test-my-core,https://myehr.kkmhub.moh.gov.my/fhir/ImplementationGuide/my-core/CodeSystem/audiology-electrophysiology-test-my-core,CodeSystem,audiology-electrophysiology-test-my-core,id-normalised,Normalised resource id from 'code-system-audiology-electrophysiology-test-my-core' to match the canonical URL tail.
http://fhir.hie.moh.gov.my/CodeSystem/audiology-hearing-aid-assessment-my-core,https://myehr.kkmhub.moh.gov.my/fhir/ImplementationGuide/my-core/CodeSystem/audiology-hearing-aid-assessment-my-core,CodeSystem,audiology-hearing-aid-assessment-my-core,id-normalised,Normalised resource id from 'code-system-audiology-hearing-aid-assessment-my-core' to match the canonical URL tail.
http://fhir.hie.moh.gov.my/CodeSystem/audiology-neonatal-hearing-screening-my-core,https://myehr.kkmhub.moh.gov.my/fhir/ImplementationGuide/my-core/CodeSystem/audiology-neonatal-hearing-screening-my-core,CodeSystem,audiology-neonatal-hearing-screening-my-core,id-normalised,Normalised resource id from 'code-system-audiology-neonatal-hearing-screening-my-core' to match the canonical URL tail.
http://fhir.hie.moh.gov.my/CodeSystem/cancellation-reason-my-core,https://myehr.kkmhub.moh.gov.my/fhir/ImplementationGuide/my-core/CodeSystem/cancellation-reason-my-core,CodeSystem,cancellation-reason-my-core,id-normalised,Normalised resource id from 'code-system-cancellation-reason-my-core' to match the canonical URL tail.
http://fhir.hie.moh.gov.my/CodeSystem/clinic-physiotherapy-my-core,https://myehr.kkmhub.moh.gov.my/fhir/ImplementationGuide/my-core/CodeSystem/clinic-physiotherapy-my-core,CodeSystem,clinic-physiotherapy-my-core,id-normalised,Normalised resource id from 'code-system-clinic-physiotherapy-my-core' to match the canonical URL tail.
http://fhir.hie.moh.gov.my/CodeSystem/cluster-facility-my-core,https://myehr.kkmhub.moh.gov.my/fhir/ImplementationGuide/my-core/CodeSystem/cluster-facility-my-core,CodeSystem,cluster-facility-my-core,id-normalised,Normalised resource id from 'code-system-cluster-facility-my-core' to match the canonical URL tail.
http://fhir.hie.moh.gov.my/CodeSystem/developmental-milestone-my-core,,CodeSystem,code-system-developmental-milestone-my-core,merged-duplicate,Removed duplicate in favour of the retained developmental-milestone CodeSystem.
http://fhir.hie.moh.gov.my/CodeSystem/encounter-class-my-core,http://terminology.hl7.org/CodeSystem/v3-ActCode,CodeSystem,code-system-encounter-class-my-core,externalised,Published bindings and examples now point to the external HL7 v3 ActCode system URI http://terminology.hl7.org/CodeSystem/v3-ActCode; the legacy MY Core code system is retained only in source lineage.
http://fhir.hie.moh.gov.my/CodeSystem/lab-my-core,http://loinc.org,CodeSystem,code-system-lab-my-core,externalised,Published bindings and examples now point to the external LOINC system URI http://loinc.org; the legacy MY Core code system is retained only in source lineage.
http://fhir.hie.moh.gov.my/CodeSystem/procedure-code-my-core,http://hl7.org/fhir/sid/icd-9-cm,CodeSystem,code-system-procedure-code-my-core,externalised,Published bindings and examples now point to the external ICD-9-CM system URI http://hl7.org/fhir/sid/icd-9-cm; the legacy MY Core code system is retained only in source lineage.
http://fhir.hie.moh.gov.my/CodeSystem/procedure-my-core,http://hl7.org/fhir/sid/icd-9-cm,CodeSystem,code-system-procedure-my-core,externalised,Published bindings and examples now point to the external ICD-9-CM system URI http://hl7.org/fhir/sid/icd-9-cm; the legacy MY Core code system is retained only in source lineage.
http://fhir.hie.moh.gov.my/CodeSystem/servicerequest-category-my-core,http://snomed.info/sct,CodeSystem,code-system-servicerequest-category-my-core,externalised,Published bindings and examples now point to the external SNOMED CT system URI http://snomed.info/sct; the legacy MY Core code system is retained only in source lineage.
http://fhir.hie.moh.gov.my/CodeSystem/composition-category-my-core,https://myehr.kkmhub.moh.gov.my/fhir/ImplementationGuide/my-core/CodeSystem/composition-category-my-core,CodeSystem,composition-category-my-core,id-normalised,Normalised resource id from 'code-system-composition-category-my-core' to match the canonical URL tail.
http://fhir.hie.moh.gov.my/CodeSystem/composition-class-my-core,https://myehr.kkmhub.moh.gov.my/fhir/ImplementationGuide/my-core/CodeSystem/composition-class-my-core,CodeSystem,composition-class-my-core,id-normalised,Normalised resource id from 'code-system-composition-class-my-core' to match the canonical URL tail.
http://fhir.hie.moh.gov.my/CodeSystem/composition-event-my-core,https://myehr.kkmhub.moh.gov.my/fhir/ImplementationGuide/my-core/CodeSystem/composition-event-my-core,CodeSystem,composition-event-my-core,id-normalised,Normalised resource id from 'code-system-composition-event-my-core' to match the canonical URL tail.
http://fhir.hie.moh.gov.my/CodeSystem/composition-form-event-my-core,https://myehr.kkmhub.moh.gov.my/fhir/ImplementationGuide/my-core/CodeSystem/composition-form-event-my-core,CodeSystem,composition-form-event-my-core,id-normalised,Normalised resource id from 'code-system-composition-form-event-my-core' to match the canonical URL tail.
http://fhir.hie.moh.gov.my/CodeSystem/composition-type-my-core,https://myehr.kkmhub.moh.gov.my/fhir/ImplementationGuide/my-core/CodeSystem/composition-type-my-core,CodeSystem,composition-type-my-core,id-normalised,Normalised resource id from 'code-system-composition-type-my-core' to match the canonical URL tail.
http://fhir.hie.moh.gov.my/CodeSystem/condition-category-my-core,https://myehr.kkmhub.moh.gov.my/fhir/ImplementationGuide/my-core/CodeSystem/condition-category-my-core,CodeSystem,condition-category-my-core,id-normalised,Normalised resource id from 'code-system-condition-category-my-core' to match the canonical URL tail.
http://fhir.hie.moh.gov.my/CodeSystem/cooking-demonstration-my-core,https://myehr.kkmhub.moh.gov.my/fhir/ImplementationGuide/my-core/CodeSystem/cooking-demonstration-my-core,CodeSystem,cooking-demonstration-my-core,id-normalised,Normalised resource id from 'code-system-cooking-demonstration-my-core' to match the canonical URL tail.
http://fhir.hie.moh.gov.my/CodeSystem/data-type-my-core,https://myehr.kkmhub.moh.gov.my/fhir/ImplementationGuide/my-core/CodeSystem/data-type-my-core,CodeSystem,data-type-my-core,id-normalised,Normalised resource id from 'code-system-data-type-my-core' to match the canonical URL tail.
http://fhir.hie.moh.gov.my/CodeSystem/dental-alert-code-my-core,https://myehr.kkmhub.moh.gov.my/fhir/ImplementationGuide/my-core/CodeSystem/dental-alert-code-my-core,CodeSystem,dental-alert-code-my-core,id-normalised,Normalised resource id from 'code-system-dental-alert-code-my-core' to match the canonical URL tail.
http://fhir.hie.moh.gov.my/CodeSystem/dental-code-my-core,https://myehr.kkmhub.moh.gov.my/fhir/ImplementationGuide/my-core/CodeSystem/dental-code-my-core,CodeSystem,dental-code-my-core,id-normalised,Normalised resource id from 'code-system-dental-code-my-core' to match the canonical URL tail.
http://fhir.hie.moh.gov.my/CodeSystem/dental-history-alert-my-core,https://myehr.kkmhub.moh.gov.my/fhir/ImplementationGuide/my-core/CodeSystem/dental-history-alert-my-core,CodeSystem,dental-history-alert-my-core,id-normalised,Normalised resource id from 'code-system-dental-history-alert-my-core' to match the canonical URL tail.
http://fhir.hie.moh.gov.my/CodeSystem/dental-procedure-my-core,https://myehr.kkmhub.moh.gov.my/fhir/ImplementationGuide/my-core/CodeSystem/dental-procedure-my-core,CodeSystem,dental-procedure-my-core,id-normalised,Normalised resource id from 'code-system-dental-procedure-my-core' to match the canonical URL tail.
http://fhir.hie.moh.gov.my/CodeSystem/dentitian-my-core,https://myehr.kkmhub.moh.gov.my/fhir/ImplementationGuide/my-core/CodeSystem/dentitian-my-core,CodeSystem,dentitian-my-core,id-normalised,Normalised resource id from 'code-system-dentitian-my-core' to match the canonical URL tail.
http://fhir.hie.moh.gov.my/CodeSystem/dev-milestone-fine-motor-my-core,https://myehr.kkmhub.moh.gov.my/fhir/ImplementationGuide/my-core/CodeSystem/dev-milestone-fine-motor-my-core,CodeSystem,dev-milestone-fine-motor-my-core,id-normalised,Normalised resource id from 'code-system-dev-milestone-fine-motor-my-core' to match the canonical URL tail.
http://fhir.hie.moh.gov.my/CodeSystem/dev-milestone-gross-motor-my-core,https://myehr.kkmhub.moh.gov.my/fhir/ImplementationGuide/my-core/CodeSystem/dev-milestone-gross-motor-my-core,CodeSystem,dev-milestone-gross-motor-my-core,id-normalised,Normalised resource id from 'code-system-dev-milestone-gross-motor-my-core' to match the canonical URL tail.
http://fhir.hie.moh.gov.my/CodeSystem/dev-milestone-social-my-core,https://myehr.kkmhub.moh.gov.my/fhir/ImplementationGuide/my-core/CodeSystem/dev-milestone-social-my-core,CodeSystem,dev-milestone-social-my-core,id-normalised,Normalised resource id from 'code-system-dev-milestone-social-my-core' to match the canonical URL tail.
http://fhir.hie.moh.gov.my/CodeSystem/dev-milestone-speech-my-core,https://myehr.kkmhub.moh.gov.my/fhir/ImplementationGuide/my-core/CodeSystem/dev-milestone-speech-my-core,CodeSystem,dev-milestone-speech-my-core,id-normalised,Normalised resource id from 'code-system-dev-milestone-speech-my-core' to match the canonical URL tail.
http://fhir.hie.moh.gov.my/CodeSystem/developmental-milestone-my-core,https://myehr.kkmhub.moh.gov.my/fhir/ImplementationGuide/my-core/CodeSystem/developmental-milestone-my-core,CodeSystem,developmental-milestone-my-core,id-normalised,Normalised resource id from 'code-system-developmental-milestone-my-core' to match the canonical URL tail.
http://fhir.hie.moh.gov.my/CodeSystem/diagnosis-role-my-core,https://myehr.kkmhub.moh.gov.my/fhir/ImplementationGuide/my-core/CodeSystem/diagnosis-role-my-core,CodeSystem,diagnosis-role-my-core,id-normalised,Normalised resource id from 'code-system-diagnosis-role-my-core' to match the canonical URL tail.
http://fhir.hie.moh.gov.my/CodeSystem/diagnostic-procedure-my-core,https://myehr.kkmhub.moh.gov.my/fhir/ImplementationGuide/my-core/CodeSystem/diagnostic-procedure-my-core,CodeSystem,diagnostic-procedure-my-core,id-normalised,Normalised resource id from 'code-system-diagnostic-procedure-my-core' to match the canonical URL tail.
http://fhir.hie.moh.gov.my/CodeSystem/discharge-disposition-my-core,https://myehr.kkmhub.moh.gov.my/fhir/ImplementationGuide/my-core/CodeSystem/discharge-disposition-my-core,CodeSystem,discharge-disposition-my-core,id-normalised,Normalised resource id from 'code-system-discharge-disposition-my-core' to match the canonical URL tail.
http://fhir.hie.moh.gov.my/CodeSystem/district-my-core,https://myehr.kkmhub.moh.gov.my/fhir/ImplementationGuide/my-core/CodeSystem/district-my-core,CodeSystem,district-my-core,id-normalised,Normalised resource id from 'code-system-district-my-core' to match the canonical URL tail.
http://fhir.hie.moh.gov.my/CodeSystem/drug-category-my-core,https://myehr.kkmhub.moh.gov.my/fhir/ImplementationGuide/my-core/CodeSystem/drug-category-my-core,CodeSystem,drug-category-my-core,id-normalised,Normalised resource id from 'code-system-drug-category-my-core' to match the canonical URL tail.
http://fhir.hie.moh.gov.my/CodeSystem/drug-cautionary-my-core,https://myehr.kkmhub.moh.gov.my/fhir/ImplementationGuide/my-core/CodeSystem/drug-cautionary-my-core,CodeSystem,drug-cautionary-my-core,id-normalised,Normalised resource id from 'code-system-drug-cautionary-my-core' to match the canonical URL tail.
http://fhir.hie.moh.gov.my/CodeSystem/drug-dose-form-my-core,https://myehr.kkmhub.moh.gov.my/fhir/ImplementationGuide/my-core/CodeSystem/drug-dose-form-my-core,CodeSystem,drug-dose-form-my-core,id-normalised,Normalised resource id from 'code-system-drug-dose-form-my-core' to match the canonical URL tail.
http://fhir.hie.moh.gov.my/CodeSystem/drug-my-core,https://myehr.kkmhub.moh.gov.my/fhir/ImplementationGuide/my-core/CodeSystem/drug-my-core,CodeSystem,drug-my-core,id-normalised,Normalised resource id from 'code-system-drug-my-core' to match the canonical URL tail.
http://fhir.hie.moh.gov.my/CodeSystem/drug-schedule-my-core,https://myehr.kkmhub.moh.gov.my/fhir/ImplementationGuide/my-core/CodeSystem/drug-schedule-my-core,CodeSystem,drug-schedule-my-core,id-normalised,Normalised resource id from 'code-system-drug-schedule-my-core' to match the canonical URL tail.
http://fhir.hie.moh.gov.my/CodeSystem/drug-special-instruction-my-core,https://myehr.kkmhub.moh.gov.my/fhir/ImplementationGuide/my-core/CodeSystem/drug-special-instruction-my-core,CodeSystem,drug-special-instruction-my-core,id-normalised,Normalised resource id from 'code-system-drug-special-instruction-my-core' to match the canonical URL tail.
http://fhir.hie.moh.gov.my/CodeSystem/drug-sub-group-my-core,https://myehr.kkmhub.moh.gov.my/fhir/ImplementationGuide/my-core/CodeSystem/drug-sub-group-my-core,CodeSystem,drug-sub-group-my-core,id-normalised,Normalised resource id from 'code-system-drug-sub-group-my-core' to match the canonical URL tail.
http://fhir.hie.moh.gov.my/CodeSystem/drug-trade-name-my-core,https://myehr.kkmhub.moh.gov.my/fhir/ImplementationGuide/my-core/CodeSystem/drug-trade-name-my-core,CodeSystem,drug-trade-name-my-core,id-normalised,Normalised resource id from 'code-system-drug-trade-name-my-core' to match the canonical URL tail.
http://fhir.hie.moh.gov.my/CodeSystem/drug-type-my-core,https://myehr.kkmhub.moh.gov.my/fhir/ImplementationGuide/my-core/CodeSystem/drug-type-my-core,CodeSystem,drug-type-my-core,id-normalised,Normalised resource id from 'code-system-drug-type-my-core' to match the canonical URL tail.
http://fhir.hie.moh.gov.my/CodeSystem/education-level-my-core,https://myehr.kkmhub.moh.gov.my/fhir/ImplementationGuide/my-core/CodeSystem/education-level-my-core,CodeSystem,education-level-my-core,id-normalised,Normalised resource id from 'code-system-education-level-my-core' to match the canonical URL tail.
http://fhir.hie.moh.gov.my/CodeSystem/encounter-outcome-my-core,https://myehr.kkmhub.moh.gov.my/fhir/ImplementationGuide/my-core/CodeSystem/encounter-outcome-my-core,CodeSystem,encounter-outcome-my-core,id-normalised,Normalised resource id from 'code-system-encounter-outcome-my-core' to match the canonical URL tail.
http://fhir.hie.moh.gov.my/CodeSystem/encounter-outcome-reason-my-core,https://myehr.kkmhub.moh.gov.my/fhir/ImplementationGuide/my-core/CodeSystem/encounter-outcome-reason-my-core,CodeSystem,encounter-outcome-reason-my-core,id-normalised,Normalised resource id from 'code-system-encounter-outcome-reason-my-core' to match the canonical URL tail.
http://fhir.hie.moh.gov.my/CodeSystem/ethnic-my-core,https://myehr.kkmhub.moh.gov.my/fhir/ImplementationGuide/my-core/CodeSystem/ethnic-my-core,CodeSystem,ethnic-my-core,id-normalised,Normalised resource id from 'code-system-ethnic-my-core' to match the canonical URL tail.
http://fhir.hie.moh.gov.my/CodeSystem/flag-category-my-core,https://myehr.kkmhub.moh.gov.my/fhir/ImplementationGuide/my-core/CodeSystem/flag-category-my-core,CodeSystem,flag-category-my-core,id-normalised,Normalised resource id from 'code-system-flag-category-my-core' to match the canonical URL tail.
http://fhir.hie.moh.gov.my/CodeSystem/foreigner-type-my-core,https://myehr.kkmhub.moh.gov.my/fhir/ImplementationGuide/my-core/CodeSystem/foreigner-type-my-core,CodeSystem,foreigner-type-my-core,id-normalised,Normalised resource id from 'code-system-foreigner-type-my-core' to match the canonical URL tail.
http://fhir.hie.moh.gov.my/CodeSystem/health-program-physiotherapy-my-core,https://myehr.kkmhub.moh.gov.my/fhir/ImplementationGuide/my-core/CodeSystem/health-program-physiotherapy-my-core,CodeSystem,health-program-physiotherapy-my-core,id-normalised,Normalised resource id from 'code-system-health-program-physiotherapy-my-core' to match the canonical URL tail.
http://fhir.hie.moh.gov.my/CodeSystem/hospital-physiotherapy-my-core,https://myehr.kkmhub.moh.gov.my/fhir/ImplementationGuide/my-core/CodeSystem/hospital-physiotherapy-my-core,CodeSystem,hospital-physiotherapy-my-core,id-normalised,Normalised resource id from 'code-system-hospital-physiotherapy-my-core' to match the canonical URL tail.
http://fhir.hie.moh.gov.my/CodeSystem/imaging-modality-my-core,https://myehr.kkmhub.moh.gov.my/fhir/ImplementationGuide/my-core/CodeSystem/imaging-modality-my-core,CodeSystem,imaging-modality-my-core,id-normalised,Normalised resource id from 'code-system-imaging-modality-my-core' to match the canonical URL tail.
http://fhir.hie.moh.gov.my/CodeSystem/imaging-my-core,https://myehr.kkmhub.moh.gov.my/fhir/ImplementationGuide/my-core/CodeSystem/imaging-my-core,CodeSystem,imaging-my-core,id-normalised,Normalised resource id from 'code-system-imaging-my-core' to match the canonical URL tail.
http://fhir.hie.moh.gov.my/CodeSystem/imaging-region-my-core,https://myehr.kkmhub.moh.gov.my/fhir/ImplementationGuide/my-core/CodeSystem/imaging-region-my-core,CodeSystem,imaging-region-my-core,id-normalised,Normalised resource id from 'code-system-imaging-region-my-core' to match the canonical URL tail.
http://fhir.hie.moh.gov.my/CodeSystem/immunization-recommendation-status-my-core,https://myehr.kkmhub.moh.gov.my/fhir/ImplementationGuide/my-core/CodeSystem/immunization-recommendation-status-my-core,CodeSystem,immunization-recommendation-status-my-core,id-normalised,Normalised resource id from 'code-system-immunization-recommendation-status-my-core' to match the canonical URL tail.
http://fhir.hie.moh.gov.my/CodeSystem/lab-component-my-core,https://myehr.kkmhub.moh.gov.my/fhir/ImplementationGuide/my-core/CodeSystem/lab-component-my-core,CodeSystem,lab-component-my-core,id-normalised,Normalised resource id from 'code-system-lab-component-my-core' to match the canonical URL tail.
http://fhir.hie.moh.gov.my/CodeSystem/lab-method-my-core,https://myehr.kkmhub.moh.gov.my/fhir/ImplementationGuide/my-core/CodeSystem/lab-method-my-core,CodeSystem,lab-method-my-core,id-normalised,Normalised resource id from 'code-system-lab-method-my-core' to match the canonical URL tail.
http://fhir.hie.moh.gov.my/CodeSystem/lab-sub-group-my-core,https://myehr.kkmhub.moh.gov.my/fhir/ImplementationGuide/my-core/CodeSystem/lab-sub-group-my-core,CodeSystem,lab-sub-group-my-core,id-normalised,Normalised resource id from 'code-system-lab-sub-group-my-core' to match the canonical URL tail.
http://fhir.hie.moh.gov.my/CodeSystem/location-type-my-core,https://myehr.kkmhub.moh.gov.my/fhir/ImplementationGuide/my-core/CodeSystem/location-type-my-core,CodeSystem,location-type-my-core,id-normalised,Normalised resource id from 'code-system-location-type-my-core' to match the canonical URL tail.
http://fhir.hie.moh.gov.my/CodeSystem/minor-procedure-my-core,https://myehr.kkmhub.moh.gov.my/fhir/ImplementationGuide/my-core/CodeSystem/minor-procedure-my-core,CodeSystem,minor-procedure-my-core,id-normalised,Normalised resource id from 'code-system-minor-procedure-my-core' to match the canonical URL tail.
http://fhir.hie.moh.gov.my/CodeSystem/monthly-household-income-my-core,https://myehr.kkmhub.moh.gov.my/fhir/ImplementationGuide/my-core/CodeSystem/monthly-household-income-my-core,CodeSystem,monthly-household-income-my-core,id-normalised,Normalised resource id from 'code-system-monthly-household-income-my-core' to match the canonical URL tail.
http://fhir.hie.moh.gov.my/CodeSystem/diagnosis-role-my-core,https://myehr.kkmhub.moh.gov.my/fhir/ImplementationGuide/my-core/CodeSystem/ncd-vc-dx-my-core,CodeSystem,ncd-vc-dx-my-core,canonical-corrected+id-normalised,Corrected canonical collision with diagnosis-role. Normalised resource id from 'code-system-ncd-vc-dx-my-core' to match the canonical URL tail.
http://fhir.hie.moh.gov.my/CodeSystem/non-drug-allergy-code-my-core,https://myehr.kkmhub.moh.gov.my/fhir/ImplementationGuide/my-core/CodeSystem/non-drug-allergy-code-my-core,CodeSystem,non-drug-allergy-code-my-core,id-normalised,Normalised resource id from 'code-system-non-drug-allergy-code-my-core' to match the canonical URL tail.
http://fhir.hie.moh.gov.my/CodeSystem/nutritionist-consultation-my-core,https://myehr.kkmhub.moh.gov.my/fhir/ImplementationGuide/my-core/CodeSystem/nutritionist-consultation-my-core,CodeSystem,nutritionist-consultation-my-core,id-normalised,Normalised resource id from 'code-system-nutritionist-consultation-my-core' to match the canonical URL tail.
http://fhir.hie.moh.gov.my/CodeSystem/observation-category-my-core,https://myehr.kkmhub.moh.gov.my/fhir/ImplementationGuide/my-core/CodeSystem/observation-category-my-core,CodeSystem,observation-category-my-core,id-normalised,Normalised resource id from 'code-system-observation-category-my-core' to match the canonical URL tail.
http://fhir.hie.moh.gov.my/CodeSystem/observation-panel-my-core,https://myehr.kkmhub.moh.gov.my/fhir/ImplementationGuide/my-core/CodeSystem/observation-panel-my-core,CodeSystem,observation-panel-my-core,id-normalised,Normalised resource id from 'code-system-observation-panel-my-core' to match the canonical URL tail.
http://fhir.hie.moh.gov.my/CodeSystem/occupation-sector-my-core,https://myehr.kkmhub.moh.gov.my/fhir/ImplementationGuide/my-core/CodeSystem/occupation-sector-my-core,CodeSystem,occupation-sector-my-core,id-normalised,Normalised resource id from 'code-system-occupation-sector-my-core' to match the canonical URL tail.
http://fhir.hie.moh.gov.my/CodeSystem/organization-category-my-core,https://myehr.kkmhub.moh.gov.my/fhir/ImplementationGuide/my-core/CodeSystem/organization-category-my-core,CodeSystem,organization-category-my-core,id-normalised,Normalised resource id from 'code-system-organization-category-my-core' to match the canonical URL tail.
http://fhir.hie.moh.gov.my/CodeSystem/organization-type-my-core,https://myehr.kkmhub.moh.gov.my/fhir/ImplementationGuide/my-core/CodeSystem/organization-type-my-core,CodeSystem,organization-type-my-core,id-normalised,Normalised resource id from 'code-system-organization-type-my-core' to match the canonical URL tail.
http://fhir.hie.moh.gov.my/CodeSystem/outcome-anxiety-dass-21-my-core,https://myehr.kkmhub.moh.gov.my/fhir/ImplementationGuide/my-core/CodeSystem/outcome-anxiety-dass-21-my-core,CodeSystem,outcome-anxiety-dass-21-my-core,id-normalised,Normalised resource id from 'code-system-outcome-anxiety-dass-21-my-core' to match the canonical URL tail.
http://fhir.hie.moh.gov.my/CodeSystem/outcome-audit-10-my-core,https://myehr.kkmhub.moh.gov.my/fhir/ImplementationGuide/my-core/CodeSystem/outcome-audit-10-my-core,CodeSystem,outcome-audit-10-my-core,id-normalised,Normalised resource id from 'code-system-outcome-audit-10-my-core' to match the canonical URL tail.
http://fhir.hie.moh.gov.my/CodeSystem/outcome-audit-c-my-core,https://myehr.kkmhub.moh.gov.my/fhir/ImplementationGuide/my-core/CodeSystem/outcome-audit-c-my-core,CodeSystem,outcome-audit-c-my-core,id-normalised,Normalised resource id from 'code-system-outcome-audit-c-my-core' to match the canonical URL tail.
http://fhir.hie.moh.gov.my/CodeSystem/outcome-depression-dass-21-my-core,https://myehr.kkmhub.moh.gov.my/fhir/ImplementationGuide/my-core/CodeSystem/outcome-depression-dass-21-my-core,CodeSystem,outcome-depression-dass-21-my-core,id-normalised,Normalised resource id from 'code-system-outcome-depression-dass-21-my-core' to match the canonical URL tail.
http://fhir.hie.moh.gov.my/CodeSystem/outcome-gen-cvs-my-core,https://myehr.kkmhub.moh.gov.my/fhir/ImplementationGuide/my-core/CodeSystem/outcome-gen-cvs-my-core,CodeSystem,outcome-gen-cvs-my-core,id-normalised,Normalised resource id from 'code-system-outcome-gen-cvs-my-core' to match the canonical URL tail.
http://fhir.hie.moh.gov.my/CodeSystem/outcome-phq-9-my-core,https://myehr.kkmhub.moh.gov.my/fhir/ImplementationGuide/my-core/CodeSystem/outcome-phq-9-my-core,CodeSystem,outcome-phq-9-my-core,id-normalised,Normalised resource id from 'code-system-outcome-phq-9-my-core' to match the canonical URL tail.
http://fhir.hie.moh.gov.my/CodeSystem/outcome-stress-dass-21-my-core,https://myehr.kkmhub.moh.gov.my/fhir/ImplementationGuide/my-core/CodeSystem/outcome-stress-dass-21-my-core,CodeSystem,outcome-stress-dass-21-my-core,id-normalised,Normalised resource id from 'code-system-outcome-stress-dass-21-my-core' to match the canonical URL tail.
http://fhir.hie.moh.gov.my/CodeSystem/outcome-whooley-my-core,https://myehr.kkmhub.moh.gov.my/fhir/ImplementationGuide/my-core/CodeSystem/outcome-whooley-my-core,CodeSystem,outcome-whooley-my-core,id-normalised,Normalised resource id from 'code-system-outcome-whooley-my-core' to match the canonical URL tail.
http://fhir.hie.moh.gov.my/CodeSystem/payment-type-my-core,https://myehr.kkmhub.moh.gov.my/fhir/ImplementationGuide/my-core/CodeSystem/payment-type-my-core,CodeSystem,payment-type-my-core,id-normalised,Normalised resource id from 'code-system-payment-type-my-core' to match the canonical URL tail.
http://fhir.hie.moh.gov.my/CodeSystem/person-title-my-core,https://myehr.kkmhub.moh.gov.my/fhir/ImplementationGuide/my-core/CodeSystem/person-title-my-core,CodeSystem,person-title-my-core,id-normalised,Normalised resource id from 'code-system-person-title-my-core' to match the canonical URL tail.
http://fhir.hie.moh.gov.my/CodeSystem/phis-frequency-my-core,https://myehr.kkmhub.moh.gov.my/fhir/ImplementationGuide/my-core/CodeSystem/phis-frequency-my-core,CodeSystem,phis-frequency-my-core,id-normalised,Normalised resource id from 'code-system-phis-frequency-my-core' to match the canonical URL tail.
http://fhir.hie.moh.gov.my/CodeSystem/phis-route-my-core,https://myehr.kkmhub.moh.gov.my/fhir/ImplementationGuide/my-core/CodeSystem/phis-route-my-core,CodeSystem,phis-route-my-core,id-normalised,Normalised resource id from 'code-system-phis-route-my-core' to match the canonical URL tail.
http://fhir.hie.moh.gov.my/CodeSystem/phis-uom-my-core,https://myehr.kkmhub.moh.gov.my/fhir/ImplementationGuide/my-core/CodeSystem/phis-uom-my-core,CodeSystem,phis-uom-my-core,id-normalised,Normalised resource id from 'code-system-phis-uom-my-core' to match the canonical URL tail.
http://fhir.hie.moh.gov.my/CodeSystem/phlebotomy-my-core,https://myehr.kkmhub.moh.gov.my/fhir/ImplementationGuide/my-core/CodeSystem/phlebotomy-my-core,CodeSystem,phlebotomy-my-core,id-normalised,Normalised resource id from 'code-system-phlebotomy-my-core' to match the canonical URL tail.
http://fhir.hie.moh.gov.my/CodeSystem/practitioner-role-code-my-core,https://myehr.kkmhub.moh.gov.my/fhir/ImplementationGuide/my-core/CodeSystem/practitioner-role-code-my-core,CodeSystem,practitioner-role-code-my-core,id-normalised,Normalised resource id from 'code-system-practitioner-role-code-my-core' to match the canonical URL tail.
http://fhir.hie.moh.gov.my/CodeSystem/procedure-category-my-core,https://myehr.kkmhub.moh.gov.my/fhir/ImplementationGuide/my-core/CodeSystem/procedure-category-my-core,CodeSystem,procedure-category-my-core,id-normalised,Normalised resource id from 'code-system-procedure-category-my-core' to match the canonical URL tail.
http://fhir.hie.moh.gov.my/CodeSystem/procedure-complication-my-core,https://myehr.kkmhub.moh.gov.my/fhir/ImplementationGuide/my-core/CodeSystem/procedure-complication-my-core,CodeSystem,procedure-complication-my-core,id-normalised,Normalised resource id from 'code-system-procedure-complication-my-core' to match the canonical URL tail.
http://fhir.hie.moh.gov.my/CodeSystem/procedure-performer-role-my-core,https://myehr.kkmhub.moh.gov.my/fhir/ImplementationGuide/my-core/CodeSystem/procedure-performer-role-my-core,CodeSystem,procedure-performer-role-my-core,id-normalised,Normalised resource id from 'code-system-procedure-performer-role-my-core' to match the canonical URL tail.
http://fhir.hie.moh.gov.my/CodeSystem/procedure-session-type-my-core,https://myehr.kkmhub.moh.gov.my/fhir/ImplementationGuide/my-core/CodeSystem/procedure-session-type-my-core,CodeSystem,procedure-session-type-my-core,id-normalised,Normalised resource id from 'code-system-procedure-session-type-my-core' to match the canonical URL tail.
http://fhir.hie.moh.gov.my/CodeSystem/reason-code-my-core,https://myehr.kkmhub.moh.gov.my/fhir/ImplementationGuide/my-core/CodeSystem/reason-code-my-core,CodeSystem,reason-code-my-core,id-normalised,Normalised resource id from 'code-system-reason-code-my-core' to match the canonical URL tail.
http://fhir.hie.moh.gov.my/CodeSystem/referral-form-my-core,https://myehr.kkmhub.moh.gov.my/fhir/ImplementationGuide/my-core/CodeSystem/referral-form-my-core,CodeSystem,referral-form-my-core,id-normalised,Normalised resource id from 'code-system-referral-form-my-core' to match the canonical URL tail.
http://fhir.hie.moh.gov.my/CodeSystem/referral-type-my-core,https://myehr.kkmhub.moh.gov.my/fhir/ImplementationGuide/my-core/CodeSystem/referral-type-my-core,CodeSystem,referral-type-my-core,id-normalised,Normalised resource id from 'code-system-referral-type-my-core' to match the canonical URL tail.
http://fhir.hie.moh.gov.my/CodeSystem/relationship-my-core,https://myehr.kkmhub.moh.gov.my/fhir/ImplementationGuide/my-core/CodeSystem/relationship-my-core,CodeSystem,relationship-my-core,id-normalised,Normalised resource id from 'code-system-relationship-my-core' to match the canonical URL tail.
http://fhir.hie.moh.gov.my/CodeSystem/religion-my-core,https://myehr.kkmhub.moh.gov.my/fhir/ImplementationGuide/my-core/CodeSystem/religion-my-core,CodeSystem,religion-my-core,id-normalised,Normalised resource id from 'code-system-religion-my-core' to match the canonical URL tail.
http://fhir.hie.moh.gov.my/CodeSystem/revenue-code-my-core,https://myehr.kkmhub.moh.gov.my/fhir/ImplementationGuide/my-core/CodeSystem/revenue-code-my-core,CodeSystem,revenue-code-my-core,id-normalised,Normalised resource id from 'code-system-revenue-code-my-core' to match the canonical URL tail.
http://fhir.hie.moh.gov.my/CodeSystem/schedule-type-my-core,https://myehr.kkmhub.moh.gov.my/fhir/ImplementationGuide/my-core/CodeSystem/schedule-type-my-core,CodeSystem,schedule-type-my-core,id-normalised,Normalised resource id from 'code-system-schedule-type-my-core' to match the canonical URL tail.
http://fhir.hie.moh.gov.my/CodeSystem/service-type-my-core,https://myehr.kkmhub.moh.gov.my/fhir/ImplementationGuide/my-core/CodeSystem/service-type-my-core,CodeSystem,service-type-my-core,id-normalised,Normalised resource id from 'code-system-service-type-my-core' to match the canonical URL tail.
http://fhir.hie.moh.gov.my/CodeSystem/source-system-my-core,https://myehr.kkmhub.moh.gov.my/fhir/ImplementationGuide/my-core/CodeSystem/source-system-my-core,CodeSystem,source-system-my-core,id-normalised,Normalised resource id from 'code-system-source-my-core' to match the canonical URL tail.
http://fhir.hie.moh.gov.my/ValueSet/specialty-my-core,https://myehr.kkmhub.moh.gov.my/fhir/ImplementationGuide/my-core/CodeSystem/specialty-my-core,CodeSystem,specialty-my-core,retyped-and-canonical-corrected+id-normalised,Rebuilt malformed code-system source from embedded ValueSet expansion. Normalised resource id from 'code-system-specialty-my-core' to match the canonical URL tail.
http://fhir.hie.moh.gov.my/CodeSystem/specimen-container-type-my-core,https://myehr.kkmhub.moh.gov.my/fhir/ImplementationGuide/my-core/CodeSystem/specimen-container-type-my-core,CodeSystem,specimen-container-type-my-core,id-normalised,Normalised resource id from 'code-system-specimen-container-type-my-core' to match the canonical URL tail.
http://fhir.hie.moh.gov.my/CodeSystem/specimen-type-my-core,https://myehr.kkmhub.moh.gov.my/fhir/ImplementationGuide/my-core/CodeSystem/specimen-type-my-core,CodeSystem,specimen-type-my-core,id-normalised,Normalised resource id from 'code-system-specimen-type-my-core' to match the canonical URL tail.
http://fhir.hie.moh.gov.my/CodeSystem/state-my-core,https://myehr.kkmhub.moh.gov.my/fhir/ImplementationGuide/my-core/CodeSystem/state-my-core,CodeSystem,state-my-core,id-normalised,Normalised resource id from 'code-system-state-my-core' to match the canonical URL tail.
http://fhir.hie.moh.gov.my/CodeSystem/sub-record-type-my-core,https://myehr.kkmhub.moh.gov.my/fhir/ImplementationGuide/my-core/CodeSystem/sub-record-type-my-core,CodeSystem,sub-record-type-my-core,id-normalised,Normalised resource id from 'code-system-sub-record-type-my-core' to match the canonical URL tail.
http://fhir.hie.moh.gov.my/CodeSystem/surface-code-my-core,https://myehr.kkmhub.moh.gov.my/fhir/ImplementationGuide/my-core/CodeSystem/surface-code-my-core,CodeSystem,surface-code-my-core,id-normalised,Normalised resource id from 'code-system-surface-code-my-core' to match the canonical URL tail.
http://fhir.hie.moh.gov.my/CodeSystem/surface-my-core,https://myehr.kkmhub.moh.gov.my/fhir/ImplementationGuide/my-core/CodeSystem/surface-my-core,CodeSystem,surface-my-core,id-normalised,Normalised resource id from 'code-system-surface-my-core' to match the canonical URL tail.
http://fhir.hie.moh.gov.my/CodeSystem/task-business-status-my-core,https://myehr.kkmhub.moh.gov.my/fhir/ImplementationGuide/my-core/CodeSystem/task-business-status-my-core,CodeSystem,task-business-status-my-core,id-normalised,Normalised resource id from 'code-system-task-business-status-my-core' to match the canonical URL tail.
http://fhir.hie.moh.gov.my/CodeSystem/task-code-my-core,https://myehr.kkmhub.moh.gov.my/fhir/ImplementationGuide/my-core/CodeSystem/task-code-my-core,CodeSystem,task-code-my-core,id-normalised,Normalised resource id from 'code-system-task-code-my-core' to match the canonical URL tail.
http://fhir.hie.moh.gov.my/CodeSystem/task-input-type-my-core,https://myehr.kkmhub.moh.gov.my/fhir/ImplementationGuide/my-core/CodeSystem/task-input-type-my-core,CodeSystem,task-input-type-my-core,id-normalised,Normalised resource id from 'code-system-task-input-type-my-core' to match the canonical URL tail.
http://fhir.hie.moh.gov.my/CodeSystem/task-output-type-my-core,https://myehr.kkmhub.moh.gov.my/fhir/ImplementationGuide/my-core/CodeSystem/task-output-type-my-core,CodeSystem,task-output-type-my-core,id-normalised,Normalised resource id from 'code-system-task-output-type-my-core' to match the canonical URL tail.
http://fhir.hie.moh.gov.my/CodeSystem/tdm-recommended-type-my-core,https://myehr.kkmhub.moh.gov.my/fhir/ImplementationGuide/my-core/CodeSystem/tdm-recommended-type-my-core,CodeSystem,tdm-recommended-type-my-core,id-normalised,Normalised resource id from 'code-system-tdm-recommended-type-my-core' to match the canonical URL tail.
http://fhir.hie.moh.gov.my/CodeSystem/tdm-sample-type-my-core,https://myehr.kkmhub.moh.gov.my/fhir/ImplementationGuide/my-core/CodeSystem/tdm-sample-type-my-core,CodeSystem,tdm-sample-type-my-core,id-normalised,Normalised resource id from 'code-system-tdm-sample-type-my-core' to match the canonical URL tail.
http://fhir.hie.moh.gov.my/CodeSystem/treatment-procedure-my-core,https://myehr.kkmhub.moh.gov.my/fhir/ImplementationGuide/my-core/CodeSystem/treatment-procedure-my-core,CodeSystem,treatment-procedure-my-core,id-normalised,Normalised resource id from 'code-system-treatment-procedure-my-core' to match the canonical URL tail.
http://fhir.hie.moh.gov.my/CodeSystem/vaccine-code-my-core,https://myehr.kkmhub.moh.gov.my/fhir/ImplementationGuide/my-core/CodeSystem/vaccine-code-my-core,CodeSystem,vaccine-code-my-core,id-normalised,Normalised resource id from 'code-system-vaccine-code-my-core' to match the canonical URL tail.
http://fhir.hie.moh.gov.my/CodeSystem/visit-type-my-core,https://myehr.kkmhub.moh.gov.my/fhir/ImplementationGuide/my-core/CodeSystem/visit-type-my-core,CodeSystem,visit-type-my-core,id-normalised,Normalised resource id from 'code-system-visit-type-my-core' to match the canonical URL tail.
http://fhir.hie.moh.gov.my/CodeSystem/ward-class-my-core,https://myehr.kkmhub.moh.gov.my/fhir/ImplementationGuide/my-core/CodeSystem/ward-category-my-core,CodeSystem,ward-category-my-core,canonical-and-name-corrected+id-normalised,Corrected ward-category canonical and name collision. Normalised resource id from 'code-system-ward-category-my-core' to match the canonical URL tail.
http://fhir.hie.moh.gov.my/CodeSystem/ward-class-my-core,https://myehr.kkmhub.moh.gov.my/fhir/ImplementationGuide/my-core/CodeSystem/ward-class-my-core,CodeSystem,ward-class-my-core,id-normalised,Normalised resource id from 'code-system-ward-class-my-core' to match the canonical URL tail.
http://fhir.hie.moh.gov.my/CodeSystem/ward-specialty-my-core,https://myehr.kkmhub.moh.gov.my/fhir/ImplementationGuide/my-core/CodeSystem/ward-specialty-my-core,CodeSystem,ward-specialty-my-core,id-normalised,Normalised resource id from 'code-system-ward-specialty-my-core' to match the canonical URL tail.
http://fhir.hie.moh.gov.my/Questionnaire/q-audit-10,,Questionnaire,q-audit-10,programme-source-only,"Legacy programme questionnaire preserved in source lineage and programme-content register, excluded from the vendor-facing IG publication set."
http://fhir.hie.moh.gov.my/Questionnaire/q-audit-c,,Questionnaire,q-audit-c,programme-source-only,"Legacy programme questionnaire preserved in source lineage and programme-content register, excluded from the vendor-facing IG publication set."
http://fhir.hie.moh.gov.my/Questionnaire/q-child-02,,Questionnaire,q-child-02,programme-source-only,"Legacy programme questionnaire preserved in source lineage and programme-content register, excluded from the vendor-facing IG publication set."
http://fhir.hie.moh.gov.my/Questionnaire/q-child-03,,Questionnaire,q-child-03,programme-source-only,"Legacy programme questionnaire preserved in source lineage and programme-content register, excluded from the vendor-facing IG publication set."
http://fhir.hie.moh.gov.my/Questionnaire/q-child-04,,Questionnaire,q-child-04,programme-source-only,"Legacy programme questionnaire preserved in source lineage and programme-content register, excluded from the vendor-facing IG publication set."
http://fhir.hie.moh.gov.my/Questionnaire/q-child-05,,Questionnaire,q-child-05,programme-source-only,"Legacy programme questionnaire preserved in source lineage and programme-content register, excluded from the vendor-facing IG publication set."
http://fhir.hie.moh.gov.my/Questionnaire/q-child-06,,Questionnaire,q-child-06,programme-source-only,"Legacy programme questionnaire preserved in source lineage and programme-content register, excluded from the vendor-facing IG publication set."
http://fhir.hie.moh.gov.my/Questionnaire/q-child-10m,,Questionnaire,q-child-10m,programme-source-only,"Legacy programme questionnaire preserved in source lineage and programme-content register, excluded from the vendor-facing IG publication set."
http://fhir.hie.moh.gov.my/Questionnaire/q-child-12-15m,,Questionnaire,q-child-12-15m,programme-source-only,"Legacy programme questionnaire preserved in source lineage and programme-content register, excluded from the vendor-facing IG publication set."
http://fhir.hie.moh.gov.my/Questionnaire/q-child-18-21m,,Questionnaire,q-child-18-21m,programme-source-only,"Legacy programme questionnaire preserved in source lineage and programme-content register, excluded from the vendor-facing IG publication set."
http://fhir.hie.moh.gov.my/Questionnaire/q-child-1m,,Questionnaire,q-child-1m,programme-source-only,"Legacy programme questionnaire preserved in source lineage and programme-content register, excluded from the vendor-facing IG publication set."
http://fhir.hie.moh.gov.my/Questionnaire/q-child-2-3y,,Questionnaire,q-child-2-3y,programme-source-only,"Legacy programme questionnaire preserved in source lineage and programme-content register, excluded from the vendor-facing IG publication set."
http://fhir.hie.moh.gov.my/Questionnaire/q-child-2m,,Questionnaire,q-child-2m,programme-source-only,"Legacy programme questionnaire preserved in source lineage and programme-content register, excluded from the vendor-facing IG publication set."
http://fhir.hie.moh.gov.my/Questionnaire/q-child-3-4m,,Questionnaire,q-child-3-4m,programme-source-only,"Legacy programme questionnaire preserved in source lineage and programme-content register, excluded from the vendor-facing IG publication set."
http://fhir.hie.moh.gov.my/Questionnaire/q-child-4y,,Questionnaire,q-child-4y,programme-source-only,"Legacy programme questionnaire preserved in source lineage and programme-content register, excluded from the vendor-facing IG publication set."
http://fhir.hie.moh.gov.my/Questionnaire/q-child-5-6m,,Questionnaire,q-child-5-6m,programme-source-only,"Legacy programme questionnaire preserved in source lineage and programme-content register, excluded from the vendor-facing IG publication set."
http://fhir.hie.moh.gov.my/Questionnaire/q-child-5-6y,,Questionnaire,q-child-5-6y,programme-source-only,"Legacy programme questionnaire preserved in source lineage and programme-content register, excluded from the vendor-facing IG publication set."
http://fhir.hie.moh.gov.my/Questionnaire/q-child-9m,,Questionnaire,q-child-9m,programme-source-only,"Legacy programme questionnaire preserved in source lineage and programme-content register, excluded from the vendor-facing IG publication set."
http://fhir.hie.moh.gov.my/Questionnaire/q-child-add,,Questionnaire,q-child-add,programme-source-only,"Legacy programme questionnaire preserved in source lineage and programme-content register, excluded from the vendor-facing IG publication set."
http://fhir.hie.moh.gov.my/Questionnaire/q-child-born,,Questionnaire,q-child-born,programme-source-only,"Legacy programme questionnaire preserved in source lineage and programme-content register, excluded from the vendor-facing IG publication set."
http://fhir.hie.moh.gov.my/Questionnaire/q-child-ds-0-9m,,Questionnaire,q-child-ds-0-9m,programme-source-only,"Legacy programme questionnaire preserved in source lineage and programme-content register, excluded from the vendor-facing IG publication set."
http://fhir.hie.moh.gov.my/Questionnaire/q-child-ds-10-23m,,Questionnaire,q-child-ds-10-23m,programme-source-only,"Legacy programme questionnaire preserved in source lineage and programme-content register, excluded from the vendor-facing IG publication set."
http://fhir.hie.moh.gov.my/Questionnaire/q-child-ds-2-4y,,Questionnaire,q-child-ds-2-4y,programme-source-only,"Legacy programme questionnaire preserved in source lineage and programme-content register, excluded from the vendor-facing IG publication set."
http://fhir.hie.moh.gov.my/Questionnaire/q-child-ds-add,,Questionnaire,q-child-ds-add,programme-source-only,"Legacy programme questionnaire preserved in source lineage and programme-content register, excluded from the vendor-facing IG publication set."
http://fhir.hie.moh.gov.my/Questionnaire/q-child-eye,,Questionnaire,q-child-eye,programme-source-only,"Legacy programme questionnaire preserved in source lineage and programme-content register, excluded from the vendor-facing IG publication set."
http://fhir.hie.moh.gov.my/Questionnaire/q-child-madd,,Questionnaire,q-child-madd,programme-source-only,"Legacy programme questionnaire preserved in source lineage and programme-content register, excluded from the vendor-facing IG publication set."
http://fhir.hie.moh.gov.my/Questionnaire/q-child-mc-18m-3y,,Questionnaire,q-child-mc-18m-3y,programme-source-only,"Legacy programme questionnaire preserved in source lineage and programme-content register, excluded from the vendor-facing IG publication set."
http://fhir.hie.moh.gov.my/Questionnaire/q-child-md,,Questionnaire,q-child-md,programme-source-only,"Legacy programme questionnaire preserved in source lineage and programme-content register, excluded from the vendor-facing IG publication set."
http://fhir.hie.moh.gov.my/Questionnaire/q-child-md1m,,Questionnaire,q-child-md1m,programme-source-only,"Legacy programme questionnaire preserved in source lineage and programme-content register, excluded from the vendor-facing IG publication set."
http://fhir.hie.moh.gov.my/Questionnaire/q-child-md4y,,Questionnaire,q-child-md4y,programme-source-only,"Legacy programme questionnaire preserved in source lineage and programme-content register, excluded from the vendor-facing IG publication set."
http://fhir.hie.moh.gov.my/Questionnaire/q-child-rs-1-2m,,Questionnaire,q-child-rs-1-2m,programme-source-only,"Legacy programme questionnaire preserved in source lineage and programme-content register, excluded from the vendor-facing IG publication set."
http://fhir.hie.moh.gov.my/Questionnaire/q-child-rs-12m,,Questionnaire,q-child-rs-12m,programme-source-only,"Legacy programme questionnaire preserved in source lineage and programme-content register, excluded from the vendor-facing IG publication set."
http://fhir.hie.moh.gov.my/Questionnaire/q-child-rs-15m,,Questionnaire,q-child-rs-15m,programme-source-only,"Legacy programme questionnaire preserved in source lineage and programme-content register, excluded from the vendor-facing IG publication set."
http://fhir.hie.moh.gov.my/Questionnaire/q-child-18m,,Questionnaire,q-child-rs-18m,programme-source-only,"Legacy programme questionnaire preserved in source lineage and programme-content register, excluded from the vendor-facing IG publication set."
http://fhir.hie.moh.gov.my/Questionnaire/q-child-rs-2-2y6m,,Questionnaire,q-child-rs-2-2y6m,programme-source-only,"Legacy programme questionnaire preserved in source lineage and programme-content register, excluded from the vendor-facing IG publication set."
http://fhir.hie.moh.gov.my/Questionnaire/q-child-21m,,Questionnaire,q-child-rs-21m,programme-source-only,"Legacy programme questionnaire preserved in source lineage and programme-content register, excluded from the vendor-facing IG publication set."
http://fhir.hie.moh.gov.my/Questionnaire/q-child-rs-3-3y6m,,Questionnaire,q-child-rs-3-3y6m,programme-source-only,"Legacy programme questionnaire preserved in source lineage and programme-content register, excluded from the vendor-facing IG publication set."
http://fhir.hie.moh.gov.my/Questionnaire/q-child-rs-3-4m,,Questionnaire,q-child-rs-3-4m,programme-source-only,"Legacy programme questionnaire preserved in source lineage and programme-content register, excluded from the vendor-facing IG publication set."
http://fhir.hie.moh.gov.my/Questionnaire/q-child-rs-4y,,Questionnaire,q-child-rs-4y,programme-source-only,"Legacy programme questionnaire preserved in source lineage and programme-content register, excluded from the vendor-facing IG publication set."
http://fhir.hie.moh.gov.my/Questionnaire/q-child-rs-5-6m,,Questionnaire,q-child-rs-5-6m,programme-source-only,"Legacy programme questionnaire preserved in source lineage and programme-content register, excluded from the vendor-facing IG publication set."
http://fhir.hie.moh.gov.my/Questionnaire/q-child-rs-5-6y,,Questionnaire,q-child-rs-5-6y,programme-source-only,"Legacy programme questionnaire preserved in source lineage and programme-content register, excluded from the vendor-facing IG publication set."
http://fhir.hie.moh.gov.my/Questionnaire/q-child-rs-9-10m,,Questionnaire,q-child-rs-9-10m,programme-source-only,"Legacy programme questionnaire preserved in source lineage and programme-content register, excluded from the vendor-facing IG publication set."
http://fhir.hie.moh.gov.my/Questionnaire/q-child-rs-carta,,Questionnaire,q-child-rs-carta,programme-source-only,"Legacy programme questionnaire preserved in source lineage and programme-content register, excluded from the vendor-facing IG publication set."
http://fhir.hie.moh.gov.my/Questionnaire/q-rs-gigi,,Questionnaire,q-child-rs-gigi,programme-source-only,"Legacy programme questionnaire preserved in source lineage and programme-content register, excluded from the vendor-facing IG publication set."
http://fhir.hie.moh.gov.my/Questionnaire/dass-21,,Questionnaire,q-dass-21,programme-source-only,"Legacy programme questionnaire preserved in source lineage and programme-content register, excluded from the vendor-facing IG publication set."
http://fhir.hie.moh.gov.my/Questionnaire/q-dengue-checklist,,Questionnaire,q-dengue-checklist,programme-source-only,"Legacy programme questionnaire preserved in source lineage and programme-content register, excluded from the vendor-facing IG publication set."
http://fhir.hie.moh.gov.my/Questionnaire/q-gen-cvs,,Questionnaire,q-gen-cvs,programme-source-only,"Legacy programme questionnaire preserved in source lineage and programme-content register, excluded from the vendor-facing IG publication set."
http://fhir.hie.moh.gov.my/Questionnaire/q-hpt-note,,Questionnaire,q-hpt-note,programme-source-only,"Legacy programme questionnaire preserved in source lineage and programme-content register, excluded from the vendor-facing IG publication set."
http://fhir.hie.moh.gov.my/Questionnaire/q-maternal-01,,Questionnaire,q-maternal-01,programme-source-only,"Legacy programme questionnaire preserved in source lineage and programme-content register, excluded from the vendor-facing IG publication set."
http://fhir.hie.moh.gov.my/Questionnaire/q-maternal-02,,Questionnaire,q-maternal-02,programme-source-only,"Legacy programme questionnaire preserved in source lineage and programme-content register, excluded from the vendor-facing IG publication set."
http://fhir.hie.moh.gov.my/Questionnaire/q-maternal-03,,Questionnaire,q-maternal-03,programme-source-only,"Legacy programme questionnaire preserved in source lineage and programme-content register, excluded from the vendor-facing IG publication set."
http://fhir.hie.moh.gov.my/Questionnaire/q-maternal-05,,Questionnaire,q-maternal-05,programme-source-only,"Legacy programme questionnaire preserved in source lineage and programme-content register, excluded from the vendor-facing IG publication set."
http://fhir.hie.moh.gov.my/Questionnaire/q-maternal-07,,Questionnaire,q-maternal-07,programme-source-only,"Legacy programme questionnaire preserved in source lineage and programme-content register, excluded from the vendor-facing IG publication set."
http://fhir.hie.moh.gov.my/Questionnaire/q-maternal-08,,Questionnaire,q-maternal-08,programme-source-only,"Legacy programme questionnaire preserved in source lineage and programme-content register, excluded from the vendor-facing IG publication set."
http://fhir.hie.moh.gov.my/Questionnaire/q-maternal-09,,Questionnaire,q-maternal-09,programme-source-only,"Legacy programme questionnaire preserved in source lineage and programme-content register, excluded from the vendor-facing IG publication set."
http://fhir.hie.moh.gov.my/Questionnaire/q-maternal-10,,Questionnaire,q-maternal-10,programme-source-only,"Legacy programme questionnaire preserved in source lineage and programme-content register, excluded from the vendor-facing IG publication set."
http://fhir.hie.moh.gov.my/Questionnaire/q-maternal-11,,Questionnaire,q-maternal-11,programme-source-only,"Legacy programme questionnaire preserved in source lineage and programme-content register, excluded from the vendor-facing IG publication set."
http://fhir.hie.moh.gov.my/Questionnaire/q-maternal-12,,Questionnaire,q-maternal-12,programme-source-only,"Legacy programme questionnaire preserved in source lineage and programme-content register, excluded from the vendor-facing IG publication set."
http://fhir.hie.moh.gov.my/Questionnaire/q-maternal-13,,Questionnaire,q-maternal-13,programme-source-only,"Legacy programme questionnaire preserved in source lineage and programme-content register, excluded from the vendor-facing IG publication set."
http://fhir.hie.moh.gov.my/Questionnaire/q-maternal-15,,Questionnaire,q-maternal-15,programme-source-only,"Legacy programme questionnaire preserved in source lineage and programme-content register, excluded from the vendor-facing IG publication set."
http://fhir.hie.moh.gov.my/Questionnaire/q-maternal-17,,Questionnaire,q-maternal-17,programme-source-only,"Legacy programme questionnaire preserved in source lineage and programme-content register, excluded from the vendor-facing IG publication set."
http://fhir.hie.moh.gov.my/Questionnaire/q-maternal-18,,Questionnaire,q-maternal-18,programme-source-only,"Legacy programme questionnaire preserved in source lineage and programme-content register, excluded from the vendor-facing IG publication set."
http://fhir.hie.moh.gov.my/Questionnaire/q-maternal-20,,Questionnaire,q-maternal-20,programme-source-only,"Legacy programme questionnaire preserved in source lineage and programme-content register, excluded from the vendor-facing IG publication set."
http://fhir.hie.moh.gov.my/Questionnaire/q-maternal-21,,Questionnaire,q-maternal-21,programme-source-only,"Legacy programme questionnaire preserved in source lineage and programme-content register, excluded from the vendor-facing IG publication set."
http://fhir.hie.moh.gov.my/Questionnaire/q-maternal-23,,Questionnaire,q-maternal-23,programme-source-only,"Legacy programme questionnaire preserved in source lineage and programme-content register, excluded from the vendor-facing IG publication set."
http://fhir.hie.moh.gov.my/Questionnaire/q-maternal-24,,Questionnaire,q-maternal-24,programme-source-only,"Legacy programme questionnaire preserved in source lineage and programme-content register, excluded from the vendor-facing IG publication set."
http://fhir.hie.moh.gov.my/Questionnaire/q-maternal-25,,Questionnaire,q-maternal-25,programme-source-only,"Legacy programme questionnaire preserved in source lineage and programme-content register, excluded from the vendor-facing IG publication set."
http://fhir.hie.moh.gov.my/Questionnaire/q-maternal-26,,Questionnaire,q-maternal-26,programme-source-only,"Legacy programme questionnaire preserved in source lineage and programme-content register, excluded from the vendor-facing IG publication set."
http://fhir.hie.moh.gov.my/Questionnaire/q-maternal-27,,Questionnaire,q-maternal-27,programme-source-only,"Legacy programme questionnaire preserved in source lineage and programme-content register, excluded from the vendor-facing IG publication set."
http://fhir.hie.moh.gov.my/Questionnaire/q-maternal-28,,Questionnaire,q-maternal-28,programme-source-only,"Legacy programme questionnaire preserved in source lineage and programme-content register, excluded from the vendor-facing IG publication set."
http://fhir.hie.moh.gov.my/Questionnaire/q-maternal-29,,Questionnaire,q-maternal-29,programme-source-only,"Legacy programme questionnaire preserved in source lineage and programme-content register, excluded from the vendor-facing IG publication set."
http://fhir.hie.moh.gov.my/Questionnaire/q-maternal-30,,Questionnaire,q-maternal-30,programme-source-only,"Legacy programme questionnaire preserved in source lineage and programme-content register, excluded from the vendor-facing IG publication set."
http://fhir.hie.moh.gov.my/Questionnaire/q-maternal-30,,Questionnaire,q-maternal-30-no-person,renamed-to-avoid-duplicate,Retained as a separate no-person programme questionnaire variant.
http://fhir.hie.moh.gov.my/Questionnaire/q-maternal-31,,Questionnaire,q-maternal-31,programme-source-only,"Legacy programme questionnaire preserved in source lineage and programme-content register, excluded from the vendor-facing IG publication set."
http://fhir.hie.moh.gov.my/Questionnaire/q-phq-9,,Questionnaire,q-phq-9,programme-source-only,"Legacy programme questionnaire preserved in source lineage and programme-content register, excluded from the vendor-facing IG publication set."
http://fhir.hie.moh.gov.my/Questionnaire/q-tb-note,,Questionnaire,q-tb-note,programme-source-only,"Legacy programme questionnaire preserved in source lineage and programme-content register, excluded from the vendor-facing IG publication set."
http://fhir.hie.moh.gov.my/Questionnaire/q-whooley,,Questionnaire,q-whooley,programme-source-only,"Legacy programme questionnaire preserved in source lineage and programme-content register, excluded from the vendor-facing IG publication set."
,,QuestionnaireResponse,qr-audit-10,source-only,"Legacy QuestionnaireResponse retained in source and test assets, not published in the live IG resource set."
,,QuestionnaireResponse,qr-audit-c,source-only,"Legacy QuestionnaireResponse retained in source and test assets, not published in the live IG resource set."
,,QuestionnaireResponse,qr-child-01,id-corrected,Corrected duplicate QuestionnaireResponse id to match the filename and identifier value.
,,QuestionnaireResponse,qr-child-02,source-only,"Legacy QuestionnaireResponse retained in source and test assets, not published in the live IG resource set."
,,QuestionnaireResponse,qr-child-03,source-only,"Legacy QuestionnaireResponse retained in source and test assets, not published in the live IG resource set."
,,QuestionnaireResponse,qr-child-04,source-only,"Legacy QuestionnaireResponse retained in source and test assets, not published in the live IG resource set."
,,QuestionnaireResponse,qr-child-05,source-only,"Legacy QuestionnaireResponse retained in source and test assets, not published in the live IG resource set."
,,QuestionnaireResponse,qr-child-06,source-only,"Legacy QuestionnaireResponse retained in source and test assets, not published in the live IG resource set."
,,QuestionnaireResponse,qr-child-08,source-only,"Legacy QuestionnaireResponse retained in source and test assets, not published in the live IG resource set."
,,QuestionnaireResponse,qr-child-10m,source-only,"Legacy QuestionnaireResponse retained in source and test assets, not published in the live IG resource set."
,,QuestionnaireResponse,qr-child-12-15m,source-only,"Legacy QuestionnaireResponse retained in source and test assets, not published in the live IG resource set."
,,QuestionnaireResponse,qr-child-18-21m,source-only,"Legacy QuestionnaireResponse retained in source and test assets, not published in the live IG resource set."
,,QuestionnaireResponse,qr-child-1m,source-only,"Legacy QuestionnaireResponse retained in source and test assets, not published in the live IG resource set."
,,QuestionnaireResponse,qr-child-2-3y,source-only,"Legacy QuestionnaireResponse retained in source and test assets, not published in the live IG resource set."
,,QuestionnaireResponse,qr-child-2m,source-only,"Legacy QuestionnaireResponse retained in source and test assets, not published in the live IG resource set."
,,QuestionnaireResponse,qr-child-3-4m,source-only,"Legacy QuestionnaireResponse retained in source and test assets, not published in the live IG resource set."
,,QuestionnaireResponse,qr-child-4y,source-only,"Legacy QuestionnaireResponse retained in source and test assets, not published in the live IG resource set."
,,QuestionnaireResponse,qr-child-5-6m,source-only,"Legacy QuestionnaireResponse retained in source and test assets, not published in the live IG resource set."
,,QuestionnaireResponse,qr-child-5-6y,source-only,"Legacy QuestionnaireResponse retained in source and test assets, not published in the live IG resource set."
,,QuestionnaireResponse,qr-child-9m,source-only,"Legacy QuestionnaireResponse retained in source and test assets, not published in the live IG resource set."
,,QuestionnaireResponse,qr-child-add,source-only,"Legacy QuestionnaireResponse retained in source and test assets, not published in the live IG resource set."
,,QuestionnaireResponse,qr-child-born,source-only,"Legacy QuestionnaireResponse retained in source and test assets, not published in the live IG resource set."
,,QuestionnaireResponse,qr-child-ds-0-9m,source-only,"Legacy QuestionnaireResponse retained in source and test assets, not published in the live IG resource set."
,,QuestionnaireResponse,qr-child-ds-10-23m,source-only,"Legacy QuestionnaireResponse retained in source and test assets, not published in the live IG resource set."
,,QuestionnaireResponse,qr-child-ds-2-4y,source-only,"Legacy QuestionnaireResponse retained in source and test assets, not published in the live IG resource set."
,,QuestionnaireResponse,qr-child-ds-add,source-only,"Legacy QuestionnaireResponse retained in source and test assets, not published in the live IG resource set."
,,QuestionnaireResponse,qr-child-eye,source-only,"Legacy QuestionnaireResponse retained in source and test assets, not published in the live IG resource set."
,,QuestionnaireResponse,qr-child-madd,source-only,"Legacy QuestionnaireResponse retained in source and test assets, not published in the live IG resource set."
,,QuestionnaireResponse,qr-child-mc-18m-3y,source-only,"Legacy QuestionnaireResponse retained in source and test assets, not published in the live IG resource set."
,,QuestionnaireResponse,qr-child-md,source-only,"Legacy QuestionnaireResponse retained in source and test assets, not published in the live IG resource set."
,,QuestionnaireResponse,qr-child-md1m,source-only,"Legacy QuestionnaireResponse retained in source and test assets, not published in the live IG resource set."
,,QuestionnaireResponse,qr-child-md4y,source-only,"Legacy QuestionnaireResponse retained in source and test assets, not published in the live IG resource set."
,,QuestionnaireResponse,qr-child-rs-1-2m,source-only,"Legacy QuestionnaireResponse retained in source and test assets, not published in the live IG resource set."
,,QuestionnaireResponse,qr-child-rs-12m,source-only,"Legacy QuestionnaireResponse retained in source and test assets, not published in the live IG resource set."
,,QuestionnaireResponse,qr-child-rs-15m,source-only,"Legacy QuestionnaireResponse retained in source and test assets, not published in the live IG resource set."
,,QuestionnaireResponse,qr-child-rs-18m,source-only,"Legacy QuestionnaireResponse retained in source and test assets, not published in the live IG resource set."
,,QuestionnaireResponse,qr-child-rs-2-2y6m,source-only,"Legacy QuestionnaireResponse retained in source and test assets, not published in the live IG resource set."
,,QuestionnaireResponse,qr-child-rs-21m,source-only,"Legacy QuestionnaireResponse retained in source and test assets, not published in the live IG resource set."
,,QuestionnaireResponse,qr-child-rs-3-3y6m,source-only,"Legacy QuestionnaireResponse retained in source and test assets, not published in the live IG resource set."
,,QuestionnaireResponse,qr-child-rs-3-4m,source-only,"Legacy QuestionnaireResponse retained in source and test assets, not published in the live IG resource set."
,,QuestionnaireResponse,qr-child-rs-4y,source-only,"Legacy QuestionnaireResponse retained in source and test assets, not published in the live IG resource set."
,,QuestionnaireResponse,qr-child-rs-5-6m,source-only,"Legacy QuestionnaireResponse retained in source and test assets, not published in the live IG resource set."
,,QuestionnaireResponse,qr-child-rs-5-6y,source-only,"Legacy QuestionnaireResponse retained in source and test assets, not published in the live IG resource set."
,,QuestionnaireResponse,qr-child-rs-9-10m,source-only,"Legacy QuestionnaireResponse retained in source and test assets, not published in the live IG resource set."
,,QuestionnaireResponse,qr-child-rs-carta,source-only,"Legacy QuestionnaireResponse retained in source and test assets, not published in the live IG resource set."
,,QuestionnaireResponse,qr-child-rs-gigi,source-only,"Legacy QuestionnaireResponse retained in source and test assets, not published in the live IG resource set."
,,QuestionnaireResponse,qr-dass-21,source-only,"Legacy QuestionnaireResponse retained in source and test assets, not published in the live IG resource set."
,,QuestionnaireResponse,qr-dengue-checklist,source-only,"Legacy QuestionnaireResponse retained in source and test assets, not published in the live IG resource set."
,,QuestionnaireResponse,qr-gen-cvs,source-only,"Legacy QuestionnaireResponse retained in source and test assets, not published in the live IG resource set."
,,QuestionnaireResponse,qr-hpt-note,source-only,"Legacy QuestionnaireResponse retained in source and test assets, not published in the live IG resource set."
,,QuestionnaireResponse,qr-maternal-01,source-only,"Legacy QuestionnaireResponse retained in source and test assets, not published in the live IG resource set."
,,QuestionnaireResponse,qr-maternal-02,source-only,"Legacy QuestionnaireResponse retained in source and test assets, not published in the live IG resource set."
,,QuestionnaireResponse,qr-maternal-03,source-only,"Legacy QuestionnaireResponse retained in source and test assets, not published in the live IG resource set."
,,QuestionnaireResponse,qr-maternal-05,source-only,"Legacy QuestionnaireResponse retained in source and test assets, not published in the live IG resource set."
,,QuestionnaireResponse,qr-maternal-07,source-only,"Legacy QuestionnaireResponse retained in source and test assets, not published in the live IG resource set."
,,QuestionnaireResponse,qr-maternal-08,source-only,"Legacy QuestionnaireResponse retained in source and test assets, not published in the live IG resource set."
,,QuestionnaireResponse,qr-maternal-09,source-only,"Legacy QuestionnaireResponse retained in source and test assets, not published in the live IG resource set."
,,QuestionnaireResponse,qr-maternal-10,source-only,"Legacy QuestionnaireResponse retained in source and test assets, not published in the live IG resource set."
,,QuestionnaireResponse,qr-maternal-11,source-only,"Legacy QuestionnaireResponse retained in source and test assets, not published in the live IG resource set."
,,QuestionnaireResponse,qr-maternal-12,source-only,"Legacy QuestionnaireResponse retained in source and test assets, not published in the live IG resource set."
,,QuestionnaireResponse,qr-maternal-13,source-only,"Legacy QuestionnaireResponse retained in source and test assets, not published in the live IG resource set."
,,QuestionnaireResponse,qr-maternal-15,source-only,"Legacy QuestionnaireResponse retained in source and test assets, not published in the live IG resource set."
,,QuestionnaireResponse,qr-maternal-17,source-only,"Legacy QuestionnaireResponse retained in source and test assets, not published in the live IG resource set."
,,QuestionnaireResponse,qr-maternal-18,source-only,"Legacy QuestionnaireResponse retained in source and test assets, not published in the live IG resource set."
,,QuestionnaireResponse,qr-maternal-20,source-only,"Legacy QuestionnaireResponse retained in source and test assets, not published in the live IG resource set."
,,QuestionnaireResponse,qr-maternal-21,source-only,"Legacy QuestionnaireResponse retained in source and test assets, not published in the live IG resource set."
,,QuestionnaireResponse,qr-maternal-23,source-only,"Legacy QuestionnaireResponse retained in source and test assets, not published in the live IG resource set."
,,QuestionnaireResponse,qr-maternal-24,source-only,"Legacy QuestionnaireResponse retained in source and test assets, not published in the live IG resource set."
,,QuestionnaireResponse,qr-maternal-25,source-only,"Legacy QuestionnaireResponse retained in source and test assets, not published in the live IG resource set."
,,QuestionnaireResponse,qr-maternal-26,source-only,"Legacy QuestionnaireResponse retained in source and test assets, not published in the live IG resource set."
,,QuestionnaireResponse,qr-maternal-27,source-only,"Legacy QuestionnaireResponse retained in source and test assets, not published in the live IG resource set."
,,QuestionnaireResponse,qr-maternal-28,source-only,"Legacy QuestionnaireResponse retained in source and test assets, not published in the live IG resource set."
,,QuestionnaireResponse,qr-maternal-29,source-only,"Legacy QuestionnaireResponse retained in source and test assets, not published in the live IG resource set."
,,QuestionnaireResponse,qr-maternal-30,source-only,"Legacy QuestionnaireResponse retained in source and test assets, not published in the live IG resource set."
,,QuestionnaireResponse,qr-maternal-31,source-only,"Legacy QuestionnaireResponse retained in source and test assets, not published in the live IG resource set."
,,QuestionnaireResponse,qr-phq-9,source-only,"Legacy QuestionnaireResponse retained in source and test assets, not published in the live IG resource set."
,,QuestionnaireResponse,qr-tb-note,source-only,"Legacy QuestionnaireResponse retained in source and test assets, not published in the live IG resource set."
,,QuestionnaireResponse,qr-whooley,source-only,"Legacy QuestionnaireResponse retained in source and test assets, not published in the live IG resource set."
http://fhir.hie.moh.gov.my/StructureDefinition/AdverseEvent-my-core,https://myehr.kkmhub.moh.gov.my/fhir/ImplementationGuide/my-core/StructureDefinition/AdverseEvent-my-core,StructureDefinition,AdverseEvent-my-core,canonicalised,
http://fhir.hie.moh.gov.my/StructureDefinition/AllergyIntolerance-my-core,https://myehr.kkmhub.moh.gov.my/fhir/ImplementationGuide/my-core/StructureDefinition/AllergyIntolerance-my-core,StructureDefinition,AllergyIntolerance-my-core,canonicalised,
http://fhir.hie.moh.gov.my/StructureDefinition/AllergyIntolerance-negation-my-core,https://myehr.kkmhub.moh.gov.my/fhir/ImplementationGuide/my-core/StructureDefinition/AllergyIntolerance-negation-my-core,StructureDefinition,AllergyIntolerance-negation-my-core,canonicalised,
http://fhir.hie.moh.gov.my/StructureDefinition/Appointment-my-core,https://myehr.kkmhub.moh.gov.my/fhir/ImplementationGuide/my-core/StructureDefinition/Appointment-my-core,StructureDefinition,Appointment-my-core,canonicalised,
http://fhir.hie.moh.gov.my/StructureDefinition/CarePlan-my-core,https://myehr.kkmhub.moh.gov.my/fhir/ImplementationGuide/my-core/StructureDefinition/CarePlan-my-core,StructureDefinition,CarePlan-my-core,canonicalised,
http://fhir.hie.moh.gov.my/StructureDefinition/ChargeItem-my-core,https://myehr.kkmhub.moh.gov.my/fhir/ImplementationGuide/my-core/StructureDefinition/ChargeItem-my-core,StructureDefinition,ChargeItem-my-core,canonicalised,
http://fhir.hie.moh.gov.my/StructureDefinition/ChargeItemDefinition-my-core,https://myehr.kkmhub.moh.gov.my/fhir/ImplementationGuide/my-core/StructureDefinition/ChargeItemDefinition-my-core,StructureDefinition,ChargeItemDefinition-my-core,canonicalised,
http://fhir.hie.moh.gov.my/StructureDefinition/Composition-my-core,https://myehr.kkmhub.moh.gov.my/fhir/ImplementationGuide/my-core/StructureDefinition/Composition-my-core,StructureDefinition,Composition-my-core,canonicalised,
http://fhir.hie.moh.gov.my/StructureDefinition/Condition-my-core,https://myehr.kkmhub.moh.gov.my/fhir/ImplementationGuide/my-core/StructureDefinition/Condition-my-core,StructureDefinition,Condition-my-core,canonicalised,
http://fhir.hie.moh.gov.my/StructureDefinition/Consent-my-core,https://myehr.kkmhub.moh.gov.my/fhir/ImplementationGuide/my-core/StructureDefinition/Consent-my-core,StructureDefinition,Consent-my-core,canonicalised,
http://fhir.hie.moh.gov.my/StructureDefinition/DiagnosticReport-my-core,https://myehr.kkmhub.moh.gov.my/fhir/ImplementationGuide/my-core/StructureDefinition/DiagnosticReport-my-core,StructureDefinition,DiagnosticReport-my-core,canonicalised,
http://fhir.hie.moh.gov.my/StructureDefinition/DocumentManifest-my-core,https://myehr.kkmhub.moh.gov.my/fhir/ImplementationGuide/my-core/StructureDefinition/DocumentManifest-my-core,StructureDefinition,DocumentManifest-my-core,canonicalised,
http://fhir.hie.moh.gov.my/StructureDefinition/Encounter-my-core,https://myehr.kkmhub.moh.gov.my/fhir/ImplementationGuide/my-core/StructureDefinition/Encounter-my-core,StructureDefinition,Encounter-my-core,canonicalised,
http://fhir.hie.moh.gov.my/StructureDefinition/FamilyMemberHistory-my-core,https://myehr.kkmhub.moh.gov.my/fhir/ImplementationGuide/my-core/StructureDefinition/FamilyMemberHistory-my-core,StructureDefinition,FamilyMemberHistory-my-core,canonicalised,
http://fhir.hie.moh.gov.my/StructureDefinition/Flag-my-core,https://myehr.kkmhub.moh.gov.my/fhir/ImplementationGuide/my-core/StructureDefinition/Flag-my-core,StructureDefinition,Flag-my-core,canonicalised,
http://fhir.hie.moh.gov.my/StructureDefinition/HealthcareService-my-core,https://myehr.kkmhub.moh.gov.my/fhir/ImplementationGuide/my-core/StructureDefinition/HealthcareService-my-core,StructureDefinition,HealthcareService-my-core,canonicalised,
http://fhir.hie.moh.gov.my/StructureDefinition/ImagingStudy-my-core,https://myehr.kkmhub.moh.gov.my/fhir/ImplementationGuide/my-core/StructureDefinition/ImagingStudy-my-core,StructureDefinition,ImagingStudy-my-core,canonicalised,
http://fhir.hie.moh.gov.my/StructureDefinition/Immunization-my-core,https://myehr.kkmhub.moh.gov.my/fhir/ImplementationGuide/my-core/StructureDefinition/Immunization-my-core,StructureDefinition,Immunization-my-core,canonicalised,
http://fhir.hie.moh.gov.my/StructureDefinition/ImmunizationRecommendation-my-core,https://myehr.kkmhub.moh.gov.my/fhir/ImplementationGuide/my-core/StructureDefinition/ImmunizationRecommendation-my-core,StructureDefinition,ImmunizationRecommendation-my-core,canonicalised,
http://fhir.hie.moh.gov.my/StructureDefinition/Invoice-my-core,https://myehr.kkmhub.moh.gov.my/fhir/ImplementationGuide/my-core/StructureDefinition/Invoice-my-core,StructureDefinition,Invoice-my-core,canonicalised,
http://fhir.hie.moh.gov.my/StructureDefinition/List-my-core,https://myehr.kkmhub.moh.gov.my/fhir/ImplementationGuide/my-core/StructureDefinition/List-my-core,StructureDefinition,List-my-core,canonicalised,
http://fhir.hie.moh.gov.my/StructureDefinition/Location-my-core,https://myehr.kkmhub.moh.gov.my/fhir/ImplementationGuide/my-core/StructureDefinition/Location-my-core,StructureDefinition,Location-my-core,canonicalised,
http://fhir.hie.moh.gov.my/StructureDefinition/Medication-my-core,https://myehr.kkmhub.moh.gov.my/fhir/ImplementationGuide/my-core/StructureDefinition/Medication-my-core,StructureDefinition,Medication-my-core,canonicalised,
http://fhir.hie.moh.gov.my/StructureDefinition/MedicationKnowledge-my-core,https://myehr.kkmhub.moh.gov.my/fhir/ImplementationGuide/my-core/StructureDefinition/MedicationKnowledge-my-core,StructureDefinition,MedicationKnowledge-my-core,canonicalised,
http://fhir.hie.moh.gov.my/StructureDefinition/MedicationRequest-my-core,https://myehr.kkmhub.moh.gov.my/fhir/ImplementationGuide/my-core/StructureDefinition/MedicationRequest-my-core,StructureDefinition,MedicationRequest-my-core,canonicalised,
http://fhir.hie.moh.gov.my/StructureDefinition/Observation-bmi-my-core,https://myehr.kkmhub.moh.gov.my/fhir/ImplementationGuide/my-core/StructureDefinition/Observation-bmi-my-core,StructureDefinition,Observation-bmi-my-core,canonicalised,
http://fhir.hie.moh.gov.my/StructureDefinition/Observation-body-temp-my-core,https://myehr.kkmhub.moh.gov.my/fhir/ImplementationGuide/my-core/StructureDefinition/Observation-body-temp-my-core,StructureDefinition,Observation-body-temp-my-core,canonicalised,
http://fhir.hie.moh.gov.my/StructureDefinition/Observation-chest-circumference-my-core,https://myehr.kkmhub.moh.gov.my/fhir/ImplementationGuide/my-core/StructureDefinition/Observation-chest-circumference-my-core,StructureDefinition,Observation-chest-circumference-my-core,canonicalised,
http://fhir.hie.moh.gov.my/StructureDefinition/Observation-dental-alert-my-core,https://myehr.kkmhub.moh.gov.my/fhir/ImplementationGuide/my-core/StructureDefinition/Observation-dental-alert-my-core,StructureDefinition,Observation-dental-alert-my-core,canonicalised,
http://fhir.hie.moh.gov.my/StructureDefinition/Observation-dental-chart-my-core,https://myehr.kkmhub.moh.gov.my/fhir/ImplementationGuide/my-core/StructureDefinition/Observation-dental-chart-my-core,StructureDefinition,Observation-dental-chart-my-core,canonicalised,
http://fhir.hie.moh.gov.my/StructureDefinition/Observation-developmental-milestone-my-core,https://myehr.kkmhub.moh.gov.my/fhir/ImplementationGuide/my-core/StructureDefinition/Observation-developmental-milestone-my-core,StructureDefinition,Observation-developmental-milestone-my-core,canonicalised,
http://fhir.hie.moh.gov.my/StructureDefinition/Observation-diastolic-bp-my-core,https://myehr.kkmhub.moh.gov.my/fhir/ImplementationGuide/my-core/StructureDefinition/Observation-diastolic-bp-my-core,StructureDefinition,Observation-diastolic-bp-my-core,canonicalised,
http://fhir.hie.moh.gov.my/StructureDefinition/Observation-fasting-glucose-my-core,https://myehr.kkmhub.moh.gov.my/fhir/ImplementationGuide/my-core/StructureDefinition/Observation-fasting-glucose-my-core,StructureDefinition,Observation-fasting-glucose-my-core,canonicalised,
http://fhir.hie.moh.gov.my/StructureDefinition/Observation-foetal-kick-my-core,https://myehr.kkmhub.moh.gov.my/fhir/ImplementationGuide/my-core/StructureDefinition/Observation-foetal-kick-my-core,StructureDefinition,Observation-foetal-kick-my-core,canonicalised,
http://fhir.hie.moh.gov.my/StructureDefinition/Observation-head-circumference-my-core,https://myehr.kkmhub.moh.gov.my/fhir/ImplementationGuide/my-core/StructureDefinition/Observation-head-circumference-my-core,StructureDefinition,Observation-head-circumference-my-core,canonicalised,
http://fhir.hie.moh.gov.my/StructureDefinition/Observation-heart-rate-my-core,https://myehr.kkmhub.moh.gov.my/fhir/ImplementationGuide/my-core/StructureDefinition/Observation-heart-rate-my-core,StructureDefinition,Observation-heart-rate-my-core,canonicalised,
http://fhir.hie.moh.gov.my/StructureDefinition/Observation-height-my-core,https://myehr.kkmhub.moh.gov.my/fhir/ImplementationGuide/my-core/StructureDefinition/Observation-height-my-core,StructureDefinition,Observation-height-my-core,canonicalised,
http://fhir.hie.moh.gov.my/StructureDefinition/Observation-lab-result-my-core,https://myehr.kkmhub.moh.gov.my/fhir/ImplementationGuide/my-core/StructureDefinition/Observation-lab-result-my-core,StructureDefinition,Observation-lab-result-my-core,canonicalised,
http://fhir.hie.moh.gov.my/StructureDefinition/Observation-obstetric-hb-my-core,https://myehr.kkmhub.moh.gov.my/fhir/ImplementationGuide/my-core/StructureDefinition/Observation-obstetric-hb-my-core,StructureDefinition,Observation-obstetric-hb-my-core,canonicalised,
http://fhir.hie.moh.gov.my/StructureDefinition/Observation-obstetric-us-my-core,https://myehr.kkmhub.moh.gov.my/fhir/ImplementationGuide/my-core/StructureDefinition/Observation-obstetric-us-my-core,StructureDefinition,Observation-obstetric-us-my-core,canonicalised,
http://fhir.hie.moh.gov.my/StructureDefinition/Observation-oxygen-sat-my-core,https://myehr.kkmhub.moh.gov.my/fhir/ImplementationGuide/my-core/StructureDefinition/Observation-oxygen-sat-my-core,StructureDefinition,Observation-oxygen-sat-my-core,canonicalised,
http://fhir.hie.moh.gov.my/StructureDefinition/Observation-pain-score-my-core,https://myehr.kkmhub.moh.gov.my/fhir/ImplementationGuide/my-core/StructureDefinition/Observation-pain-score-my-core,StructureDefinition,Observation-pain-score-my-core,canonicalised,
http://fhir.hie.moh.gov.my/StructureDefinition/Observation-panel-my-core,https://myehr.kkmhub.moh.gov.my/fhir/ImplementationGuide/my-core/StructureDefinition/Observation-panel-my-core,StructureDefinition,Observation-panel-my-core,canonicalised,
http://fhir.hie.moh.gov.my/StructureDefinition/Observation-random-glucose-my-core,https://myehr.kkmhub.moh.gov.my/fhir/ImplementationGuide/my-core/StructureDefinition/Observation-random-glucose-my-core,StructureDefinition,Observation-random-glucose-my-core,canonicalised,
http://fhir.hie.moh.gov.my/StructureDefinition/Observation-respi-rate-my-core,https://myehr.kkmhub.moh.gov.my/fhir/ImplementationGuide/my-core/StructureDefinition/Observation-respi-rate-my-core,StructureDefinition,Observation-respi-rate-my-core,canonicalised,
http://fhir.hie.moh.gov.my/StructureDefinition/Observation-social-history-my-core,https://myehr.kkmhub.moh.gov.my/fhir/ImplementationGuide/my-core/StructureDefinition/Observation-social-history-my-core,StructureDefinition,Observation-social-history-my-core,id-normalised,Normalised resource id from 'Observation-Pregnancy-my-core' to match the canonical URL tail.
http://fhir.hie.moh.gov.my/StructureDefinition/Observation-systolic-bp-my-core,https://myehr.kkmhub.moh.gov.my/fhir/ImplementationGuide/my-core/StructureDefinition/Observation-systolic-bp-my-core,StructureDefinition,Observation-systolic-bp-my-core,canonicalised,
http://fhir.hie.moh.gov.my/StructureDefinition/Observation-waist-my-core,https://myehr.kkmhub.moh.gov.my/fhir/ImplementationGuide/my-core/StructureDefinition/Observation-waist-my-core,StructureDefinition,Observation-waist-my-core,canonicalised,
http://fhir.hie.moh.gov.my/StructureDefinition/Observation-weight-my-core,https://myehr.kkmhub.moh.gov.my/fhir/ImplementationGuide/my-core/StructureDefinition/Observation-weight-my-core,StructureDefinition,Observation-weight-my-core,canonicalised,
http://fhir.hie.moh.gov.my/StructureDefinition/Organization-my-core,https://myehr.kkmhub.moh.gov.my/fhir/ImplementationGuide/my-core/StructureDefinition/Organization-my-core,StructureDefinition,Organization-my-core,canonicalised,
http://fhir.hie.moh.gov.my/StructureDefinition/Organization-position-my-core,https://myehr.kkmhub.moh.gov.my/fhir/ImplementationGuide/my-core/StructureDefinition/Organization-position-my-core,StructureDefinition,Organization-position-my-core,id-normalised,Normalised resource id from 'organization-position-my-core' to match the canonical URL tail.
http://fhir.hie.moh.gov.my/StructureDefinition/OrganizationAffiliation-my-core,https://myehr.kkmhub.moh.gov.my/fhir/ImplementationGuide/my-core/StructureDefinition/OrganizationAffiliation-my-core,StructureDefinition,OrganizationAffiliation-my-core,canonicalised,
http://fhir.hie.moh.gov.my/StructureDefinition/Patient-my-core,https://myehr.kkmhub.moh.gov.my/fhir/ImplementationGuide/my-core/StructureDefinition/Patient-my-core,StructureDefinition,Patient-my-core,canonicalised,
http://fhir.hie.moh.gov.my/StructureDefinition/PaymentReconciliation-my-core,https://myehr.kkmhub.moh.gov.my/fhir/ImplementationGuide/my-core/StructureDefinition/PaymentReconciliation-my-core,StructureDefinition,PaymentReconciliation-my-core,canonicalised,
http://fhir.hie.moh.gov.my/StructureDefinition/Practitioner-my-core,https://myehr.kkmhub.moh.gov.my/fhir/ImplementationGuide/my-core/StructureDefinition/Practitioner-my-core,StructureDefinition,Practitioner-my-core,canonicalised,
http://fhir.hie.moh.gov.my/StructureDefinition/PractitionerRole-my-core,https://myehr.kkmhub.moh.gov.my/fhir/ImplementationGuide/my-core/StructureDefinition/PractitionerRole-my-core,StructureDefinition,PractitionerRole-my-core,canonicalised,
http://fhir.hie.moh.gov.my/StructureDefinition/Procedure-my-core,https://myehr.kkmhub.moh.gov.my/fhir/ImplementationGuide/my-core/StructureDefinition/Procedure-my-core,StructureDefinition,Procedure-my-core,canonicalised,
http://fhir.hie.moh.gov.my/StructureDefinition/QuestionnaireResponse-my-core,https://myehr.kkmhub.moh.gov.my/fhir/ImplementationGuide/my-core/StructureDefinition/QuestionnaireResponse-my-core,StructureDefinition,QuestionnaireResponse-my-core,canonicalised,
http://fhir.hie.moh.gov.my/StructureDefinition/RelatedPerson-my-core,https://myehr.kkmhub.moh.gov.my/fhir/ImplementationGuide/my-core/StructureDefinition/RelatedPerson-my-core,StructureDefinition,RelatedPerson-my-core,canonicalised,
http://fhir.hie.moh.gov.my/StructureDefinition/Schedule-my-core,https://myehr.kkmhub.moh.gov.my/fhir/ImplementationGuide/my-core/StructureDefinition/Schedule-my-core,StructureDefinition,Schedule-my-core,canonicalised,
http://fhir.hie.moh.gov.my/StructureDefinition/ServiceRequest-my-core,https://myehr.kkmhub.moh.gov.my/fhir/ImplementationGuide/my-core/StructureDefinition/ServiceRequest-my-core,StructureDefinition,ServiceRequest-my-core,canonicalised,
http://fhir.hie.moh.gov.my/StructureDefinition/Slot-my-core,https://myehr.kkmhub.moh.gov.my/fhir/ImplementationGuide/my-core/StructureDefinition/Slot-my-core,StructureDefinition,Slot-my-core,canonicalised,
http://fhir.hie.moh.gov.my/StructureDefinition/Specimen-my-core,https://myehr.kkmhub.moh.gov.my/fhir/ImplementationGuide/my-core/StructureDefinition/Specimen-my-core,StructureDefinition,Specimen-my-core,canonicalised,
http://fhir.hie.moh.gov.my/StructureDefinition/SpecimenDefinition-my-core,https://myehr.kkmhub.moh.gov.my/fhir/ImplementationGuide/my-core/StructureDefinition/SpecimenDefinition-my-core,StructureDefinition,SpecimenDefinition-my-core,canonicalised,
http://fhir.hie.moh.gov.my/StructureDefinition/Task-my-core,https://myehr.kkmhub.moh.gov.my/fhir/ImplementationGuide/my-core/StructureDefinition/Task-my-core,StructureDefinition,Task-my-core,canonicalised,
http://fhir.hie.moh.gov.my/StructureDefinition/additional-info-my-core,https://myehr.kkmhub.moh.gov.my/fhir/ImplementationGuide/my-core/StructureDefinition/additional-info-my-core,StructureDefinition,additional-info-my-core,canonicalised,
http://fhir.hie.moh.gov.my/StructureDefinition/address-district-my-core,https://myehr.kkmhub.moh.gov.my/fhir/ImplementationGuide/my-core/StructureDefinition/address-district-my-core,StructureDefinition,address-district-my-core,canonicalised,
http://fhir.hie.moh.gov.my/StructureDefinition/address-division-my-core,https://myehr.kkmhub.moh.gov.my/fhir/ImplementationGuide/my-core/StructureDefinition/address-division-my-core,StructureDefinition,address-division-my-core,canonicalised,
http://fhir.hie.moh.gov.my/StructureDefinition/address-state-my-core,https://myehr.kkmhub.moh.gov.my/fhir/ImplementationGuide/my-core/StructureDefinition/address-state-my-core,StructureDefinition,address-state-my-core,canonicalised,
http://fhir.hie.moh.gov.my/StructureDefinition/address-sub-division-my-core,https://myehr.kkmhub.moh.gov.my/fhir/ImplementationGuide/my-core/StructureDefinition/address-sub-division-my-core,StructureDefinition,address-sub-division-my-core,canonicalised,
http://fhir.hie.moh.gov.my/StructureDefinition/amended-reason-my-core,https://myehr.kkmhub.moh.gov.my/fhir/ImplementationGuide/my-core/StructureDefinition/amended-reason-my-core,StructureDefinition,amended-reason-my-core,canonicalised,
http://fhir.hie.moh.gov.my/StructureDefinition/attachment-boolean-my-core,https://myehr.kkmhub.moh.gov.my/fhir/ImplementationGuide/my-core/StructureDefinition/attachment-boolean-my-core,StructureDefinition,attachment-boolean-my-core,canonicalised,
http://fhir.hie.moh.gov.my/StructureDefinition/attester-my-core,https://myehr.kkmhub.moh.gov.my/fhir/ImplementationGuide/my-core/StructureDefinition/attester-my-core,StructureDefinition,attester-my-core,canonicalised,
http://fhir.hie.moh.gov.my/StructureDefinition/audit-my-core,https://myehr.kkmhub.moh.gov.my/fhir/ImplementationGuide/my-core/StructureDefinition/audit-my-core,StructureDefinition,audit-my-core,id-normalised,Normalised resource id from 'extension-audit-my-core' to match the canonical URL tail.
http://fhir.hie.moh.gov.my/StructureDefinition/child-identification-my-core,https://myehr.kkmhub.moh.gov.my/fhir/ImplementationGuide/my-core/StructureDefinition/child-identification-my-core,StructureDefinition,child-identification-my-core,id-normalised,Normalised resource id from 'child-identification-type-my-core' to match the canonical URL tail.
http://fhir.hie.moh.gov.my/StructureDefinition/citizenship-my-core,https://myehr.kkmhub.moh.gov.my/fhir/ImplementationGuide/my-core/StructureDefinition/citizenship-my-core,StructureDefinition,citizenship-my-core,canonicalised,
http://fhir.hie.moh.gov.my/StructureDefinition/cluster-facility-my-core,https://myehr.kkmhub.moh.gov.my/fhir/ImplementationGuide/my-core/StructureDefinition/cluster-facility-my-core,StructureDefinition,cluster-facility-my-core,canonicalised,
http://fhir.hie.moh.gov.my/StructureDefinition/cluster-name-my-core,https://myehr.kkmhub.moh.gov.my/fhir/ImplementationGuide/my-core/StructureDefinition/cluster-name-my-core,StructureDefinition,cluster-name-my-core,canonicalised,
http://fhir.hie.moh.gov.my/StructureDefinition/composition-section-date-my-core,https://myehr.kkmhub.moh.gov.my/fhir/ImplementationGuide/my-core/StructureDefinition/composition-section-date-my-core,StructureDefinition,composition-section-date-my-core,canonicalised,
http://fhir.hie.moh.gov.my/StructureDefinition/confidentiality-my-core,https://myehr.kkmhub.moh.gov.my/fhir/ImplementationGuide/my-core/StructureDefinition/confidentiality-my-core,StructureDefinition,confidentiality-my-core,canonicalised,
http://fhir.hie.moh.gov.my/StructureDefinition/contact-detail-my-core,https://myehr.kkmhub.moh.gov.my/fhir/ImplementationGuide/my-core/StructureDefinition/contact-detail-my-core,StructureDefinition,contact-detail-my-core,canonicalised,
http://fhir.hie.moh.gov.my/StructureDefinition/data-type-my-core,https://myehr.kkmhub.moh.gov.my/fhir/ImplementationGuide/my-core/StructureDefinition/data-type-my-core,StructureDefinition,data-type-my-core,canonicalised,
http://fhir.hie.moh.gov.my/StructureDefinition/drug-cautionary-my-core,https://myehr.kkmhub.moh.gov.my/fhir/ImplementationGuide/my-core/StructureDefinition/drug-cautionary-my-core,StructureDefinition,drug-cautionary-my-core,canonicalised,
http://fhir.hie.moh.gov.my/StructureDefinition/drug-form-my-core,https://myehr.kkmhub.moh.gov.my/fhir/ImplementationGuide/my-core/StructureDefinition/drug-form-my-core,StructureDefinition,drug-form-my-core,id-normalised,Normalised resource id from 'extension-drug-form-my-core' to match the canonical URL tail.
http://fhir.hie.moh.gov.my/StructureDefinition/education-level-my-core,https://myehr.kkmhub.moh.gov.my/fhir/ImplementationGuide/my-core/StructureDefinition/education-level-my-core,StructureDefinition,education-level-my-core,canonicalised,
http://fhir.hie.moh.gov.my/StructureDefinition/encounter-outcome-my-core,https://myehr.kkmhub.moh.gov.my/fhir/ImplementationGuide/my-core/StructureDefinition/encounter-outcome-my-core,StructureDefinition,encounter-outcome-my-core,id-normalised,Normalised resource id from 'extension-encounter-outcome-my-core' to match the canonical URL tail.
http://fhir.hie.moh.gov.my/StructureDefinition/encounter-rating-my-core,https://myehr.kkmhub.moh.gov.my/fhir/ImplementationGuide/my-core/StructureDefinition/encounter-rating-my-core,StructureDefinition,encounter-rating-my-core,canonicalised,
http://fhir.hie.moh.gov.my/StructureDefinition/ethnic-my-core,https://myehr.kkmhub.moh.gov.my/fhir/ImplementationGuide/my-core/StructureDefinition/ethnic-my-core,StructureDefinition,ethnic-my-core,canonicalised,
http://fhir.hie.moh.gov.my/StructureDefinition/extension-booster-my-core,https://myehr.kkmhub.moh.gov.my/fhir/ImplementationGuide/my-core/StructureDefinition/extension-booster-my-core,StructureDefinition,extension-booster-my-core,canonicalised,
http://fhir.hie.moh.gov.my/StructureDefinition/extension-form-required-my-core,https://myehr.kkmhub.moh.gov.my/fhir/ImplementationGuide/my-core/StructureDefinition/extension-form-required-my-core,StructureDefinition,extension-form-required-my-core,canonicalised,
http://fhir.hie.moh.gov.my/StructureDefinition/extension-form-type-my-core,https://myehr.kkmhub.moh.gov.my/fhir/ImplementationGuide/my-core/StructureDefinition/extension-form-type-my-core,StructureDefinition,extension-form-type-my-core,canonicalised,
http://fhir.hie.moh.gov.my/StructureDefinition/foreigner-type-my-core,https://myehr.kkmhub.moh.gov.my/fhir/ImplementationGuide/my-core/StructureDefinition/foreigner-type-my-core,StructureDefinition,foreigner-type-my-core,canonicalised,
http://fhir.hie.moh.gov.my/StructureDefinition/formulary-boolean-my-core,https://myehr.kkmhub.moh.gov.my/fhir/ImplementationGuide/my-core/StructureDefinition/formulary-boolean-my-core,StructureDefinition,formulary-boolean-my-core,canonicalised,
http://fhir.hie.moh.gov.my/StructureDefinition/internal-refferal-my-core,https://myehr.kkmhub.moh.gov.my/fhir/ImplementationGuide/my-core/StructureDefinition/internal-refferal-my-core,StructureDefinition,internal-refferal-my-core,canonicalised,
http://fhir.hie.moh.gov.my/StructureDefinition/list-operation-status-my-core,https://myehr.kkmhub.moh.gov.my/fhir/ImplementationGuide/my-core/StructureDefinition/list-operation-status-my-core,StructureDefinition,list-operation-status-my-core,canonicalised,
http://fhir.hie.moh.gov.my/StructureDefinition/list-period-my-core,https://myehr.kkmhub.moh.gov.my/fhir/ImplementationGuide/my-core/StructureDefinition/list-period-my-core,StructureDefinition,list-period-my-core,canonicalised,
http://fhir.hie.moh.gov.my/StructureDefinition/location-recorded-my-core,https://myehr.kkmhub.moh.gov.my/fhir/ImplementationGuide/my-core/StructureDefinition/location-recorded-my-core,StructureDefinition,location-recorded-my-core,canonicalised,
http://fhir.hie.moh.gov.my/StructureDefinition/medication-knowledge-my-core,https://myehr.kkmhub.moh.gov.my/fhir/ImplementationGuide/my-core/StructureDefinition/medication-knowledge-my-core,StructureDefinition,medication-knowledge-my-core,canonicalised,
http://fhir.hie.moh.gov.my/StructureDefinition/medication-pack-description-my-core,https://myehr.kkmhub.moh.gov.my/fhir/ImplementationGuide/my-core/StructureDefinition/medication-pack-description-my-core,StructureDefinition,medication-pack-description-my-core,canonicalised,
http://fhir.hie.moh.gov.my/StructureDefinition/medication-recommended-my-core,https://myehr.kkmhub.moh.gov.my/fhir/ImplementationGuide/my-core/StructureDefinition/medication-recommended-my-core,StructureDefinition,medication-recommended-my-core,canonicalised,
http://fhir.hie.moh.gov.my/StructureDefinition/medicationknowledge-setting-my-core,https://myehr.kkmhub.moh.gov.my/fhir/ImplementationGuide/my-core/StructureDefinition/medicationknowledge-setting-my-core,StructureDefinition,medicationknowledge-setting-my-core,canonicalised,
http://fhir.hie.moh.gov.my/StructureDefinition/misc-request-my-core,https://myehr.kkmhub.moh.gov.my/fhir/ImplementationGuide/my-core/StructureDefinition/misc-request-my-core,StructureDefinition,misc-request-my-core,canonicalised,
http://fhir.hie.moh.gov.my/StructureDefinition/mnemonic-my-core,https://myehr.kkmhub.moh.gov.my/fhir/ImplementationGuide/my-core/StructureDefinition/mnemonic-my-core,StructureDefinition,mnemonic-my-core,canonicalised,
http://fhir.hie.moh.gov.my/StructureDefinition/monthly-household-income-my-core,https://myehr.kkmhub.moh.gov.my/fhir/ImplementationGuide/my-core/StructureDefinition/monthly-household-income-my-core,StructureDefinition,monthly-household-income-my-core,canonicalised,
http://fhir.hie.moh.gov.my/StructureDefinition/nationality-my-core,https://myehr.kkmhub.moh.gov.my/fhir/ImplementationGuide/my-core/StructureDefinition/nationality-my-core,StructureDefinition,nationality-my-core,canonicalised,
http://fhir.hie.moh.gov.my/StructureDefinition/ncd-vc-dx-my-core,https://myehr.kkmhub.moh.gov.my/fhir/ImplementationGuide/my-core/StructureDefinition/ncd-vc-dx-my-core,StructureDefinition,ncd-vc-dx-my-core,canonicalised,
http://fhir.hie.moh.gov.my/StructureDefinition/observation-container-my-core,https://myehr.kkmhub.moh.gov.my/fhir/ImplementationGuide/my-core/StructureDefinition/observation-container-my-core,StructureDefinition,observation-container-my-core,canonicalised,
http://fhir.hie.moh.gov.my/StructureDefinition/occupation-sector-my-core,https://myehr.kkmhub.moh.gov.my/fhir/ImplementationGuide/my-core/StructureDefinition/occupation-sector-my-core,StructureDefinition,occupation-sector-my-core,canonicalised,
http://fhir.hie.moh.gov.my/StructureDefinition/organization-category-my-core,https://myehr.kkmhub.moh.gov.my/fhir/ImplementationGuide/my-core/StructureDefinition/organization-category-my-core,StructureDefinition,organization-category-my-core,canonicalised,
http://fhir.hie.moh.gov.my/StructureDefinition/organization-pkd-my-core,https://myehr.kkmhub.moh.gov.my/fhir/ImplementationGuide/my-core/StructureDefinition/organization-pkd-my-core,StructureDefinition,organization-pkd-my-core,canonicalised,
http://fhir.hie.moh.gov.my/StructureDefinition/patient-contact-identifier-my-core,https://myehr.kkmhub.moh.gov.my/fhir/ImplementationGuide/my-core/StructureDefinition/patient-contact-identifier-my-core,StructureDefinition,patient-contact-identifier-my-core,canonicalised,
http://fhir.hie.moh.gov.my/StructureDefinition/person-title-my-core,https://myehr.kkmhub.moh.gov.my/fhir/ImplementationGuide/my-core/StructureDefinition/person-title-my-core,StructureDefinition,person-title-my-core,canonicalised,
http://fhir.hie.moh.gov.my/StructureDefinition/pr-drug-classification-my-core,https://myehr.kkmhub.moh.gov.my/fhir/ImplementationGuide/my-core/StructureDefinition/pr-drug-classification-my-core,StructureDefinition,pr-drug-classification-my-core,canonicalised,
http://fhir.hie.moh.gov.my/StructureDefinition/printed-date-my-core,https://myehr.kkmhub.moh.gov.my/fhir/ImplementationGuide/my-core/StructureDefinition/printed-date-my-core,StructureDefinition,printed-date-my-core,canonicalised,
http://fhir.hie.moh.gov.my/StructureDefinition/procedure-primary-discipline-my-core,https://myehr.kkmhub.moh.gov.my/fhir/ImplementationGuide/my-core/StructureDefinition/procedure-primary-discipline-my-core,StructureDefinition,procedure-primary-discipline-my-core,canonicalised,
http://fhir.hie.moh.gov.my/StructureDefinition/procedure-recorded-my-core,https://myehr.kkmhub.moh.gov.my/fhir/ImplementationGuide/my-core/StructureDefinition/procedure-recorded-my-core,StructureDefinition,procedure-recorded-my-core,canonicalised,
http://fhir.hie.moh.gov.my/StructureDefinition/procedure-session-type-my-core,https://myehr.kkmhub.moh.gov.my/fhir/ImplementationGuide/my-core/StructureDefinition/procedure-session-type-my-core,StructureDefinition,procedure-session-type-my-core,canonicalised,
http://fhir.hie.moh.gov.my/StructureDefinition/public-booking-my-core,https://myehr.kkmhub.moh.gov.my/fhir/ImplementationGuide/my-core/StructureDefinition/public-booking-my-core,StructureDefinition,public-booking-my-core,canonicalised,
http://fhir.hie.moh.gov.my/StructureDefinition/qr-item-type-my-core,https://myehr.kkmhub.moh.gov.my/fhir/ImplementationGuide/my-core/StructureDefinition/qr-item-type-my-core,StructureDefinition,qr-item-type-my-core,canonicalised,
http://fhir.hie.moh.gov.my/StructureDefinition/relates-to-my-core,https://myehr.kkmhub.moh.gov.my/fhir/ImplementationGuide/my-core/StructureDefinition/relates-to-my-core,StructureDefinition,relates-to-my-core,canonicalised,
http://fhir.hie.moh.gov.my/StructureDefinition/religion-my-core,https://myehr.kkmhub.moh.gov.my/fhir/ImplementationGuide/my-core/StructureDefinition/religion-my-core,StructureDefinition,religion-my-core,canonicalised,
http://fhir.hie.moh.gov.my/StructureDefinition/schedule-position-my-core,https://myehr.kkmhub.moh.gov.my/fhir/ImplementationGuide/my-core/StructureDefinition/schedule-position-my-core,StructureDefinition,schedule-position-my-core,canonicalised,
http://fhir.hie.moh.gov.my/StructureDefinition/schedule-type-my-core,https://myehr.kkmhub.moh.gov.my/fhir/ImplementationGuide/my-core/StructureDefinition/schedule-type-my-core,StructureDefinition,schedule-type-my-core,canonicalised,
http://fhir.hie.moh.gov.my/StructureDefinition/service-provider-my-core,https://myehr.kkmhub.moh.gov.my/fhir/ImplementationGuide/my-core/StructureDefinition/service-provider-my-core,StructureDefinition,service-provider-my-core,canonicalised,
http://fhir.hie.moh.gov.my/StructureDefinition/simple-register-my-core,https://myehr.kkmhub.moh.gov.my/fhir/ImplementationGuide/my-core/StructureDefinition/simple-register-my-core,StructureDefinition,simple-register-my-core,canonicalised,
http://fhir.hie.moh.gov.my/StructureDefinition/slot-quota-my-core,https://myehr.kkmhub.moh.gov.my/fhir/ImplementationGuide/my-core/StructureDefinition/slot-quota-my-core,StructureDefinition,slot-quota-my-core,canonicalised,
http://fhir.hie.moh.gov.my/StructureDefinition/specimen-combine-sample-my-core,https://myehr.kkmhub.moh.gov.my/fhir/ImplementationGuide/my-core/StructureDefinition/specimen-combine-sample-my-core,StructureDefinition,specimen-combine-sample-my-core,canonicalised,
http://fhir.hie.moh.gov.my/StructureDefinition/system-rating-my-core,https://myehr.kkmhub.moh.gov.my/fhir/ImplementationGuide/my-core/StructureDefinition/system-rating-my-core,StructureDefinition,system-rating-my-core,canonicalised,
http://fhir.hie.moh.gov.my/StructureDefinition/system-tenant-my-core,https://myehr.kkmhub.moh.gov.my/fhir/ImplementationGuide/my-core/StructureDefinition/system-tenant-my-core,StructureDefinition,system-tenant-my-core,canonicalised,
http://fhir.hie.moh.gov.my/StructureDefinition/transit-centre-my-core,https://myehr.kkmhub.moh.gov.my/fhir/ImplementationGuide/my-core/StructureDefinition/transit-centre-my-core,StructureDefinition,transit-centre-my-core,canonicalised,
http://fhir.hie.moh.gov.my/StructureDefinition/visit-type-my-core,https://myehr.kkmhub.moh.gov.my/fhir/ImplementationGuide/my-core/StructureDefinition/visit-type-my-core,StructureDefinition,visit-type-my-core,canonicalised,
http://fhir.hie.moh.gov.my/ValueSet/active-ingredient-my-core,https://myehr.kkmhub.moh.gov.my/fhir/ImplementationGuide/my-core/ValueSet/active-ingredient-my-core,ValueSet,active-ingredient-my-core,id-normalised,Normalised resource id from 'value-set-active-ingredient-my-core' to match the canonical URL tail.
http://fhir.hie.moh.gov.my/ValueSet/administrative-gender-my-core,https://myehr.kkmhub.moh.gov.my/fhir/ImplementationGuide/my-core/ValueSet/administrative-gender-my-core,ValueSet,administrative-gender-my-core,id-normalised,Normalised resource id from 'value-set-administrative-gender-my-core' to match the canonical URL tail.
http://fhir.hie.moh.gov.my/ValueSet/adverse-event-event-my-core,https://myehr.kkmhub.moh.gov.my/fhir/ImplementationGuide/my-core/ValueSet/adverse-event-event-my-core,ValueSet,adverse-event-event-my-core,id-normalised,Normalised resource id from 'value-set-adverseevent-event-my-core' to match the canonical URL tail.
http://fhir.hie.moh.gov.my/ValueSet/allergy-active-ingredient-my-core,https://myehr.kkmhub.moh.gov.my/fhir/ImplementationGuide/my-core/ValueSet/allergy-active-ingredient-my-core,ValueSet,allergy-active-ingredient-my-core,name-corrected+id-normalised,Corrected duplicate value set name. Normalised resource id from 'value-set-allergy-active-ingredient-my-core' to match the canonical URL tail.
http://fhir.hie.moh.gov.my/ValueSet/allergy-code-my-core,https://myehr.kkmhub.moh.gov.my/fhir/ImplementationGuide/my-core/ValueSet/allergy-code-my-core,ValueSet,allergy-code-my-core,id-normalised,Normalised resource id from 'value-set-allergy-code-my-core' to match the canonical URL tail.
http://fhir.hie.moh.gov.my/ValueSet/allergy-environment-my-core,https://myehr.kkmhub.moh.gov.my/fhir/ImplementationGuide/my-core/ValueSet/allergy-environment-my-core,ValueSet,allergy-environment-my-core,id-normalised,Normalised resource id from 'value-set-allergy-environment-my-core' to match the canonical URL tail.
http://fhir.hie.moh.gov.my/ValueSet/allergy-manifestation-my-core,https://myehr.kkmhub.moh.gov.my/fhir/ImplementationGuide/my-core/ValueSet/allergy-manifestation-my-core,ValueSet,allergy-manifestation-my-core,id-normalised,Normalised resource id from 'value-set-allergy-manifestation-my-core' to match the canonical URL tail.
http://fhir.hie.moh.gov.my/ValueSet/allergy-negation-my-core,https://myehr.kkmhub.moh.gov.my/fhir/ImplementationGuide/my-core/ValueSet/allergy-negation-my-core,ValueSet,allergy-negation-my-core,id-normalised,Normalised resource id from 'value-set-allergy-negation-my-core' to match the canonical URL tail.
http://fhir.hie.moh.gov.my/ValueSet/audiology-assessment-my-core,https://myehr.kkmhub.moh.gov.my/fhir/ImplementationGuide/my-core/ValueSet/audiology-assessment-my-core,ValueSet,audiology-assessment-my-core,id-normalised,Normalised resource id from 'value-set-audiology-assessment-my-core' to match the canonical URL tail.
http://fhir.hie.moh.gov.my/ValueSet/audiology-aural-rahabilitation-my-core,https://myehr.kkmhub.moh.gov.my/fhir/ImplementationGuide/my-core/ValueSet/audiology-aural-rahabilitation-my-core,ValueSet,audiology-aural-rahabilitation-my-core,id-normalised,Normalised resource id from 'value-set-audiology-aural-rehabilitation-my-core' to match the canonical URL tail.
http://fhir.hie.moh.gov.my/ValueSet/audiology-cochlear-implant-assessment-my-core,https://myehr.kkmhub.moh.gov.my/fhir/ImplementationGuide/my-core/ValueSet/audiology-cochlear-implant-assessment-my-core,ValueSet,audiology-cochlear-implant-assessment-my-core,id-normalised,Normalised resource id from 'value-set-audiology-cochlear-implant-assessment-my-core' to match the canonical URL tail.
http://fhir.hie.moh.gov.my/ValueSet/audiology-electrophysiology-test-my-core,https://myehr.kkmhub.moh.gov.my/fhir/ImplementationGuide/my-core/ValueSet/audiology-electrophysiology-test-my-core,ValueSet,audiology-electrophysiology-test-my-core,id-normalised,Normalised resource id from 'value-set-audiology-electrophysiology-test-my-core' to match the canonical URL tail.
http://fhir.hie.moh.gov.my/ValueSet/audiology-hearing-aid-assessment-my-core,https://myehr.kkmhub.moh.gov.my/fhir/ImplementationGuide/my-core/ValueSet/audiology-hearing-aid-assessment-my-core,ValueSet,audiology-hearing-aid-assessment-my-core,id-normalised,Normalised resource id from 'value-set-audiology-hearing-aid-assessment-my-core' to match the canonical URL tail.
http://fhir.hie.moh.gov.my/ValueSet/audiology-neonatal-hearing-screening-my-core,https://myehr.kkmhub.moh.gov.my/fhir/ImplementationGuide/my-core/ValueSet/audiology-neonatal-hearing-screening-my-core,ValueSet,audiology-neonatal-hearing-screening-my-core,id-normalised,Normalised resource id from 'value-set-audiology-neonatal-hearing-screening-my-core' to match the canonical URL tail.
http://fhir.hie.moh.gov.my/ValueSet/cancelation-reason-my-core,https://myehr.kkmhub.moh.gov.my/fhir/ImplementationGuide/my-core/ValueSet/cancelation-reason-my-core,ValueSet,cancelation-reason-my-core,id-normalised,Normalised resource id from 'value-set-cancelation-reason-my-core' to match the canonical URL tail.
http://fhir.hie.moh.gov.my/ValueSet/child-identification-type-my-core,https://myehr.kkmhub.moh.gov.my/fhir/ImplementationGuide/my-core/ValueSet/child-identification-type-my-core,ValueSet,child-identification-type-my-core,id-normalised,Normalised resource id from 'value-set-child-identification-type-my-core' to match the canonical URL tail.
http://fhir.hie.moh.gov.my/ValueSet/clinic-physiotherapy-my-core,https://myehr.kkmhub.moh.gov.my/fhir/ImplementationGuide/my-core/ValueSet/clinic-physiotherapy-my-core,ValueSet,clinic-physiotherapy-my-core,id-normalised,Normalised resource id from 'value-set-clinic-physiotherapy-my-core' to match the canonical URL tail.
http://fhir.hie.moh.gov.my/ValueSet/cluster-facility-my-core,https://myehr.kkmhub.moh.gov.my/fhir/ImplementationGuide/my-core/ValueSet/cluster-facility-my-core,ValueSet,cluster-facility-my-core,id-normalised,Normalised resource id from 'value-set-cluster-facility-my-core' to match the canonical URL tail.
http://fhir.hie.moh.gov.my/ValueSet/composition-category-my-core,https://myehr.kkmhub.moh.gov.my/fhir/ImplementationGuide/my-core/ValueSet/composition-category-my-core,ValueSet,composition-category-my-core,id-normalised,Normalised resource id from 'value-set-composition-category-my-core' to match the canonical URL tail.
http://fhir.hie.moh.gov.my/ValueSet/composition-class-my-core,https://myehr.kkmhub.moh.gov.my/fhir/ImplementationGuide/my-core/ValueSet/composition-class-my-core,ValueSet,composition-class-my-core,id-normalised,Normalised resource id from 'value-set-composition-class-my-core' to match the canonical URL tail.
http://fhir.hie.moh.gov.my/ValueSet/composition-event-my-core,https://myehr.kkmhub.moh.gov.my/fhir/ImplementationGuide/my-core/ValueSet/composition-event-my-core,ValueSet,composition-event-my-core,id-normalised,Normalised resource id from 'value-set-composition-event-my-core' to match the canonical URL tail.
http://fhir.hie.moh.gov.my/ValueSet/composition-form-type-my-core,https://myehr.kkmhub.moh.gov.my/fhir/ImplementationGuide/my-core/ValueSet/composition-form-type-my-core,ValueSet,composition-form-type-my-core,canonicalised,
http://fhir.hie.moh.gov.my/ValueSet/composition-section-my-core,https://myehr.kkmhub.moh.gov.my/fhir/ImplementationGuide/my-core/ValueSet/composition-section-my-core,ValueSet,composition-section-my-core,id-normalised,Normalised resource id from 'value-set-composition-section-my-core' to match the canonical URL tail.
http://fhir.hie.moh.gov.my/ValueSet/composition-type-my-core,https://myehr.kkmhub.moh.gov.my/fhir/ImplementationGuide/my-core/ValueSet/composition-type-my-core,ValueSet,composition-type-my-core,id-normalised,Normalised resource id from 'value-set-composition-type-my-core' to match the canonical URL tail.
http://fhir.hie.moh.gov.my/ValueSet/condition-category-my-core,https://myehr.kkmhub.moh.gov.my/fhir/ImplementationGuide/my-core/ValueSet/condition-category-my-core,ValueSet,condition-category-my-core,id-normalised,Normalised resource id from 'value-set-condition-category-my-core' to match the canonical URL tail.
http://fhir.hie.moh.gov.my/ValueSet/cooking-demonstration-my-core,https://myehr.kkmhub.moh.gov.my/fhir/ImplementationGuide/my-core/ValueSet/cooking-demonstration-my-core,ValueSet,cooking-demonstration-my-core,id-normalised,Normalised resource id from 'value-set-cooking-demonstration-my-core' to match the canonical URL tail.
http://fhir.hie.moh.gov.my/ValueSet/data-type-my-core,https://myehr.kkmhub.moh.gov.my/fhir/ImplementationGuide/my-core/ValueSet/data-type-my-core,ValueSet,data-type-my-core,id-normalised,Normalised resource id from 'value-set-data-type-my-core' to match the canonical URL tail.
http://fhir.hie.moh.gov.my/ValueSet/death-certificate-my-core,https://myehr.kkmhub.moh.gov.my/fhir/ImplementationGuide/my-core/ValueSet/death-certificate-my-core,ValueSet,death-certificate-my-core,id-normalised,Normalised resource id from 'value-death-certificate-my-core' to match the canonical URL tail.
http://fhir.hie.moh.gov.my/ValueSet/dental-alert-code-my-core,https://myehr.kkmhub.moh.gov.my/fhir/ImplementationGuide/my-core/ValueSet/dental-alert-code-my-core,ValueSet,dental-alert-code-my-core,id-normalised,Normalised resource id from 'value-set-dental-alert-code-my-core' to match the canonical URL tail.
http://fhir.hie.moh.gov.my/ValueSet/dental-code-my-core,https://myehr.kkmhub.moh.gov.my/fhir/ImplementationGuide/my-core/ValueSet/dental-code-my-core,ValueSet,dental-code-my-core,id-normalised,Normalised resource id from 'value-set-dental-code-my-core' to match the canonical URL tail.
http://fhir.hie.moh.gov.my/ValueSet/dental-history-alert-my-core,https://myehr.kkmhub.moh.gov.my/fhir/ImplementationGuide/my-core/ValueSet/dental-history-alert-my-core,ValueSet,dental-history-alert-my-core,id-normalised,Normalised resource id from 'value-set-dental-history-alert-my-core' to match the canonical URL tail.
http://fhir.hie.moh.gov.my/ValueSet/dental-procedure-my-core,https://myehr.kkmhub.moh.gov.my/fhir/ImplementationGuide/my-core/ValueSet/dental-procedure-my-core,ValueSet,dental-procedure-my-core,id-normalised,Normalised resource id from 'value-set-dental-procedure-my-core' to match the canonical URL tail.
http://fhir.hie.moh.gov.my/ValueSet/dentitian-my-core,https://myehr.kkmhub.moh.gov.my/fhir/ImplementationGuide/my-core/ValueSet/dentitian-my-core,ValueSet,dentitian-my-core,id-normalised,Normalised resource id from 'value-set-dentitian-my-core' to match the canonical URL tail.
http://fhir.hie.moh.gov.my/ValueSet/dev-milestone-fine-motor-my-core,https://myehr.kkmhub.moh.gov.my/fhir/ImplementationGuide/my-core/ValueSet/dev-milestone-fine-motor-my-core,ValueSet,dev-milestone-fine-motor-my-core,id-normalised,Normalised resource id from 'value-set-dev-milestone-fine-motor-my-core' to match the canonical URL tail.
http://fhir.hie.moh.gov.my/ValueSet/dev-milestone-gross-motor-my-core,https://myehr.kkmhub.moh.gov.my/fhir/ImplementationGuide/my-core/ValueSet/dev-milestone-gross-motor-my-core,ValueSet,dev-milestone-gross-motor-my-core,id-normalised,Normalised resource id from 'value-set-dev-milestone-gross-motor-my-core' to match the canonical URL tail.
http://fhir.hie.moh.gov.my/ValueSet/dev-milestone-social-my-core,https://myehr.kkmhub.moh.gov.my/fhir/ImplementationGuide/my-core/ValueSet/dev-milestone-social-my-core,ValueSet,dev-milestone-social-my-core,id-normalised,Normalised resource id from 'value-set-dev-milestone-social-my-core' to match the canonical URL tail.
http://fhir.hie.moh.gov.my/ValueSet/dev-milestone-speech-my-core,https://myehr.kkmhub.moh.gov.my/fhir/ImplementationGuide/my-core/ValueSet/dev-milestone-speech-my-core,ValueSet,dev-milestone-speech-my-core,id-normalised,Normalised resource id from 'value-set-dev-milestone-speech-my-core' to match the canonical URL tail.
http://fhir.hie.moh.gov.my/ValueSet/developmental-milestone-my-core,https://myehr.kkmhub.moh.gov.my/fhir/ImplementationGuide/my-core/ValueSet/developmental-milestone-my-core,ValueSet,developmental-milestone-my-core,id-normalised,Normalised resource id from 'value-set-developmental-milestone-my-core' to match the canonical URL tail.
http://fhir.hie.moh.gov.my/ValueSet/diagnosis-role-my-core,https://myehr.kkmhub.moh.gov.my/fhir/ImplementationGuide/my-core/ValueSet/diagnosis-role-my-core,ValueSet,diagnosis-role-my-core,id-normalised,Normalised resource id from 'value-set-diagnosis-role-my-core' to match the canonical URL tail.
http://fhir.hie.moh.gov.my/ValueSet/diagnostic-procedure-my-core,https://myehr.kkmhub.moh.gov.my/fhir/ImplementationGuide/my-core/ValueSet/diagnostic-procedure-my-core,ValueSet,diagnostic-procedure-my-core,id-normalised,Normalised resource id from 'value-set-diagnostic-procedure-my-core' to match the canonical URL tail.
http://fhir.hie.moh.gov.my/ValueSet/discharge-disposition-my-core,https://myehr.kkmhub.moh.gov.my/fhir/ImplementationGuide/my-core/ValueSet/discharge-disposition-my-core,ValueSet,discharge-disposition-my-core,id-normalised,Normalised resource id from 'value-set-discharge-disposition-my-core' to match the canonical URL tail.
http://fhir.hie.moh.gov.my/ValueSet/district-my-core,https://myehr.kkmhub.moh.gov.my/fhir/ImplementationGuide/my-core/ValueSet/district-my-core,ValueSet,district-my-core,id-normalised,Normalised resource id from 'value-set-district-my-core' to match the canonical URL tail.
http://fhir.hie.moh.gov.my/ValueSet/drug-allergy-my-core,https://myehr.kkmhub.moh.gov.my/fhir/ImplementationGuide/my-core/ValueSet/drug-allergy-my-core,ValueSet,drug-allergy-my-core,id-normalised,Normalised resource id from 'value-set-drug-allergy-my-core' to match the canonical URL tail.
http://fhir.hie.moh.gov.my/ValueSet/drug-category-my-core,https://myehr.kkmhub.moh.gov.my/fhir/ImplementationGuide/my-core/ValueSet/drug-category-my-core,ValueSet,drug-category-my-core,id-normalised,Normalised resource id from 'value-set-drug-category-my-core' to match the canonical URL tail.
http://fhir.hie.moh.gov.my/ValueSet/drug-cautionary-my-core,https://myehr.kkmhub.moh.gov.my/fhir/ImplementationGuide/my-core/ValueSet/drug-cautionary-my-core,ValueSet,drug-cautionary-my-core,id-normalised,Normalised resource id from 'value-set-drug-cautionary-my-core' to match the canonical URL tail.
http://fhir.hie.moh.gov.my/ValueSet/drug-dose-form-my-core,https://myehr.kkmhub.moh.gov.my/fhir/ImplementationGuide/my-core/ValueSet/drug-dose-form-my-core,ValueSet,drug-dose-form-my-core,id-normalised,Normalised resource id from 'value-set-drug-dose-form-my-core' to match the canonical URL tail.
http://fhir.hie.moh.gov.my/ValueSet/drug-my-core,https://myehr.kkmhub.moh.gov.my/fhir/ImplementationGuide/my-core/ValueSet/drug-my-core,ValueSet,drug-my-core,id-normalised,Normalised resource id from 'value-set-drug-my-core' to match the canonical URL tail.
http://fhir.hie.moh.gov.my/ValueSet/drug-schedule-my-core,https://myehr.kkmhub.moh.gov.my/fhir/ImplementationGuide/my-core/ValueSet/drug-schedule-my-core,ValueSet,drug-schedule-my-core,id-normalised,Normalised resource id from 'value-set-drug-schedule-my-core' to match the canonical URL tail.
http://fhir.hie.moh.gov.my/ValueSet/drug-special-instruction-my-core,https://myehr.kkmhub.moh.gov.my/fhir/ImplementationGuide/my-core/ValueSet/drug-special-instruction-my-core,ValueSet,drug-special-instruction-my-core,id-normalised,Normalised resource id from 'value-set-drug-special-instruction-my-core' to match the canonical URL tail.
http://fhir.hie.moh.gov.my/ValueSet/drug-sub-group-my-core,https://myehr.kkmhub.moh.gov.my/fhir/ImplementationGuide/my-core/ValueSet/drug-sub-group-my-core,ValueSet,drug-sub-group-my-core,id-normalised,Normalised resource id from 'value-set-drug-sub-group-my-core' to match the canonical URL tail.
http://fhir.hie.moh.gov.my/ValueSet/drug-trade-name-my-core,https://myehr.kkmhub.moh.gov.my/fhir/ImplementationGuide/my-core/ValueSet/drug-trade-name-my-core,ValueSet,drug-trade-name-my-core,id-normalised,Normalised resource id from 'value-set-drug-trade-name-my-core' to match the canonical URL tail.
http://fhir.hie.moh.gov.my/ValueSet/drug-type-my-core,https://myehr.kkmhub.moh.gov.my/fhir/ImplementationGuide/my-core/ValueSet/drug-type-my-core,ValueSet,drug-type-my-core,id-normalised,Normalised resource id from 'value-set-drug-type-my-core' to match the canonical URL tail.
http://fhir.hie.moh.gov.my/ValueSet/education-level-my-core,https://myehr.kkmhub.moh.gov.my/fhir/ImplementationGuide/my-core/ValueSet/education-level-my-core,ValueSet,education-level-my-core,id-normalised,Normalised resource id from 'value-set-education-level-my-core' to match the canonical URL tail.
http://fhir.hie.moh.gov.my/ValueSet/encounter-category-my-core,https://myehr.kkmhub.moh.gov.my/fhir/ImplementationGuide/my-core/ValueSet/encounter-category-my-core,ValueSet,encounter-category-my-core,id-normalised,Normalised resource id from 'value-set-encounter-category-my-core' to match the canonical URL tail.
http://fhir.hie.moh.gov.my/ValueSet/encounter-class-front-my-core,https://myehr.kkmhub.moh.gov.my/fhir/ImplementationGuide/my-core/ValueSet/encounter-class-front-my-core,ValueSet,encounter-class-front-my-core,id-normalised,Normalised resource id from 'value-set-encounter-class-front-my-core' to match the canonical URL tail.
http://fhir.hie.moh.gov.my/ValueSet/encounter-class-my-core,https://myehr.kkmhub.moh.gov.my/fhir/ImplementationGuide/my-core/ValueSet/encounter-class-my-core,ValueSet,encounter-class-my-core,id-normalised,Normalised resource id from 'value-set-encounter-class-my-core' to match the canonical URL tail.
http://fhir.hie.moh.gov.my/ValueSet/encounter-outcome-my-core,https://myehr.kkmhub.moh.gov.my/fhir/ImplementationGuide/my-core/ValueSet/encounter-outcome-my-core,ValueSet,encounter-outcome-my-core,id-normalised,Normalised resource id from 'value-set-encounter-outcome-my-core' to match the canonical URL tail.
http://fhir.hie.moh.gov.my/ValueSet/encounter-outcome-reason-my-core,https://myehr.kkmhub.moh.gov.my/fhir/ImplementationGuide/my-core/ValueSet/encounter-outcome-reason-my-core,ValueSet,encounter-outcome-reason-my-core,id-normalised,Normalised resource id from 'value-set-encounter-outcome-reason-my-core' to match the canonical URL tail.
http://fhir.hie.moh.gov.my/ValueSet/encounter-status-my-core,https://myehr.kkmhub.moh.gov.my/fhir/ImplementationGuide/my-core/ValueSet/encounter-status-my-core,ValueSet,encounter-status-my-core,id-normalised,Normalised resource id from 'value-set-encounter-status-my-core' to match the canonical URL tail.
http://fhir.hie.moh.gov.my/ValueSet/ethnic-my-core,https://myehr.kkmhub.moh.gov.my/fhir/ImplementationGuide/my-core/ValueSet/ethnic-my-core,ValueSet,ethnic-my-core,id-normalised,Normalised resource id from 'value-set-ethnic-my-core' to match the canonical URL tail.
http://fhir.hie.moh.gov.my/ValueSet/flag-category-my-core,https://myehr.kkmhub.moh.gov.my/fhir/ImplementationGuide/my-core/ValueSet/flag-category-my-core,ValueSet,flag-category-my-core,id-normalised,Normalised resource id from 'value-set-flag-category-my-core' to match the canonical URL tail.
http://fhir.hie.moh.gov.my/ValueSet/foreigner-type-my-core,https://myehr.kkmhub.moh.gov.my/fhir/ImplementationGuide/my-core/ValueSet/foreigner-type-my-core,ValueSet,foreigner-type-my-core,id-normalised,Normalised resource id from 'value-set-foreigner-type-my-core' to match the canonical URL tail.
http://fhir.hie.moh.gov.my/ValueSet/glucose-level-my-core,https://myehr.kkmhub.moh.gov.my/fhir/ImplementationGuide/my-core/ValueSet/glucose-level-my-core,ValueSet,glucose-level-my-core,id-normalised,Normalised resource id from 'value-set-glucose-level-my-core' to match the canonical URL tail.
http://fhir.hie.moh.gov.my/ValueSet/health-program-physiotherapy-my-core,https://myehr.kkmhub.moh.gov.my/fhir/ImplementationGuide/my-core/ValueSet/health-program-physiotherapy-my-core,ValueSet,health-program-physiotherapy-my-core,id-normalised,Normalised resource id from 'value-set-health-program-physiotherapy-my-core' to match the canonical URL tail.
http://fhir.hie.moh.gov.my/ValueSet/hospital-physiotherapy-my-core,https://myehr.kkmhub.moh.gov.my/fhir/ImplementationGuide/my-core/ValueSet/hospital-physiotherapy-my-core,ValueSet,hospital-physiotherapy-my-core,id-normalised,Normalised resource id from 'value-set-hospital-physiotherapy-my-core' to match the canonical URL tail.
http://fhir.hie.moh.gov.my/ValueSet/imaging-modality-my-core,https://myehr.kkmhub.moh.gov.my/fhir/ImplementationGuide/my-core/ValueSet/imaging-modality-my-core,ValueSet,imaging-modality-my-core,id-normalised,Normalised resource id from 'value-set-imaging-modality-my-core' to match the canonical URL tail.
http://fhir.hie.moh.gov.my/ValueSet/imaging-my-core,https://myehr.kkmhub.moh.gov.my/fhir/ImplementationGuide/my-core/ValueSet/imaging-my-core,ValueSet,imaging-my-core,id-normalised,Normalised resource id from 'value-set-imaging-my-core' to match the canonical URL tail.
http://fhir.hie.moh.gov.my/ValueSet/imaging-region-my-core,https://myehr.kkmhub.moh.gov.my/fhir/ImplementationGuide/my-core/ValueSet/imaging-region-my-core,ValueSet,imaging-region-my-core,id-normalised,Normalised resource id from 'value-set-imaging-region-my-core' to match the canonical URL tail.
http://fhir.hie.moh.gov.my/ValueSet/immunization-recommendation-status-my-core,https://myehr.kkmhub.moh.gov.my/fhir/ImplementationGuide/my-core/ValueSet/immunization-recommendation-status-my-core,ValueSet,immunization-recommendation-status-my-core,id-normalised,Normalised resource id from 'value-set-immunization-recommendation-status-my-core' to match the canonical URL tail.
http://fhir.hie.moh.gov.my/ValueSet/lab-component-my-core,https://myehr.kkmhub.moh.gov.my/fhir/ImplementationGuide/my-core/ValueSet/lab-component-my-core,ValueSet,lab-component-my-core,id-normalised,Normalised resource id from 'value-set-lab-component-my-core' to match the canonical URL tail.
http://fhir.hie.moh.gov.my/ValueSet/lab-method-my-core,https://myehr.kkmhub.moh.gov.my/fhir/ImplementationGuide/my-core/ValueSet/lab-method-my-core,ValueSet,lab-method-my-core,id-normalised,Normalised resource id from 'value-set-lab-method-my-core' to match the canonical URL tail.
http://fhir.hie.moh.gov.my/ValueSet/lab-my-core,https://myehr.kkmhub.moh.gov.my/fhir/ImplementationGuide/my-core/ValueSet/lab-my-core,ValueSet,lab-my-core,id-normalised,Normalised resource id from 'value-set-lab-my-core' to match the canonical URL tail.
http://fhir.hie.moh.gov.my/ValueSet/lab-sub-group-my-core,https://myehr.kkmhub.moh.gov.my/fhir/ImplementationGuide/my-core/ValueSet/lab-sub-group-my-core,ValueSet,lab-sub-group-my-core,id-normalised,Normalised resource id from 'value-set-lab-sub-group-my-core' to match the canonical URL tail.
http://fhir.hie.moh.gov.my/ValueSet/location-type-front-my-core,https://myehr.kkmhub.moh.gov.my/fhir/ImplementationGuide/my-core/ValueSet/location-type-front-my-core,ValueSet,location-type-front-my-core,id-normalised,Normalised resource id from 'value-set-location-type-front-my-core' to match the canonical URL tail.
http://fhir.hie.moh.gov.my/ValueSet/location-type-my-core,https://myehr.kkmhub.moh.gov.my/fhir/ImplementationGuide/my-core/ValueSet/location-type-my-core,ValueSet,location-type-my-core,id-normalised,Normalised resource id from 'value-set-location-type-my-core' to match the canonical URL tail.
http://fhir.hie.moh.gov.my/ValueSet/loinc-my-core,https://myehr.kkmhub.moh.gov.my/fhir/ImplementationGuide/my-core/ValueSet/loinc-my-core,ValueSet,loinc-my-core,id-normalised,Normalised resource id from 'value-set-loinc-my-core' to match the canonical URL tail.
http://fhir.hie.moh.gov.my/ValueSet/minor-procedure-my-core,https://myehr.kkmhub.moh.gov.my/fhir/ImplementationGuide/my-core/ValueSet/minor-procedure-my-core,ValueSet,minor-procedure-my-core,id-normalised,Normalised resource id from 'value-set-minor-procedure-my-core' to match the canonical URL tail.
http://fhir.hie.moh.gov.my/ValueSet/monthly-household-income-my-core,https://myehr.kkmhub.moh.gov.my/fhir/ImplementationGuide/my-core/ValueSet/monthly-household-income-my-core,ValueSet,monthly-household-income-my-core,id-normalised+excluded-fsh-owned,Normalised resource id from 'value-set-monthly-household-income-my-core' to match the canonical URL tail. Excluded from regenerated JSON output because this resource is listed in ig/input/fsh/migration-exclusions.txt and is treated as FSH-owned.
http://fhir.hie.moh.gov.my/ValueSet/ncd-vc-dx-my-core,https://myehr.kkmhub.moh.gov.my/fhir/ImplementationGuide/my-core/ValueSet/ncd-vc-dx-my-core,ValueSet,ncd-vc-dx-my-core,id-normalised,Normalised resource id from 'value-set-ncd-vc-dx-my-core' to match the canonical URL tail.
http://fhir.hie.moh.gov.my/ValueSet/nutritionist-consultation-my-core,https://myehr.kkmhub.moh.gov.my/fhir/ImplementationGuide/my-core/ValueSet/nutritionist-consultation-my-core,ValueSet,nutritionist-consultation-my-core,id-normalised,Normalised resource id from 'value-set-nutritionist-consultation-my-core' to match the canonical URL tail.
http://fhir.hie.moh.gov.my/ValueSet/observation-anthropometry-my-core,https://myehr.kkmhub.moh.gov.my/fhir/ImplementationGuide/my-core/ValueSet/observation-anthropometry-my-core,ValueSet,observation-anthropometry-my-core,id-normalised,Normalised resource id from 'value-set-observation-anthropometry-my-core' to match the canonical URL tail.
http://fhir.hie.moh.gov.my/ValueSet/observation-glucose-my-core,https://myehr.kkmhub.moh.gov.my/fhir/ImplementationGuide/my-core/ValueSet/observation-glucose-my-core,ValueSet,observation-glucose-my-core,id-normalised,Normalised resource id from 'value-set-observation-glucose-my-core' to match the canonical URL tail.
http://fhir.hie.moh.gov.my/ValueSet/observation-obstetric-us-my-core,https://myehr.kkmhub.moh.gov.my/fhir/ImplementationGuide/my-core/ValueSet/observation-obstetric-us-my-core,ValueSet,observation-obstetric-us-my-core,id-normalised,Normalised resource id from 'value-set-observation-obstetric-us-my-core' to match the canonical URL tail.
http://fhir.hie.moh.gov.my/ValueSet/observation-panel-my-core,https://myehr.kkmhub.moh.gov.my/fhir/ImplementationGuide/my-core/ValueSet/observation-panel-my-core,ValueSet,observation-panel-my-core,id-normalised,Normalised resource id from 'value-set-observation-panel-my-core' to match the canonical URL tail.
http://fhir.hie.moh.gov.my/ValueSet/observation-social-history-my-core,https://myehr.kkmhub.moh.gov.my/fhir/ImplementationGuide/my-core/ValueSet/observation-social-history-my-core,ValueSet,observation-social-history-my-core,id-normalised,Normalised resource id from 'value-set-observation-social-history-my-core' to match the canonical URL tail.
http://fhir.hie.moh.gov.my/ValueSet/observation-vital-signs-my-core,https://myehr.kkmhub.moh.gov.my/fhir/ImplementationGuide/my-core/ValueSet/observation-vital-signs-my-core,ValueSet,observation-vital-signs-my-core,id-normalised,Normalised resource id from 'value-set-observation-vital-signs-my-core' to match the canonical URL tail.
http://fhir.hie.moh.gov.my/ValueSet/observation-vsc-bp-my-core,https://myehr.kkmhub.moh.gov.my/fhir/ImplementationGuide/my-core/ValueSet/observation-vsc-bp-my-core,ValueSet,observation-vsc-bp-my-core,id-normalised,Normalised resource id from 'value-set-observation-vsc-bp-my-core' to match the canonical URL tail.
http://fhir.hie.moh.gov.my/ValueSet/observation-vsc-hr-my-core,https://myehr.kkmhub.moh.gov.my/fhir/ImplementationGuide/my-core/ValueSet/observation-vsc-hr-my-core,ValueSet,observation-vsc-hr-my-core,id-normalised,Normalised resource id from 'value-set-observation-vsc-hr-my-core' to match the canonical URL tail.
http://fhir.hie.moh.gov.my/ValueSet/observation-vsc-so2-my-core,https://myehr.kkmhub.moh.gov.my/fhir/ImplementationGuide/my-core/ValueSet/observation-vsc-so2-my-core,ValueSet,observation-vsc-so2-my-core,id-normalised,Normalised resource id from 'value-set-observation-vsc-so2-my-core' to match the canonical URL tail.
http://fhir.hie.moh.gov.my/ValueSet/observation-vsc-t-my-core,https://myehr.kkmhub.moh.gov.my/fhir/ImplementationGuide/my-core/ValueSet/observation-vsc-t-my-core,ValueSet,observation-vsc-t-my-core,id-normalised,Normalised resource id from 'value-set-observation-vsc-t-my-core' to match the canonical URL tail.
http://fhir.hie.moh.gov.my/ValueSet/occupational-sector-my-core,https://myehr.kkmhub.moh.gov.my/fhir/ImplementationGuide/my-core/ValueSet/occupational-sector-my-core,ValueSet,occupational-sector-my-core,id-normalised+excluded-fsh-owned,Normalised resource id from 'value-set-occupational-sector-my-core' to match the canonical URL tail. Excluded from regenerated JSON output because this resource is listed in ig/input/fsh/migration-exclusions.txt and is treated as FSH-owned.
http://fhir.hie.moh.gov.my/ValueSet/organization-category-my-core,https://myehr.kkmhub.moh.gov.my/fhir/ImplementationGuide/my-core/ValueSet/organization-category-my-core,ValueSet,organization-category-my-core,id-normalised,Normalised resource id from 'value-set-organization-category-my-core' to match the canonical URL tail.
http://fhir.hie.moh.gov.my/ValueSet/organization-category-public-my-core,https://myehr.kkmhub.moh.gov.my/fhir/ImplementationGuide/my-core/ValueSet/organization-category-public-my-core,ValueSet,organization-category-public-my-core,id-normalised,Normalised resource id from 'value-set-organization-category-public-my-core' to match the canonical URL tail.
http://fhir.hie.moh.gov.my/ValueSet/organization-type-my-core,https://myehr.kkmhub.moh.gov.my/fhir/ImplementationGuide/my-core/ValueSet/organization-type-my-core,ValueSet,organization-type-my-core,id-normalised,Normalised resource id from 'value-set-organization-type-my-core' to match the canonical URL tail.
http://fhir.hie.moh.gov.my/ValueSet/payment-type-my-core,https://myehr.kkmhub.moh.gov.my/fhir/ImplementationGuide/my-core/ValueSet/payment-type-my-core,ValueSet,payment-type-my-core,id-normalised,Normalised resource id from 'value-set-payment-type-my-core' to match the canonical URL tail.
http://fhir.hie.moh.gov.my/ValueSet/person-title-my-core,https://myehr.kkmhub.moh.gov.my/fhir/ImplementationGuide/my-core/ValueSet/person-title-my-core,ValueSet,person-title-my-core,id-normalised,Normalised resource id from 'value-set-person-title-my-core' to match the canonical URL tail.
http://fhir.hie.moh.gov.my/ValueSet/phis-frequency-my-core,https://myehr.kkmhub.moh.gov.my/fhir/ImplementationGuide/my-core/ValueSet/phis-frequency-my-core,ValueSet,phis-frequency-my-core,id-normalised,Normalised resource id from 'value-set-phis-frequency-my-core' to match the canonical URL tail.
http://fhir.hie.moh.gov.my/ValueSet/phis-route-my-core,https://myehr.kkmhub.moh.gov.my/fhir/ImplementationGuide/my-core/ValueSet/phis-route-my-core,ValueSet,phis-route-my-core,id-normalised,Normalised resource id from 'value-set-phis-route-my-core' to match the canonical URL tail.
http://fhir.hie.moh.gov.my/ValueSet/phis-uom-my-core,https://myehr.kkmhub.moh.gov.my/fhir/ImplementationGuide/my-core/ValueSet/phis-uom-my-core,ValueSet,phis-uom-my-core,id-normalised,Normalised resource id from 'value-set-phis-uom-my-core' to match the canonical URL tail.
http://fhir.hie.moh.gov.my/ValueSet/phlebotomy-my-core,https://myehr.kkmhub.moh.gov.my/fhir/ImplementationGuide/my-core/ValueSet/phlebotomy-my-core,ValueSet,phlebotomy-my-core,id-normalised,Normalised resource id from 'value-set-phlebotomy-my-core' to match the canonical URL tail.
http://fhir.hie.moh.gov.my/ValueSet/practitioner-role-code-my-core,https://myehr.kkmhub.moh.gov.my/fhir/ImplementationGuide/my-core/ValueSet/practitioner-role-my-core,ValueSet,practitioner-role-my-core,canonical-and-name-corrected+id-normalised,Aligned the practitioner role value set canonical to the profile binding used in the vendor-facing publication. Normalised resource id from 'value-set-practitioner-role-code-my-core' to match the canonical URL tail.
http://fhir.hie.moh.gov.my/ValueSet/priority-my-core,https://myehr.kkmhub.moh.gov.my/fhir/ImplementationGuide/my-core/ValueSet/priority-my-core,ValueSet,priority-my-core,id-normalised,Normalised resource id from 'value-set-priority-my-core' to match the canonical URL tail.
http://fhir.hie.moh.gov.my/ValueSet/procedure-category-my-core,https://myehr.kkmhub.moh.gov.my/fhir/ImplementationGuide/my-core/ValueSet/procedure-category-my-core,ValueSet,procedure-category-my-core,id-normalised,Normalised resource id from 'value-set-procedure-category-my-core' to match the canonical URL tail.
http://fhir.hie.moh.gov.my/ValueSet/procedure-code-my-core,https://myehr.kkmhub.moh.gov.my/fhir/ImplementationGuide/my-core/ValueSet/procedure-code-my-core,ValueSet,procedure-code-my-core,id-normalised+excluded-fsh-owned,Normalised resource id from 'value-set-procedure-code-my-core' to match the canonical URL tail. Excluded from regenerated JSON output because this resource is listed in ig/input/fsh/migration-exclusions.txt and is treated as FSH-owned.
http://fhir.hie.moh.gov.my/ValueSet/procedure-complication-my-core,https://myehr.kkmhub.moh.gov.my/fhir/ImplementationGuide/my-core/ValueSet/procedure-complication-my-core,ValueSet,procedure-complication-my-core,id-normalised,Normalised resource id from 'value-set-procedure-complication-my-core' to match the canonical URL tail.
http://fhir.hie.moh.gov.my/ValueSet/procedure-performer-role-my-core,https://myehr.kkmhub.moh.gov.my/fhir/ImplementationGuide/my-core/ValueSet/procedure-performer-role-my-core,ValueSet,procedure-performer-role-my-core,id-normalised,Normalised resource id from 'value-set-procedure-performer-role-my-core' to match the canonical URL tail.
http://fhir.hie.moh.gov.my/ValueSet/procedure-session-type-my-core,https://myehr.kkmhub.moh.gov.my/fhir/ImplementationGuide/my-core/ValueSet/procedure-session-type-my-core,ValueSet,procedure-session-type-my-core,id-normalised,Normalised resource id from 'value-set-procedure-Session Type-my-core' to match the canonical URL tail.
http://fhir.hie.moh.gov.my/ValueSet/quick-scheduling-my-core,https://myehr.kkmhub.moh.gov.my/fhir/ImplementationGuide/my-core/ValueSet/quick-scheduling-my-core,ValueSet,quick-scheduling-my-core,id-normalised+excluded-fsh-owned,Normalised resource id from 'value-set-quick-scheduling-my-core' to match the canonical URL tail. Excluded from regenerated JSON output because this resource is listed in ig/input/fsh/migration-exclusions.txt and is treated as FSH-owned.
http://fhir.hie.moh.gov.my/ValueSet/reason-code-my-core,https://myehr.kkmhub.moh.gov.my/fhir/ImplementationGuide/my-core/ValueSet/reason-code-my-core,ValueSet,reason-code-my-core,id-normalised,Normalised resource id from 'value-set-reason-code-my-core' to match the canonical URL tail.
http://fhir.hie.moh.gov.my/ValueSet/referral-form-my-core,https://myehr.kkmhub.moh.gov.my/fhir/ImplementationGuide/my-core/ValueSet/referral-form-my-core,ValueSet,referral-form-my-core,id-normalised,Normalised resource id from 'value-set-referral-form-my-core' to match the canonical URL tail.
http://fhir.hie.moh.gov.my/ValueSet/relatedperson-relationship-my-core,https://myehr.kkmhub.moh.gov.my/fhir/ImplementationGuide/my-core/ValueSet/relatedperson-relationship-my-core,ValueSet,relatedperson-relationship-my-core,id-normalised,Normalised resource id from 'value-set-relatedperson-relationship-my-core' to match the canonical URL tail.
http://fhir.hie.moh.gov.my/ValueSet/relationship-my-core,https://myehr.kkmhub.moh.gov.my/fhir/ImplementationGuide/my-core/ValueSet/relationship-my-core,ValueSet,relationship-my-core,id-normalised,Normalised resource id from 'value-set-relationship-my-core' to match the canonical URL tail.
http://fhir.hie.moh.gov.my/ValueSet/religion-my-core,https://myehr.kkmhub.moh.gov.my/fhir/ImplementationGuide/my-core/ValueSet/religion-my-core,ValueSet,religion-my-core,id-normalised,Normalised resource id from 'value-set-religion-my-core' to match the canonical URL tail.
http://fhir.hie.moh.gov.my/ValueSet/revenue-code-my-core,https://myehr.kkmhub.moh.gov.my/fhir/ImplementationGuide/my-core/ValueSet/revenue-code-my-core,ValueSet,revenue-code-my-core,id-normalised,Normalised resource id from 'value-set-revenue-code-my-core' to match the canonical URL tail.
http://fhir.hie.moh.gov.my/ValueSet/schedule-type-my-core,https://myehr.kkmhub.moh.gov.my/fhir/ImplementationGuide/my-core/ValueSet/schedule-type-my-core,ValueSet,schedule-type-my-core,id-normalised,Normalised resource id from 'value-set-schedule-type-my-core' to match the canonical URL tail.
http://fhir.hie.moh.gov.my/ValueSet/servicerequest-category-my-core,https://myehr.kkmhub.moh.gov.my/fhir/ImplementationGuide/my-core/ValueSet/service-request-category-my-core,ValueSet,service-request-category-my-core,id-normalised,Normalised resource id from 'value-set-servicerequest-category-my-core' to match the canonical URL tail.
http://fhir.hie.moh.gov.my/ValueSet/service-type-my-core,https://myehr.kkmhub.moh.gov.my/fhir/ImplementationGuide/my-core/ValueSet/service-type-my-core,ValueSet,service-type-my-core,id-normalised,Normalised resource id from 'value-set-service-type-my-core' to match the canonical URL tail.
http://fhir.hie.moh.gov.my/ValueSet/side-my-core,https://myehr.kkmhub.moh.gov.my/fhir/ImplementationGuide/my-core/ValueSet/side-my-core,ValueSet,side-my-core,id-normalised,Normalised resource id from 'value-set-side-my-core' to match the canonical URL tail.
http://fhir.hie.moh.gov.my/ValueSet/site-my-core,https://myehr.kkmhub.moh.gov.my/fhir/ImplementationGuide/my-core/ValueSet/site-my-core,ValueSet,site-my-core,id-normalised,Normalised resource id from 'value-set-site-my-core' to match the canonical URL tail.
http://fhir.hie.moh.gov.my/ValueSet/source-system-my-core,https://myehr.kkmhub.moh.gov.my/fhir/ImplementationGuide/my-core/ValueSet/source-system-my-core,ValueSet,source-system-my-core,id-normalised,Normalised resource id from 'value-set-source-system-my-core' to match the canonical URL tail.
http://fhir.hie.moh.gov.my/ValueSet/specialty-my-core,https://myehr.kkmhub.moh.gov.my/fhir/ImplementationGuide/my-core/ValueSet/specialty-my-core,ValueSet,specialty-my-core,id-normalised,Normalised resource id from 'value-set-specialty-my-core' to match the canonical URL tail.
http://fhir.hie.moh.gov.my/ValueSet/specimen-container-type-my-core,https://myehr.kkmhub.moh.gov.my/fhir/ImplementationGuide/my-core/ValueSet/specimen-container-type-my-core,ValueSet,specimen-container-type-my-core,id-normalised,Normalised resource id from 'value-set-specimen-container-type-my-core' to match the canonical URL tail.
http://fhir.hie.moh.gov.my/ValueSet/specimen-type-my-core,https://myehr.kkmhub.moh.gov.my/fhir/ImplementationGuide/my-core/ValueSet/specimen-type-my-core,ValueSet,specimen-type-my-core,id-normalised,Normalised resource id from 'value-set-specimen-type-my-core' to match the canonical URL tail.
http://fhir.hie.moh.gov.my/ValueSet/state-my-core,https://myehr.kkmhub.moh.gov.my/fhir/ImplementationGuide/my-core/ValueSet/state-my-core,ValueSet,state-my-core,id-normalised,Normalised resource id from 'value-set-state-my-core' to match the canonical URL tail.
http://fhir.hie.moh.gov.my/ValueSet/sub-record-type-my-core,https://myehr.kkmhub.moh.gov.my/fhir/ImplementationGuide/my-core/ValueSet/sub-record-type-my-core,ValueSet,sub-record-type-my-core,id-normalised,Normalised resource id from 'value-set-sub-record-type-my-core' to match the canonical URL tail.
http://fhir.hie.moh.gov.my/ValueSet/surface-code-my-core,https://myehr.kkmhub.moh.gov.my/fhir/ImplementationGuide/my-core/ValueSet/surface-code-my-core,ValueSet,surface-code-my-core,id-normalised,Normalised resource id from 'value-set-surface-code-my-core' to match the canonical URL tail.
http://fhir.hie.moh.gov.my/ValueSet/surface-my-core,https://myehr.kkmhub.moh.gov.my/fhir/ImplementationGuide/my-core/ValueSet/surface-my-core,ValueSet,surface-my-core,id-normalised,Normalised resource id from 'value-set-surface-my-core' to match the canonical URL tail.
http://fhir.hie.moh.gov.my/ValueSet/task-business-status-my-core,https://myehr.kkmhub.moh.gov.my/fhir/ImplementationGuide/my-core/ValueSet/task-business-status-my-core,ValueSet,task-business-status-my-core,id-normalised,Normalised resource id from 'value-set-task-business-status-my-core' to match the canonical URL tail.
http://fhir.hie.moh.gov.my/ValueSet/task-code-my-core,https://myehr.kkmhub.moh.gov.my/fhir/ImplementationGuide/my-core/ValueSet/task-code-my-core,ValueSet,task-code-my-core,id-normalised,Normalised resource id from 'value-set-task-code-my-core' to match the canonical URL tail.
http://fhir.hie.moh.gov.my/ValueSet/task-input-type-my-core,https://myehr.kkmhub.moh.gov.my/fhir/ImplementationGuide/my-core/ValueSet/task-input-type-my-core,ValueSet,task-input-type-my-core,id-normalised,Normalised resource id from 'value-set-task-input-type-my-core' to match the canonical URL tail.
http://fhir.hie.moh.gov.my/ValueSet/task-output-type-my-core,https://myehr.kkmhub.moh.gov.my/fhir/ImplementationGuide/my-core/ValueSet/task-output-type-my-core,ValueSet,task-output-type-my-core,id-normalised,Normalised resource id from 'value-set-task-output-type-my-core' to match the canonical URL tail.
http://fhir.hie.moh.gov.my/ValueSet/task-status-lab-my-core,https://myehr.kkmhub.moh.gov.my/fhir/ImplementationGuide/my-core/ValueSet/task-status-lab-my-core,ValueSet,task-status-lab-my-core,id-normalised+excluded-fsh-owned,Normalised resource id from 'value-set-task-status-lab-my-core' to match the canonical URL tail. Excluded from regenerated JSON output because this resource is listed in ig/input/fsh/migration-exclusions.txt and is treated as FSH-owned.
http://fhir.hie.moh.gov.my/ValueSet/tdm-recommended-type-my-core,https://myehr.kkmhub.moh.gov.my/fhir/ImplementationGuide/my-core/ValueSet/tdm-recommended-type-my-core,ValueSet,tdm-recommended-type-my-core,id-normalised,Normalised resource id from 'value-set-tdm-recommended-type-my-core' to match the canonical URL tail.
http://fhir.hie.moh.gov.my/ValueSet/tdm-sample-type-my-core,https://myehr.kkmhub.moh.gov.my/fhir/ImplementationGuide/my-core/ValueSet/tdm-sample-type-my-core,ValueSet,tdm-sample-type-my-core,id-normalised,Normalised resource id from 'value-set-tdm-sample-type-my-core' to match the canonical URL tail.
http://fhir.hie.moh.gov.my/ValueSet/treatment-procedure-my-core,https://myehr.kkmhub.moh.gov.my/fhir/ImplementationGuide/my-core/ValueSet/treatment-procedure-my-core,ValueSet,treatment-procedure-my-core,id-normalised,Normalised resource id from 'value-set-treatment-procedure-my-core' to match the canonical URL tail.
http://fhir.hie.moh.gov.my/ValueSet/vaccine-child-code-my-core,https://myehr.kkmhub.moh.gov.my/fhir/ImplementationGuide/my-core/ValueSet/vaccine-child-code-my-core,ValueSet,vaccine-child-code-my-core,id-normalised,Normalised resource id from 'value-set-vaccine-child-code-my-core' to match the canonical URL tail.
http://fhir.hie.moh.gov.my/ValueSet/vaccine-code-my-core,https://myehr.kkmhub.moh.gov.my/fhir/ImplementationGuide/my-core/ValueSet/vaccine-code-my-core,ValueSet,vaccine-code-my-core,id-normalised,Normalised resource id from 'value-set-vaccine-code-my-core' to match the canonical URL tail.
http://fhir.hie.moh.gov.my/ValueSet/developmental-milestone-my-core,,ValueSet,value-set-developmental-milestone-my-core,merged-duplicate,Removed duplicate in favour of the richer developmental-milestone ValueSet.
http://fhir.hie.moh.gov.my/ValueSet/procedure-category-my-core,,ValueSet,value-set-procedure-category-my-core,merged-duplicate,Removed duplicate in favour of the richer Procedure-family ValueSet.
http://fhir.hie.moh.gov.my/ValueSet/visit-type-my-core,https://myehr.kkmhub.moh.gov.my/fhir/ImplementationGuide/my-core/ValueSet/visit-type-my-core,ValueSet,visit-type-my-core,id-normalised,Normalised resource id from 'value-set-visit-type-my-core' to match the canonical URL tail.
http://fhir.hie.moh.gov.my/ValueSet/ward-category-my-core,https://myehr.kkmhub.moh.gov.my/fhir/ImplementationGuide/my-core/ValueSet/ward-category-my-core,ValueSet,ward-category-my-core,id-normalised,Normalised resource id from 'value-set-ward-category-my-core' to match the canonical URL tail.
http://fhir.hie.moh.gov.my/ValueSet/ward-class-my-core,https://myehr.kkmhub.moh.gov.my/fhir/ImplementationGuide/my-core/ValueSet/ward-class-my-core,ValueSet,ward-class-my-core,id-normalised,Normalised resource id from 'value-set-ward-class-my-core' to match the canonical URL tail.
http://fhir.hie.moh.gov.my/ValueSet/ward-specialty-my-core,https://myehr.kkmhub.moh.gov.my/fhir/ImplementationGuide/my-core/ValueSet/ward-specialty-my-core,ValueSet,ward-specialty-my-core,id-normalised,Normalised resource id from 'value-set-ward-specialty-my-core' to match the canonical URL tail.
